race_id,season,round,circuit_name,country,downforce_level,overtake_difficulty,laps_total,weather,track_temp_c,air_temp_c,safety_car_laps,driver_name,driver_code,constructor,team_tier,driver_skill,grid_position,qualifying_time_sec,qualifying_delta,race_pace,finish_position,points,podium_finish,race_winner,status,pit_stops_count,avg_pit_stop_sec,fastest_lap,driver_rolling_points,driver_rolling_finish,team_rolling_pts,grid_circuit_difficulty_interaction,quali_delta_clipped,downforce_numeric,weather_numeric,positions_change,is_front_row,is_top_5_grid
1,2021,1,Bahrain International Circuit,Bahrain,Medium,2,57,Dry,46.9,36.7,2,Max Verstappen,VER,Red Bull Racing,1,97,1,91.5,0.0,8.256728731600647,1,25,1,1,Finished,2,2.83,0,0.0,10.0,0.0,2,0.0,2,0,0,1,1
1,2021,1,Bahrain International Circuit,Bahrain,Medium,2,57,Dry,46.9,36.7,2,Charles Leclerc,LEC,Ferrari,1,94,2,91.565,0.065,7.894824867586327,2,18,1,0,Finished,2,2.78,0,0.0,10.0,0.0,4,0.065,2,0,0,1,1
1,2021,1,Bahrain International Circuit,Bahrain,Medium,2,57,Dry,46.9,36.7,2,Lewis Hamilton,HAM,Mercedes,1,95,3,91.775,0.275,7.606619609746401,4,12,0,0,Finished,2,2.51,0,0.0,10.0,0.0,6,0.275,2,0,-1,0,1
1,2021,1,Bahrain International Circuit,Bahrain,Medium,2,57,Dry,46.9,36.7,2,Lando Norris,NOR,McLaren,1,93,4,91.844,0.344,8.205939320353274,3,16,1,0,Finished,1,2.24,1,0.0,10.0,0.0,8,0.344,2,0,1,0,1
1,2021,1,Bahrain International Circuit,Bahrain,Medium,2,57,Dry,46.9,36.7,2,Carlos Sainz,SAI,Ferrari,1,91,5,91.779,0.279,7.163290448186688,6,8,0,0,Finished,2,2.4,0,0.0,10.0,18.0,10,0.279,2,0,-1,0,1
1,2021,1,Bahrain International Circuit,Bahrain,Medium,2,57,Dry,46.9,36.7,2,George Russell,RUS,Mercedes,1,91,6,91.904,0.404,7.170707039155742,7,6,0,0,Finished,1,2.48,0,0.0,10.0,12.0,12,0.404,2,0,-1,0,0
1,2021,1,Bahrain International Circuit,Bahrain,Medium,2,57,Dry,46.9,36.7,2,Oscar Piastri,PIA,McLaren,1,90,7,92.01,0.51,8.262313343583763,5,10,0,0,Finished,2,2.42,0,0.0,10.0,16.0,14,0.51,2,0,2,0,0
1,2021,1,Bahrain International Circuit,Bahrain,Medium,2,57,Dry,46.9,36.7,2,Sergio Perez,PER,Red Bull Racing,1,88,8,92.463,0.963,7.223684356989809,8,4,0,0,Finished,1,3.31,0,0.0,10.0,25.0,16,0.963,2,0,0,0,0
1,2021,1,Bahrain International Circuit,Bahrain,Medium,2,57,Dry,46.9,36.7,2,Fernando Alonso,ALO,Aston Martin,2,92,9,92.581,1.081,6.425933659005511,9,2,0,0,Finished,2,2.92,0,0.0,10.0,0.0,18,1.081,2,0,0,0,0
1,2021,1,Bahrain International Circuit,Bahrain,Medium,2,57,Dry,46.9,36.7,2,Esteban Ocon,OCO,Alpine,2,84,10,92.104,0.604,5.241372054624554,10,1,0,0,Finished,2,3.14,0,0.0,10.0,0.0,20,0.604,2,0,0,0,0
1,2021,1,Bahrain International Circuit,Bahrain,Medium,2,57,Dry,46.9,36.7,2,Pierre Gasly,GAS,Alpine,2,85,11,92.136,0.636,4.288492788813986,11,0,0,0,Finished,1,3.26,0,0.0,10.0,1.0,22,0.636,2,0,0,0,0
1,2021,1,Bahrain International Circuit,Bahrain,Medium,2,57,Dry,46.9,36.7,2,Lance Stroll,STR,Aston Martin,2,81,12,92.889,1.389,3.337246348248752,13,0,0,0,Finished,2,2.51,0,0.0,10.0,2.0,24,1.389,2,0,-1,0,0
1,2021,1,Bahrain International Circuit,Bahrain,Medium,2,57,Dry,46.9,36.7,2,Alexander Albon,ALB,Williams,3,86,13,92.49,0.99,3.3883323830172136,15,0,0,0,Finished,1,3.16,0,0.0,10.0,0.0,26,0.99,2,0,-2,0,0
1,2021,1,Bahrain International Circuit,Bahrain,Medium,2,57,Dry,46.9,36.7,2,Kevin Magnussen,MAG,Haas,3,82,14,92.358,0.858,3.871428092112263,12,0,0,0,Finished,2,3.15,0,0.0,10.0,0.0,28,0.858,2,0,2,0,0
1,2021,1,Bahrain International Circuit,Bahrain,Medium,2,57,Dry,46.9,36.7,2,Yuki Tsunoda,TSU,RB,3,83,15,93.205,1.705,3.9734465257862928,14,0,0,0,Finished,1,2.4,0,0.0,10.0,0.0,30,1.705,2,0,1,0,0
1,2021,1,Bahrain International Circuit,Bahrain,Medium,2,57,Dry,46.9,36.7,2,Daniel Ricciardo,RIC,RB,3,84,16,93.326,1.826,3.9954113296359353,16,0,0,0,Finished,2,2.11,0,0.0,10.0,0.0,32,1.826,2,0,0,0,0
1,2021,1,Bahrain International Circuit,Bahrain,Medium,2,57,Dry,46.9,36.7,2,Nico Hulkenberg,HUL,Haas,3,84,17,92.919,1.419,2.802531927649854,17,0,0,0,Finished,2,2.64,0,0.0,10.0,0.0,34,1.419,2,0,0,0,0
1,2021,1,Bahrain International Circuit,Bahrain,Medium,2,57,Dry,46.9,36.7,2,Valtteri Bottas,BOT,Kick Sauber,4,83,18,92.943,1.443,2.913477030742482,18,0,0,0,Finished,1,2.26,0,0.0,10.0,0.0,36,1.443,2,0,0,0,0
1,2021,1,Bahrain International Circuit,Bahrain,Medium,2,57,Dry,46.9,36.7,2,Zhou Guanyu,ZHO,Kick Sauber,4,79,19,93.631,2.131,2.2110206052201957,19,0,0,0,Finished,1,3.33,0,0.0,10.0,0.0,38,2.131,2,0,0,0,0
1,2021,1,Bahrain International Circuit,Bahrain,Medium,2,57,Dry,46.9,36.7,2,Logan Sargeant,SAR,Williams,4,76,20,92.822,1.322,1.1418224105844754,20,0,0,0,Finished,1,2.77,0,0.0,10.0,0.0,40,1.322,2,0,0,0,0
2,2021,2,Jeddah Corniche Circuit,Saudi Arabia,Low,3,50,Dry,33.4,21.6,8,Max Verstappen,VER,Red Bull Racing,1,97,1,88.0,0.0,8.514865384183723,1,26,1,1,Finished,1,2.44,1,25.0,1.0,29.0,3,0.0,1,0,0,1,1
2,2021,2,Jeddah Corniche Circuit,Saudi Arabia,Low,3,50,Dry,33.4,21.6,8,Lewis Hamilton,HAM,Mercedes,1,95,2,88.127,0.127,8.534982730111714,2,18,1,0,Finished,3,2.61,0,12.0,4.0,18.0,6,0.127,1,0,0,1,1
2,2021,2,Jeddah Corniche Circuit,Saudi Arabia,Low,3,50,Dry,33.4,21.6,8,Charles Leclerc,LEC,Ferrari,1,94,3,88.15,0.15,7.568342121955326,3,15,1,0,Finished,2,3.13,0,18.0,2.0,26.0,9,0.15,1,0,0,0,1
2,2021,2,Jeddah Corniche Circuit,Saudi Arabia,Low,3,50,Dry,33.4,21.6,8,Lando Norris,NOR,McLaren,1,93,4,88.184,0.184,7.152622599833485,4,13,0,0,Finished,2,2.74,1,16.0,3.0,26.0,12,0.184,1,0,0,0,1
2,2021,2,Jeddah Corniche Circuit,Saudi Arabia,Low,3,50,Dry,33.4,21.6,8,George Russell,RUS,Mercedes,1,91,5,88.312,0.312,6.825247426603301,6,8,0,0,Finished,2,2.33,0,6.0,7.0,36.0,15,0.312,1,0,-1,0,1
2,2021,2,Jeddah Corniche Circuit,Saudi Arabia,Low,3,50,Dry,33.4,21.6,8,Carlos Sainz,SAI,Ferrari,1,91,6,88.455,0.455,7.3946979824611585,5,11,0,0,Finished,2,2.47,1,8.0,6.0,41.0,18,0.455,1,0,1,0,0
2,2021,2,Jeddah Corniche Circuit,Saudi Arabia,Low,3,50,Dry,33.4,21.6,8,Oscar Piastri,PIA,McLaren,1,90,7,88.426,0.426,6.615072044644394,7,6,0,0,Finished,3,3.34,0,10.0,5.0,39.0,21,0.426,1,0,0,0,0
2,2021,2,Jeddah Corniche Circuit,Saudi Arabia,Low,3,50,Dry,33.4,21.6,8,Sergio Perez,PER,Red Bull Racing,1,88,8,88.911,0.911,6.64846805446559,8,4,0,0,Finished,2,2.58,0,4.0,8.0,55.0,24,0.911,1,0,0,0,0
2,2021,2,Jeddah Corniche Circuit,Saudi Arabia,Low,3,50,Dry,33.4,21.6,8,Fernando Alonso,ALO,Aston Martin,2,92,9,88.902,0.902,6.483546028192986,9,2,0,0,Finished,1,3.31,0,2.0,9.0,2.0,27,0.902,1,0,0,0,0
2,2021,2,Jeddah Corniche Circuit,Saudi Arabia,Low,3,50,Dry,33.4,21.6,8,Pierre Gasly,GAS,Alpine,2,85,10,88.714,0.714,5.592467894695044,10,1,0,0,Finished,1,3.36,0,0.0,11.0,1.0,30,0.714,1,0,0,0,0
2,2021,2,Jeddah Corniche Circuit,Saudi Arabia,Low,3,50,Dry,33.4,21.6,8,Esteban Ocon,OCO,Alpine,2,84,11,89.318,1.318,4.993556412284467,11,0,0,0,Finished,3,3.21,0,1.0,10.0,2.0,33,1.318,1,0,0,0,0
2,2021,2,Jeddah Corniche Circuit,Saudi Arabia,Low,3,50,Dry,33.4,21.6,8,Lance Stroll,STR,Aston Martin,2,81,12,88.967,0.967,4.777891275621692,12,0,0,0,Finished,1,2.6,0,0.0,13.0,4.0,36,0.967,1,0,0,0,0
2,2021,2,Jeddah Corniche Circuit,Saudi Arabia,Low,3,50,Dry,33.4,21.6,8,Alexander Albon,ALB,Williams,3,86,13,89.581,1.581,4.317531052008106,13,0,0,0,Finished,2,2.51,0,0.0,15.0,0.0,39,1.581,1,0,0,0,0
2,2021,2,Jeddah Corniche Circuit,Saudi Arabia,Low,3,50,Dry,33.4,21.6,8,Daniel Ricciardo,RIC,RB,3,84,14,88.868,0.868,4.132961725079346,14,0,0,0,Finished,1,2.82,0,0.0,16.0,0.0,42,0.868,1,0,0,0,0
2,2021,2,Jeddah Corniche Circuit,Saudi Arabia,Low,3,50,Dry,33.4,21.6,8,Yuki Tsunoda,TSU,RB,3,83,15,89.846,1.846,3.770203628872016,20,0,0,0,Collision,0,3.52,0,0.0,14.0,0.0,45,1.846,1,0,-5,0,0
2,2021,2,Jeddah Corniche Circuit,Saudi Arabia,Low,3,50,Dry,33.4,21.6,8,Nico Hulkenberg,HUL,Haas,3,84,16,89.093,1.093,3.219464050508168,15,0,0,0,Finished,3,3.0,0,0.0,17.0,0.0,48,1.093,1,0,1,0,0
2,2021,2,Jeddah Corniche Circuit,Saudi Arabia,Low,3,50,Dry,33.4,21.6,8,Kevin Magnussen,MAG,Haas,3,82,17,89.846,1.846,2.7650244621536038,16,0,0,0,Finished,2,2.23,0,0.0,12.0,0.0,51,1.846,1,0,1,0,0
2,2021,2,Jeddah Corniche Circuit,Saudi Arabia,Low,3,50,Dry,33.4,21.6,8,Valtteri Bottas,BOT,Kick Sauber,4,83,18,89.343,1.343,2.941338668600028,17,0,0,0,Finished,2,3.39,0,0.0,18.0,0.0,54,1.343,1,0,1,0,0
2,2021,2,Jeddah Corniche Circuit,Saudi Arabia,Low,3,50,Dry,33.4,21.6,8,Logan Sargeant,SAR,Williams,4,76,19,90.155,2.155,2.080882834217129,18,0,0,0,Finished,1,2.77,0,0.0,20.0,0.0,57,2.155,1,0,1,0,0
2,2021,2,Jeddah Corniche Circuit,Saudi Arabia,Low,3,50,Dry,33.4,21.6,8,Zhou Guanyu,ZHO,Kick Sauber,4,79,20,90.004,2.004,1.8233355827593687,19,0,0,0,Finished,2,3.06,0,0.0,19.0,0.0,60,2.004,1,0,1,0,0
3,2021,3,Albert Park Circuit,Australia,Medium,3,58,Dry,31.8,21.1,4,Lewis Hamilton,HAM,Mercedes,1,95,1,78.5,0.0,9.05380576940215,1,25,1,1,Finished,1,2.94,0,15.0,3.0,44.0,3,0.0,2,0,0,1,1
3,2021,3,Albert Park Circuit,Australia,Medium,3,58,Dry,31.8,21.1,4,Max Verstappen,VER,Red Bull Racing,1,97,2,78.564,0.064,7.800281035540407,3,16,1,0,Finished,3,3.28,1,25.5,1.0,59.0,6,0.064,2,0,-1,1,1
3,2021,3,Albert Park Circuit,Australia,Medium,3,58,Dry,31.8,21.1,4,Charles Leclerc,LEC,Ferrari,1,94,3,78.707,0.207,8.510923562110964,2,18,1,0,Finished,2,3.32,0,16.5,2.5,52.0,9,0.207,2,0,1,0,1
3,2021,3,Albert Park Circuit,Australia,Medium,3,58,Dry,31.8,21.1,4,Lando Norris,NOR,McLaren,1,93,4,78.804,0.304,8.23628587306328,4,13,0,0,Finished,1,2.23,1,14.5,3.5,45.0,12,0.304,2,0,0,0,1
3,2021,3,Albert Park Circuit,Australia,Medium,3,58,Dry,31.8,21.1,4,George Russell,RUS,Mercedes,1,91,5,78.994,0.494,7.297010966296071,5,11,0,0,Finished,1,2.99,1,7.0,6.5,57.0,15,0.494,2,0,0,0,1
3,2021,3,Albert Park Circuit,Australia,Medium,3,58,Dry,31.8,21.1,4,Carlos Sainz,SAI,Ferrari,1,91,6,78.81,0.31,6.677081948081329,7,6,0,0,Finished,1,3.16,0,9.5,5.5,52.0,18,0.31,2,0,-1,0,0
3,2021,3,Albert Park Circuit,Australia,Medium,3,58,Dry,31.8,21.1,4,Oscar Piastri,PIA,McLaren,1,90,7,79.261,0.761,6.698457661853781,8,4,0,0,Finished,1,2.25,0,8.0,6.0,42.0,21,0.761,2,0,-1,0,0
3,2021,3,Albert Park Circuit,Australia,Medium,3,58,Dry,31.8,21.1,4,Sergio Perez,PER,Red Bull Racing,1,88,8,79.008,0.508,7.712751276435887,6,8,0,0,Finished,1,3.2,0,4.0,8.0,50.0,24,0.508,2,0,2,0,0
3,2021,3,Albert Park Circuit,Australia,Medium,3,58,Dry,31.8,21.1,4,Fernando Alonso,ALO,Aston Martin,2,92,9,79.332,0.832,6.522104024232108,9,2,0,0,Finished,2,2.92,0,2.0,9.0,4.0,27,0.832,2,0,0,0,0
3,2021,3,Albert Park Circuit,Australia,Medium,3,58,Dry,31.8,21.1,4,Pierre Gasly,GAS,Alpine,2,85,10,79.728,1.228,5.594462877786673,10,1,0,0,Finished,2,3.06,0,0.5,10.5,2.0,30,1.228,2,0,0,0,0
3,2021,3,Albert Park Circuit,Australia,Medium,3,58,Dry,31.8,21.1,4,Esteban Ocon,OCO,Alpine,2,84,11,79.543,1.043,4.394052071949235,12,0,0,0,Finished,1,3.08,0,0.5,10.5,2.0,33,1.043,2,0,-1,0,0
3,2021,3,Albert Park Circuit,Australia,Medium,3,58,Dry,31.8,21.1,4,Alexander Albon,ALB,Williams,3,86,12,79.473,0.973,5.483756932906554,11,0,0,0,Finished,2,2.47,0,0.0,14.0,0.0,36,0.973,2,0,1,0,0
3,2021,3,Albert Park Circuit,Australia,Medium,3,58,Dry,31.8,21.1,4,Lance Stroll,STR,Aston Martin,2,81,13,79.234,0.734,4.324297384423647,14,0,0,0,Finished,1,2.58,0,0.0,12.5,4.0,39,0.734,2,0,-1,0,0
3,2021,3,Albert Park Circuit,Australia,Medium,3,58,Dry,31.8,21.1,4,Daniel Ricciardo,RIC,RB,3,84,14,79.791,1.291,4.801026749522738,13,0,0,0,Finished,2,3.39,0,0.0,15.0,0.0,42,1.291,2,0,1,0,0
3,2021,3,Albert Park Circuit,Australia,Medium,3,58,Dry,31.8,21.1,4,Nico Hulkenberg,HUL,Haas,3,84,15,79.534,1.034,2.537874432103412,17,0,0,0,Finished,1,3.08,0,0.0,16.0,0.0,45,1.034,2,0,-2,0,0
3,2021,3,Albert Park Circuit,Australia,Medium,3,58,Dry,31.8,21.1,4,Kevin Magnussen,MAG,Haas,3,82,16,80.162,1.662,2.785048721815856,18,0,0,0,Finished,2,2.23,0,0.0,14.0,0.0,48,1.662,2,0,-2,0,0
3,2021,3,Albert Park Circuit,Australia,Medium,3,58,Dry,31.8,21.1,4,Yuki Tsunoda,TSU,RB,3,83,17,79.94,1.44,3.2415261747234574,16,0,0,0,Finished,3,3.22,0,0.0,17.0,0.0,51,1.44,2,0,1,0,0
3,2021,3,Albert Park Circuit,Australia,Medium,3,58,Dry,31.8,21.1,4,Valtteri Bottas,BOT,Kick Sauber,4,83,18,80.416,1.916,3.774334878612721,15,0,0,0,Finished,2,2.54,0,0.0,17.5,0.0,54,1.916,2,0,3,0,0
3,2021,3,Albert Park Circuit,Australia,Medium,3,58,Dry,31.8,21.1,4,Zhou Guanyu,ZHO,Kick Sauber,4,79,19,79.682,1.182,1.74351781772002,19,0,0,0,Finished,2,2.76,0,0.0,19.0,0.0,57,1.182,2,0,0,0,0
3,2021,3,Albert Park Circuit,Australia,Medium,3,58,Dry,31.8,21.1,4,Logan Sargeant,SAR,Williams,4,76,20,81.069,2.569,1.114716536223805,20,0,0,0,Finished,2,2.52,0,0.0,19.0,0.0,60,2.569,2,0,0,0,0
4,2021,4,Baku City Circuit,Azerbaijan,Low,2,51,Dry,34.0,28.9,5,Charles Leclerc,LEC,Ferrari,1,94,1,103.0,0.0,7.990585025535347,2,18,1,0,Finished,2,2.64,0,17.0,2.3333333333333335,50.0,2,0.0,1,0,-1,1,1
4,2021,4,Baku City Circuit,Azerbaijan,Low,2,51,Dry,34.0,28.9,5,Max Verstappen,VER,Red Bull Racing,1,97,2,103.139,0.139,8.297760766640293,1,25,1,1,Finished,2,3.33,0,22.333333333333332,1.6666666666666667,54.0,4,0.139,1,0,1,1,1
4,2021,4,Baku City Circuit,Azerbaijan,Low,2,51,Dry,34.0,28.9,5,Lando Norris,NOR,McLaren,1,93,3,103.179,0.179,7.524039261715828,3,16,1,0,Finished,2,2.16,1,14.0,3.6666666666666665,36.0,6,0.179,1,0,0,0,1
4,2021,4,Baku City Circuit,Azerbaijan,Low,2,51,Dry,34.0,28.9,5,Lewis Hamilton,HAM,Mercedes,1,95,4,103.314,0.314,7.694469741368012,4,12,0,0,Finished,1,3.15,0,18.333333333333332,2.3333333333333335,62.0,8,0.314,1,0,0,0,1
4,2021,4,Baku City Circuit,Azerbaijan,Low,2,51,Dry,34.0,28.9,5,Oscar Piastri,PIA,McLaren,1,90,5,103.53,0.53,7.383062671148416,20,0,0,0,Power Unit,1,3.64,0,6.666666666666667,6.666666666666667,39.0,10,0.53,1,0,-15,0,1
4,2021,4,Baku City Circuit,Azerbaijan,Low,2,51,Dry,34.0,28.9,5,Carlos Sainz,SAI,Ferrari,1,91,6,103.487,0.487,6.727220811980781,6,8,0,0,Finished,3,3.19,0,8.333333333333334,6.0,53.0,12,0.487,1,0,0,0,0
4,2021,4,Baku City Circuit,Azerbaijan,Low,2,51,Dry,34.0,28.9,5,George Russell,RUS,Mercedes,1,91,7,103.417,0.417,7.017533091871379,5,10,0,0,Finished,1,2.87,0,8.333333333333334,6.0,56.0,14,0.417,1,0,2,0,0
4,2021,4,Baku City Circuit,Azerbaijan,Low,2,51,Dry,34.0,28.9,5,Sergio Perez,PER,Red Bull Racing,1,88,8,103.747,0.747,6.1480058186553785,8,4,0,0,Finished,1,2.46,0,5.333333333333333,7.333333333333333,53.0,16,0.747,1,0,0,0,0
4,2021,4,Baku City Circuit,Azerbaijan,Low,2,51,Dry,34.0,28.9,5,Fernando Alonso,ALO,Aston Martin,2,92,9,103.72,0.72,6.758394116236508,7,6,0,0,Finished,2,2.71,0,2.0,9.0,4.0,18,0.72,1,0,2,0,0
4,2021,4,Baku City Circuit,Azerbaijan,Low,2,51,Dry,34.0,28.9,5,Pierre Gasly,GAS,Alpine,2,85,10,104.234,1.234,4.795394941135463,19,0,0,0,Hydraulics,1,3.76,0,0.6666666666666666,10.333333333333334,2.0,20,1.234,1,0,-9,0,0
4,2021,4,Baku City Circuit,Azerbaijan,Low,2,51,Dry,34.0,28.9,5,Esteban Ocon,OCO,Alpine,2,84,11,104.376,1.376,5.071335738793766,9,2,0,0,Finished,1,3.22,0,0.3333333333333333,11.0,1.0,22,1.376,1,0,2,0,0
4,2021,4,Baku City Circuit,Azerbaijan,Low,2,51,Dry,34.0,28.9,5,Lance Stroll,STR,Aston Martin,2,81,12,104.147,1.147,4.642421843891186,10,1,0,0,Finished,2,3.4,0,0.0,13.0,8.0,24,1.147,1,0,2,0,0
4,2021,4,Baku City Circuit,Azerbaijan,Low,2,51,Dry,34.0,28.9,5,Yuki Tsunoda,TSU,RB,3,83,13,104.222,1.222,4.695787793526697,11,0,0,0,Finished,3,2.82,0,0.0,16.666666666666668,0.0,26,1.222,1,0,2,0,0
4,2021,4,Baku City Circuit,Azerbaijan,Low,2,51,Dry,34.0,28.9,5,Nico Hulkenberg,HUL,Haas,3,84,14,104.433,1.433,4.417039340926442,13,0,0,0,Finished,2,2.42,0,0.0,16.333333333333332,0.0,28,1.433,1,0,1,0,0
4,2021,4,Baku City Circuit,Azerbaijan,Low,2,51,Dry,34.0,28.9,5,Daniel Ricciardo,RIC,RB,3,84,15,104.849,1.849,4.717592774105652,12,0,0,0,Finished,2,3.33,0,0.0,14.333333333333334,0.0,30,1.849,1,0,3,0,0
4,2021,4,Baku City Circuit,Azerbaijan,Low,2,51,Dry,34.0,28.9,5,Alexander Albon,ALB,Williams,3,86,16,104.126,1.126,3.288286733776793,14,0,0,0,Finished,2,2.27,0,0.0,13.0,0.0,32,1.126,1,0,2,0,0
4,2021,4,Baku City Circuit,Azerbaijan,Low,2,51,Dry,34.0,28.9,5,Kevin Magnussen,MAG,Haas,3,82,17,104.412,1.412,3.2755392074864944,15,0,0,0,Finished,3,2.89,0,0.0,15.333333333333334,0.0,34,1.412,1,0,2,0,0
4,2021,4,Baku City Circuit,Azerbaijan,Low,2,51,Dry,34.0,28.9,5,Valtteri Bottas,BOT,Kick Sauber,4,83,18,105.361,2.361,2.846595083207041,16,0,0,0,Finished,1,2.97,0,0.0,16.666666666666668,0.0,36,2.361,1,0,2,0,0
4,2021,4,Baku City Circuit,Azerbaijan,Low,2,51,Dry,34.0,28.9,5,Zhou Guanyu,ZHO,Kick Sauber,4,79,19,104.852,1.852,2.14911420211339,17,0,0,0,Finished,2,2.57,0,0.0,19.0,0.0,38,1.852,1,0,2,0,0
4,2021,4,Baku City Circuit,Azerbaijan,Low,2,51,Dry,34.0,28.9,5,Logan Sargeant,SAR,Williams,4,76,20,104.387,1.387,1.1192630254644171,18,0,0,0,Finished,1,2.97,0,0.0,19.333333333333332,0.0,40,1.387,1,0,2,0,0
5,2021,5,Circuit de Monaco,Monaco,High,5,78,Dry,37.9,26.8,6,Max Verstappen,VER,Red Bull Racing,1,97,1,72.0,0.0,8.006746501831536,1,25,1,1,Finished,2,3.13,0,23.0,1.5,53.0,5,0.0,3,0,0,1,1
5,2021,5,Circuit de Monaco,Monaco,High,5,78,Dry,37.9,26.8,6,Lewis Hamilton,HAM,Mercedes,1,95,2,72.07,0.07,8.431057872802743,2,18,1,0,Finished,1,2.8,0,16.75,2.75,58.0,10,0.07,3,0,0,1,1
5,2021,5,Circuit de Monaco,Monaco,High,5,78,Dry,37.9,26.8,6,Charles Leclerc,LEC,Ferrari,1,94,3,72.144,0.144,7.833813761402986,3,16,1,0,Finished,2,2.66,1,17.25,2.25,50.0,15,0.144,3,0,0,0,1
5,2021,5,Circuit de Monaco,Monaco,High,5,78,Dry,37.9,26.8,6,Carlos Sainz,SAI,Ferrari,1,91,4,72.263,0.263,7.185641171328552,4,12,0,0,Finished,1,2.57,0,8.25,6.0,48.0,20,0.263,3,0,0,0,1
5,2021,5,Circuit de Monaco,Monaco,High,5,78,Dry,37.9,26.8,6,Lando Norris,NOR,McLaren,1,93,5,72.392,0.392,7.083548063861954,5,10,0,0,Finished,2,2.56,0,14.5,3.5,33.0,25,0.392,3,0,0,0,1
5,2021,5,Circuit de Monaco,Monaco,High,5,78,Dry,37.9,26.8,6,Oscar Piastri,PIA,McLaren,1,90,6,72.316,0.316,7.54590039193903,6,8,0,0,Finished,2,2.41,0,5.0,10.0,30.0,30,0.316,3,0,0,0,0
5,2021,5,Circuit de Monaco,Monaco,High,5,78,Dry,37.9,26.8,6,George Russell,RUS,Mercedes,1,91,7,72.494,0.494,6.838062706913782,7,6,0,0,Finished,1,2.3,0,8.75,5.75,51.0,35,0.494,3,0,0,0,0
5,2021,5,Circuit de Monaco,Monaco,High,5,78,Dry,37.9,26.8,6,Sergio Perez,PER,Red Bull Racing,1,88,8,72.624,0.624,6.29545575062426,8,4,0,0,Finished,1,2.31,0,5.0,7.5,62.0,40,0.624,3,0,0,0,0
5,2021,5,Circuit de Monaco,Monaco,High,5,78,Dry,37.9,26.8,6,Fernando Alonso,ALO,Aston Martin,2,92,9,72.922,0.922,6.003154101765291,9,2,0,0,Finished,1,2.47,0,3.0,8.5,9.0,45,0.922,3,0,0,0,0
5,2021,5,Circuit de Monaco,Monaco,High,5,78,Dry,37.9,26.8,6,Esteban Ocon,OCO,Alpine,2,84,10,73.203,1.203,5.372377343126991,10,1,0,0,Finished,1,3.27,0,0.75,10.5,3.0,50,1.203,3,0,0,0,0
5,2021,5,Circuit de Monaco,Monaco,High,5,78,Dry,37.9,26.8,6,Pierre Gasly,GAS,Alpine,2,85,11,72.822,0.822,5.300647467169816,11,0,0,0,Finished,1,2.78,0,0.5,12.5,3.0,55,0.822,3,0,0,0,0
5,2021,5,Circuit de Monaco,Monaco,High,5,78,Dry,37.9,26.8,6,Alexander Albon,ALB,Williams,3,86,12,72.844,0.844,4.691680497727381,12,0,0,0,Finished,1,3.38,0,0.0,13.25,0.0,60,0.844,3,0,0,0,0
5,2021,5,Circuit de Monaco,Monaco,High,5,78,Dry,37.9,26.8,6,Lance Stroll,STR,Aston Martin,2,81,13,73.185,1.185,3.309292046110984,13,0,0,0,Finished,1,2.62,0,0.25,12.25,9.0,65,1.185,3,0,0,0,0
5,2021,5,Circuit de Monaco,Monaco,High,5,78,Dry,37.9,26.8,6,Nico Hulkenberg,HUL,Haas,3,84,14,73.557,1.557,4.598775655605951,20,0,0,0,Suspension,0,2.7,0,0.0,15.5,0.0,70,1.557,3,0,-6,0,0
5,2021,5,Circuit de Monaco,Monaco,High,5,78,Dry,37.9,26.8,6,Daniel Ricciardo,RIC,RB,3,84,15,73.123,1.123,4.058602229535647,14,0,0,0,Finished,3,3.23,0,0.0,13.75,0.0,75,1.123,3,0,1,0,0
5,2021,5,Circuit de Monaco,Monaco,High,5,78,Dry,37.9,26.8,6,Yuki Tsunoda,TSU,RB,3,83,16,73.539,1.539,3.855296946276636,15,0,0,0,Finished,2,2.44,0,0.0,15.25,0.0,80,1.539,3,0,1,0,0
5,2021,5,Circuit de Monaco,Monaco,High,5,78,Dry,37.9,26.8,6,Kevin Magnussen,MAG,Haas,3,82,17,73.533,1.533,2.69058404414372,16,0,0,0,Finished,1,2.97,0,0.0,15.25,0.0,85,1.533,3,0,1,0,0
5,2021,5,Circuit de Monaco,Monaco,High,5,78,Dry,37.9,26.8,6,Valtteri Bottas,BOT,Kick Sauber,4,83,18,73.533,1.533,2.182840934005886,19,0,0,0,Power Unit,1,3.08,0,0.0,16.5,0.0,90,1.533,3,0,-1,0,0
5,2021,5,Circuit de Monaco,Monaco,High,5,78,Dry,37.9,26.8,6,Zhou Guanyu,ZHO,Kick Sauber,4,79,19,73.544,1.544,1.5276318978150571,17,0,0,0,Finished,2,2.82,0,0.0,18.5,0.0,95,1.544,3,0,2,0,0
5,2021,5,Circuit de Monaco,Monaco,High,5,78,Dry,37.9,26.8,6,Logan Sargeant,SAR,Williams,4,76,20,74.494,2.494,0.937513045285491,18,0,0,0,Finished,2,2.46,0,0.0,19.0,0.0,100,2.494,3,0,2,0,0
6,2021,6,Circuit de Barcelona-Catalunya,Spain,High,4,66,Dry,30.6,24.8,5,Charles Leclerc,LEC,Ferrari,1,94,1,74.0,0.0,8.181386563011138,1,25,1,1,Finished,2,2.76,0,16.75,2.5,54.0,4,0.0,3,0,0,1,1
6,2021,6,Circuit de Barcelona-Catalunya,Spain,High,4,66,Dry,30.6,24.8,5,Max Verstappen,VER,Red Bull Racing,1,97,2,74.125,0.125,7.801194072226972,3,15,1,0,Finished,2,3.01,0,23.0,1.5,58.0,8,0.125,3,0,-1,1,1
6,2021,6,Circuit de Barcelona-Catalunya,Spain,High,4,66,Dry,30.6,24.8,5,Lewis Hamilton,HAM,Mercedes,1,95,3,74.204,0.204,8.382917572991753,2,18,1,0,Finished,1,3.23,0,18.25,2.25,46.0,12,0.204,3,0,1,0,1
6,2021,6,Circuit de Barcelona-Catalunya,Spain,High,4,66,Dry,30.6,24.8,5,George Russell,RUS,Mercedes,1,91,4,74.376,0.376,7.099493965885368,4,12,0,0,Finished,2,2.3,0,8.75,5.75,52.0,16,0.376,3,0,0,0,1
6,2021,6,Circuit de Barcelona-Catalunya,Spain,High,4,66,Dry,30.6,24.8,5,Lando Norris,NOR,McLaren,1,93,5,74.361,0.361,6.396639859273552,7,6,0,0,Finished,2,2.25,0,13.0,4.0,34.0,20,0.361,3,0,-2,0,1
6,2021,6,Circuit de Barcelona-Catalunya,Spain,High,4,66,Dry,30.6,24.8,5,Carlos Sainz,SAI,Ferrari,1,91,6,74.501,0.501,7.029121750869388,5,10,0,0,Finished,2,2.65,0,9.25,5.5,61.0,24,0.501,3,0,1,0,0
6,2021,6,Circuit de Barcelona-Catalunya,Spain,High,4,66,Dry,30.6,24.8,5,Oscar Piastri,PIA,McLaren,1,90,7,74.792,0.792,7.353784637083642,6,8,0,0,Finished,3,3.3,0,4.5,10.25,24.0,28,0.792,3,0,1,0,0
6,2021,6,Circuit de Barcelona-Catalunya,Spain,High,4,66,Dry,30.6,24.8,5,Sergio Perez,PER,Red Bull Racing,1,88,8,74.77,0.77,5.970446234975995,8,4,0,0,Finished,3,3.19,0,5.0,7.5,48.0,32,0.77,3,0,0,0,0
6,2021,6,Circuit de Barcelona-Catalunya,Spain,High,4,66,Dry,30.6,24.8,5,Fernando Alonso,ALO,Aston Martin,2,92,9,75.081,1.081,5.858826060747543,9,2,0,0,Finished,1,3.3,0,3.0,8.5,9.0,36,1.081,3,0,0,0,0
6,2021,6,Circuit de Barcelona-Catalunya,Spain,High,4,66,Dry,30.6,24.8,5,Esteban Ocon,OCO,Alpine,2,84,10,75.112,1.112,6.040889757279668,10,1,0,0,Finished,2,2.77,0,0.75,10.5,3.0,40,1.112,3,0,0,0,0
6,2021,6,Circuit de Barcelona-Catalunya,Spain,High,4,66,Dry,30.6,24.8,5,Pierre Gasly,GAS,Alpine,2,85,11,75.027,1.027,5.052280173518667,11,0,0,0,Finished,2,2.62,0,0.5,12.5,4.0,44,1.027,3,0,0,0,0
6,2021,6,Circuit de Barcelona-Catalunya,Spain,High,4,66,Dry,30.6,24.8,5,Lance Stroll,STR,Aston Martin,2,81,12,74.934,0.934,4.772246942801205,12,0,0,0,Finished,1,2.54,0,0.25,12.25,5.0,48,0.934,3,0,0,0,0
6,2021,6,Circuit de Barcelona-Catalunya,Spain,High,4,66,Dry,30.6,24.8,5,Daniel Ricciardo,RIC,RB,3,84,13,75.434,1.434,3.873318218947536,13,0,0,0,Finished,2,2.11,0,0.0,13.25,0.0,52,1.434,3,0,0,0,0
6,2021,6,Circuit de Barcelona-Catalunya,Spain,High,4,66,Dry,30.6,24.8,5,Nico Hulkenberg,HUL,Haas,3,84,14,75.692,1.692,3.607891265561333,14,0,0,0,Finished,1,2.62,0,0.0,16.25,0.0,56,1.692,3,0,0,0,0
6,2021,6,Circuit de Barcelona-Catalunya,Spain,High,4,66,Dry,30.6,24.8,5,Alexander Albon,ALB,Williams,3,86,15,75.76,1.76,3.6033259537702023,15,0,0,0,Finished,2,3.3,0,0.0,12.5,0.0,60,1.76,3,0,0,0,0
6,2021,6,Circuit de Barcelona-Catalunya,Spain,High,4,66,Dry,30.6,24.8,5,Kevin Magnussen,MAG,Haas,3,82,16,75.08,1.08,3.1480863559566274,17,0,0,0,Finished,2,2.69,0,0.0,16.25,0.0,64,1.08,3,0,-1,0,0
6,2021,6,Circuit de Barcelona-Catalunya,Spain,High,4,66,Dry,30.6,24.8,5,Yuki Tsunoda,TSU,RB,3,83,17,75.884,1.884,3.796399550842245,16,0,0,0,Finished,1,2.55,0,0.0,15.5,0.0,68,1.884,3,0,1,0,0
6,2021,6,Circuit de Barcelona-Catalunya,Spain,High,4,66,Dry,30.6,24.8,5,Valtteri Bottas,BOT,Kick Sauber,4,83,18,75.758,1.758,3.4395175430918363,18,0,0,0,Finished,1,2.69,0,0.0,16.75,0.0,72,1.758,3,0,0,0,0
6,2021,6,Circuit de Barcelona-Catalunya,Spain,High,4,66,Dry,30.6,24.8,5,Zhou Guanyu,ZHO,Kick Sauber,4,79,19,75.578,1.578,0.9923098038374008,20,0,0,0,Finished,2,2.64,0,0.0,18.0,0.0,76,1.578,3,0,-1,0,0
6,2021,6,Circuit de Barcelona-Catalunya,Spain,High,4,66,Dry,30.6,24.8,5,Logan Sargeant,SAR,Williams,4,76,20,76.58,2.58,2.0315933923685856,19,0,0,0,Finished,1,2.33,0,0.0,18.5,0.0,80,2.58,3,0,1,0,0
7,2021,7,Circuit Gilles Villeneuve,Canada,Low,3,70,Wet,20.9,11.8,2,Charles Leclerc,LEC,Ferrari,1,94,1,73.0,0.0,8.483368374115154,1,26,1,1,Finished,4,2.78,1,19.25,2.0,63.0,3,0.0,1,2,0,1,1
7,2021,7,Circuit Gilles Villeneuve,Canada,Low,3,70,Wet,20.9,11.8,2,Max Verstappen,VER,Red Bull Racing,1,97,2,73.09,0.09,8.079158252131212,2,18,1,0,Finished,2,2.12,0,20.25,2.0,48.0,6,0.09,1,2,0,1,1
7,2021,7,Circuit Gilles Villeneuve,Canada,Low,3,70,Wet,20.9,11.8,2,Lewis Hamilton,HAM,Mercedes,1,95,3,73.223,0.223,7.515414418706419,3,15,1,0,Finished,2,2.85,0,18.25,2.25,54.0,9,0.223,1,2,0,0,1
7,2021,7,Circuit Gilles Villeneuve,Canada,Low,3,70,Wet,20.9,11.8,2,Lando Norris,NOR,McLaren,1,93,4,73.352,0.352,7.587156773427441,4,12,0,0,Finished,3,2.95,0,11.25,4.75,32.0,12,0.352,1,2,0,0,1
7,2021,7,Circuit Gilles Villeneuve,Canada,Low,3,70,Wet,20.9,11.8,2,George Russell,RUS,Mercedes,1,91,5,73.249,0.249,6.966157367353407,5,11,0,0,Finished,2,2.11,1,9.75,5.25,51.0,15,0.249,1,2,0,0,1
7,2021,7,Circuit Gilles Villeneuve,Canada,Low,3,70,Wet,20.9,11.8,2,Carlos Sainz,SAI,Ferrari,1,91,6,73.308,0.308,6.946769725205925,7,6,0,0,Finished,3,2.88,0,9.0,5.5,73.0,18,0.308,1,2,-1,0,0
7,2021,7,Circuit Gilles Villeneuve,Canada,Low,3,70,Wet,20.9,11.8,2,Oscar Piastri,PIA,McLaren,1,90,7,73.744,0.744,7.387779166813971,6,8,0,0,Finished,3,3.24,0,5.0,10.0,34.0,21,0.744,1,2,1,0,0
7,2021,7,Circuit Gilles Villeneuve,Canada,Low,3,70,Wet,20.9,11.8,2,Sergio Perez,PER,Red Bull Racing,1,88,8,73.476,0.476,6.285691581997054,8,4,0,0,Finished,3,2.33,0,5.0,7.5,41.0,24,0.476,1,2,0,0,0
7,2021,7,Circuit Gilles Villeneuve,Canada,Low,3,70,Wet,20.9,11.8,2,Fernando Alonso,ALO,Aston Martin,2,92,9,73.942,0.942,6.247585295754536,9,2,0,0,Finished,3,2.64,0,3.0,8.5,4.0,27,0.942,1,2,0,0,0
7,2021,7,Circuit Gilles Villeneuve,Canada,Low,3,70,Wet,20.9,11.8,2,Pierre Gasly,GAS,Alpine,2,85,10,74.021,1.021,5.24128860941791,10,1,0,0,Finished,2,2.77,0,0.25,12.75,2.0,30,1.021,1,2,0,0,0
7,2021,7,Circuit Gilles Villeneuve,Canada,Low,3,70,Wet,20.9,11.8,2,Esteban Ocon,OCO,Alpine,2,84,11,73.835,0.835,4.097470237136289,12,0,0,0,Finished,3,2.21,0,1.0,10.25,2.0,33,0.835,1,2,-1,0,0
7,2021,7,Circuit Gilles Villeneuve,Canada,Low,3,70,Wet,20.9,11.8,2,Lance Stroll,STR,Aston Martin,2,81,12,74.379,1.379,5.154698711286034,11,0,0,0,Finished,2,2.32,0,0.25,12.25,4.0,36,1.379,1,2,1,0,0
7,2021,7,Circuit Gilles Villeneuve,Canada,Low,3,70,Wet,20.9,11.8,2,Nico Hulkenberg,HUL,Haas,3,84,13,73.969,0.969,4.736753333629534,13,0,0,0,Finished,3,2.42,0,0.0,16.0,0.0,39,0.969,1,2,0,0,0
7,2021,7,Circuit Gilles Villeneuve,Canada,Low,3,70,Wet,20.9,11.8,2,Alexander Albon,ALB,Williams,3,86,14,74.429,1.429,3.176429413318748,14,0,0,0,Finished,2,2.48,0,0.0,13.0,0.0,42,1.429,1,2,0,0,0
7,2021,7,Circuit Gilles Villeneuve,Canada,Low,3,70,Wet,20.9,11.8,2,Daniel Ricciardo,RIC,RB,3,84,15,74.458,1.458,2.955431445723957,16,0,0,0,Finished,2,2.84,0,0.0,13.0,0.0,45,1.458,1,2,-1,0,0
7,2021,7,Circuit Gilles Villeneuve,Canada,Low,3,70,Wet,20.9,11.8,2,Yuki Tsunoda,TSU,RB,3,83,16,74.816,1.816,3.418997871068397,15,0,0,0,Finished,2,3.03,0,0.0,14.5,0.0,48,1.816,1,2,1,0,0
7,2021,7,Circuit Gilles Villeneuve,Canada,Low,3,70,Wet,20.9,11.8,2,Kevin Magnussen,MAG,Haas,3,82,17,75.072,2.072,3.3117245791683207,17,0,0,0,Finished,3,2.96,0,0.0,16.5,0.0,51,2.072,1,2,0,0,0
7,2021,7,Circuit Gilles Villeneuve,Canada,Low,3,70,Wet,20.9,11.8,2,Valtteri Bottas,BOT,Kick Sauber,4,83,18,74.598,1.598,2.704386596025902,20,0,0,0,Suspension,0,3.35,0,0.0,17.0,0.0,54,1.598,1,2,-2,0,0
7,2021,7,Circuit Gilles Villeneuve,Canada,Low,3,70,Wet,20.9,11.8,2,Zhou Guanyu,ZHO,Kick Sauber,4,79,19,74.467,1.467,3.073342173588093,18,0,0,0,Finished,4,3.05,0,0.0,18.25,0.0,57,1.467,1,2,1,0,0
7,2021,7,Circuit Gilles Villeneuve,Canada,Low,3,70,Wet,20.9,11.8,2,Logan Sargeant,SAR,Williams,4,76,20,74.352,1.352,1.1633195001133436,19,0,0,0,Finished,2,2.14,0,0.0,18.75,0.0,60,1.352,1,2,1,0,0
8,2021,8,Red Bull Ring,Austria,Medium,2,71,Dry,36.4,27.2,1,Max Verstappen,VER,Red Bull Racing,1,97,1,65.5,0.0,8.550145615778101,1,25,1,1,Finished,1,2.56,0,20.75,1.75,41.0,2,0.0,2,0,0,1,1
8,2021,8,Red Bull Ring,Austria,Medium,2,71,Dry,36.4,27.2,1,Lewis Hamilton,HAM,Mercedes,1,95,2,65.599,0.099,8.191804432479644,2,19,1,0,Finished,1,2.4,1,15.75,2.75,56.0,4,0.099,2,0,0,1,1
8,2021,8,Red Bull Ring,Austria,Medium,2,71,Dry,36.4,27.2,1,Charles Leclerc,LEC,Ferrari,1,94,3,65.778,0.278,8.001743031370296,3,15,1,0,Finished,1,3.38,0,21.25,1.75,67.0,6,0.278,2,0,0,0,1
8,2021,8,Red Bull Ring,Austria,Medium,2,71,Dry,36.4,27.2,1,George Russell,RUS,Mercedes,1,91,4,65.816,0.316,7.822778182174402,4,13,0,0,Finished,1,2.98,1,9.75,5.25,57.0,8,0.316,2,0,0,0,1
8,2021,8,Red Bull Ring,Austria,Medium,2,71,Dry,36.4,27.2,1,Lando Norris,NOR,McLaren,1,93,5,65.751,0.251,7.042345664850716,6,8,0,0,Finished,1,3.24,0,11.0,4.75,34.0,10,0.251,2,0,-1,0,1
8,2021,8,Red Bull Ring,Austria,Medium,2,71,Dry,36.4,27.2,1,Carlos Sainz,SAI,Ferrari,1,91,6,66.188,0.688,7.743166075526707,5,11,0,0,Finished,3,3.12,1,9.0,5.5,57.0,12,0.688,2,0,1,0,0
8,2021,8,Red Bull Ring,Austria,Medium,2,71,Dry,36.4,27.2,1,Oscar Piastri,PIA,McLaren,1,90,7,66.088,0.588,6.775809116987265,7,6,0,0,Finished,3,2.71,0,6.0,9.5,36.0,14,0.588,2,0,0,0,0
8,2021,8,Red Bull Ring,Austria,Medium,2,71,Dry,36.4,27.2,1,Sergio Perez,PER,Red Bull Racing,1,88,8,66.384,0.884,6.71480350333138,20,0,0,0,Suspension,0,2.76,0,4.0,8.0,51.0,16,0.884,2,0,-12,0,0
8,2021,8,Red Bull Ring,Austria,Medium,2,71,Dry,36.4,27.2,1,Fernando Alonso,ALO,Aston Martin,2,92,9,66.362,0.862,6.190667006230963,8,4,0,0,Finished,2,2.32,0,3.0,8.5,4.0,18,0.862,2,0,1,0,0
8,2021,8,Red Bull Ring,Austria,Medium,2,71,Dry,36.4,27.2,1,Esteban Ocon,OCO,Alpine,2,84,10,66.541,1.041,5.044829814860048,9,2,0,0,Finished,3,2.4,0,1.0,10.25,2.0,20,1.041,2,0,1,0,0
8,2021,8,Red Bull Ring,Austria,Medium,2,71,Dry,36.4,27.2,1,Pierre Gasly,GAS,Alpine,2,85,11,66.68,1.18,4.803437597355338,10,1,0,0,Finished,3,2.94,0,0.25,12.75,3.0,22,1.18,2,0,1,0,0
8,2021,8,Red Bull Ring,Austria,Medium,2,71,Dry,36.4,27.2,1,Lance Stroll,STR,Aston Martin,2,81,12,66.856,1.356,4.4082864111584215,11,0,0,0,Finished,2,2.77,0,0.25,11.5,6.0,24,1.356,2,0,1,0,0
8,2021,8,Red Bull Ring,Austria,Medium,2,71,Dry,36.4,27.2,1,Yuki Tsunoda,TSU,RB,3,83,13,66.821,1.321,4.020463378236402,12,0,0,0,Finished,1,2.33,0,0.0,14.25,0.0,26,1.321,2,0,1,0,0
8,2021,8,Red Bull Ring,Austria,Medium,2,71,Dry,36.4,27.2,1,Nico Hulkenberg,HUL,Haas,3,84,14,66.305,0.805,4.151363070706073,13,0,0,0,Finished,1,2.34,0,0.0,15.0,0.0,28,0.805,2,0,1,0,0
8,2021,8,Red Bull Ring,Austria,Medium,2,71,Dry,36.4,27.2,1,Alexander Albon,ALB,Williams,3,86,15,66.364,0.864,3.76347556885578,15,0,0,0,Finished,1,3.36,0,0.0,13.75,0.0,30,0.864,2,0,0,0,0
8,2021,8,Red Bull Ring,Austria,Medium,2,71,Dry,36.4,27.2,1,Kevin Magnussen,MAG,Haas,3,82,16,67.359,1.859,4.199155543030482,14,0,0,0,Finished,2,2.56,0,0.0,16.25,0.0,32,1.859,2,0,2,0,0
8,2021,8,Red Bull Ring,Austria,Medium,2,71,Dry,36.4,27.2,1,Daniel Ricciardo,RIC,RB,3,84,17,66.909,1.409,3.2695685526760725,16,0,0,0,Finished,2,3.31,0,0.0,13.75,0.0,34,1.409,2,0,1,0,0
8,2021,8,Red Bull Ring,Austria,Medium,2,71,Dry,36.4,27.2,1,Valtteri Bottas,BOT,Kick Sauber,4,83,18,67.373,1.873,3.1314166377553194,17,0,0,0,Finished,3,2.33,0,0.0,18.25,0.0,36,1.873,2,0,1,0,0
8,2021,8,Red Bull Ring,Austria,Medium,2,71,Dry,36.4,27.2,1,Zhou Guanyu,ZHO,Kick Sauber,4,79,19,67.997,2.497,1.8053227781494896,19,0,0,0,Finished,2,2.3,0,0.0,18.0,0.0,38,2.497,2,0,0,0,0
8,2021,8,Red Bull Ring,Austria,Medium,2,71,Dry,36.4,27.2,1,Logan Sargeant,SAR,Williams,4,76,20,67.761,2.261,2.127268610536975,18,0,0,0,Finished,1,3.09,0,0.0,18.5,0.0,40,2.261,2,0,2,0,0
9,2021,9,Silverstone Circuit,United Kingdom,High,2,52,Dry,37.4,28.2,2,Max Verstappen,VER,Red Bull Racing,1,97,1,88.5,0.0,7.377862252465977,3,16,1,0,Finished,1,2.69,1,20.75,1.75,47.0,2,0.0,3,0,-2,1,1
9,2021,9,Silverstone Circuit,United Kingdom,High,2,52,Dry,37.4,28.2,2,Lewis Hamilton,HAM,Mercedes,1,95,2,88.624,0.124,8.049944743805957,1,25,1,1,Finished,2,3.1,0,17.5,2.25,58.0,4,0.124,3,0,1,1,1
9,2021,9,Silverstone Circuit,United Kingdom,High,2,52,Dry,37.4,28.2,2,Charles Leclerc,LEC,Ferrari,1,94,3,88.756,0.256,8.015062293303087,2,18,1,0,Finished,1,2.46,0,20.5,2.0,58.0,6,0.256,3,0,1,0,1
9,2021,9,Silverstone Circuit,United Kingdom,High,2,52,Dry,37.4,28.2,2,Carlos Sainz,SAI,Ferrari,1,91,4,88.847,0.347,8.059074688779857,4,13,0,0,Finished,2,3.0,1,9.75,5.25,50.0,8,0.347,3,0,0,0,1
9,2021,9,Silverstone Circuit,United Kingdom,High,2,52,Dry,37.4,28.2,2,Lando Norris,NOR,McLaren,1,93,5,88.938,0.438,7.388952823515392,5,10,0,0,Finished,1,2.98,0,9.0,5.5,34.0,10,0.438,3,0,0,0,1
9,2021,9,Silverstone Circuit,United Kingdom,High,2,52,Dry,37.4,28.2,2,George Russell,RUS,Mercedes,1,91,6,89.149,0.649,7.6460717703679055,20,0,0,0,Hydraulics,0,2.61,0,10.5,5.0,68.0,12,0.649,3,0,-14,0,0
9,2021,9,Silverstone Circuit,United Kingdom,High,2,52,Dry,37.4,28.2,2,Oscar Piastri,PIA,McLaren,1,90,7,89.256,0.756,6.91059898987632,6,8,0,0,Finished,1,3.34,0,7.5,6.25,32.0,14,0.756,3,0,1,0,0
9,2021,9,Silverstone Circuit,United Kingdom,High,2,52,Dry,37.4,28.2,2,Sergio Perez,PER,Red Bull Racing,1,88,8,89.01,0.51,6.235785832591833,7,6,0,0,Finished,1,2.66,0,3.0,11.0,45.0,16,0.51,3,0,1,0,0
9,2021,9,Silverstone Circuit,United Kingdom,High,2,52,Dry,37.4,28.2,2,Fernando Alonso,ALO,Aston Martin,2,92,9,89.513,1.013,5.857133734220496,8,4,0,0,Finished,3,2.65,0,2.5,8.75,6.0,18,1.013,3,0,1,0,0
9,2021,9,Silverstone Circuit,United Kingdom,High,2,52,Dry,37.4,28.2,2,Esteban Ocon,OCO,Alpine,2,84,10,89.484,0.984,5.382298551980582,9,2,0,0,Finished,2,2.62,0,1.0,10.25,4.0,20,0.984,3,0,1,0,0
9,2021,9,Silverstone Circuit,United Kingdom,High,2,52,Dry,37.4,28.2,2,Pierre Gasly,GAS,Alpine,2,85,11,89.605,1.105,5.466450534756153,10,1,0,0,Finished,1,3.38,0,0.5,10.5,5.0,22,1.105,3,0,1,0,0
9,2021,9,Silverstone Circuit,United Kingdom,High,2,52,Dry,37.4,28.2,2,Lance Stroll,STR,Aston Martin,2,81,12,89.846,1.346,3.711101630538943,12,0,0,0,Finished,1,2.38,0,0.0,11.75,8.0,24,1.346,3,0,0,0,0
9,2021,9,Silverstone Circuit,United Kingdom,High,2,52,Dry,37.4,28.2,2,Nico Hulkenberg,HUL,Haas,3,84,13,89.951,1.451,4.314969529368019,11,0,0,0,Finished,1,3.26,0,0.0,15.0,0.0,26,1.451,3,0,2,0,0
9,2021,9,Silverstone Circuit,United Kingdom,High,2,52,Dry,37.4,28.2,2,Kevin Magnussen,MAG,Haas,3,82,14,89.938,1.438,4.073956449513647,13,0,0,0,Finished,1,2.95,0,0.0,16.0,0.0,28,1.438,3,0,1,0,0
9,2021,9,Silverstone Circuit,United Kingdom,High,2,52,Dry,37.4,28.2,2,Alexander Albon,ALB,Williams,3,86,15,89.455,0.955,4.088739052919999,14,0,0,0,Finished,1,3.22,0,0.0,14.0,0.0,30,0.955,3,0,1,0,0
9,2021,9,Silverstone Circuit,United Kingdom,High,2,52,Dry,37.4,28.2,2,Daniel Ricciardo,RIC,RB,3,84,16,89.761,1.261,3.982594347913291,15,0,0,0,Finished,2,3.36,0,0.0,14.75,0.0,32,1.261,3,0,1,0,0
9,2021,9,Silverstone Circuit,United Kingdom,High,2,52,Dry,37.4,28.2,2,Yuki Tsunoda,TSU,RB,3,83,17,89.546,1.046,2.876430253556532,16,0,0,0,Finished,1,3.23,0,0.0,14.5,0.0,34,1.046,3,0,1,0,0
9,2021,9,Silverstone Circuit,United Kingdom,High,2,52,Dry,37.4,28.2,2,Valtteri Bottas,BOT,Kick Sauber,4,83,18,89.582,1.082,2.7834840866390804,17,0,0,0,Finished,2,3.1,0,0.0,18.5,0.0,36,1.082,3,0,1,0,0
9,2021,9,Silverstone Circuit,United Kingdom,High,2,52,Dry,37.4,28.2,2,Zhou Guanyu,ZHO,Kick Sauber,4,79,19,90.982,2.482,1.8738485468817347,19,0,0,0,Collision,1,3.87,0,0.0,18.5,0.0,38,2.482,3,0,0,0,0
9,2021,9,Silverstone Circuit,United Kingdom,High,2,52,Dry,37.4,28.2,2,Logan Sargeant,SAR,Williams,4,76,20,89.674,1.174,1.333434175242383,18,0,0,0,Finished,2,3.09,0,0.0,18.5,0.0,40,1.174,3,0,2,0,0
10,2021,10,Hungaroring,Hungary,High,4,70,Dry,43.3,34.9,0,Lewis Hamilton,HAM,Mercedes,1,95,1,77.0,0.0,7.79362954629598,1,25,1,1,Finished,1,3.2,0,19.25,2.0,57.0,4,0.0,3,0,0,1,1
10,2021,10,Hungaroring,Hungary,High,4,70,Dry,43.3,34.9,0,Max Verstappen,VER,Red Bull Racing,1,97,2,77.135,0.135,7.414635397897928,2,18,1,0,Finished,2,3.1,0,18.5,2.25,47.0,8,0.135,3,0,0,1,1
10,2021,10,Hungaroring,Hungary,High,4,70,Dry,43.3,34.9,0,Lando Norris,NOR,McLaren,1,93,3,77.205,0.205,7.464988254082452,3,15,1,0,Finished,2,2.77,0,9.0,5.5,32.0,12,0.205,3,0,0,0,1
10,2021,10,Hungaroring,Hungary,High,4,70,Dry,43.3,34.9,0,Charles Leclerc,LEC,Ferrari,1,94,4,77.415,0.415,7.913065570783453,4,12,0,0,Finished,1,2.61,0,21.0,1.75,57.0,16,0.415,3,0,0,0,1
10,2021,10,Hungaroring,Hungary,High,4,70,Dry,43.3,34.9,0,George Russell,RUS,Mercedes,1,91,5,77.462,0.462,7.53951003529713,5,10,0,0,Finished,2,3.13,0,9.0,8.25,63.0,20,0.462,3,0,0,0,1
10,2021,10,Hungaroring,Hungary,High,4,70,Dry,43.3,34.9,0,Oscar Piastri,PIA,McLaren,1,90,6,77.658,0.658,7.379894228277657,6,8,0,0,Finished,3,2.47,0,7.5,6.25,39.0,24,0.658,3,0,0,0,0
10,2021,10,Hungaroring,Hungary,High,4,70,Dry,43.3,34.9,0,Carlos Sainz,SAI,Ferrari,1,91,7,77.656,0.656,6.36336972813786,7,6,0,0,Finished,1,2.6,0,10.0,5.25,54.0,28,0.656,3,0,0,0,0
10,2021,10,Hungaroring,Hungary,High,4,70,Dry,43.3,34.9,0,Sergio Perez,PER,Red Bull Racing,1,88,8,77.951,0.951,6.789209401625599,8,4,0,0,Finished,2,3.19,0,3.5,10.75,40.0,32,0.951,3,0,0,0,0
10,2021,10,Hungaroring,Hungary,High,4,70,Dry,43.3,34.9,0,Fernando Alonso,ALO,Aston Martin,2,92,9,77.981,0.981,6.189008942822287,9,2,0,0,Finished,1,3.11,0,3.0,8.5,8.0,36,0.981,3,0,0,0,0
10,2021,10,Hungaroring,Hungary,High,4,70,Dry,43.3,34.9,0,Pierre Gasly,GAS,Alpine,2,85,10,77.938,0.938,6.193955222323933,10,1,0,0,Finished,1,2.88,0,0.75,10.25,6.0,40,0.938,3,0,0,0,0
10,2021,10,Hungaroring,Hungary,High,4,70,Dry,43.3,34.9,0,Esteban Ocon,OCO,Alpine,2,84,11,78.227,1.227,4.443663103558787,11,0,0,0,Finished,2,2.58,0,1.25,10.0,5.0,44,1.227,3,0,0,0,0
10,2021,10,Hungaroring,Hungary,High,4,70,Dry,43.3,34.9,0,Lance Stroll,STR,Aston Martin,2,81,12,78.046,1.046,4.464857624938283,12,0,0,0,Finished,2,2.64,0,0.0,11.5,6.0,48,1.046,3,0,0,0,0
10,2021,10,Hungaroring,Hungary,High,4,70,Dry,43.3,34.9,0,Daniel Ricciardo,RIC,RB,3,84,13,78.29,1.29,3.944711191970173,14,0,0,0,Finished,1,2.63,0,0.0,15.0,0.0,52,1.29,3,0,-1,0,0
10,2021,10,Hungaroring,Hungary,High,4,70,Dry,43.3,34.9,0,Yuki Tsunoda,TSU,RB,3,83,14,78.122,1.122,4.981922885343318,13,0,0,0,Finished,1,2.67,0,0.0,14.75,0.0,56,1.122,3,0,1,0,0
10,2021,10,Hungaroring,Hungary,High,4,70,Dry,43.3,34.9,0,Nico Hulkenberg,HUL,Haas,3,84,15,78.674,1.674,3.887598816574868,15,0,0,0,Finished,2,2.85,0,0.0,12.75,0.0,60,1.674,3,0,0,0,0
10,2021,10,Hungaroring,Hungary,High,4,70,Dry,43.3,34.9,0,Alexander Albon,ALB,Williams,3,86,16,78.094,1.094,4.383571823128998,20,0,0,0,Suspension,1,3.03,0,0.0,14.5,0.0,64,1.094,3,0,-4,0,0
10,2021,10,Hungaroring,Hungary,High,4,70,Dry,43.3,34.9,0,Kevin Magnussen,MAG,Haas,3,82,17,78.796,1.796,3.919011443034794,16,0,0,0,Finished,2,2.22,0,0.0,15.25,0.0,68,1.796,3,0,1,0,0
10,2021,10,Hungaroring,Hungary,High,4,70,Dry,43.3,34.9,0,Valtteri Bottas,BOT,Kick Sauber,4,83,18,78.131,1.131,1.7636329768559356,17,0,0,0,Finished,2,2.51,0,0.0,18.0,0.0,72,1.131,3,0,1,0,0
10,2021,10,Hungaroring,Hungary,High,4,70,Dry,43.3,34.9,0,Zhou Guanyu,ZHO,Kick Sauber,4,79,19,78.398,1.398,1.1413280203451173,18,0,0,0,Finished,1,3.22,0,0.0,19.0,0.0,76,1.398,3,0,1,0,0
10,2021,10,Hungaroring,Hungary,High,4,70,Dry,43.3,34.9,0,Logan Sargeant,SAR,Williams,4,76,20,78.405,1.405,1.176753024288739,19,0,0,0,Finished,1,2.86,0,0.0,18.5,0.0,80,1.405,3,0,1,0,0
11,2021,11,Circuit de Spa-Francorchamps,Belgium,Medium,2,44,Dry,30.4,19.2,1,Max Verstappen,VER,Red Bull Racing,1,97,1,105.0,0.0,8.892568722169372,1,25,1,1,Finished,2,2.59,0,19.25,2.0,44.0,2,0.0,2,0,0,1,1
11,2021,11,Circuit de Spa-Francorchamps,Belgium,Medium,2,44,Dry,30.4,19.2,1,George Russell,RUS,Mercedes,1,91,2,105.098,0.098,8.125515088242533,2,18,1,0,Finished,2,2.81,0,8.5,8.5,60.0,4,0.098,2,0,0,1,1
11,2021,11,Circuit de Spa-Francorchamps,Belgium,Medium,2,44,Dry,30.4,19.2,1,Lando Norris,NOR,McLaren,1,93,3,105.123,0.123,7.00648292321756,5,10,0,0,Finished,2,3.34,0,11.25,4.5,41.0,6,0.123,2,0,-2,0,1
11,2021,11,Circuit de Spa-Francorchamps,Belgium,Medium,2,44,Dry,30.4,19.2,1,Charles Leclerc,LEC,Ferrari,1,94,4,105.262,0.262,7.792251028354876,3,16,1,0,Finished,1,2.86,1,17.75,2.5,49.0,8,0.262,2,0,1,0,1
11,2021,11,Circuit de Spa-Francorchamps,Belgium,Medium,2,44,Dry,30.4,19.2,1,Lewis Hamilton,HAM,Mercedes,1,95,5,105.28,0.28,7.514613197731081,4,12,0,0,Finished,2,3.09,0,21.0,1.75,53.0,10,0.28,2,0,1,0,1
11,2021,11,Circuit de Spa-Francorchamps,Belgium,Medium,2,44,Dry,30.4,19.2,1,Carlos Sainz,SAI,Ferrari,1,91,6,105.375,0.375,7.047633677900927,6,8,0,0,Finished,2,3.16,0,9.0,5.75,47.0,12,0.375,2,0,0,0,0
11,2021,11,Circuit de Spa-Francorchamps,Belgium,Medium,2,44,Dry,30.4,19.2,1,Oscar Piastri,PIA,McLaren,1,90,7,105.435,0.435,7.1848825515495385,7,6,0,0,Finished,1,2.29,0,7.5,6.25,41.0,14,0.435,2,0,0,0,0
11,2021,11,Circuit de Spa-Francorchamps,Belgium,Medium,2,44,Dry,30.4,19.2,1,Sergio Perez,PER,Red Bull Racing,1,88,8,105.63,0.63,5.899846888417913,20,0,0,0,Suspension,1,2.54,0,3.5,10.75,53.0,16,0.63,2,0,-12,0,0
11,2021,11,Circuit de Spa-Francorchamps,Belgium,Medium,2,44,Dry,30.4,19.2,1,Fernando Alonso,ALO,Aston Martin,2,92,9,105.636,0.636,5.98284207505977,8,4,0,0,Finished,2,2.42,0,3.0,8.5,6.0,18,0.636,2,0,1,0,0
11,2021,11,Circuit de Spa-Francorchamps,Belgium,Medium,2,44,Dry,30.4,19.2,1,Pierre Gasly,GAS,Alpine,2,85,10,105.621,0.621,5.550087979713831,9,2,0,0,Finished,2,2.61,0,1.0,10.0,4.0,20,0.621,2,0,1,0,0
11,2021,11,Circuit de Spa-Francorchamps,Belgium,Medium,2,44,Dry,30.4,19.2,1,Esteban Ocon,OCO,Alpine,2,84,11,106.335,1.335,5.291052385732171,10,1,0,0,Finished,2,3.07,0,1.0,10.25,4.0,22,1.335,2,0,1,0,0
11,2021,11,Circuit de Spa-Francorchamps,Belgium,Medium,2,44,Dry,30.4,19.2,1,Lance Stroll,STR,Aston Martin,2,81,12,106.247,1.247,4.822761302288679,11,0,0,0,Finished,2,2.78,0,0.0,11.5,6.0,24,1.247,2,0,1,0,0
11,2021,11,Circuit de Spa-Francorchamps,Belgium,Medium,2,44,Dry,30.4,19.2,1,Nico Hulkenberg,HUL,Haas,3,84,13,106.055,1.055,4.204439345729072,12,0,0,0,Finished,2,2.66,0,0.0,13.0,0.0,26,1.055,2,0,1,0,0
11,2021,11,Circuit de Spa-Francorchamps,Belgium,Medium,2,44,Dry,30.4,19.2,1,Yuki Tsunoda,TSU,RB,3,83,14,106.681,1.681,3.54725381402882,14,0,0,0,Finished,3,2.95,0,0.0,14.0,0.0,28,1.681,2,0,0,0,0
11,2021,11,Circuit de Spa-Francorchamps,Belgium,Medium,2,44,Dry,30.4,19.2,1,Alexander Albon,ALB,Williams,3,86,15,106.683,1.683,3.9032104479946055,13,0,0,0,Finished,2,2.19,0,0.0,15.75,0.0,30,1.683,2,0,2,0,0
11,2021,11,Circuit de Spa-Francorchamps,Belgium,Medium,2,44,Dry,30.4,19.2,1,Daniel Ricciardo,RIC,RB,3,84,16,106.681,1.681,3.613608177367307,15,0,0,0,Finished,1,2.36,0,0.0,15.25,0.0,32,1.681,2,0,1,0,0
11,2021,11,Circuit de Spa-Francorchamps,Belgium,Medium,2,44,Dry,30.4,19.2,1,Kevin Magnussen,MAG,Haas,3,82,17,107.145,2.145,3.765671449234791,16,0,0,0,Finished,2,2.35,0,0.0,15.0,0.0,34,2.145,2,0,1,0,0
11,2021,11,Circuit de Spa-Francorchamps,Belgium,Medium,2,44,Dry,30.4,19.2,1,Valtteri Bottas,BOT,Kick Sauber,4,83,18,106.451,1.451,2.4175773125983064,17,0,0,0,Finished,1,2.9,0,0.0,17.75,0.0,36,1.451,2,0,1,0,0
11,2021,11,Circuit de Spa-Francorchamps,Belgium,Medium,2,44,Dry,30.4,19.2,1,Zhou Guanyu,ZHO,Kick Sauber,4,79,19,106.621,1.621,1.9793216035391863,18,0,0,0,Finished,2,2.97,0,0.0,18.5,0.0,38,1.621,2,0,1,0,0
11,2021,11,Circuit de Spa-Francorchamps,Belgium,Medium,2,44,Dry,30.4,19.2,1,Logan Sargeant,SAR,Williams,4,76,20,107.098,2.098,0.8749924139072509,19,0,0,0,Finished,2,2.79,0,0.0,18.5,0.0,40,2.098,2,0,1,0,0
12,2021,12,Circuit Zandvoort,Netherlands,High,4,72,Dry,34.2,22.4,7,Max Verstappen,VER,Red Bull Racing,1,97,1,71.0,0.0,8.897375730246758,1,25,1,1,Finished,2,3.05,0,21.0,1.75,47.0,4,0.0,3,0,0,1,1
12,2021,12,Circuit Zandvoort,Netherlands,High,4,72,Dry,34.2,22.4,7,Charles Leclerc,LEC,Ferrari,1,94,2,71.088,0.088,7.656066118935594,2,18,1,0,Finished,1,2.83,0,15.25,3.0,42.0,8,0.088,3,0,0,1,1
12,2021,12,Circuit Zandvoort,Netherlands,High,4,72,Dry,34.2,22.4,7,Lewis Hamilton,HAM,Mercedes,1,95,3,71.245,0.245,8.071007364684082,3,16,1,0,Finished,1,3.0,1,20.25,2.0,65.0,12,0.245,3,0,0,0,1
12,2021,12,Circuit Zandvoort,Netherlands,High,4,72,Dry,34.2,22.4,7,Carlos Sainz,SAI,Ferrari,1,91,4,71.34,0.34,7.100548721847141,5,10,0,0,Finished,2,2.55,0,9.5,5.5,48.0,16,0.34,3,0,-1,0,1
12,2021,12,Circuit Zandvoort,Netherlands,High,4,72,Dry,34.2,22.4,7,Lando Norris,NOR,McLaren,1,93,5,71.44,0.44,8.301722233016891,4,12,0,0,Finished,2,2.23,0,10.75,4.75,39.0,20,0.44,3,0,1,0,1
12,2021,12,Circuit Zandvoort,Netherlands,High,4,72,Dry,34.2,22.4,7,George Russell,RUS,Mercedes,1,91,6,71.595,0.595,6.586169436161896,7,6,0,0,Finished,1,2.62,0,10.25,7.75,56.0,24,0.595,3,0,-1,0,0
12,2021,12,Circuit Zandvoort,Netherlands,High,4,72,Dry,34.2,22.4,7,Sergio Perez,PER,Red Bull Racing,1,88,7,71.464,0.464,7.4437709998177555,6,8,0,0,Finished,2,3.31,0,2.5,13.75,54.0,28,0.464,3,0,1,0,0
12,2021,12,Circuit Zandvoort,Netherlands,High,4,72,Dry,34.2,22.4,7,Oscar Piastri,PIA,McLaren,1,90,8,71.55,0.55,7.485622378656116,8,4,0,0,Finished,1,3.39,0,7.0,6.5,36.0,32,0.55,3,0,0,0,0
12,2021,12,Circuit Zandvoort,Netherlands,High,4,72,Dry,34.2,22.4,7,Fernando Alonso,ALO,Aston Martin,2,92,9,71.86,0.86,6.409504973068862,9,2,0,0,Finished,2,2.8,0,3.5,8.25,6.0,36,0.86,3,0,0,0,0
12,2021,12,Circuit Zandvoort,Netherlands,High,4,72,Dry,34.2,22.4,7,Esteban Ocon,OCO,Alpine,2,84,10,72.041,1.041,5.281904238979966,10,1,0,0,Finished,2,2.78,0,1.25,9.75,4.0,40,1.041,3,0,0,0,0
12,2021,12,Circuit Zandvoort,Netherlands,High,4,72,Dry,34.2,22.4,7,Pierre Gasly,GAS,Alpine,2,85,11,71.943,0.943,5.625313244557657,11,0,0,0,Finished,2,2.22,0,1.25,9.75,4.0,44,0.943,3,0,0,0,0
12,2021,12,Circuit Zandvoort,Netherlands,High,4,72,Dry,34.2,22.4,7,Lance Stroll,STR,Aston Martin,2,81,12,71.773,0.773,5.107513576047411,12,0,0,0,Finished,2,2.27,0,0.0,11.5,6.0,48,0.773,3,0,0,0,0
12,2021,12,Circuit Zandvoort,Netherlands,High,4,72,Dry,34.2,22.4,7,Alexander Albon,ALB,Williams,3,86,13,72.415,1.415,3.4256179222928127,14,0,0,0,Finished,2,2.15,0,0.0,15.5,0.0,52,1.415,3,0,-1,0,0
12,2021,12,Circuit Zandvoort,Netherlands,High,4,72,Dry,34.2,22.4,7,Nico Hulkenberg,HUL,Haas,3,84,14,71.869,0.869,4.17960575973304,13,0,0,0,Finished,2,3.12,0,0.0,12.75,0.0,56,0.869,3,0,1,0,0
12,2021,12,Circuit Zandvoort,Netherlands,High,4,72,Dry,34.2,22.4,7,Daniel Ricciardo,RIC,RB,3,84,15,72.055,1.055,3.334972004663336,15,0,0,0,Finished,1,2.44,0,0.0,15.0,0.0,60,1.055,3,0,0,0,0
12,2021,12,Circuit Zandvoort,Netherlands,High,4,72,Dry,34.2,22.4,7,Yuki Tsunoda,TSU,RB,3,83,16,71.983,0.983,3.222225858251763,16,0,0,0,Finished,1,2.21,0,0.0,13.75,0.0,64,0.983,3,0,0,0,0
12,2021,12,Circuit Zandvoort,Netherlands,High,4,72,Dry,34.2,22.4,7,Kevin Magnussen,MAG,Haas,3,82,17,72.047,1.047,3.208797430771221,17,0,0,0,Finished,3,2.82,0,0.0,14.75,0.0,68,1.047,3,0,0,0,0
12,2021,12,Circuit Zandvoort,Netherlands,High,4,72,Dry,34.2,22.4,7,Valtteri Bottas,BOT,Kick Sauber,4,83,18,73.217,2.217,2.7948524889265336,18,0,0,0,Finished,1,2.62,0,0.0,17.0,0.0,72,2.217,3,0,0,0,0
12,2021,12,Circuit Zandvoort,Netherlands,High,4,72,Dry,34.2,22.4,7,Zhou Guanyu,ZHO,Kick Sauber,4,79,19,72.847,1.847,1.1326254254363708,19,0,0,0,Finished,1,2.88,0,0.0,18.5,0.0,76,1.847,3,0,0,0,0
12,2021,12,Circuit Zandvoort,Netherlands,High,4,72,Dry,34.2,22.4,7,Logan Sargeant,SAR,Williams,4,76,20,73.651,2.651,0.6266293956811119,20,0,0,0,Finished,2,3.3,0,0.0,18.5,0.0,80,2.651,3,0,0,0,0
13,2021,13,Autodromo Nazionale Monza,Italy,Low,2,53,Dry,47.8,36.9,0,Lewis Hamilton,HAM,Mercedes,1,95,1,81.5,0.0,7.921053384024693,20,0,0,0,Collision,1,3.58,0,19.5,2.25,52.0,2,0.0,1,0,-19,1,1
13,2021,13,Autodromo Nazionale Monza,Italy,Low,2,53,Dry,47.8,36.9,0,Max Verstappen,VER,Red Bull Racing,1,97,2,81.571,0.071,8.071084324233015,1,25,1,1,Finished,2,2.23,0,21.0,1.75,58.0,4,0.071,1,0,1,1,1
13,2021,13,Autodromo Nazionale Monza,Italy,Low,2,53,Dry,47.8,36.9,0,Charles Leclerc,LEC,Ferrari,1,94,3,81.708,0.208,7.8650958787966845,2,18,1,0,Finished,1,2.52,0,16.0,2.75,52.0,6,0.208,1,0,1,0,1
13,2021,13,Autodromo Nazionale Monza,Italy,Low,2,53,Dry,47.8,36.9,0,Lando Norris,NOR,McLaren,1,93,4,81.801,0.301,7.96033340049333,3,15,1,0,Finished,2,2.59,0,11.75,4.25,32.0,8,0.301,1,0,1,0,1
13,2021,13,Autodromo Nazionale Monza,Italy,Low,2,53,Dry,47.8,36.9,0,Carlos Sainz,SAI,Ferrari,1,91,5,81.774,0.274,6.681866663033754,6,8,0,0,Finished,2,2.67,0,9.25,5.5,54.0,10,0.274,1,0,-1,0,1
13,2021,13,Autodromo Nazionale Monza,Italy,Low,2,53,Dry,47.8,36.9,0,George Russell,RUS,Mercedes,1,91,6,82.06,0.56,7.434597432335417,4,12,0,0,Finished,2,3.12,0,8.5,8.5,34.0,12,0.56,1,0,2,0,0
13,2021,13,Autodromo Nazionale Monza,Italy,Low,2,53,Dry,47.8,36.9,0,Oscar Piastri,PIA,McLaren,1,90,7,81.889,0.389,6.751200544115336,7,6,0,0,Finished,1,3.19,0,6.5,6.75,37.0,14,0.389,1,0,0,0,0
13,2021,13,Autodromo Nazionale Monza,Italy,Low,2,53,Dry,47.8,36.9,0,Sergio Perez,PER,Red Bull Racing,1,88,8,82.477,0.977,7.383015608677413,5,10,0,0,Finished,3,3.12,0,4.5,10.25,58.0,16,0.977,1,0,3,0,0
13,2021,13,Autodromo Nazionale Monza,Italy,Low,2,53,Dry,47.8,36.9,0,Fernando Alonso,ALO,Aston Martin,2,92,9,82.425,0.925,5.760647780435519,8,4,0,0,Finished,1,3.27,0,3.0,8.5,6.0,18,0.925,1,0,1,0,0
13,2021,13,Autodromo Nazionale Monza,Italy,Low,2,53,Dry,47.8,36.9,0,Pierre Gasly,GAS,Alpine,2,85,10,82.085,0.585,5.010385539127979,9,2,0,0,Finished,2,2.93,0,1.0,10.0,4.0,20,0.585,1,0,1,0,0
13,2021,13,Autodromo Nazionale Monza,Italy,Low,2,53,Dry,47.8,36.9,0,Esteban Ocon,OCO,Alpine,2,84,11,82.897,1.397,5.207910297357556,10,1,0,0,Finished,2,3.26,0,1.0,10.0,4.0,22,1.397,1,0,1,0,0
13,2021,13,Autodromo Nazionale Monza,Italy,Low,2,53,Dry,47.8,36.9,0,Lance Stroll,STR,Aston Martin,2,81,12,82.709,1.209,5.319513910950287,11,0,0,0,Finished,2,2.9,0,0.0,11.75,6.0,24,1.209,1,0,1,0,0
13,2021,13,Autodromo Nazionale Monza,Italy,Low,2,53,Dry,47.8,36.9,0,Daniel Ricciardo,RIC,RB,3,84,13,82.629,1.129,3.748164247870684,12,0,0,0,Finished,1,2.77,0,0.0,14.75,0.0,26,1.129,1,0,1,0,0
13,2021,13,Autodromo Nazionale Monza,Italy,Low,2,53,Dry,47.8,36.9,0,Alexander Albon,ALB,Williams,3,86,14,82.711,1.211,3.975134734176162,13,0,0,0,Finished,1,3.06,0,0.0,15.25,0.0,28,1.211,1,0,1,0,0
13,2021,13,Autodromo Nazionale Monza,Italy,Low,2,53,Dry,47.8,36.9,0,Nico Hulkenberg,HUL,Haas,3,84,15,83.162,1.662,3.474788404973684,19,0,0,0,Power Unit,0,2.87,0,0.0,12.75,0.0,30,1.662,1,0,-4,0,0
13,2021,13,Autodromo Nazionale Monza,Italy,Low,2,53,Dry,47.8,36.9,0,Yuki Tsunoda,TSU,RB,3,83,16,82.712,1.212,2.5189801733014856,14,0,0,0,Finished,2,2.98,0,0.0,14.75,0.0,32,1.212,1,0,2,0,0
13,2021,13,Autodromo Nazionale Monza,Italy,Low,2,53,Dry,47.8,36.9,0,Kevin Magnussen,MAG,Haas,3,82,17,82.636,1.136,2.6640208286551177,18,0,0,0,Hydraulics,1,3.64,0,0.0,15.5,0.0,34,1.136,1,0,-1,0,0
13,2021,13,Autodromo Nazionale Monza,Italy,Low,2,53,Dry,47.8,36.9,0,Valtteri Bottas,BOT,Kick Sauber,4,83,18,82.848,1.348,2.6730171516366084,15,0,0,0,Finished,1,2.21,0,0.0,17.25,0.0,36,1.348,1,0,3,0,0
13,2021,13,Autodromo Nazionale Monza,Italy,Low,2,53,Dry,47.8,36.9,0,Logan Sargeant,SAR,Williams,4,76,19,83.734,2.234,1.340160736894389,16,0,0,0,Finished,2,2.19,0,0.0,19.0,0.0,38,2.234,1,0,3,0,0
13,2021,13,Autodromo Nazionale Monza,Italy,Low,2,53,Dry,47.8,36.9,0,Zhou Guanyu,ZHO,Kick Sauber,4,79,20,83.473,1.973,1.5060801856759238,17,0,0,0,Finished,1,2.12,0,0.0,18.5,0.0,40,1.973,1,0,3,0,0
14,2021,14,Marina Bay Street Circuit,Singapore,High,5,62,Dry,29.3,23.0,3,Max Verstappen,VER,Red Bull Racing,1,97,1,96.0,0.0,8.176943720342818,1,25,1,1,Finished,2,3.2,0,23.25,1.25,68.0,5,0.0,3,0,0,1,1
14,2021,14,Marina Bay Street Circuit,Singapore,High,5,62,Dry,29.3,23.0,3,Charles Leclerc,LEC,Ferrari,1,94,2,96.09,0.09,7.5745496574109294,2,18,1,0,Finished,2,2.11,0,16.0,2.75,54.0,10,0.09,3,0,0,1,1
14,2021,14,Marina Bay Street Circuit,Singapore,High,5,62,Dry,29.3,23.0,3,Lewis Hamilton,HAM,Mercedes,1,95,3,96.182,0.182,7.666921026834895,3,15,1,0,Finished,2,2.98,0,13.25,7.0,34.0,15,0.182,3,0,0,0,1
14,2021,14,Marina Bay Street Circuit,Singapore,High,5,62,Dry,29.3,23.0,3,Lando Norris,NOR,McLaren,1,93,4,96.342,0.342,7.270748995929138,4,12,0,0,Finished,2,2.71,0,13.0,3.75,37.0,20,0.342,3,0,0,0,1
14,2021,14,Marina Bay Street Circuit,Singapore,High,5,62,Dry,29.3,23.0,3,Carlos Sainz,SAI,Ferrari,1,91,5,96.244,0.244,7.777203222128909,5,10,0,0,Finished,1,2.6,0,8.0,6.0,54.0,25,0.244,3,0,0,0,1
14,2021,14,Marina Bay Street Circuit,Singapore,High,5,62,Dry,29.3,23.0,3,George Russell,RUS,Mercedes,1,91,6,96.518,0.518,6.962395292888004,6,8,0,0,Finished,2,2.38,0,11.5,4.5,33.0,30,0.518,3,0,0,0,0
14,2021,14,Marina Bay Street Circuit,Singapore,High,5,62,Dry,29.3,23.0,3,Oscar Piastri,PIA,McLaren,1,90,7,96.466,0.466,6.487319652911864,7,6,0,0,Finished,1,2.96,0,6.0,7.0,37.0,35,0.466,3,0,0,0,0
14,2021,14,Marina Bay Street Circuit,Singapore,High,5,62,Dry,29.3,23.0,3,Sergio Perez,PER,Red Bull Racing,1,88,8,96.599,0.599,6.87115320074323,8,4,0,0,Finished,1,2.33,0,5.5,9.75,68.0,40,0.599,3,0,0,0,0
14,2021,14,Marina Bay Street Circuit,Singapore,High,5,62,Dry,29.3,23.0,3,Fernando Alonso,ALO,Aston Martin,2,92,9,96.652,0.652,7.044772475934499,9,2,0,0,Finished,1,2.32,0,3.0,8.5,6.0,45,0.652,3,0,0,0,0
14,2021,14,Marina Bay Street Circuit,Singapore,High,5,62,Dry,29.3,23.0,3,Esteban Ocon,OCO,Alpine,2,84,10,97.033,1.033,5.263866800247331,10,1,0,0,Finished,1,2.6,0,0.75,10.25,4.0,50,1.033,3,0,0,0,0
14,2021,14,Marina Bay Street Circuit,Singapore,High,5,62,Dry,29.3,23.0,3,Pierre Gasly,GAS,Alpine,2,85,11,97.372,1.372,4.526561211298243,11,0,0,0,Finished,1,3.24,0,1.25,9.75,4.0,55,1.372,3,0,0,0,0
14,2021,14,Marina Bay Street Circuit,Singapore,High,5,62,Dry,29.3,23.0,3,Lance Stroll,STR,Aston Martin,2,81,12,97.024,1.024,4.597772663127977,12,0,0,0,Finished,2,3.04,0,0.0,11.5,6.0,60,1.024,3,0,0,0,0
14,2021,14,Marina Bay Street Circuit,Singapore,High,5,62,Dry,29.3,23.0,3,Alexander Albon,ALB,Williams,3,86,13,97.434,1.434,3.7243993618584983,13,0,0,0,Finished,1,2.39,0,0.0,15.0,0.0,65,1.434,3,0,0,0,0
14,2021,14,Marina Bay Street Circuit,Singapore,High,5,62,Dry,29.3,23.0,3,Daniel Ricciardo,RIC,RB,3,84,14,96.878,0.878,3.903917335029946,14,0,0,0,Finished,2,2.17,0,0.0,14.0,0.0,70,0.878,3,0,0,0,0
14,2021,14,Marina Bay Street Circuit,Singapore,High,5,62,Dry,29.3,23.0,3,Nico Hulkenberg,HUL,Haas,3,84,15,97.822,1.822,3.034619360040033,15,0,0,0,Finished,2,2.88,0,0.0,14.75,0.0,75,1.822,3,0,0,0,0
14,2021,14,Marina Bay Street Circuit,Singapore,High,5,62,Dry,29.3,23.0,3,Kevin Magnussen,MAG,Haas,3,82,16,97.874,1.874,3.382022458717332,16,0,0,0,Finished,2,2.13,0,0.0,16.75,0.0,80,1.874,3,0,0,0,0
14,2021,14,Marina Bay Street Circuit,Singapore,High,5,62,Dry,29.3,23.0,3,Yuki Tsunoda,TSU,RB,3,83,17,98.088,2.088,3.012273615499719,17,0,0,0,Finished,1,2.93,0,0.0,14.25,0.0,85,2.088,3,0,0,0,0
14,2021,14,Marina Bay Street Circuit,Singapore,High,5,62,Dry,29.3,23.0,3,Valtteri Bottas,BOT,Kick Sauber,4,83,18,97.914,1.914,2.379324970222969,18,0,0,0,Finished,1,3.0,0,0.0,16.75,0.0,90,1.914,3,0,0,0,0
14,2021,14,Marina Bay Street Circuit,Singapore,High,5,62,Dry,29.3,23.0,3,Zhou Guanyu,ZHO,Kick Sauber,4,79,19,98.149,2.149,1.770653641739256,19,0,0,0,Finished,2,3.38,0,0.0,18.0,0.0,95,2.149,3,0,0,0,0
14,2021,14,Marina Bay Street Circuit,Singapore,High,5,62,Dry,29.3,23.0,3,Logan Sargeant,SAR,Williams,4,76,20,97.71,1.71,1.9495420500940488,20,0,0,0,Finished,1,3.17,0,0.0,18.5,0.0,100,1.71,3,0,0,0,0
15,2021,15,Suzuka International Racing Course,Japan,High,3,53,Dry,33.6,27.7,3,Max Verstappen,VER,Red Bull Racing,1,97,1,89.0,0.0,8.180146927130691,1,25,1,1,Finished,1,3.2,0,25.0,1.0,64.0,3,0.0,3,0,0,1,1
15,2021,15,Suzuka International Racing Course,Japan,High,3,53,Dry,33.6,27.7,3,Charles Leclerc,LEC,Ferrari,1,94,2,89.064,0.064,8.09276751697916,2,19,1,0,Finished,1,2.96,1,17.5,2.25,54.0,6,0.064,3,0,0,1,1
15,2021,15,Suzuka International Racing Course,Japan,High,3,53,Dry,33.6,27.7,3,Lando Norris,NOR,McLaren,1,93,3,89.266,0.266,7.68230132983666,3,15,1,0,Finished,1,3.22,0,12.25,4.0,39.0,9,0.266,3,0,0,0,1
15,2021,15,Suzuka International Racing Course,Japan,High,3,53,Dry,33.6,27.7,3,Lewis Hamilton,HAM,Mercedes,1,95,4,89.293,0.293,7.181971964099996,20,0,0,0,Suspension,1,2.55,0,10.75,7.5,35.0,12,0.293,3,0,-16,0,1
15,2021,15,Suzuka International Racing Course,Japan,High,3,53,Dry,33.6,27.7,3,Sergio Perez,PER,Red Bull Racing,1,88,5,89.33,0.33,6.879794064949741,4,12,0,0,Finished,2,2.48,0,5.5,9.75,64.0,15,0.33,3,0,1,0,1
15,2021,15,Suzuka International Racing Course,Japan,High,3,53,Dry,33.6,27.7,3,Carlos Sainz,SAI,Ferrari,1,91,6,89.69,0.69,6.728042834596047,6,8,0,0,Finished,2,2.75,0,9.0,5.5,55.0,18,0.69,3,0,0,0,0
15,2021,15,Suzuka International Racing Course,Japan,High,3,53,Dry,33.6,27.7,3,Oscar Piastri,PIA,McLaren,1,90,7,89.566,0.566,6.887010656574727,7,6,0,0,Finished,1,3.23,0,5.5,7.25,39.0,21,0.566,3,0,0,0,0
15,2021,15,Suzuka International Racing Course,Japan,High,3,53,Dry,33.6,27.7,3,George Russell,RUS,Mercedes,1,91,8,89.898,0.898,7.401354674451124,5,10,0,0,Finished,1,2.56,0,11.0,4.75,35.0,24,0.898,3,0,3,0,0
15,2021,15,Suzuka International Racing Course,Japan,High,3,53,Dry,33.6,27.7,3,Fernando Alonso,ALO,Aston Martin,2,92,9,89.877,0.877,5.519966210807921,8,4,0,0,Finished,2,3.09,0,3.0,8.5,6.0,27,0.877,3,0,1,0,0
15,2021,15,Suzuka International Racing Course,Japan,High,3,53,Dry,33.6,27.7,3,Pierre Gasly,GAS,Alpine,2,85,10,90.096,1.096,5.556783472225645,9,2,0,0,Finished,2,2.12,0,1.0,10.0,4.0,30,1.096,3,0,1,0,0
15,2021,15,Suzuka International Racing Course,Japan,High,3,53,Dry,33.6,27.7,3,Esteban Ocon,OCO,Alpine,2,84,11,89.789,0.789,4.81738263874588,10,1,0,0,Finished,1,2.96,0,1.0,10.0,4.0,33,0.789,3,0,1,0,0
15,2021,15,Suzuka International Racing Course,Japan,High,3,53,Dry,33.6,27.7,3,Alexander Albon,ALB,Williams,3,86,12,90.436,1.436,5.051294850987759,11,0,0,0,Finished,1,2.43,0,0.0,13.25,0.0,36,1.436,3,0,1,0,0
15,2021,15,Suzuka International Racing Course,Japan,High,3,53,Dry,33.6,27.7,3,Lance Stroll,STR,Aston Martin,2,81,13,90.515,1.515,4.514481708010701,12,0,0,0,Finished,3,2.83,0,0.0,11.5,6.0,39,1.515,3,0,1,0,0
15,2021,15,Suzuka International Racing Course,Japan,High,3,53,Dry,33.6,27.7,3,Daniel Ricciardo,RIC,RB,3,84,14,90.799,1.799,4.749113199214321,13,0,0,0,Finished,2,2.83,0,0.0,14.0,0.0,42,1.799,3,0,1,0,0
15,2021,15,Suzuka International Racing Course,Japan,High,3,53,Dry,33.6,27.7,3,Yuki Tsunoda,TSU,RB,3,83,15,90.652,1.652,3.770410526184533,14,0,0,0,Finished,2,2.22,0,0.0,15.25,0.0,45,1.652,3,0,1,0,0
15,2021,15,Suzuka International Racing Course,Japan,High,3,53,Dry,33.6,27.7,3,Nico Hulkenberg,HUL,Haas,3,84,16,91.036,2.036,3.4908728661999184,15,0,0,0,Finished,1,2.47,0,0.0,14.75,0.0,48,2.036,3,0,1,0,0
15,2021,15,Suzuka International Racing Course,Japan,High,3,53,Dry,33.6,27.7,3,Kevin Magnussen,MAG,Haas,3,82,17,90.194,1.194,2.9743705614333646,16,0,0,0,Finished,1,3.14,0,0.0,16.75,0.0,51,1.194,3,0,1,0,0
15,2021,15,Suzuka International Racing Course,Japan,High,3,53,Dry,33.6,27.7,3,Valtteri Bottas,BOT,Kick Sauber,4,83,18,90.761,1.761,2.100164115163809,17,0,0,0,Finished,1,2.69,0,0.0,17.0,0.0,54,1.761,3,0,1,0,0
15,2021,15,Suzuka International Racing Course,Japan,High,3,53,Dry,33.6,27.7,3,Zhou Guanyu,ZHO,Kick Sauber,4,79,19,90.407,1.407,1.956883891750264,18,0,0,0,Finished,1,2.22,0,0.0,18.25,0.0,57,1.407,3,0,1,0,0
15,2021,15,Suzuka International Racing Course,Japan,High,3,53,Dry,33.6,27.7,3,Logan Sargeant,SAR,Williams,4,76,20,90.974,1.974,-0.3337809282779718,19,0,0,0,Finished,1,2.35,0,0.0,18.75,0.0,60,1.974,3,0,1,0,0
16,2021,16,Circuit of the Americas,USA,Medium,3,56,Dry,42.4,35.5,0,Lewis Hamilton,HAM,Mercedes,1,95,1,96.5,0.0,7.575871827535592,2,19,1,0,Finished,2,2.1,1,7.75,11.5,33.0,3,0.0,2,0,-1,1,1
16,2021,16,Circuit of the Americas,USA,Medium,3,56,Dry,42.4,35.5,0,Max Verstappen,VER,Red Bull Racing,1,97,2,96.586,0.086,7.976791729501096,1,25,1,1,Finished,1,3.27,0,25.0,1.0,66.0,6,0.086,2,0,1,1,1
16,2021,16,Circuit of the Americas,USA,Medium,3,56,Dry,42.4,35.5,0,Lando Norris,NOR,McLaren,1,93,3,96.777,0.277,7.434820769928072,3,16,1,0,Finished,1,2.59,1,13.5,3.5,39.0,9,0.277,2,0,0,0,1
16,2021,16,Circuit of the Americas,USA,Medium,3,56,Dry,42.4,35.5,0,Charles Leclerc,LEC,Ferrari,1,94,4,96.702,0.202,7.942167810950206,20,0,0,0,Hydraulics,1,3.8,0,18.25,2.0,55.0,12,0.202,2,0,-16,0,1
16,2021,16,Circuit of the Americas,USA,Medium,3,56,Dry,42.4,35.5,0,George Russell,RUS,Mercedes,1,91,5,97.003,0.503,7.503714662296432,4,12,0,0,Finished,1,2.27,0,9.0,5.5,37.0,15,0.503,2,0,1,0,1
16,2021,16,Circuit of the Americas,USA,Medium,3,56,Dry,42.4,35.5,0,Oscar Piastri,PIA,McLaren,1,90,6,96.935,0.435,6.638222832484612,6,8,0,0,Finished,1,2.14,0,5.5,7.25,43.0,18,0.435,2,0,0,0,0
16,2021,16,Circuit of the Americas,USA,Medium,3,56,Dry,42.4,35.5,0,Carlos Sainz,SAI,Ferrari,1,91,7,97.301,0.801,6.992279240815776,5,11,0,0,Finished,2,2.72,1,9.0,5.5,37.0,21,0.801,2,0,2,0,0
16,2021,16,Circuit of the Americas,USA,Medium,3,56,Dry,42.4,35.5,0,Sergio Perez,PER,Red Bull Racing,1,88,8,97.425,0.925,6.345034780382668,8,4,0,0,Finished,2,3.36,0,8.5,5.75,66.0,24,0.925,2,0,0,0,0
16,2021,16,Circuit of the Americas,USA,Medium,3,56,Dry,42.4,35.5,0,Fernando Alonso,ALO,Aston Martin,2,92,9,97.181,0.681,6.7835155802511,7,6,0,0,Finished,3,2.27,0,3.0,8.5,6.0,27,0.681,2,0,2,0,0
16,2021,16,Circuit of the Americas,USA,Medium,3,56,Dry,42.4,35.5,0,Pierre Gasly,GAS,Alpine,2,85,10,97.418,0.918,4.886083489097641,9,2,0,0,Finished,2,3.01,0,1.0,10.0,4.0,30,0.918,2,0,1,0,0
16,2021,16,Circuit of the Americas,USA,Medium,3,56,Dry,42.4,35.5,0,Esteban Ocon,OCO,Alpine,2,84,11,97.19,0.69,4.790211760149288,10,1,0,0,Finished,2,3.38,0,1.0,10.0,5.0,33,0.69,2,0,1,0,0
16,2021,16,Circuit of the Americas,USA,Medium,3,56,Dry,42.4,35.5,0,Lance Stroll,STR,Aston Martin,2,81,12,97.957,1.457,4.21654904115623,12,0,0,0,Finished,2,2.79,0,0.0,11.75,10.0,36,1.457,2,0,0,0,0
16,2021,16,Circuit of the Americas,USA,Medium,3,56,Dry,42.4,35.5,0,Daniel Ricciardo,RIC,RB,3,84,13,97.404,0.904,3.59704898615442,13,0,0,0,Finished,2,2.68,0,0.0,13.5,0.0,39,0.904,2,0,0,0,0
16,2021,16,Circuit of the Americas,USA,Medium,3,56,Dry,42.4,35.5,0,Alexander Albon,ALB,Williams,3,86,14,98.048,1.548,4.937183204292651,11,0,0,0,Finished,2,2.83,0,0.0,12.75,0.0,42,1.548,2,0,3,0,0
16,2021,16,Circuit of the Americas,USA,Medium,3,56,Dry,42.4,35.5,0,Yuki Tsunoda,TSU,RB,3,83,15,98.285,1.785,3.4403055084636205,14,0,0,0,Finished,1,2.26,0,0.0,15.25,0.0,45,1.785,2,0,1,0,0
16,2021,16,Circuit of the Americas,USA,Medium,3,56,Dry,42.4,35.5,0,Nico Hulkenberg,HUL,Haas,3,84,16,97.405,0.905,3.7555268205709327,15,0,0,0,Finished,1,2.44,0,0.0,15.5,0.0,48,0.905,2,0,1,0,0
16,2021,16,Circuit of the Americas,USA,Medium,3,56,Dry,42.4,35.5,0,Kevin Magnussen,MAG,Haas,3,82,17,97.674,1.174,3.742748791840937,16,0,0,0,Finished,1,2.84,0,0.0,16.75,0.0,51,1.174,2,0,1,0,0
16,2021,16,Circuit of the Americas,USA,Medium,3,56,Dry,42.4,35.5,0,Valtteri Bottas,BOT,Kick Sauber,4,83,18,98.01,1.51,2.5146871481539685,17,0,0,0,Finished,1,3.17,0,0.0,17.0,0.0,54,1.51,2,0,1,0,0
16,2021,16,Circuit of the Americas,USA,Medium,3,56,Dry,42.4,35.5,0,Zhou Guanyu,ZHO,Kick Sauber,4,79,19,98.679,2.179,2.2805799405629674,18,0,0,0,Finished,1,2.39,0,0.0,18.25,0.0,57,2.179,2,0,1,0,0
16,2021,16,Circuit of the Americas,USA,Medium,3,56,Dry,42.4,35.5,0,Logan Sargeant,SAR,Williams,4,76,20,97.994,1.494,1.3603438050251184,19,0,0,0,Finished,2,2.88,0,0.0,18.75,0.0,60,1.494,2,0,1,0,0
17,2021,17,Autódromo Hermanos Rodríguez,Mexico,High,3,71,Dry,32.6,25.2,11,Lewis Hamilton,HAM,Mercedes,1,95,1,78.0,0.0,8.077361410724906,2,18,1,0,Finished,2,3.14,0,8.5,11.25,41.0,3,0.0,3,0,-1,1,1
17,2021,17,Autódromo Hermanos Rodríguez,Mexico,High,3,71,Dry,32.6,25.2,11,Max Verstappen,VER,Red Bull Racing,1,97,2,78.123,0.123,8.557132793598473,1,25,1,1,Finished,1,3.23,0,25.0,1.0,66.0,6,0.123,3,0,1,1,1
17,2021,17,Autódromo Hermanos Rodríguez,Mexico,High,3,71,Dry,32.6,25.2,11,Lando Norris,NOR,McLaren,1,93,3,78.162,0.162,7.692444818981245,3,15,1,0,Finished,1,2.88,0,14.5,3.25,45.0,9,0.162,3,0,0,0,1
17,2021,17,Autódromo Hermanos Rodríguez,Mexico,High,3,71,Dry,32.6,25.2,11,Charles Leclerc,LEC,Ferrari,1,94,4,78.245,0.245,6.865161003099315,5,10,0,0,Finished,2,2.64,0,13.75,6.5,38.0,12,0.245,3,0,-1,0,1
17,2021,17,Autódromo Hermanos Rodríguez,Mexico,High,3,71,Dry,32.6,25.2,11,Oscar Piastri,PIA,McLaren,1,90,5,78.525,0.525,7.560850750059747,4,12,0,0,Finished,2,2.63,0,6.5,6.75,45.0,15,0.525,3,0,1,0,1
17,2021,17,Autódromo Hermanos Rodríguez,Mexico,High,3,71,Dry,32.6,25.2,11,Carlos Sainz,SAI,Ferrari,1,91,6,78.488,0.488,7.259914494603156,7,6,0,0,Finished,2,2.75,0,9.25,5.5,29.0,18,0.488,3,0,-1,0,0
17,2021,17,Autódromo Hermanos Rodríguez,Mexico,High,3,71,Dry,32.6,25.2,11,Sergio Perez,PER,Red Bull Racing,1,88,7,78.587,0.587,6.85626782569503,8,4,0,0,Finished,1,2.25,0,7.5,6.25,66.0,21,0.587,3,0,-1,0,0
17,2021,17,Autódromo Hermanos Rodríguez,Mexico,High,3,71,Dry,32.6,25.2,11,George Russell,RUS,Mercedes,1,91,8,78.686,0.686,7.935294393052395,6,8,0,0,Finished,2,3.25,0,10.5,4.75,59.0,24,0.686,3,0,2,0,0
17,2021,17,Autódromo Hermanos Rodríguez,Mexico,High,3,71,Dry,32.6,25.2,11,Fernando Alonso,ALO,Aston Martin,2,92,9,78.824,0.824,6.127664638833005,9,2,0,0,Finished,1,2.32,0,4.0,8.0,10.0,27,0.824,3,0,0,0,0
17,2021,17,Autódromo Hermanos Rodríguez,Mexico,High,3,71,Dry,32.6,25.2,11,Pierre Gasly,GAS,Alpine,2,85,10,78.873,0.873,5.25054624127411,10,1,0,0,Finished,2,3.06,0,1.5,9.5,6.0,30,0.873,3,0,0,0,0
17,2021,17,Autódromo Hermanos Rodríguez,Mexico,High,3,71,Dry,32.6,25.2,11,Lance Stroll,STR,Aston Martin,2,81,11,78.775,0.775,4.435030717755218,11,0,0,0,Finished,2,3.18,0,0.0,11.75,8.0,33,0.775,3,0,0,0,0
17,2021,17,Autódromo Hermanos Rodríguez,Mexico,High,3,71,Dry,32.6,25.2,11,Esteban Ocon,OCO,Alpine,2,84,12,79.379,1.379,4.574524641356775,12,0,0,0,Finished,3,3.17,0,1.0,10.0,5.0,36,1.379,3,0,0,0,0
17,2021,17,Autódromo Hermanos Rodríguez,Mexico,High,3,71,Dry,32.6,25.2,11,Alexander Albon,ALB,Williams,3,86,13,79.505,1.505,4.6360188242429405,13,0,0,0,Finished,2,2.79,0,0.0,12.0,0.0,39,1.505,3,0,0,0,0
17,2021,17,Autódromo Hermanos Rodríguez,Mexico,High,3,71,Dry,32.6,25.2,11,Yuki Tsunoda,TSU,RB,3,83,14,78.811,0.811,4.067699585685584,14,0,0,0,Finished,1,2.21,0,0.0,14.75,0.0,42,0.811,3,0,0,0,0
17,2021,17,Autódromo Hermanos Rodríguez,Mexico,High,3,71,Dry,32.6,25.2,11,Nico Hulkenberg,HUL,Haas,3,84,15,78.89,0.89,4.118636959086145,15,0,0,0,Finished,1,3.28,0,0.0,16.0,0.0,45,0.89,3,0,0,0,0
17,2021,17,Autódromo Hermanos Rodríguez,Mexico,High,3,71,Dry,32.6,25.2,11,Daniel Ricciardo,RIC,RB,3,84,16,79.368,1.368,3.5083568255830646,16,0,0,0,Finished,2,2.38,0,0.0,13.0,0.0,48,1.368,3,0,0,0,0
17,2021,17,Autódromo Hermanos Rodríguez,Mexico,High,3,71,Dry,32.6,25.2,11,Kevin Magnussen,MAG,Haas,3,82,17,80.089,2.089,2.7211653480771143,17,0,0,0,Finished,2,3.16,0,0.0,16.5,0.0,51,2.089,3,0,0,0,0
17,2021,17,Autódromo Hermanos Rodríguez,Mexico,High,3,71,Dry,32.6,25.2,11,Valtteri Bottas,BOT,Kick Sauber,4,83,18,79.424,1.424,2.7393698080548137,18,0,0,0,Finished,1,2.6,0,0.0,16.75,0.0,54,1.424,3,0,0,0,0
17,2021,17,Autódromo Hermanos Rodríguez,Mexico,High,3,71,Dry,32.6,25.2,11,Zhou Guanyu,ZHO,Kick Sauber,4,79,19,80.454,2.454,2.455357204886012,20,0,0,0,Collision,0,3.27,0,0.0,18.0,0.0,57,2.454,3,0,-1,0,0
17,2021,17,Autódromo Hermanos Rodríguez,Mexico,High,3,71,Dry,32.6,25.2,11,Logan Sargeant,SAR,Williams,4,76,20,80.231,2.231,1.4595776669948417,19,0,0,0,Finished,2,2.63,0,0.0,18.5,0.0,60,2.231,3,0,1,0,0
18,2021,18,Autódromo José Carlos Pace,Brazil,Medium,2,71,Dry,38.6,32.0,1,Max Verstappen,VER,Red Bull Racing,1,97,1,71.5,0.0,9.434999331832213,1,26,1,1,Finished,2,3.28,1,25.0,1.0,58.0,2,0.0,2,0,0,1,1
18,2021,18,Autódromo José Carlos Pace,Brazil,Medium,2,71,Dry,38.6,32.0,1,Charles Leclerc,LEC,Ferrari,1,94,2,71.573,0.073,8.601877610290249,2,18,1,0,Finished,2,2.88,0,11.75,7.25,27.0,4,0.073,2,0,0,1,1
18,2021,18,Autódromo José Carlos Pace,Brazil,Medium,2,71,Dry,38.6,32.0,1,Lando Norris,NOR,McLaren,1,93,3,71.657,0.157,7.670387391307854,3,15,1,0,Finished,2,2.15,0,14.5,3.25,51.0,6,0.157,2,0,0,0,1
18,2021,18,Autódromo José Carlos Pace,Brazil,Medium,2,71,Dry,38.6,32.0,1,Lewis Hamilton,HAM,Mercedes,1,95,4,71.704,0.204,7.804568758175648,4,12,0,0,Finished,2,2.18,0,13.0,6.75,57.0,8,0.204,2,0,0,0,1
18,2021,18,Autódromo José Carlos Pace,Brazil,Medium,2,71,Dry,38.6,32.0,1,Carlos Sainz,SAI,Ferrari,1,91,5,72.036,0.536,6.467673973941224,6,8,0,0,Finished,3,2.77,0,8.75,5.75,45.0,10,0.536,2,0,-1,0,1
18,2021,18,Autódromo José Carlos Pace,Brazil,Medium,2,71,Dry,38.6,32.0,1,Oscar Piastri,PIA,McLaren,1,90,6,71.859,0.359,6.59579271509298,7,6,0,0,Finished,1,3.08,0,8.0,6.0,50.0,12,0.359,2,0,-1,0,0
18,2021,18,Autódromo José Carlos Pace,Brazil,Medium,2,71,Dry,38.6,32.0,1,George Russell,RUS,Mercedes,1,91,7,71.922,0.422,7.031853572513345,5,10,0,0,Finished,2,2.14,0,9.5,5.25,50.0,14,0.422,2,0,2,0,0
18,2021,18,Autódromo José Carlos Pace,Brazil,Medium,2,71,Dry,38.6,32.0,1,Sergio Perez,PER,Red Bull Racing,1,88,8,72.185,0.685,6.730286176973166,8,4,0,0,Finished,2,2.49,0,6.0,7.0,59.0,16,0.685,2,0,0,0,0
18,2021,18,Autódromo José Carlos Pace,Brazil,Medium,2,71,Dry,38.6,32.0,1,Fernando Alonso,ALO,Aston Martin,2,92,9,72.617,1.117,5.596359061096302,10,1,0,0,Finished,2,2.67,0,3.5,8.25,8.0,18,1.117,2,0,-1,0,0
18,2021,18,Autódromo José Carlos Pace,Brazil,Medium,2,71,Dry,38.6,32.0,1,Pierre Gasly,GAS,Alpine,2,85,10,72.149,0.649,5.085790577349671,20,0,0,0,Hydraulics,0,2.45,0,1.25,9.75,4.0,20,0.649,2,0,-10,0,0
18,2021,18,Autódromo José Carlos Pace,Brazil,Medium,2,71,Dry,38.6,32.0,1,Esteban Ocon,OCO,Alpine,2,84,11,72.877,1.377,6.186757057876132,9,2,0,0,Finished,2,2.78,0,0.75,10.5,2.0,22,1.377,2,0,2,0,0
18,2021,18,Autódromo José Carlos Pace,Brazil,Medium,2,71,Dry,38.6,32.0,1,Lance Stroll,STR,Aston Martin,2,81,12,72.377,0.877,3.6825465475229553,13,0,0,0,Finished,2,2.69,0,0.0,11.75,3.0,24,0.877,2,0,-1,0,0
18,2021,18,Autódromo José Carlos Pace,Brazil,Medium,2,71,Dry,38.6,32.0,1,Alexander Albon,ALB,Williams,3,86,13,72.562,1.062,4.423563073492183,11,0,0,0,Finished,2,3.29,0,0.0,12.0,0.0,26,1.062,2,0,2,0,0
18,2021,18,Autódromo José Carlos Pace,Brazil,Medium,2,71,Dry,38.6,32.0,1,Daniel Ricciardo,RIC,RB,3,84,14,72.808,1.308,4.4741981017373895,12,0,0,0,Finished,1,3.04,0,0.0,14.0,0.0,28,1.308,2,0,2,0,0
18,2021,18,Autódromo José Carlos Pace,Brazil,Medium,2,71,Dry,38.6,32.0,1,Nico Hulkenberg,HUL,Haas,3,84,15,72.603,1.103,3.7660184108806543,14,0,0,0,Finished,1,2.88,0,0.0,15.0,0.0,30,1.103,2,0,1,0,0
18,2021,18,Autódromo José Carlos Pace,Brazil,Medium,2,71,Dry,38.6,32.0,1,Kevin Magnussen,MAG,Haas,3,82,16,73.1,1.6,3.847689083198936,15,0,0,0,Finished,2,3.15,0,0.0,16.25,0.0,32,1.6,2,0,1,0,0
18,2021,18,Autódromo José Carlos Pace,Brazil,Medium,2,71,Dry,38.6,32.0,1,Yuki Tsunoda,TSU,RB,3,83,17,72.653,1.153,2.923772384647929,16,0,0,0,Finished,2,3.39,0,0.0,14.75,0.0,34,1.153,2,0,1,0,0
18,2021,18,Autódromo José Carlos Pace,Brazil,Medium,2,71,Dry,38.6,32.0,1,Valtteri Bottas,BOT,Kick Sauber,4,83,18,73.519,2.019,2.7715671971880544,17,0,0,0,Finished,1,2.1,0,0.0,17.5,0.0,36,2.019,2,0,1,0,0
18,2021,18,Autódromo José Carlos Pace,Brazil,Medium,2,71,Dry,38.6,32.0,1,Zhou Guanyu,ZHO,Kick Sauber,4,79,19,73.049,1.549,1.7589678179341208,19,0,0,0,Finished,1,2.51,0,0.0,18.75,0.0,38,1.549,2,0,0,0,0
18,2021,18,Autódromo José Carlos Pace,Brazil,Medium,2,71,Dry,38.6,32.0,1,Logan Sargeant,SAR,Williams,4,76,20,72.865,1.365,2.2527802434564848,18,0,0,0,Finished,2,2.49,0,0.0,19.25,0.0,40,1.365,2,0,2,0,0
19,2021,19,Las Vegas Strip Circuit,USA,Low,2,50,Mixed,19.8,9.6,3,Max Verstappen,VER,Red Bull Racing,1,97,1,94.0,0.0,9.222222586610624,1,26,1,1,Finished,2,3.32,1,25.25,1.0,59.0,2,0.0,1,1,0,1,1
19,2021,19,Las Vegas Strip Circuit,USA,Low,2,50,Mixed,19.8,9.6,3,Lewis Hamilton,HAM,Mercedes,1,95,2,94.116,0.116,8.528666317031167,20,0,0,0,Collision,1,3.77,0,12.25,7.0,48.0,4,0.116,1,1,-18,1,1
19,2021,19,Las Vegas Strip Circuit,USA,Low,2,50,Mixed,19.8,9.6,3,Charles Leclerc,LEC,Ferrari,1,94,3,94.136,0.136,8.267676502264711,2,19,1,0,Finished,4,3.17,1,11.75,7.25,42.0,6,0.136,1,1,1,0,1
19,2021,19,Las Vegas Strip Circuit,USA,Low,2,50,Mixed,19.8,9.6,3,Lando Norris,NOR,McLaren,1,93,4,94.382,0.382,8.259440800923974,3,15,1,0,Finished,3,3.23,0,15.25,3.0,48.0,8,0.382,1,1,1,0,1
19,2021,19,Las Vegas Strip Circuit,USA,Low,2,50,Mixed,19.8,9.6,3,Carlos Sainz,SAI,Ferrari,1,91,5,94.393,0.393,7.712038577776191,4,12,0,0,Finished,3,3.33,0,8.25,6.0,51.0,10,0.393,1,1,1,0,1
19,2021,19,Las Vegas Strip Circuit,USA,Low,2,50,Mixed,19.8,9.6,3,Sergio Perez,PER,Red Bull Racing,1,88,6,94.384,0.384,6.845167517185275,5,10,0,0,Finished,2,3.32,0,6.0,7.0,60.0,12,0.384,1,1,1,0,0
19,2021,19,Las Vegas Strip Circuit,USA,Low,2,50,Mixed,19.8,9.6,3,Oscar Piastri,PIA,McLaren,1,90,7,94.553,0.553,6.810624976441636,6,8,0,0,Finished,2,2.15,0,8.0,6.0,48.0,14,0.553,1,1,1,0,0
19,2021,19,Las Vegas Strip Circuit,USA,Low,2,50,Mixed,19.8,9.6,3,George Russell,RUS,Mercedes,1,91,8,94.432,0.432,6.947943494119828,7,6,0,0,Finished,3,3.31,0,10.0,5.0,30.0,16,0.432,1,1,1,0,0
19,2021,19,Las Vegas Strip Circuit,USA,Low,2,50,Mixed,19.8,9.6,3,Fernando Alonso,ALO,Aston Martin,2,92,9,95.019,1.019,5.579554185091455,19,0,0,0,Collision,1,3.28,0,3.25,8.5,3.0,18,1.019,1,1,-10,0,0
19,2021,19,Las Vegas Strip Circuit,USA,Low,2,50,Mixed,19.8,9.6,3,Esteban Ocon,OCO,Alpine,2,84,10,94.695,0.695,5.131555393225639,8,4,0,0,Finished,3,2.98,0,1.0,10.25,3.0,20,0.695,1,1,2,0,0
19,2021,19,Las Vegas Strip Circuit,USA,Low,2,50,Mixed,19.8,9.6,3,Pierre Gasly,GAS,Alpine,2,85,11,95.208,1.208,5.264487173922055,9,2,0,0,Finished,2,2.43,0,1.25,12.0,6.0,22,1.208,1,1,2,0,0
19,2021,19,Las Vegas Strip Circuit,USA,Low,2,50,Mixed,19.8,9.6,3,Lance Stroll,STR,Aston Martin,2,81,12,95.059,1.059,4.021678590678548,12,0,0,0,Finished,3,3.33,0,0.0,12.0,1.0,24,1.059,1,1,0,0,0
19,2021,19,Las Vegas Strip Circuit,USA,Low,2,50,Mixed,19.8,9.6,3,Alexander Albon,ALB,Williams,3,86,13,95.252,1.252,4.425066125779741,11,0,0,0,Finished,2,2.27,0,0.0,11.5,0.0,26,1.252,1,1,2,0,0
19,2021,19,Las Vegas Strip Circuit,USA,Low,2,50,Mixed,19.8,9.6,3,Nico Hulkenberg,HUL,Haas,3,84,14,95.024,1.024,4.953593775125035,10,1,0,0,Finished,3,2.34,0,0.0,14.75,0.0,28,1.024,1,1,4,0,0
19,2021,19,Las Vegas Strip Circuit,USA,Low,2,50,Mixed,19.8,9.6,3,Daniel Ricciardo,RIC,RB,3,84,15,95.165,1.165,3.4287040907082296,14,0,0,0,Finished,3,3.4,0,0.0,13.5,0.0,30,1.165,1,1,1,0,0
19,2021,19,Las Vegas Strip Circuit,USA,Low,2,50,Mixed,19.8,9.6,3,Yuki Tsunoda,TSU,RB,3,83,16,95.765,1.765,3.826033039289003,13,0,0,0,Finished,2,2.72,0,0.0,14.5,0.0,32,1.765,1,1,3,0,0
19,2021,19,Las Vegas Strip Circuit,USA,Low,2,50,Mixed,19.8,9.6,3,Kevin Magnussen,MAG,Haas,3,82,17,95.163,1.163,2.9929391444391085,15,0,0,0,Finished,2,2.75,0,0.0,16.0,1.0,34,1.163,1,1,2,0,0
19,2021,19,Las Vegas Strip Circuit,USA,Low,2,50,Mixed,19.8,9.6,3,Valtteri Bottas,BOT,Kick Sauber,4,83,18,95.16,1.16,2.692649466025121,16,0,0,0,Finished,2,3.23,0,0.0,17.25,0.0,36,1.16,1,1,2,0,0
19,2021,19,Las Vegas Strip Circuit,USA,Low,2,50,Mixed,19.8,9.6,3,Zhou Guanyu,ZHO,Kick Sauber,4,79,19,96.208,2.208,1.9138844309434395,18,0,0,0,Finished,3,3.1,0,0.0,18.75,0.0,38,2.208,1,1,1,0,0
19,2021,19,Las Vegas Strip Circuit,USA,Low,2,50,Mixed,19.8,9.6,3,Logan Sargeant,SAR,Williams,4,76,20,96.027,2.027,2.272560005171456,17,0,0,0,Finished,3,2.24,0,0.0,18.75,0.0,40,2.027,1,1,3,0,0
20,2021,20,Yas Marina Circuit,Abu Dhabi,Medium,3,58,Dry,41.6,34.0,5,Max Verstappen,VER,Red Bull Racing,1,97,1,84.5,0.0,8.74209714798252,1,25,1,1,Finished,1,2.94,0,25.5,1.0,66.0,3,0.0,2,0,0,1,1
20,2021,20,Yas Marina Circuit,Abu Dhabi,Medium,3,58,Dry,41.6,34.0,5,Lewis Hamilton,HAM,Mercedes,1,95,2,84.618,0.118,8.103334226100845,3,15,1,0,Finished,2,2.18,0,12.25,7.0,28.0,6,0.118,2,0,-1,1,1
20,2021,20,Yas Marina Circuit,Abu Dhabi,Medium,3,58,Dry,41.6,34.0,5,Charles Leclerc,LEC,Ferrari,1,94,3,84.627,0.127,8.550295662406501,2,18,1,0,Finished,3,2.54,0,11.75,7.25,57.0,9,0.127,2,0,1,0,1
20,2021,20,Yas Marina Circuit,Abu Dhabi,Medium,3,58,Dry,41.6,34.0,5,Lando Norris,NOR,McLaren,1,93,4,84.744,0.244,7.529046971195702,4,12,0,0,Finished,2,3.31,0,15.25,3.0,44.0,12,0.244,2,0,0,0,1
20,2021,20,Yas Marina Circuit,Abu Dhabi,Medium,3,58,Dry,41.6,34.0,5,George Russell,RUS,Mercedes,1,91,5,84.782,0.282,7.361846737617386,5,10,0,0,Finished,1,2.16,0,9.0,5.5,31.0,15,0.282,2,0,0,0,1
20,2021,20,Yas Marina Circuit,Abu Dhabi,Medium,3,58,Dry,41.6,34.0,5,Carlos Sainz,SAI,Ferrari,1,91,6,84.953,0.453,7.675301765078158,6,8,0,0,Finished,1,3.09,0,9.25,5.5,57.0,18,0.453,2,0,0,0,0
20,2021,20,Yas Marina Circuit,Abu Dhabi,Medium,3,58,Dry,41.6,34.0,5,Oscar Piastri,PIA,McLaren,1,90,7,84.947,0.447,6.299441774263613,8,4,0,0,Finished,3,2.91,0,8.5,5.75,41.0,21,0.447,2,0,-1,0,0
20,2021,20,Yas Marina Circuit,Abu Dhabi,Medium,3,58,Dry,41.6,34.0,5,Fernando Alonso,ALO,Aston Martin,2,92,8,85.334,0.834,6.507478952127479,9,2,0,0,Finished,2,3.09,0,2.25,11.25,1.0,24,0.834,2,0,-1,0,0
20,2021,20,Yas Marina Circuit,Abu Dhabi,Medium,3,58,Dry,41.6,34.0,5,Sergio Perez,PER,Red Bull Racing,1,88,9,85.391,0.891,7.512162604627252,7,6,0,0,Finished,1,3.33,0,5.5,7.25,65.0,27,0.891,2,0,2,0,0
20,2021,20,Yas Marina Circuit,Abu Dhabi,Medium,3,58,Dry,41.6,34.0,5,Pierre Gasly,GAS,Alpine,2,85,10,85.435,0.935,6.189897416653438,10,1,0,0,Finished,2,2.33,0,1.25,12.0,8.0,30,0.935,2,0,0,0,0
20,2021,20,Yas Marina Circuit,Abu Dhabi,Medium,3,58,Dry,41.6,34.0,5,Esteban Ocon,OCO,Alpine,2,84,11,85.64,1.14,5.658032524386816,11,0,0,0,Finished,2,2.83,0,1.75,9.75,9.0,33,1.14,2,0,0,0,0
20,2021,20,Yas Marina Circuit,Abu Dhabi,Medium,3,58,Dry,41.6,34.0,5,Lance Stroll,STR,Aston Martin,2,81,12,85.416,0.916,4.340111793717711,12,0,0,0,Finished,2,2.73,0,0.0,12.0,2.0,36,0.916,2,0,0,0,0
20,2021,20,Yas Marina Circuit,Abu Dhabi,Medium,3,58,Dry,41.6,34.0,5,Alexander Albon,ALB,Williams,3,86,13,85.366,0.866,4.313848639763607,13,0,0,0,Finished,2,2.98,0,0.0,11.5,0.0,39,0.866,2,0,0,0,0
20,2021,20,Yas Marina Circuit,Abu Dhabi,Medium,3,58,Dry,41.6,34.0,5,Yuki Tsunoda,TSU,RB,3,83,14,85.907,1.407,4.231500483603215,14,0,0,0,Finished,1,3.39,0,0.0,14.25,0.0,42,1.407,2,0,0,0,0
20,2021,20,Yas Marina Circuit,Abu Dhabi,Medium,3,58,Dry,41.6,34.0,5,Daniel Ricciardo,RIC,RB,3,84,15,85.407,0.907,4.25246932316966,15,0,0,0,Finished,2,2.61,0,0.0,13.75,0.0,45,0.907,2,0,0,0,0
20,2021,20,Yas Marina Circuit,Abu Dhabi,Medium,3,58,Dry,41.6,34.0,5,Nico Hulkenberg,HUL,Haas,3,84,16,85.687,1.187,4.455814705155122,16,0,0,0,Finished,2,2.24,0,0.25,13.5,1.0,48,1.187,2,0,0,0,0
20,2021,20,Yas Marina Circuit,Abu Dhabi,Medium,3,58,Dry,41.6,34.0,5,Kevin Magnussen,MAG,Haas,3,82,17,86.293,1.793,3.921873082860673,17,0,0,0,Finished,2,2.75,0,0.0,15.75,1.0,51,1.793,2,0,0,0,0
20,2021,20,Yas Marina Circuit,Abu Dhabi,Medium,3,58,Dry,41.6,34.0,5,Valtteri Bottas,BOT,Kick Sauber,4,83,18,85.799,1.299,3.320037567990896,18,0,0,0,Finished,1,3.34,0,0.0,17.0,0.0,54,1.299,2,0,0,0,0
20,2021,20,Yas Marina Circuit,Abu Dhabi,Medium,3,58,Dry,41.6,34.0,5,Zhou Guanyu,ZHO,Kick Sauber,4,79,19,86.472,1.972,1.4227836409144874,19,0,0,0,Finished,2,2.38,0,0.0,18.75,0.0,57,1.972,2,0,0,0,0
20,2021,20,Yas Marina Circuit,Abu Dhabi,Medium,3,58,Dry,41.6,34.0,5,Logan Sargeant,SAR,Williams,4,76,20,86.441,1.941,1.0947416484854782,20,0,0,0,Finished,2,3.3,0,0.0,18.25,0.0,60,1.941,2,0,0,0,0
21,2022,1,Bahrain International Circuit,Bahrain,Medium,2,57,Dry,29.9,24.8,0,Max Verstappen,VER,Red Bull Racing,1,97,1,91.5,0.0,8.403889538105922,2,18,1,0,Finished,3,2.61,0,0.0,10.0,0.0,2,0.0,2,0,-1,1,1
21,2022,1,Bahrain International Circuit,Bahrain,Medium,2,57,Dry,29.9,24.8,0,Lewis Hamilton,HAM,Mercedes,1,95,2,91.58,0.08,7.507288795795535,3,16,1,0,Finished,2,2.87,1,0.0,10.0,0.0,4,0.08,2,0,-1,1,1
21,2022,1,Bahrain International Circuit,Bahrain,Medium,2,57,Dry,29.9,24.8,0,Charles Leclerc,LEC,Ferrari,1,94,3,91.684,0.184,9.6503203065556,1,25,1,1,Finished,2,2.16,0,0.0,10.0,0.0,6,0.184,2,0,2,0,1
21,2022,1,Bahrain International Circuit,Bahrain,Medium,2,57,Dry,29.9,24.8,0,George Russell,RUS,Mercedes,1,91,4,91.833,0.333,6.741127213247998,5,10,0,0,Finished,1,2.11,0,0.0,10.0,16.0,8,0.333,2,0,-1,0,1
21,2022,1,Bahrain International Circuit,Bahrain,Medium,2,57,Dry,29.9,24.8,0,Lando Norris,NOR,McLaren,1,93,5,91.75,0.25,7.340584174679929,4,13,0,0,Finished,1,3.04,1,0.0,10.0,0.0,10,0.25,2,0,1,0,1
21,2022,1,Bahrain International Circuit,Bahrain,Medium,2,57,Dry,29.9,24.8,0,Carlos Sainz,SAI,Ferrari,1,91,6,92.049,0.549,6.949787127885515,7,6,0,0,Finished,1,2.5,0,0.0,10.0,25.0,12,0.549,2,0,-1,0,0
21,2022,1,Bahrain International Circuit,Bahrain,Medium,2,57,Dry,29.9,24.8,0,Oscar Piastri,PIA,McLaren,1,90,7,92.045,0.545,6.268368652140551,8,4,0,0,Finished,2,2.93,0,0.0,10.0,13.0,14,0.545,2,0,-1,0,0
21,2022,1,Bahrain International Circuit,Bahrain,Medium,2,57,Dry,29.9,24.8,0,Sergio Perez,PER,Red Bull Racing,1,88,8,92.425,0.925,7.608492570013108,6,8,0,0,Finished,2,2.17,0,0.0,10.0,18.0,16,0.925,2,0,2,0,0
21,2022,1,Bahrain International Circuit,Bahrain,Medium,2,57,Dry,29.9,24.8,0,Fernando Alonso,ALO,Aston Martin,2,92,9,92.604,1.104,6.003454218236536,9,2,0,0,Finished,1,3.09,0,0.0,10.0,0.0,18,1.104,2,0,0,0,0
21,2022,1,Bahrain International Circuit,Bahrain,Medium,2,57,Dry,29.9,24.8,0,Pierre Gasly,GAS,Alpine,2,85,10,92.147,0.647,5.230164957568312,11,0,0,0,Finished,2,2.43,0,0.0,10.0,0.0,20,0.647,2,0,-1,0,0
21,2022,1,Bahrain International Circuit,Bahrain,Medium,2,57,Dry,29.9,24.8,0,Esteban Ocon,OCO,Alpine,2,84,11,92.28,0.78,5.5595138293199335,10,1,0,0,Finished,2,3.26,0,0.0,10.0,0.0,22,0.78,2,0,1,0,0
21,2022,1,Bahrain International Circuit,Bahrain,Medium,2,57,Dry,29.9,24.8,0,Lance Stroll,STR,Aston Martin,2,81,12,92.536,1.036,4.3680901206307805,12,0,0,0,Finished,1,2.26,0,0.0,10.0,2.0,24,1.036,2,0,0,0,0
21,2022,1,Bahrain International Circuit,Bahrain,Medium,2,57,Dry,29.9,24.8,0,Alexander Albon,ALB,Williams,3,86,13,93.026,1.526,4.367456608709382,13,0,0,0,Finished,1,3.4,0,0.0,10.0,0.0,26,1.526,2,0,0,0,0
21,2022,1,Bahrain International Circuit,Bahrain,Medium,2,57,Dry,29.9,24.8,0,Nico Hulkenberg,HUL,Haas,3,84,14,93.16,1.66,3.542643097677466,14,0,0,0,Finished,1,2.39,0,0.0,10.0,0.0,28,1.66,2,0,0,0,0
21,2022,1,Bahrain International Circuit,Bahrain,Medium,2,57,Dry,29.9,24.8,0,Daniel Ricciardo,RIC,RB,3,84,15,93.195,1.695,3.2336994336527085,16,0,0,0,Finished,1,2.59,0,0.0,10.0,0.0,30,1.695,2,0,-1,0,0
21,2022,1,Bahrain International Circuit,Bahrain,Medium,2,57,Dry,29.9,24.8,0,Yuki Tsunoda,TSU,RB,3,83,16,92.755,1.255,3.685960410328721,15,0,0,0,Finished,2,2.81,0,0.0,10.0,0.0,32,1.255,2,0,1,0,0
21,2022,1,Bahrain International Circuit,Bahrain,Medium,2,57,Dry,29.9,24.8,0,Kevin Magnussen,MAG,Haas,3,82,17,92.502,1.002,2.9614339088004504,18,0,0,0,Finished,1,2.45,0,0.0,10.0,0.0,34,1.002,2,0,-1,0,0
21,2022,1,Bahrain International Circuit,Bahrain,Medium,2,57,Dry,29.9,24.8,0,Valtteri Bottas,BOT,Kick Sauber,4,83,18,93.716,2.216,3.217650914891684,17,0,0,0,Finished,1,3.08,0,0.0,10.0,0.0,36,2.216,2,0,1,0,0
21,2022,1,Bahrain International Circuit,Bahrain,Medium,2,57,Dry,29.9,24.8,0,Zhou Guanyu,ZHO,Kick Sauber,4,79,19,92.717,1.217,2.428262190368029,19,0,0,0,Finished,2,2.45,0,0.0,10.0,0.0,38,1.217,2,0,0,0,0
21,2022,1,Bahrain International Circuit,Bahrain,Medium,2,57,Dry,29.9,24.8,0,Logan Sargeant,SAR,Williams,4,76,20,93.894,2.394,1.1860218066357882,20,0,0,0,Finished,2,2.73,0,0.0,10.0,0.0,40,2.394,2,0,0,0,0
22,2022,2,Jeddah Corniche Circuit,Saudi Arabia,Low,3,50,Dry,46.8,37.4,0,Max Verstappen,VER,Red Bull Racing,1,97,1,88.0,0.0,7.490622853241288,2,18,1,0,Finished,3,2.23,0,18.0,2.0,26.0,3,0.0,1,0,-1,1,1
22,2022,2,Jeddah Corniche Circuit,Saudi Arabia,Low,3,50,Dry,46.8,37.4,0,Lewis Hamilton,HAM,Mercedes,1,95,2,88.061,0.061,8.065779598164442,1,25,1,1,Finished,2,2.11,0,16.0,3.0,26.0,6,0.061,1,0,1,1,1
22,2022,2,Jeddah Corniche Circuit,Saudi Arabia,Low,3,50,Dry,46.8,37.4,0,Lando Norris,NOR,McLaren,1,93,3,88.14,0.14,7.946335873712861,3,16,1,0,Finished,3,2.82,1,13.0,4.0,17.0,9,0.14,1,0,0,0,1
22,2022,2,Jeddah Corniche Circuit,Saudi Arabia,Low,3,50,Dry,46.8,37.4,0,Charles Leclerc,LEC,Ferrari,1,94,4,88.203,0.203,8.136262926191732,4,12,0,0,Finished,2,2.37,0,25.0,1.0,31.0,12,0.203,1,0,0,0,1
22,2022,2,Jeddah Corniche Circuit,Saudi Arabia,Low,3,50,Dry,46.8,37.4,0,Carlos Sainz,SAI,Ferrari,1,91,5,88.4,0.4,7.519943915748227,6,8,0,0,Finished,2,2.92,0,6.0,7.0,43.0,15,0.4,1,0,-1,0,1
22,2022,2,Jeddah Corniche Circuit,Saudi Arabia,Low,3,50,Dry,46.8,37.4,0,George Russell,RUS,Mercedes,1,91,6,88.472,0.472,8.09805750147168,5,10,0,0,Finished,1,2.89,0,10.0,5.0,51.0,18,0.472,1,0,1,0,0
22,2022,2,Jeddah Corniche Circuit,Saudi Arabia,Low,3,50,Dry,46.8,37.4,0,Oscar Piastri,PIA,McLaren,1,90,7,88.591,0.591,7.226026626985744,7,6,0,0,Finished,2,3.0,0,4.0,8.0,33.0,21,0.591,1,0,0,0,0
22,2022,2,Jeddah Corniche Circuit,Saudi Arabia,Low,3,50,Dry,46.8,37.4,0,Sergio Perez,PER,Red Bull Racing,1,88,8,88.799,0.799,6.570107833012632,8,4,0,0,Finished,1,2.87,0,8.0,6.0,44.0,24,0.799,1,0,0,0,0
22,2022,2,Jeddah Corniche Circuit,Saudi Arabia,Low,3,50,Dry,46.8,37.4,0,Fernando Alonso,ALO,Aston Martin,2,92,9,88.683,0.683,6.180370863983593,9,2,0,0,Finished,1,3.3,0,2.0,9.0,2.0,27,0.683,1,0,0,0,0
22,2022,2,Jeddah Corniche Circuit,Saudi Arabia,Low,3,50,Dry,46.8,37.4,0,Pierre Gasly,GAS,Alpine,2,85,10,88.765,0.765,5.660007278494625,10,1,0,0,Finished,1,2.66,0,0.0,11.0,1.0,30,0.765,1,0,0,0,0
22,2022,2,Jeddah Corniche Circuit,Saudi Arabia,Low,3,50,Dry,46.8,37.4,0,Esteban Ocon,OCO,Alpine,2,84,11,89.281,1.281,4.880085576922392,11,0,0,0,Finished,2,2.7,0,1.0,10.0,2.0,33,1.281,1,0,0,0,0
22,2022,2,Jeddah Corniche Circuit,Saudi Arabia,Low,3,50,Dry,46.8,37.4,0,Lance Stroll,STR,Aston Martin,2,81,12,88.803,0.803,4.745196497336583,12,0,0,0,Finished,1,2.82,0,0.0,12.0,4.0,36,0.803,1,0,0,0,0
22,2022,2,Jeddah Corniche Circuit,Saudi Arabia,Low,3,50,Dry,46.8,37.4,0,Alexander Albon,ALB,Williams,3,86,13,88.739,0.739,3.3610860168633567,13,0,0,0,Finished,2,3.01,0,0.0,13.0,0.0,39,0.739,1,0,0,0,0
22,2022,2,Jeddah Corniche Circuit,Saudi Arabia,Low,3,50,Dry,46.8,37.4,0,Daniel Ricciardo,RIC,RB,3,84,14,89.752,1.752,3.677821869579264,14,0,0,0,Finished,1,2.83,0,0.0,16.0,0.0,42,1.752,1,0,0,0,0
22,2022,2,Jeddah Corniche Circuit,Saudi Arabia,Low,3,50,Dry,46.8,37.4,0,Yuki Tsunoda,TSU,RB,3,83,15,89.823,1.823,3.0991050409150733,16,0,0,0,Finished,2,2.78,0,0.0,15.0,0.0,45,1.823,1,0,-1,0,0
22,2022,2,Jeddah Corniche Circuit,Saudi Arabia,Low,3,50,Dry,46.8,37.4,0,Nico Hulkenberg,HUL,Haas,3,84,16,89.001,1.001,3.969178928329298,15,0,0,0,Finished,2,2.97,0,0.0,14.0,0.0,48,1.001,1,0,1,0,0
22,2022,2,Jeddah Corniche Circuit,Saudi Arabia,Low,3,50,Dry,46.8,37.4,0,Kevin Magnussen,MAG,Haas,3,82,17,89.827,1.827,3.39025104838956,17,0,0,0,Finished,1,2.1,0,0.0,18.0,0.0,51,1.827,1,0,0,0,0
22,2022,2,Jeddah Corniche Circuit,Saudi Arabia,Low,3,50,Dry,46.8,37.4,0,Valtteri Bottas,BOT,Kick Sauber,4,83,18,90.018,2.018,2.878596193993198,18,0,0,0,Finished,1,2.25,0,0.0,17.0,0.0,54,2.018,1,0,0,0,0
22,2022,2,Jeddah Corniche Circuit,Saudi Arabia,Low,3,50,Dry,46.8,37.4,0,Logan Sargeant,SAR,Williams,4,76,19,90.205,2.205,1.6577142575400736,20,0,0,0,Finished,1,3.32,0,0.0,20.0,0.0,57,2.205,1,0,-1,0,0
22,2022,2,Jeddah Corniche Circuit,Saudi Arabia,Low,3,50,Dry,46.8,37.4,0,Zhou Guanyu,ZHO,Kick Sauber,4,79,20,89.634,1.634,1.993244358674152,19,0,0,0,Finished,1,2.9,0,0.0,19.0,0.0,60,1.634,1,0,1,0,0
23,2022,3,Albert Park Circuit,Australia,Medium,3,58,Dry,42.8,33.4,1,Max Verstappen,VER,Red Bull Racing,1,97,1,78.5,0.0,8.406050962620904,1,25,1,1,Finished,2,3.17,0,18.0,2.0,48.0,3,0.0,2,0,0,1,1
23,2022,3,Albert Park Circuit,Australia,Medium,3,58,Dry,42.8,33.4,1,Charles Leclerc,LEC,Ferrari,1,94,2,78.616,0.116,7.222840317274193,2,18,1,0,Finished,2,2.11,0,18.5,2.5,51.0,6,0.116,2,0,0,1,1
23,2022,3,Albert Park Circuit,Australia,Medium,3,58,Dry,42.8,33.4,1,Lewis Hamilton,HAM,Mercedes,1,95,3,78.725,0.225,7.378147560004183,3,15,1,0,Finished,1,2.82,0,20.5,2.0,61.0,9,0.225,2,0,0,0,1
23,2022,3,Albert Park Circuit,Australia,Medium,3,58,Dry,42.8,33.4,1,Lando Norris,NOR,McLaren,1,93,4,78.823,0.323,6.723095597771728,5,10,0,0,Finished,2,2.38,0,14.5,3.5,39.0,12,0.323,2,0,-1,0,1
23,2022,3,Albert Park Circuit,Australia,Medium,3,58,Dry,42.8,33.4,1,George Russell,RUS,Mercedes,1,91,5,78.859,0.359,7.78523204518687,4,12,0,0,Finished,2,2.2,0,10.0,5.0,60.0,15,0.359,2,0,1,0,1
23,2022,3,Albert Park Circuit,Australia,Medium,3,58,Dry,42.8,33.4,1,Carlos Sainz,SAI,Ferrari,1,91,6,78.997,0.497,7.145311112104845,6,8,0,0,Finished,2,2.92,0,7.0,6.5,44.0,18,0.497,2,0,0,0,0
23,2022,3,Albert Park Circuit,Australia,Medium,3,58,Dry,42.8,33.4,1,Oscar Piastri,PIA,McLaren,1,90,7,79.238,0.738,7.430474142104571,7,6,0,0,Finished,1,2.45,0,5.0,7.5,36.0,21,0.738,2,0,0,0,0
23,2022,3,Albert Park Circuit,Australia,Medium,3,58,Dry,42.8,33.4,1,Fernando Alonso,ALO,Aston Martin,2,92,8,79.473,0.973,5.476712090181507,9,2,0,0,Finished,2,2.2,0,2.0,9.0,4.0,24,0.973,2,0,-1,0,0
23,2022,3,Albert Park Circuit,Australia,Medium,3,58,Dry,42.8,33.4,1,Sergio Perez,PER,Red Bull Racing,1,88,9,79.473,0.973,5.969774794516262,8,4,0,0,Finished,1,2.51,0,6.0,7.0,55.0,27,0.973,2,0,1,0,0
23,2022,3,Albert Park Circuit,Australia,Medium,3,58,Dry,42.8,33.4,1,Pierre Gasly,GAS,Alpine,2,85,10,79.28,0.78,5.129211916019548,10,1,0,0,Finished,2,2.55,0,0.5,10.5,2.0,30,0.78,2,0,0,0,0
23,2022,3,Albert Park Circuit,Australia,Medium,3,58,Dry,42.8,33.4,1,Esteban Ocon,OCO,Alpine,2,84,11,79.832,1.332,4.52905228654204,12,0,0,0,Finished,2,2.55,0,0.5,10.5,3.0,33,1.332,2,0,-1,0,0
23,2022,3,Albert Park Circuit,Australia,Medium,3,58,Dry,42.8,33.4,1,Lance Stroll,STR,Aston Martin,2,81,12,79.721,1.221,5.256886978817645,11,0,0,0,Finished,2,3.13,0,0.0,12.0,4.0,36,1.221,2,0,1,0,0
23,2022,3,Albert Park Circuit,Australia,Medium,3,58,Dry,42.8,33.4,1,Alexander Albon,ALB,Williams,3,86,13,79.699,1.199,3.9950355791593615,13,0,0,0,Finished,2,2.64,0,0.0,13.0,0.0,39,1.199,2,0,0,0,0
23,2022,3,Albert Park Circuit,Australia,Medium,3,58,Dry,42.8,33.4,1,Daniel Ricciardo,RIC,RB,3,84,14,79.716,1.216,4.019262122075236,14,0,0,0,Finished,1,2.48,0,0.0,15.0,0.0,42,1.216,2,0,0,0,0
23,2022,3,Albert Park Circuit,Australia,Medium,3,58,Dry,42.8,33.4,1,Nico Hulkenberg,HUL,Haas,3,84,15,80.219,1.719,3.1478774390045343,16,0,0,0,Finished,2,2.6,0,0.0,14.5,0.0,45,1.719,2,0,-1,0,0
23,2022,3,Albert Park Circuit,Australia,Medium,3,58,Dry,42.8,33.4,1,Yuki Tsunoda,TSU,RB,3,83,16,79.889,1.389,3.829073379950424,15,0,0,0,Finished,2,2.63,0,0.0,15.5,0.0,48,1.389,2,0,1,0,0
23,2022,3,Albert Park Circuit,Australia,Medium,3,58,Dry,42.8,33.4,1,Kevin Magnussen,MAG,Haas,3,82,17,79.496,0.996,3.230424278102137,17,0,0,0,Finished,2,2.66,0,0.0,17.5,0.0,51,0.996,2,0,0,0,0
23,2022,3,Albert Park Circuit,Australia,Medium,3,58,Dry,42.8,33.4,1,Valtteri Bottas,BOT,Kick Sauber,4,83,18,79.536,1.036,2.131794758591795,18,0,0,0,Finished,2,3.22,0,0.0,17.5,0.0,54,1.036,2,0,0,0,0
23,2022,3,Albert Park Circuit,Australia,Medium,3,58,Dry,42.8,33.4,1,Logan Sargeant,SAR,Williams,4,76,19,80.911,2.411,1.484124090874403,19,0,0,0,Finished,2,3.13,0,0.0,20.0,0.0,57,2.411,2,0,0,0,0
23,2022,3,Albert Park Circuit,Australia,Medium,3,58,Dry,42.8,33.4,1,Zhou Guanyu,ZHO,Kick Sauber,4,79,20,81.073,2.573,0.7267147273207438,20,0,0,0,Finished,1,2.8,0,0.0,19.0,0.0,60,2.573,2,0,0,0,0
24,2022,4,Baku City Circuit,Azerbaijan,Low,2,51,Dry,34.5,24.4,5,Max Verstappen,VER,Red Bull Racing,1,97,1,103.0,0.0,9.332664716938709,20,0,0,0,Collision,0,3.78,0,20.333333333333332,1.6666666666666667,51.0,2,0.0,1,0,-19,1,1
24,2022,4,Baku City Circuit,Azerbaijan,Low,2,51,Dry,34.5,24.4,5,Lewis Hamilton,HAM,Mercedes,1,95,2,103.136,0.136,8.352486451256963,1,26,1,1,Finished,1,2.58,1,18.666666666666668,2.3333333333333335,62.0,4,0.136,1,0,1,1,1
24,2022,4,Baku City Circuit,Azerbaijan,Low,2,51,Dry,34.5,24.4,5,Lando Norris,NOR,McLaren,1,93,3,103.199,0.199,7.606810649632889,3,15,1,0,Finished,2,3.2,0,13.0,4.0,38.0,6,0.199,1,0,0,0,1
24,2022,4,Baku City Circuit,Azerbaijan,Low,2,51,Dry,34.5,24.4,5,Charles Leclerc,LEC,Ferrari,1,94,4,103.303,0.303,7.872138637350547,2,18,1,0,Finished,1,3.31,0,18.333333333333332,2.3333333333333335,46.0,8,0.303,1,0,2,0,1
24,2022,4,Baku City Circuit,Azerbaijan,Low,2,51,Dry,34.5,24.4,5,George Russell,RUS,Mercedes,1,91,5,103.485,0.485,7.619339015132976,4,13,0,0,Finished,2,2.22,1,10.666666666666666,4.666666666666667,63.0,10,0.485,1,0,1,0,1
24,2022,4,Baku City Circuit,Azerbaijan,Low,2,51,Dry,34.5,24.4,5,Carlos Sainz,SAI,Ferrari,1,91,6,103.611,0.611,7.3700365496859215,5,10,0,0,Finished,1,2.86,0,7.333333333333333,6.333333333333333,52.0,12,0.611,1,0,1,0,0
24,2022,4,Baku City Circuit,Azerbaijan,Low,2,51,Dry,34.5,24.4,5,Oscar Piastri,PIA,McLaren,1,90,7,103.772,0.772,6.593884971239079,7,6,0,0,Finished,1,2.98,0,5.333333333333333,7.333333333333333,37.0,14,0.772,1,0,0,0,0
24,2022,4,Baku City Circuit,Azerbaijan,Low,2,51,Dry,34.5,24.4,5,Sergio Perez,PER,Red Bull Racing,1,88,8,103.544,0.544,7.411404916752932,6,8,0,0,Finished,2,2.78,0,5.333333333333333,7.333333333333333,33.0,16,0.544,1,0,2,0,0
24,2022,4,Baku City Circuit,Azerbaijan,Low,2,51,Dry,34.5,24.4,5,Fernando Alonso,ALO,Aston Martin,2,92,9,104.044,1.044,6.48725818282565,8,4,0,0,Finished,2,2.12,0,2.0,9.0,4.0,18,1.044,1,0,1,0,0
24,2022,4,Baku City Circuit,Azerbaijan,Low,2,51,Dry,34.5,24.4,5,Esteban Ocon,OCO,Alpine,2,84,10,103.875,0.875,5.809521312523456,9,2,0,0,Finished,1,3.03,0,0.3333333333333333,11.0,2.0,20,0.875,1,0,1,0,0
24,2022,4,Baku City Circuit,Azerbaijan,Low,2,51,Dry,34.5,24.4,5,Pierre Gasly,GAS,Alpine,2,85,11,103.763,0.763,5.062621739675197,10,1,0,0,Finished,1,2.96,0,0.6666666666666666,10.333333333333334,3.0,22,0.763,1,0,1,0,0
24,2022,4,Baku City Circuit,Azerbaijan,Low,2,51,Dry,34.5,24.4,5,Lance Stroll,STR,Aston Martin,2,81,12,104.109,1.109,3.90307473649479,11,0,0,0,Finished,1,2.61,0,0.0,11.666666666666666,6.0,24,1.109,1,0,1,0,0
24,2022,4,Baku City Circuit,Azerbaijan,Low,2,51,Dry,34.5,24.4,5,Alexander Albon,ALB,Williams,3,86,13,104.108,1.108,3.971966453644169,12,0,0,0,Finished,1,2.44,0,0.0,13.0,0.0,26,1.108,1,0,1,0,0
24,2022,4,Baku City Circuit,Azerbaijan,Low,2,51,Dry,34.5,24.4,5,Daniel Ricciardo,RIC,RB,3,84,14,104.454,1.454,3.9198077218816856,19,0,0,0,Power Unit,1,3.56,0,0.0,14.666666666666666,0.0,28,1.454,1,0,-5,0,0
24,2022,4,Baku City Circuit,Azerbaijan,Low,2,51,Dry,34.5,24.4,5,Nico Hulkenberg,HUL,Haas,3,84,15,104.155,1.155,3.28372212888103,14,0,0,0,Finished,2,3.21,0,0.0,15.0,0.0,30,1.155,1,0,1,0,0
24,2022,4,Baku City Circuit,Azerbaijan,Low,2,51,Dry,34.5,24.4,5,Yuki Tsunoda,TSU,RB,3,83,16,104.918,1.918,3.651364374217241,13,0,0,0,Finished,2,2.66,0,0.0,15.333333333333334,0.0,32,1.918,1,0,3,0,0
24,2022,4,Baku City Circuit,Azerbaijan,Low,2,51,Dry,34.5,24.4,5,Kevin Magnussen,MAG,Haas,3,82,17,105.217,2.217,3.6387704574506503,15,0,0,0,Finished,2,3.09,0,0.0,17.333333333333332,0.0,34,2.217,1,0,2,0,0
24,2022,4,Baku City Circuit,Azerbaijan,Low,2,51,Dry,34.5,24.4,5,Valtteri Bottas,BOT,Kick Sauber,4,83,18,104.335,1.335,1.5501124141056006,16,0,0,0,Finished,1,2.64,0,0.0,17.666666666666668,0.0,36,1.335,1,0,2,0,0
24,2022,4,Baku City Circuit,Azerbaijan,Low,2,51,Dry,34.5,24.4,5,Zhou Guanyu,ZHO,Kick Sauber,4,79,19,104.142,1.142,1.309849470848781,17,0,0,0,Finished,2,2.6,0,0.0,19.333333333333332,0.0,38,1.142,1,0,2,0,0
24,2022,4,Baku City Circuit,Azerbaijan,Low,2,51,Dry,34.5,24.4,5,Logan Sargeant,SAR,Williams,4,76,20,105.065,2.065,1.4378145187826914,18,0,0,0,Finished,2,2.34,0,0.0,19.666666666666668,0.0,40,2.065,1,0,2,0,0
25,2022,5,Circuit de Monaco,Monaco,High,5,78,Dry,37.8,28.7,5,Max Verstappen,VER,Red Bull Racing,1,97,1,72.0,0.0,7.943964253113434,2,19,1,0,Finished,2,2.87,1,15.25,6.25,37.0,5,0.0,3,0,-1,1,1
25,2022,5,Circuit de Monaco,Monaco,High,5,78,Dry,37.8,28.7,5,Lewis Hamilton,HAM,Mercedes,1,95,2,72.062,0.062,8.810087824078428,1,25,1,1,Finished,3,2.94,0,20.5,2.0,66.0,10,0.062,3,0,1,1,1
25,2022,5,Circuit de Monaco,Monaco,High,5,78,Dry,37.8,28.7,5,Lando Norris,NOR,McLaren,1,93,3,72.125,0.125,7.649717695899724,3,15,1,0,Finished,2,2.98,0,13.5,3.75,37.0,15,0.125,3,0,0,0,1
25,2022,5,Circuit de Monaco,Monaco,High,5,78,Dry,37.8,28.7,5,Charles Leclerc,LEC,Ferrari,1,94,4,72.189,0.189,7.839036593393428,4,13,0,0,Finished,1,3.32,1,18.25,2.25,54.0,20,0.189,3,0,0,0,1
25,2022,5,Circuit de Monaco,Monaco,High,5,78,Dry,37.8,28.7,5,Carlos Sainz,SAI,Ferrari,1,91,5,72.343,0.343,7.784364732117896,5,10,0,0,Finished,2,3.0,0,8.0,6.0,49.0,25,0.343,3,0,0,0,1
25,2022,5,Circuit de Monaco,Monaco,High,5,78,Dry,37.8,28.7,5,Oscar Piastri,PIA,McLaren,1,90,6,72.63,0.63,7.025076556947232,6,8,0,0,Finished,2,2.46,0,5.5,7.25,42.0,30,0.63,3,0,0,0,0
25,2022,5,Circuit de Monaco,Monaco,High,5,78,Dry,37.8,28.7,5,George Russell,RUS,Mercedes,1,91,7,72.48,0.48,6.713303016373883,7,6,0,0,Finished,1,2.93,0,11.25,4.5,76.0,35,0.48,3,0,0,0,0
25,2022,5,Circuit de Monaco,Monaco,High,5,78,Dry,37.8,28.7,5,Sergio Perez,PER,Red Bull Racing,1,88,8,72.979,0.979,6.974779044640864,8,4,0,0,Finished,2,2.33,0,6.0,7.0,31.0,40,0.979,3,0,0,0,0
25,2022,5,Circuit de Monaco,Monaco,High,5,78,Dry,37.8,28.7,5,Fernando Alonso,ALO,Aston Martin,2,92,9,72.959,0.959,6.170922600324438,9,2,0,0,Finished,2,2.69,0,2.5,8.75,6.0,45,0.959,3,0,0,0,0
25,2022,5,Circuit de Monaco,Monaco,High,5,78,Dry,37.8,28.7,5,Pierre Gasly,GAS,Alpine,2,85,10,72.714,0.714,5.412945789773618,10,1,0,0,Finished,2,3.19,0,0.75,10.25,4.0,50,0.714,3,0,0,0,0
25,2022,5,Circuit de Monaco,Monaco,High,5,78,Dry,37.8,28.7,5,Esteban Ocon,OCO,Alpine,2,84,11,72.929,0.929,5.303409504641468,11,0,0,0,Finished,1,2.12,0,0.75,10.5,4.0,55,0.929,3,0,0,0,0
25,2022,5,Circuit de Monaco,Monaco,High,5,78,Dry,37.8,28.7,5,Lance Stroll,STR,Aston Martin,2,81,12,72.935,0.935,4.012465724786939,12,0,0,0,Finished,2,2.89,0,0.0,11.5,6.0,60,0.935,3,0,0,0,0
25,2022,5,Circuit de Monaco,Monaco,High,5,78,Dry,37.8,28.7,5,Alexander Albon,ALB,Williams,3,86,13,72.943,0.943,4.8335858929821,20,0,0,0,Power Unit,1,2.45,0,0.0,12.75,0.0,65,0.943,3,0,-7,0,0
25,2022,5,Circuit de Monaco,Monaco,High,5,78,Dry,37.8,28.7,5,Daniel Ricciardo,RIC,RB,3,84,14,73.651,1.651,4.27884707866107,13,0,0,0,Finished,2,3.19,0,0.0,15.75,0.0,70,1.651,3,0,1,0,0
25,2022,5,Circuit de Monaco,Monaco,High,5,78,Dry,37.8,28.7,5,Kevin Magnussen,MAG,Haas,3,82,15,73.471,1.471,4.038190443996117,14,0,0,0,Finished,2,3.35,0,0.0,16.75,0.0,75,1.471,3,0,1,0,0
25,2022,5,Circuit de Monaco,Monaco,High,5,78,Dry,37.8,28.7,5,Nico Hulkenberg,HUL,Haas,3,84,16,73.597,1.597,3.6708589725716103,15,0,0,0,Finished,2,2.74,0,0.0,14.75,0.0,80,1.597,3,0,1,0,0
25,2022,5,Circuit de Monaco,Monaco,High,5,78,Dry,37.8,28.7,5,Yuki Tsunoda,TSU,RB,3,83,17,73.929,1.929,4.124923451497033,16,0,0,0,Finished,1,2.3,0,0.0,14.75,0.0,85,1.929,3,0,1,0,0
25,2022,5,Circuit de Monaco,Monaco,High,5,78,Dry,37.8,28.7,5,Valtteri Bottas,BOT,Kick Sauber,4,83,18,73.331,1.331,2.390866455566264,17,0,0,0,Finished,2,2.46,0,0.0,17.25,0.0,90,1.331,3,0,1,0,0
25,2022,5,Circuit de Monaco,Monaco,High,5,78,Dry,37.8,28.7,5,Zhou Guanyu,ZHO,Kick Sauber,4,79,19,74.417,2.417,1.5685679679776905,18,0,0,0,Finished,2,2.86,0,0.0,18.75,0.0,95,2.417,3,0,1,0,0
25,2022,5,Circuit de Monaco,Monaco,High,5,78,Dry,37.8,28.7,5,Logan Sargeant,SAR,Williams,4,76,20,73.462,1.462,1.7171276734739962,19,0,0,0,Finished,2,2.56,0,0.0,19.25,0.0,100,1.462,3,0,1,0,0
26,2022,6,Circuit de Barcelona-Catalunya,Spain,High,4,66,Dry,26.9,17.7,8,Lewis Hamilton,HAM,Mercedes,1,95,1,74.0,0.0,7.305670833701306,2,18,1,0,Finished,1,2.84,0,22.75,1.5,70.0,4,0.0,3,0,-1,1,1
26,2022,6,Circuit de Barcelona-Catalunya,Spain,High,4,66,Dry,26.9,17.7,8,Max Verstappen,VER,Red Bull Racing,1,97,2,74.086,0.086,7.789517952448932,1,25,1,1,Finished,1,2.36,0,15.5,6.25,31.0,8,0.086,3,0,1,1,1
26,2022,6,Circuit de Barcelona-Catalunya,Spain,High,4,66,Dry,26.9,17.7,8,Charles Leclerc,LEC,Ferrari,1,94,3,74.157,0.157,7.739032117774253,3,16,1,0,Finished,2,2.94,1,15.25,3.0,51.0,12,0.157,3,0,0,0,1
26,2022,6,Circuit de Barcelona-Catalunya,Spain,High,4,66,Dry,26.9,17.7,8,George Russell,RUS,Mercedes,1,91,4,74.342,0.342,7.222628717322241,4,12,0,0,Finished,2,2.58,0,10.25,5.0,62.0,16,0.342,3,0,0,0,1
26,2022,6,Circuit de Barcelona-Catalunya,Spain,High,4,66,Dry,26.9,17.7,8,Lando Norris,NOR,McLaren,1,93,5,74.307,0.307,7.251286140133723,5,11,0,0,Finished,1,2.84,1,14.0,3.5,44.0,20,0.307,3,0,0,0,1
26,2022,6,Circuit de Barcelona-Catalunya,Spain,High,4,66,Dry,26.9,17.7,8,Oscar Piastri,PIA,McLaren,1,90,6,74.646,0.646,7.324524453777624,6,8,0,0,Finished,1,2.38,0,6.5,6.75,40.0,24,0.646,3,0,0,0,0
26,2022,6,Circuit de Barcelona-Catalunya,Spain,High,4,66,Dry,26.9,17.7,8,Carlos Sainz,SAI,Ferrari,1,91,7,74.4,0.4,6.2731712463881815,8,4,0,0,Finished,1,3.31,0,9.0,5.5,49.0,28,0.4,3,0,-1,0,0
26,2022,6,Circuit de Barcelona-Catalunya,Spain,High,4,66,Dry,26.9,17.7,8,Sergio Perez,PER,Red Bull Racing,1,88,8,74.87,0.87,6.9115813631558565,7,6,0,0,Finished,1,3.17,0,5.0,7.5,56.0,32,0.87,3,0,1,0,0
26,2022,6,Circuit de Barcelona-Catalunya,Spain,High,4,66,Dry,26.9,17.7,8,Fernando Alonso,ALO,Aston Martin,2,92,9,74.852,0.852,5.740300925900007,9,2,0,0,Finished,3,2.84,0,2.5,8.75,6.0,36,0.852,3,0,0,0,0
26,2022,6,Circuit de Barcelona-Catalunya,Spain,High,4,66,Dry,26.9,17.7,8,Pierre Gasly,GAS,Alpine,2,85,10,74.737,0.737,5.025630997900922,10,1,0,0,Finished,1,2.59,0,1.0,10.0,4.0,40,0.737,3,0,0,0,0
26,2022,6,Circuit de Barcelona-Catalunya,Spain,High,4,66,Dry,26.9,17.7,8,Esteban Ocon,OCO,Alpine,2,84,11,74.666,0.666,4.079208738830699,11,0,0,0,Finished,2,2.58,0,0.5,10.75,3.0,44,0.666,3,0,0,0,0
26,2022,6,Circuit de Barcelona-Catalunya,Spain,High,4,66,Dry,26.9,17.7,8,Lance Stroll,STR,Aston Martin,2,81,12,74.71,0.71,4.411242716712531,12,0,0,0,Finished,1,2.82,0,0.0,11.5,4.0,48,0.71,3,0,0,0,0
26,2022,6,Circuit de Barcelona-Catalunya,Spain,High,4,66,Dry,26.9,17.7,8,Alexander Albon,ALB,Williams,3,86,13,75.16,1.16,4.324495919676066,13,0,0,0,Finished,2,3.13,0,0.0,14.5,0.0,52,1.16,3,0,0,0,0
26,2022,6,Circuit de Barcelona-Catalunya,Spain,High,4,66,Dry,26.9,17.7,8,Daniel Ricciardo,RIC,RB,3,84,14,75.588,1.588,4.500805670482367,14,0,0,0,Finished,1,2.97,0,0.0,15.0,0.0,56,1.588,3,0,0,0,0
26,2022,6,Circuit de Barcelona-Catalunya,Spain,High,4,66,Dry,26.9,17.7,8,Yuki Tsunoda,TSU,RB,3,83,15,75.192,1.192,4.020887365520274,15,0,0,0,Finished,1,2.38,0,0.0,15.0,0.0,60,1.192,3,0,0,0,0
26,2022,6,Circuit de Barcelona-Catalunya,Spain,High,4,66,Dry,26.9,17.7,8,Nico Hulkenberg,HUL,Haas,3,84,16,75.967,1.967,3.51175916036058,17,0,0,0,Finished,1,2.1,0,0.0,15.0,0.0,64,1.967,3,0,-1,0,0
26,2022,6,Circuit de Barcelona-Catalunya,Spain,High,4,66,Dry,26.9,17.7,8,Kevin Magnussen,MAG,Haas,3,82,17,75.21,1.21,4.131975942281743,16,0,0,0,Finished,2,2.42,0,0.0,15.75,0.0,68,1.21,3,0,1,0,0
26,2022,6,Circuit de Barcelona-Catalunya,Spain,High,4,66,Dry,26.9,17.7,8,Valtteri Bottas,BOT,Kick Sauber,4,83,18,75.677,1.677,2.371555949590825,18,0,0,0,Finished,2,3.13,0,0.0,17.25,0.0,72,1.677,3,0,0,0,0
26,2022,6,Circuit de Barcelona-Catalunya,Spain,High,4,66,Dry,26.9,17.7,8,Zhou Guanyu,ZHO,Kick Sauber,4,79,19,75.6,1.6,1.6388140477241906,19,0,0,0,Finished,2,3.08,0,0.0,18.5,0.0,76,1.6,3,0,0,0,0
26,2022,6,Circuit de Barcelona-Catalunya,Spain,High,4,66,Dry,26.9,17.7,8,Logan Sargeant,SAR,Williams,4,76,20,75.83,1.83,1.752053575802365,20,0,0,0,Finished,1,2.7,0,0.0,19.0,0.0,80,1.83,3,0,0,0,0
27,2022,7,Circuit Gilles Villeneuve,Canada,Low,3,70,Dry,27.2,18.8,6,Max Verstappen,VER,Red Bull Racing,1,97,1,73.0,0.0,7.167864597488514,1,25,1,1,Finished,2,2.3,0,17.25,6.0,54.0,3,0.0,1,0,0,1,1
27,2022,7,Circuit Gilles Villeneuve,Canada,Low,3,70,Dry,27.2,18.8,6,Lando Norris,NOR,McLaren,1,93,2,73.073,0.073,8.583585662796889,20,0,0,0,Suspension,1,3.57,0,12.75,4.0,42.0,6,0.073,1,0,-18,1,1
27,2022,7,Circuit Gilles Villeneuve,Canada,Low,3,70,Dry,27.2,18.8,6,Lewis Hamilton,HAM,Mercedes,1,95,3,73.192,0.192,7.506842050789615,3,15,1,0,Finished,2,2.96,0,21.0,1.75,61.0,9,0.192,1,0,0,0,1
27,2022,7,Circuit Gilles Villeneuve,Canada,Low,3,70,Dry,27.2,18.8,6,Charles Leclerc,LEC,Ferrari,1,94,4,73.247,0.247,7.899949888478275,2,19,1,0,Finished,1,2.75,1,16.25,2.75,43.0,12,0.247,1,0,2,0,1
27,2022,7,Circuit Gilles Villeneuve,Canada,Low,3,70,Dry,27.2,18.8,6,George Russell,RUS,Mercedes,1,91,5,73.362,0.362,7.439451105965723,5,11,0,0,Finished,2,3.08,1,10.75,4.75,51.0,15,0.362,1,0,0,0,1
27,2022,7,Circuit Gilles Villeneuve,Canada,Low,3,70,Dry,27.2,18.8,6,Carlos Sainz,SAI,Ferrari,1,91,6,73.35,0.35,7.798904791536407,4,12,0,0,Finished,2,2.85,0,8.0,6.0,49.0,18,0.35,1,0,2,0,0
27,2022,7,Circuit Gilles Villeneuve,Canada,Low,3,70,Dry,27.2,18.8,6,Oscar Piastri,PIA,McLaren,1,90,7,73.474,0.474,7.4157994088321,6,8,0,0,Finished,1,2.38,0,7.0,6.5,27.0,21,0.474,1,0,1,0,0
27,2022,7,Circuit Gilles Villeneuve,Canada,Low,3,70,Dry,27.2,18.8,6,Fernando Alonso,ALO,Aston Martin,2,92,8,73.637,0.637,7.545540284453515,7,6,0,0,Finished,2,2.63,0,2.5,8.75,4.0,24,0.637,1,0,1,0,0
27,2022,7,Circuit Gilles Villeneuve,Canada,Low,3,70,Dry,27.2,18.8,6,Sergio Perez,PER,Red Bull Racing,1,88,9,73.492,0.492,6.56045865464172,8,4,0,0,Finished,1,3.25,0,5.5,7.25,60.0,27,0.492,1,0,1,0,0
27,2022,7,Circuit Gilles Villeneuve,Canada,Low,3,70,Dry,27.2,18.8,6,Pierre Gasly,GAS,Alpine,2,85,10,73.709,0.709,5.984695477768432,9,2,0,0,Finished,2,3.28,0,1.0,10.0,2.0,30,0.709,1,0,1,0,0
27,2022,7,Circuit Gilles Villeneuve,Canada,Low,3,70,Dry,27.2,18.8,6,Esteban Ocon,OCO,Alpine,2,84,11,73.624,0.624,4.930674688691431,10,1,0,0,Finished,1,3.0,0,0.5,10.75,3.0,33,0.624,1,0,1,0,0
27,2022,7,Circuit Gilles Villeneuve,Canada,Low,3,70,Dry,27.2,18.8,6,Daniel Ricciardo,RIC,RB,3,84,12,73.894,0.894,4.464294246132128,11,0,0,0,Finished,1,2.35,0,0.0,15.0,0.0,36,0.894,1,0,1,0,0
27,2022,7,Circuit Gilles Villeneuve,Canada,Low,3,70,Dry,27.2,18.8,6,Lance Stroll,STR,Aston Martin,2,81,13,74.371,1.371,4.557391420943096,12,0,0,0,Finished,1,2.54,0,0.0,11.5,8.0,39,1.371,1,0,1,0,0
27,2022,7,Circuit Gilles Villeneuve,Canada,Low,3,70,Dry,27.2,18.8,6,Alexander Albon,ALB,Williams,3,86,14,74.7,1.7,3.7861513359405854,14,0,0,0,Finished,1,3.06,0,0.0,14.5,0.0,42,1.7,1,0,0,0,0
27,2022,7,Circuit Gilles Villeneuve,Canada,Low,3,70,Dry,27.2,18.8,6,Nico Hulkenberg,HUL,Haas,3,84,15,74.151,1.151,4.247110400934242,13,0,0,0,Finished,1,3.18,0,0.0,15.5,0.0,45,1.151,1,0,2,0,0
27,2022,7,Circuit Gilles Villeneuve,Canada,Low,3,70,Dry,27.2,18.8,6,Kevin Magnussen,MAG,Haas,3,82,16,74.274,1.274,4.145043103529116,15,0,0,0,Finished,2,2.47,0,0.0,15.5,0.0,48,1.274,1,0,1,0,0
27,2022,7,Circuit Gilles Villeneuve,Canada,Low,3,70,Dry,27.2,18.8,6,Yuki Tsunoda,TSU,RB,3,83,17,74.061,1.061,2.6497063142595056,16,0,0,0,Finished,2,2.49,0,0.0,14.75,0.0,51,1.061,1,0,1,0,0
27,2022,7,Circuit Gilles Villeneuve,Canada,Low,3,70,Dry,27.2,18.8,6,Valtteri Bottas,BOT,Kick Sauber,4,83,18,75.155,2.155,2.4951196140712657,17,0,0,0,Finished,2,2.66,0,0.0,17.25,0.0,54,2.155,1,0,1,0,0
27,2022,7,Circuit Gilles Villeneuve,Canada,Low,3,70,Dry,27.2,18.8,6,Zhou Guanyu,ZHO,Kick Sauber,4,79,19,74.347,1.347,1.960151462759554,18,0,0,0,Finished,1,2.25,0,0.0,18.5,0.0,57,1.347,1,0,1,0,0
27,2022,7,Circuit Gilles Villeneuve,Canada,Low,3,70,Dry,27.2,18.8,6,Logan Sargeant,SAR,Williams,4,76,20,74.28,1.28,1.2471935571160389,19,0,0,0,Finished,2,3.27,0,0.0,19.0,0.0,60,1.28,1,0,1,0,0
28,2022,8,Red Bull Ring,Austria,Medium,2,71,Dry,46.4,35.7,2,Max Verstappen,VER,Red Bull Racing,1,97,1,65.5,0.0,8.47991715633605,1,25,1,1,Finished,2,2.19,0,17.25,6.0,60.0,2,0.0,2,0,0,1,1
28,2022,8,Red Bull Ring,Austria,Medium,2,71,Dry,46.4,35.7,2,Lewis Hamilton,HAM,Mercedes,1,95,2,65.578,0.078,7.859949385701825,2,18,1,0,Finished,1,2.3,0,21.0,1.75,56.0,4,0.078,2,0,0,1,1
28,2022,8,Red Bull Ring,Austria,Medium,2,71,Dry,46.4,35.7,2,Charles Leclerc,LEC,Ferrari,1,94,3,65.66,0.16,6.551517812772907,6,8,0,0,Finished,1,3.25,0,16.5,2.75,51.0,6,0.16,2,0,-3,0,1
28,2022,8,Red Bull Ring,Austria,Medium,2,71,Dry,46.4,35.7,2,Lando Norris,NOR,McLaren,1,93,4,65.877,0.377,7.849483938579072,3,16,1,0,Finished,1,2.64,1,10.25,7.75,27.0,8,0.377,2,0,1,0,1
28,2022,8,Red Bull Ring,Austria,Medium,2,71,Dry,46.4,35.7,2,Sergio Perez,PER,Red Bull Racing,1,88,5,65.852,0.352,7.860259986591027,4,13,0,0,Finished,2,2.82,1,5.5,7.25,60.0,10,0.352,2,0,1,0,1
28,2022,8,Red Bull Ring,Austria,Medium,2,71,Dry,46.4,35.7,2,Carlos Sainz,SAI,Ferrari,1,91,6,65.884,0.384,7.067868624584305,7,6,0,0,Finished,3,3.29,0,9.0,5.5,43.0,12,0.384,2,0,-1,0,0
28,2022,8,Red Bull Ring,Austria,Medium,2,71,Dry,46.4,35.7,2,George Russell,RUS,Mercedes,1,91,7,66.084,0.584,7.807301472047155,5,10,0,0,Finished,2,3.05,0,10.5,5.0,56.0,14,0.584,2,0,2,0,0
28,2022,8,Red Bull Ring,Austria,Medium,2,71,Dry,46.4,35.7,2,Oscar Piastri,PIA,McLaren,1,90,8,66.133,0.633,6.831278264141005,8,4,0,0,Finished,2,2.92,0,7.5,6.25,32.0,16,0.633,2,0,0,0,0
28,2022,8,Red Bull Ring,Austria,Medium,2,71,Dry,46.4,35.7,2,Fernando Alonso,ALO,Aston Martin,2,92,9,66.507,1.007,6.260985639787077,9,2,0,0,Finished,1,3.08,0,3.5,8.25,8.0,18,1.007,2,0,0,0,0
28,2022,8,Red Bull Ring,Austria,Medium,2,71,Dry,46.4,35.7,2,Pierre Gasly,GAS,Alpine,2,85,10,66.711,1.211,4.145040323200687,11,0,0,0,Finished,1,3.05,0,1.25,9.75,4.0,20,1.211,2,0,-1,0,0
28,2022,8,Red Bull Ring,Austria,Medium,2,71,Dry,46.4,35.7,2,Esteban Ocon,OCO,Alpine,2,84,11,66.847,1.347,5.075454484914039,20,0,0,0,Hydraulics,1,2.41,0,0.75,10.25,3.0,22,1.347,2,0,-9,0,0
28,2022,8,Red Bull Ring,Austria,Medium,2,71,Dry,46.4,35.7,2,Lance Stroll,STR,Aston Martin,2,81,12,66.579,1.079,5.502710458027128,10,1,0,0,Finished,2,2.98,0,0.0,11.75,8.0,24,1.079,2,0,2,0,0
28,2022,8,Red Bull Ring,Austria,Medium,2,71,Dry,46.4,35.7,2,Alexander Albon,ALB,Williams,3,86,13,66.375,0.875,3.98319835767198,12,0,0,0,Finished,2,2.29,0,0.0,14.75,0.0,26,0.875,2,0,1,0,0
28,2022,8,Red Bull Ring,Austria,Medium,2,71,Dry,46.4,35.7,2,Daniel Ricciardo,RIC,RB,3,84,14,67.023,1.523,3.885127042151917,13,0,0,0,Finished,2,2.8,0,0.0,14.25,0.0,28,1.523,2,0,1,0,0
28,2022,8,Red Bull Ring,Austria,Medium,2,71,Dry,46.4,35.7,2,Yuki Tsunoda,TSU,RB,3,83,15,66.808,1.308,3.777629561665536,14,0,0,0,Finished,2,2.66,0,0.0,15.0,0.0,30,1.308,2,0,1,0,0
28,2022,8,Red Bull Ring,Austria,Medium,2,71,Dry,46.4,35.7,2,Kevin Magnussen,MAG,Haas,3,82,16,67.194,1.694,3.145371463651017,15,0,0,0,Finished,1,3.29,0,0.0,15.0,0.0,32,1.694,2,0,1,0,0
28,2022,8,Red Bull Ring,Austria,Medium,2,71,Dry,46.4,35.7,2,Nico Hulkenberg,HUL,Haas,3,84,17,66.914,1.414,2.5366158877772227,17,0,0,0,Finished,2,2.77,0,0.0,14.75,0.0,34,1.414,2,0,0,0,0
28,2022,8,Red Bull Ring,Austria,Medium,2,71,Dry,46.4,35.7,2,Valtteri Bottas,BOT,Kick Sauber,4,83,18,67.628,2.128,2.9494050932815457,16,0,0,0,Finished,1,3.2,0,0.0,17.0,0.0,36,2.128,2,0,2,0,0
28,2022,8,Red Bull Ring,Austria,Medium,2,71,Dry,46.4,35.7,2,Zhou Guanyu,ZHO,Kick Sauber,4,79,19,67.118,1.618,1.1766261906047577,18,0,0,0,Finished,1,2.84,0,0.0,18.0,0.0,38,1.618,2,0,1,0,0
28,2022,8,Red Bull Ring,Austria,Medium,2,71,Dry,46.4,35.7,2,Logan Sargeant,SAR,Williams,4,76,20,67.268,1.768,1.0068045238328944,19,0,0,0,Finished,1,2.15,0,0.0,19.0,0.0,40,1.768,2,0,1,0,0
29,2022,9,Silverstone Circuit,United Kingdom,High,2,52,Mixed,25.7,18.0,3,Max Verstappen,VER,Red Bull Racing,1,97,1,88.5,0.0,9.024490917700508,1,26,1,1,Finished,2,3.01,1,23.5,1.25,67.0,2,0.0,3,1,0,1,1
29,2022,9,Silverstone Circuit,United Kingdom,High,2,52,Mixed,25.7,18.0,3,Charles Leclerc,LEC,Ferrari,1,94,2,88.579,0.079,8.818800563043965,20,0,0,0,Suspension,1,3.3,0,14.0,3.75,45.0,4,0.079,3,1,-18,1,1
29,2022,9,Silverstone Circuit,United Kingdom,High,2,52,Mixed,25.7,18.0,3,Lewis Hamilton,HAM,Mercedes,1,95,3,88.754,0.254,7.882862663784256,2,18,1,0,Finished,3,2.44,0,19.0,2.0,54.0,6,0.254,3,1,1,0,1
29,2022,9,Silverstone Circuit,United Kingdom,High,2,52,Mixed,25.7,18.0,3,Lando Norris,NOR,McLaren,1,93,4,88.781,0.281,7.335973191080816,19,0,0,0,Suspension,1,2.72,0,10.5,7.75,28.0,8,0.281,3,1,-15,0,1
29,2022,9,Silverstone Circuit,United Kingdom,High,2,52,Mixed,25.7,18.0,3,Oscar Piastri,PIA,McLaren,1,90,5,88.753,0.253,6.550027450983018,18,0,0,0,Collision,0,3.5,0,7.0,6.5,28.0,10,0.253,3,1,-13,0,1
29,2022,9,Silverstone Circuit,United Kingdom,High,2,52,Mixed,25.7,18.0,3,George Russell,RUS,Mercedes,1,91,6,89.033,0.533,7.889942399311057,17,0,0,0,Collision,0,3.29,0,9.75,5.25,57.0,12,0.533,3,1,-11,0,0
29,2022,9,Silverstone Circuit,United Kingdom,High,2,52,Mixed,25.7,18.0,3,Carlos Sainz,SAI,Ferrari,1,91,7,89.238,0.738,7.163318484742731,3,16,1,0,Finished,3,2.49,1,8.0,6.0,26.0,14,0.738,3,1,4,0,0
29,2022,9,Silverstone Circuit,United Kingdom,High,2,52,Mixed,25.7,18.0,3,Sergio Perez,PER,Red Bull Racing,1,88,8,89.143,0.643,7.02305402409491,4,12,0,0,Finished,2,2.41,0,6.75,6.75,68.0,16,0.643,3,1,4,0,0
29,2022,9,Silverstone Circuit,United Kingdom,High,2,52,Mixed,25.7,18.0,3,Fernando Alonso,ALO,Aston Martin,2,92,9,89.328,0.828,6.801594038191299,5,10,0,0,Finished,3,2.98,0,3.0,8.5,9.0,18,0.828,3,1,4,0,0
29,2022,9,Silverstone Circuit,United Kingdom,High,2,52,Mixed,25.7,18.0,3,Pierre Gasly,GAS,Alpine,2,85,10,89.691,1.191,4.512809419120986,6,8,0,0,Finished,2,2.3,0,1.0,10.0,3.0,20,1.191,3,1,4,0,0
29,2022,9,Silverstone Circuit,United Kingdom,High,2,52,Mixed,25.7,18.0,3,Esteban Ocon,OCO,Alpine,2,84,11,89.54,1.04,4.693906405338786,7,6,0,0,Finished,3,2.57,0,0.25,13.0,9.0,22,1.04,3,1,4,0,0
29,2022,9,Silverstone Circuit,United Kingdom,High,2,52,Mixed,25.7,18.0,3,Lance Stroll,STR,Aston Martin,2,81,12,89.869,1.369,3.9516806474037263,8,4,0,0,Finished,3,2.45,0,0.25,11.5,13.0,24,1.369,3,1,4,0,0
29,2022,9,Silverstone Circuit,United Kingdom,High,2,52,Mixed,25.7,18.0,3,Yuki Tsunoda,TSU,RB,3,83,13,89.437,0.937,3.877150452320087,9,2,0,0,Finished,2,3.39,0,0.0,15.25,0.0,26,0.937,3,1,4,0,0
29,2022,9,Silverstone Circuit,United Kingdom,High,2,52,Mixed,25.7,18.0,3,Kevin Magnussen,MAG,Haas,3,82,14,90.186,1.686,3.4143742558124712,11,0,0,0,Finished,4,3.13,0,0.0,15.0,0.0,28,1.686,3,1,3,0,0
29,2022,9,Silverstone Circuit,United Kingdom,High,2,52,Mixed,25.7,18.0,3,Daniel Ricciardo,RIC,RB,3,84,15,89.576,1.076,2.419775449062298,13,0,0,0,Finished,3,2.48,0,0.0,12.75,2.0,30,1.076,3,1,2,0,0
29,2022,9,Silverstone Circuit,United Kingdom,High,2,52,Mixed,25.7,18.0,3,Nico Hulkenberg,HUL,Haas,3,84,16,89.873,1.373,3.5568226976436894,12,0,0,0,Finished,3,2.85,0,0.0,15.5,0.0,32,1.373,3,1,4,0,0
29,2022,9,Silverstone Circuit,United Kingdom,High,2,52,Mixed,25.7,18.0,3,Alexander Albon,ALB,Williams,3,86,17,89.667,1.167,4.213935865966486,10,1,0,0,Finished,2,3.38,0,0.0,14.75,0.0,34,1.167,3,1,7,0,0
29,2022,9,Silverstone Circuit,United Kingdom,High,2,52,Mixed,25.7,18.0,3,Valtteri Bottas,BOT,Kick Sauber,4,83,18,89.729,1.229,2.5026456061963422,14,0,0,0,Finished,3,2.91,0,0.0,17.0,0.0,36,1.229,3,1,4,0,0
29,2022,9,Silverstone Circuit,United Kingdom,High,2,52,Mixed,25.7,18.0,3,Zhou Guanyu,ZHO,Kick Sauber,4,79,19,89.966,1.466,1.1093296614266075,15,0,0,0,Finished,2,2.66,0,0.0,18.25,0.0,38,1.466,3,1,4,0,0
29,2022,9,Silverstone Circuit,United Kingdom,High,2,52,Mixed,25.7,18.0,3,Logan Sargeant,SAR,Williams,4,76,20,89.726,1.226,0.4930474082945674,16,0,0,0,Suspension,0,2.43,0,0.0,19.25,1.0,40,1.226,3,1,4,0,0
30,2022,10,Hungaroring,Hungary,High,4,70,Dry,25.9,14.7,12,Max Verstappen,VER,Red Bull Racing,1,97,1,77.0,0.0,8.688041118661932,1,25,1,1,Finished,1,2.22,0,25.25,1.0,76.0,4,0.0,3,0,0,1,1
30,2022,10,Hungaroring,Hungary,High,4,70,Dry,25.9,14.7,12,Lewis Hamilton,HAM,Mercedes,1,95,2,77.07,0.07,7.519431362251244,20,0,0,0,Collision,1,3.63,0,17.25,2.25,46.0,8,0.07,3,0,-18,1,1
30,2022,10,Hungaroring,Hungary,High,4,70,Dry,25.9,14.7,12,Lando Norris,NOR,McLaren,1,93,3,77.22,0.22,8.097732531766653,2,18,1,0,Finished,2,3.17,0,6.75,11.75,20.0,12,0.22,3,0,1,0,1
30,2022,10,Hungaroring,Hungary,High,4,70,Dry,25.9,14.7,12,Charles Leclerc,LEC,Ferrari,1,94,4,77.367,0.367,8.047018095720285,3,15,1,0,Finished,2,3.16,0,10.75,7.75,30.0,16,0.367,3,0,1,0,1
30,2022,10,Hungaroring,Hungary,High,4,70,Dry,25.9,14.7,12,Carlos Sainz,SAI,Ferrari,1,91,5,77.472,0.472,8.316633826272263,4,13,0,0,Finished,2,3.39,1,9.5,5.5,37.0,20,0.472,3,0,1,0,1
30,2022,10,Hungaroring,Hungary,High,4,70,Dry,25.9,14.7,12,George Russell,RUS,Mercedes,1,91,6,77.459,0.459,7.058881773633415,5,11,0,0,Finished,1,2.72,1,8.25,7.75,28.0,24,0.459,3,0,1,0,0
30,2022,10,Hungaroring,Hungary,High,4,70,Dry,25.9,14.7,12,Oscar Piastri,PIA,McLaren,1,90,7,77.644,0.644,7.321672526749229,6,8,0,0,Finished,1,3.18,0,5.0,9.5,22.0,28,0.644,3,0,1,0,0
30,2022,10,Hungaroring,Hungary,High,4,70,Dry,25.9,14.7,12,Sergio Perez,PER,Red Bull Racing,1,88,8,77.491,0.491,5.782700879054881,7,6,0,0,Finished,3,2.63,0,8.75,5.75,76.0,32,0.491,3,0,1,0,0
30,2022,10,Hungaroring,Hungary,High,4,70,Dry,25.9,14.7,12,Fernando Alonso,ALO,Aston Martin,2,92,9,78.032,1.032,6.103471827999736,8,4,0,0,Finished,1,2.19,0,5.0,7.5,17.0,36,1.032,3,0,1,0,0
30,2022,10,Hungaroring,Hungary,High,4,70,Dry,25.9,14.7,12,Pierre Gasly,GAS,Alpine,2,85,10,78.063,1.063,5.06918533432365,9,2,0,0,Finished,2,2.7,0,2.75,9.0,14.0,40,1.063,3,0,1,0,0
30,2022,10,Hungaroring,Hungary,High,4,70,Dry,25.9,14.7,12,Esteban Ocon,OCO,Alpine,2,84,11,78.396,1.396,4.17152564627405,11,0,0,0,Finished,1,2.74,0,1.75,12.0,16.0,44,1.396,3,0,0,0,0
30,2022,10,Hungaroring,Hungary,High,4,70,Dry,25.9,14.7,12,Lance Stroll,STR,Aston Martin,2,81,12,78.201,1.201,4.800125056506057,10,1,0,0,Finished,1,2.72,0,1.25,10.5,19.0,48,1.201,3,0,2,0,0
30,2022,10,Hungaroring,Hungary,High,4,70,Dry,25.9,14.7,12,Nico Hulkenberg,HUL,Haas,3,84,13,77.963,0.963,3.995191258099663,12,0,0,0,Finished,2,2.87,0,0.0,14.75,0.0,52,0.963,3,0,1,0,0
30,2022,10,Hungaroring,Hungary,High,4,70,Dry,25.9,14.7,12,Alexander Albon,ALB,Williams,3,86,14,78.119,1.119,4.1555631125308485,13,0,0,0,Finished,2,2.57,0,0.25,12.25,1.0,56,1.119,3,0,1,0,0
30,2022,10,Hungaroring,Hungary,High,4,70,Dry,25.9,14.7,12,Daniel Ricciardo,RIC,RB,3,84,15,78.335,1.335,4.123194725915937,14,0,0,0,Finished,2,2.97,0,0.0,12.75,2.0,60,1.335,3,0,1,0,0
30,2022,10,Hungaroring,Hungary,High,4,70,Dry,25.9,14.7,12,Yuki Tsunoda,TSU,RB,3,83,16,78.905,1.905,3.6357681819209846,15,0,0,0,Finished,1,2.84,0,0.5,13.5,2.0,64,1.905,3,0,1,0,0
30,2022,10,Hungaroring,Hungary,High,4,70,Dry,25.9,14.7,12,Kevin Magnussen,MAG,Haas,3,82,17,78.122,1.122,3.613196322574818,16,0,0,0,Finished,1,3.15,0,0.0,14.25,0.0,68,1.122,3,0,1,0,0
30,2022,10,Hungaroring,Hungary,High,4,70,Dry,25.9,14.7,12,Valtteri Bottas,BOT,Kick Sauber,4,83,18,79.236,2.236,0.7488390494372188,17,0,0,0,Finished,1,3.39,0,0.0,16.25,0.0,72,2.236,3,0,1,0,0
30,2022,10,Hungaroring,Hungary,High,4,70,Dry,25.9,14.7,12,Zhou Guanyu,ZHO,Kick Sauber,4,79,19,78.495,1.495,2.024371305771677,19,0,0,0,Suspension,1,3.19,0,0.0,17.5,0.0,76,1.495,3,0,0,0,0
30,2022,10,Hungaroring,Hungary,High,4,70,Dry,25.9,14.7,12,Logan Sargeant,SAR,Williams,4,76,20,78.631,1.631,1.1228060671891975,18,0,0,0,Finished,1,3.11,0,0.0,18.5,1.0,80,1.631,3,0,2,0,0
31,2022,11,Circuit de Spa-Francorchamps,Belgium,Medium,2,44,Dry,30.3,23.8,2,Lewis Hamilton,HAM,Mercedes,1,95,1,105.0,0.0,7.995583586221416,1,25,1,1,Finished,2,2.83,0,12.75,6.75,29.0,2,0.0,2,0,0,1,1
31,2022,11,Circuit de Spa-Francorchamps,Belgium,Medium,2,44,Dry,30.3,23.8,2,Max Verstappen,VER,Red Bull Racing,1,97,2,105.134,0.134,8.157644721317704,2,18,1,0,Finished,1,2.9,0,25.25,1.0,69.0,4,0.134,2,0,0,1,1
31,2022,11,Circuit de Spa-Francorchamps,Belgium,Medium,2,44,Dry,30.3,23.8,2,Carlos Sainz,SAI,Ferrari,1,91,3,105.253,0.253,7.835584468207224,3,15,1,0,Finished,1,2.71,0,11.75,4.5,44.0,6,0.253,2,0,0,0,1
31,2022,11,Circuit de Spa-Francorchamps,Belgium,Medium,2,44,Dry,30.3,23.8,2,Charles Leclerc,LEC,Ferrari,1,94,4,105.254,0.254,7.610939073629789,4,12,0,0,Finished,1,2.51,0,10.5,7.75,59.0,8,0.254,2,0,0,0,1
31,2022,11,Circuit de Spa-Francorchamps,Belgium,Medium,2,44,Dry,30.3,23.8,2,George Russell,RUS,Mercedes,1,91,5,105.416,0.416,7.138628130103998,6,8,0,0,Finished,1,2.98,0,8.0,8.0,36.0,10,0.416,2,0,-1,0,1
31,2022,11,Circuit de Spa-Francorchamps,Belgium,Medium,2,44,Dry,30.3,23.8,2,Lando Norris,NOR,McLaren,1,93,6,105.438,0.438,7.8554810132812145,5,10,0,0,Finished,2,2.57,0,8.5,11.0,26.0,12,0.438,2,0,1,0,0
31,2022,11,Circuit de Spa-Francorchamps,Belgium,Medium,2,44,Dry,30.3,23.8,2,Oscar Piastri,PIA,McLaren,1,90,7,105.584,0.584,6.946199233765283,7,6,0,0,Finished,1,3.38,0,5.0,9.5,36.0,14,0.584,2,0,0,0,0
31,2022,11,Circuit de Spa-Francorchamps,Belgium,Medium,2,44,Dry,30.3,23.8,2,Sergio Perez,PER,Red Bull Racing,1,88,8,105.484,0.484,6.457386433170198,8,4,0,0,Finished,1,2.61,0,8.75,5.75,61.0,16,0.484,2,0,0,0,0
31,2022,11,Circuit de Spa-Francorchamps,Belgium,Medium,2,44,Dry,30.3,23.8,2,Fernando Alonso,ALO,Aston Martin,2,92,9,106.038,1.038,6.394247430830172,20,0,0,0,Hydraulics,0,3.13,0,5.5,7.25,19.0,18,1.038,2,0,-11,0,0
31,2022,11,Circuit de Spa-Francorchamps,Belgium,Medium,2,44,Dry,30.3,23.8,2,Esteban Ocon,OCO,Alpine,2,84,10,105.982,0.982,5.130930035804143,9,2,0,0,Finished,2,3.14,0,1.75,12.0,16.0,20,0.982,2,0,1,0,0
31,2022,11,Circuit de Spa-Francorchamps,Belgium,Medium,2,44,Dry,30.3,23.8,2,Pierre Gasly,GAS,Alpine,2,85,11,105.966,0.966,4.707241971612616,10,1,0,0,Finished,2,2.65,0,3.0,8.75,10.0,22,0.966,2,0,1,0,0
31,2022,11,Circuit de Spa-Francorchamps,Belgium,Medium,2,44,Dry,30.3,23.8,2,Lance Stroll,STR,Aston Martin,2,81,12,106.303,1.303,3.438313647404636,12,0,0,0,Finished,2,2.29,0,1.5,10.0,9.0,24,1.303,2,0,0,0,0
31,2022,11,Circuit de Spa-Francorchamps,Belgium,Medium,2,44,Dry,30.3,23.8,2,Daniel Ricciardo,RIC,RB,3,84,13,105.91,0.91,3.930634114523609,11,0,0,0,Finished,3,2.11,0,0.0,12.75,2.0,26,0.91,2,0,2,0,0
31,2022,11,Circuit de Spa-Francorchamps,Belgium,Medium,2,44,Dry,30.3,23.8,2,Nico Hulkenberg,HUL,Haas,3,84,14,105.896,0.896,3.705556875752936,13,0,0,0,Finished,2,2.9,0,0.0,13.5,0.0,28,0.896,2,0,1,0,0
31,2022,11,Circuit de Spa-Francorchamps,Belgium,Medium,2,44,Dry,30.3,23.8,2,Alexander Albon,ALB,Williams,3,86,15,106.173,1.173,4.191394534346286,19,0,0,0,Power Unit,0,3.85,0,0.25,12.25,1.0,30,1.173,2,0,-4,0,0
31,2022,11,Circuit de Spa-Francorchamps,Belgium,Medium,2,44,Dry,30.3,23.8,2,Yuki Tsunoda,TSU,RB,3,83,16,106.644,1.644,2.875618873811163,15,0,0,0,Finished,1,2.39,0,0.5,13.5,0.0,32,1.644,2,0,1,0,0
31,2022,11,Circuit de Spa-Francorchamps,Belgium,Medium,2,44,Dry,30.3,23.8,2,Kevin Magnussen,MAG,Haas,3,82,17,106.235,1.235,3.1718260086019976,14,0,0,0,Finished,1,3.24,0,0.0,14.25,0.0,34,1.235,2,0,3,0,0
31,2022,11,Circuit de Spa-Francorchamps,Belgium,Medium,2,44,Dry,30.3,23.8,2,Valtteri Bottas,BOT,Kick Sauber,4,83,18,106.178,1.178,2.3174587729198137,17,0,0,0,Finished,2,2.13,0,0.0,16.0,0.0,36,1.178,2,0,1,0,0
31,2022,11,Circuit de Spa-Francorchamps,Belgium,Medium,2,44,Dry,30.3,23.8,2,Zhou Guanyu,ZHO,Kick Sauber,4,79,19,106.505,1.505,2.9448803532048857,16,0,0,0,Finished,2,2.56,0,0.0,17.5,0.0,38,1.505,2,0,3,0,0
31,2022,11,Circuit de Spa-Francorchamps,Belgium,Medium,2,44,Dry,30.3,23.8,2,Logan Sargeant,SAR,Williams,4,76,20,106.366,1.366,1.6532608897131722,18,0,0,0,Finished,1,2.27,0,0.0,18.0,0.0,40,1.366,2,0,2,0,0
32,2022,12,Circuit Zandvoort,Netherlands,High,4,72,Dry,29.5,21.4,0,Max Verstappen,VER,Red Bull Racing,1,97,1,71.0,0.0,8.544520007525556,1,25,1,1,Finished,2,2.67,0,23.5,1.25,53.0,4,0.0,3,0,0,1,1
32,2022,12,Circuit Zandvoort,Netherlands,High,4,72,Dry,29.5,21.4,0,Lewis Hamilton,HAM,Mercedes,1,95,2,71.131,0.131,7.781298681105578,2,18,1,0,Finished,2,3.2,0,15.25,6.25,44.0,8,0.131,3,0,0,1,1
32,2022,12,Circuit Zandvoort,Netherlands,High,4,72,Dry,29.5,21.4,0,Carlos Sainz,SAI,Ferrari,1,91,3,71.151,0.151,7.203417196706049,20,0,0,0,Hydraulics,0,3.52,0,12.5,4.25,55.0,12,0.151,3,0,-17,0,1
32,2022,12,Circuit Zandvoort,Netherlands,High,4,72,Dry,29.5,21.4,0,Lando Norris,NOR,McLaren,1,93,4,71.313,0.313,7.256017186182897,3,15,1,0,Finished,2,3.35,0,11.0,7.25,42.0,16,0.313,3,0,1,0,1
32,2022,12,Circuit Zandvoort,Netherlands,High,4,72,Dry,29.5,21.4,0,George Russell,RUS,Mercedes,1,91,5,71.558,0.558,6.963335358245892,4,12,0,0,Finished,2,2.92,0,7.25,8.25,62.0,20,0.558,3,0,1,0,1
32,2022,12,Circuit Zandvoort,Netherlands,High,4,72,Dry,29.5,21.4,0,Charles Leclerc,LEC,Ferrari,1,94,6,71.667,0.667,6.85453909123124,5,11,0,0,Finished,2,2.12,1,8.75,8.25,40.0,24,0.667,3,0,1,0,0
32,2022,12,Circuit Zandvoort,Netherlands,High,4,72,Dry,29.5,21.4,0,Oscar Piastri,PIA,McLaren,1,90,7,71.755,0.755,7.090105398131081,6,8,0,0,Finished,2,2.45,0,4.5,9.75,39.0,28,0.755,3,0,1,0,0
32,2022,12,Circuit Zandvoort,Netherlands,High,4,72,Dry,29.5,21.4,0,Sergio Perez,PER,Red Bull Racing,1,88,8,71.605,0.605,7.199107213269511,7,6,0,0,Finished,2,2.58,0,8.75,5.75,53.0,32,0.605,3,0,1,0,0
32,2022,12,Circuit Zandvoort,Netherlands,High,4,72,Dry,29.5,21.4,0,Fernando Alonso,ALO,Aston Martin,2,92,9,71.771,0.771,6.500374889571624,8,4,0,0,Finished,2,2.19,0,4.0,10.5,5.0,36,0.771,3,0,1,0,0
32,2022,12,Circuit Zandvoort,Netherlands,High,4,72,Dry,29.5,21.4,0,Pierre Gasly,GAS,Alpine,2,85,10,72.113,1.113,5.19818946246343,9,2,0,0,Finished,1,3.34,0,2.75,9.0,5.0,40,1.113,3,0,1,0,0
32,2022,12,Circuit Zandvoort,Netherlands,High,4,72,Dry,29.5,21.4,0,Esteban Ocon,OCO,Alpine,2,84,11,72.144,1.144,5.567207184462276,10,1,0,0,Finished,2,2.95,0,2.0,11.75,5.0,44,1.144,3,0,1,0,0
32,2022,12,Circuit Zandvoort,Netherlands,High,4,72,Dry,29.5,21.4,0,Lance Stroll,STR,Aston Martin,2,81,12,72.477,1.477,4.895556771060411,11,0,0,0,Finished,2,2.98,0,1.5,10.0,5.0,48,1.477,3,0,1,0,0
32,2022,12,Circuit Zandvoort,Netherlands,High,4,72,Dry,29.5,21.4,0,Nico Hulkenberg,HUL,Haas,3,84,13,71.994,0.994,3.649843544075989,13,0,0,0,Finished,1,2.92,0,0.0,13.5,0.0,52,0.994,3,0,0,0,0
32,2022,12,Circuit Zandvoort,Netherlands,High,4,72,Dry,29.5,21.4,0,Alexander Albon,ALB,Williams,3,86,14,72.124,1.124,4.196863231421245,12,0,0,0,Finished,2,2.84,0,0.25,13.5,0.0,56,1.124,3,0,2,0,0
32,2022,12,Circuit Zandvoort,Netherlands,High,4,72,Dry,29.5,21.4,0,Yuki Tsunoda,TSU,RB,3,83,15,72.303,1.303,4.276890239033873,19,0,0,0,Suspension,1,3.9,0,0.5,13.25,0.0,60,1.303,3,0,-4,0,0
32,2022,12,Circuit Zandvoort,Netherlands,High,4,72,Dry,29.5,21.4,0,Daniel Ricciardo,RIC,RB,3,84,16,73.086,2.086,4.661919463257179,14,0,0,0,Finished,2,3.39,0,0.0,12.75,0.0,64,2.086,3,0,2,0,0
32,2022,12,Circuit Zandvoort,Netherlands,High,4,72,Dry,29.5,21.4,0,Kevin Magnussen,MAG,Haas,3,82,17,73.199,2.199,4.04153581306471,15,0,0,0,Finished,1,3.05,0,0.0,14.0,0.0,68,2.199,3,0,2,0,0
32,2022,12,Circuit Zandvoort,Netherlands,High,4,72,Dry,29.5,21.4,0,Valtteri Bottas,BOT,Kick Sauber,4,83,18,72.687,1.687,2.1674091690022905,16,0,0,0,Finished,2,2.66,0,0.0,16.0,0.0,72,1.687,3,0,2,0,0
32,2022,12,Circuit Zandvoort,Netherlands,High,4,72,Dry,29.5,21.4,0,Zhou Guanyu,ZHO,Kick Sauber,4,79,19,72.153,1.153,1.056932688619238,18,0,0,0,Finished,1,2.49,0,0.0,17.0,0.0,76,1.153,3,0,1,0,0
32,2022,12,Circuit Zandvoort,Netherlands,High,4,72,Dry,29.5,21.4,0,Logan Sargeant,SAR,Williams,4,76,20,72.311,1.311,1.7458856389450936,17,0,0,0,Finished,1,2.63,0,0.0,17.75,0.0,80,1.311,3,0,3,0,0
33,2022,13,Autodromo Nazionale Monza,Italy,Low,2,53,Dry,30.6,21.0,0,Max Verstappen,VER,Red Bull Racing,1,97,1,81.5,0.0,7.707608603990363,1,25,1,1,Finished,2,2.98,0,23.5,1.25,53.0,2,0.0,1,0,0,1,1
33,2022,13,Autodromo Nazionale Monza,Italy,Low,2,53,Dry,30.6,21.0,0,Lewis Hamilton,HAM,Mercedes,1,95,2,81.606,0.106,7.627400867686096,2,19,1,0,Finished,2,3.14,1,15.25,6.25,63.0,4,0.106,1,0,0,1,1
33,2022,13,Autodromo Nazionale Monza,Italy,Low,2,53,Dry,30.6,21.0,0,Charles Leclerc,LEC,Ferrari,1,94,3,81.625,0.125,7.325548255332196,4,12,0,0,Finished,1,2.3,0,9.5,8.0,38.0,6,0.125,1,0,-1,0,1
33,2022,13,Autodromo Nazionale Monza,Italy,Low,2,53,Dry,30.6,21.0,0,Oscar Piastri,PIA,McLaren,1,90,4,81.741,0.241,8.007135422836487,3,15,1,0,Finished,1,2.59,0,5.5,9.25,39.0,8,0.241,1,0,1,0,1
33,2022,13,Autodromo Nazionale Monza,Italy,Low,2,53,Dry,30.6,21.0,0,George Russell,RUS,Mercedes,1,91,5,81.828,0.328,6.815473884436413,6,8,0,0,Finished,1,2.92,0,7.75,8.0,57.0,10,0.328,1,0,-1,0,1
33,2022,13,Autodromo Nazionale Monza,Italy,Low,2,53,Dry,30.6,21.0,0,Carlos Sainz,SAI,Ferrari,1,91,6,81.926,0.426,7.2487410221317585,5,10,0,0,Finished,1,2.34,0,11.0,7.5,35.0,12,0.426,1,0,1,0,0
33,2022,13,Autodromo Nazionale Monza,Italy,Low,2,53,Dry,30.6,21.0,0,Lando Norris,NOR,McLaren,1,93,7,82.248,0.748,6.534604406038197,8,4,0,0,Finished,1,2.37,0,10.75,7.25,44.0,14,0.748,1,0,-1,0,0
33,2022,13,Autodromo Nazionale Monza,Italy,Low,2,53,Dry,30.6,21.0,0,Sergio Perez,PER,Red Bull Racing,1,88,8,82.103,0.603,6.983423553263975,7,6,0,0,Finished,2,2.58,0,7.0,6.5,60.0,16,0.603,1,0,1,0,0
33,2022,13,Autodromo Nazionale Monza,Italy,Low,2,53,Dry,30.6,21.0,0,Fernando Alonso,ALO,Aston Martin,2,92,9,82.096,0.596,5.749661126552814,9,2,0,0,Finished,1,2.93,0,4.5,10.25,4.0,18,0.596,1,0,0,0,0
33,2022,13,Autodromo Nazionale Monza,Italy,Low,2,53,Dry,30.6,21.0,0,Esteban Ocon,OCO,Alpine,2,84,10,82.468,0.968,5.554561081194598,10,1,0,0,Finished,1,2.11,0,2.25,9.25,6.0,20,0.968,1,0,0,0,0
33,2022,13,Autodromo Nazionale Monza,Italy,Low,2,53,Dry,30.6,21.0,0,Pierre Gasly,GAS,Alpine,2,85,11,82.154,0.654,4.710261809821555,11,0,0,0,Finished,2,3.3,0,3.25,8.5,5.0,22,0.654,1,0,0,0,0
33,2022,13,Autodromo Nazionale Monza,Italy,Low,2,53,Dry,30.6,21.0,0,Lance Stroll,STR,Aston Martin,2,81,12,82.84,1.34,4.579630866893315,12,0,0,0,Finished,2,3.17,0,1.25,10.25,6.0,24,1.34,1,0,0,0,0
33,2022,13,Autodromo Nazionale Monza,Italy,Low,2,53,Dry,30.6,21.0,0,Nico Hulkenberg,HUL,Haas,3,84,13,82.776,1.276,3.216638457724831,15,0,0,0,Finished,2,2.93,0,0.0,12.5,0.0,26,1.276,1,0,-2,0,0
33,2022,13,Autodromo Nazionale Monza,Italy,Low,2,53,Dry,30.6,21.0,0,Alexander Albon,ALB,Williams,3,86,14,82.601,1.101,4.370413775314024,13,0,0,0,Finished,2,2.52,0,0.25,13.5,0.0,28,1.101,1,0,1,0,0
33,2022,13,Autodromo Nazionale Monza,Italy,Low,2,53,Dry,30.6,21.0,0,Daniel Ricciardo,RIC,RB,3,84,15,82.638,1.138,3.8892482262823576,14,0,0,0,Finished,2,2.29,0,0.0,13.0,0.0,30,1.138,1,0,1,0,0
33,2022,13,Autodromo Nazionale Monza,Italy,Low,2,53,Dry,30.6,21.0,0,Yuki Tsunoda,TSU,RB,3,83,16,83.195,1.695,2.634355410494238,17,0,0,0,Finished,2,2.45,0,0.5,14.5,0.0,32,1.695,1,0,-1,0,0
33,2022,13,Autodromo Nazionale Monza,Italy,Low,2,53,Dry,30.6,21.0,0,Kevin Magnussen,MAG,Haas,3,82,17,83.594,2.094,2.917960263351426,16,0,0,0,Finished,1,3.12,0,0.0,14.0,0.0,34,2.094,1,0,1,0,0
33,2022,13,Autodromo Nazionale Monza,Italy,Low,2,53,Dry,30.6,21.0,0,Valtteri Bottas,BOT,Kick Sauber,4,83,18,83.388,1.888,2.378540446000492,18,0,0,0,Finished,2,2.21,0,0.0,16.0,0.0,36,1.888,1,0,0,0,0
33,2022,13,Autodromo Nazionale Monza,Italy,Low,2,53,Dry,30.6,21.0,0,Zhou Guanyu,ZHO,Kick Sauber,4,79,19,82.662,1.162,1.597324939513756,19,0,0,0,Finished,2,2.73,0,0.0,17.0,0.0,38,1.162,1,0,0,0,0
33,2022,13,Autodromo Nazionale Monza,Italy,Low,2,53,Dry,30.6,21.0,0,Logan Sargeant,SAR,Williams,4,76,20,84.026,2.526,0.7919639609049619,20,0,0,0,Finished,2,3.3,0,0.0,17.25,0.0,40,2.526,1,0,0,0,0
34,2022,14,Marina Bay Street Circuit,Singapore,High,5,62,Dry,43.1,36.1,9,Max Verstappen,VER,Red Bull Racing,1,97,1,96.0,0.0,8.197302984597977,1,25,1,1,Finished,1,3.08,0,23.25,1.25,62.0,5,0.0,3,0,0,1,1
34,2022,14,Marina Bay Street Circuit,Singapore,High,5,62,Dry,43.1,36.1,9,Lewis Hamilton,HAM,Mercedes,1,95,2,96.091,0.091,8.825774212150339,2,18,1,0,Finished,1,2.87,0,15.5,6.25,57.0,10,0.091,3,0,0,1,1
34,2022,14,Marina Bay Street Circuit,Singapore,High,5,62,Dry,43.1,36.1,9,Carlos Sainz,SAI,Ferrari,1,91,3,96.254,0.254,7.178258749101631,4,12,0,0,Finished,1,2.37,0,9.5,8.0,33.0,15,0.254,3,0,-1,0,1
34,2022,14,Marina Bay Street Circuit,Singapore,High,5,62,Dry,43.1,36.1,9,Charles Leclerc,LEC,Ferrari,1,94,4,96.303,0.303,7.864353272486385,3,15,1,0,Finished,1,3.3,0,12.5,4.0,45.0,20,0.303,3,0,1,0,1
34,2022,14,Marina Bay Street Circuit,Singapore,High,5,62,Dry,43.1,36.1,9,George Russell,RUS,Mercedes,1,91,5,96.387,0.387,7.486976127727433,5,10,0,0,Finished,1,2.1,0,9.75,5.25,57.0,25,0.387,3,0,0,0,1
34,2022,14,Marina Bay Street Circuit,Singapore,High,5,62,Dry,43.1,36.1,9,Lando Norris,NOR,McLaren,1,93,6,96.342,0.342,7.300349482270549,6,8,0,0,Finished,2,3.06,0,11.75,4.5,42.0,30,0.342,3,0,0,0,0
34,2022,14,Marina Bay Street Circuit,Singapore,High,5,62,Dry,43.1,36.1,9,Oscar Piastri,PIA,McLaren,1,90,7,96.682,0.682,6.595346072941412,7,6,0,0,Finished,1,2.26,0,9.25,5.5,35.0,35,0.682,3,0,0,0,0
34,2022,14,Marina Bay Street Circuit,Singapore,High,5,62,Dry,43.1,36.1,9,Sergio Perez,PER,Red Bull Racing,1,88,8,96.826,0.826,7.259913845342532,8,4,0,0,Finished,1,3.04,0,5.5,7.25,62.0,40,0.826,3,0,0,0,0
34,2022,14,Marina Bay Street Circuit,Singapore,High,5,62,Dry,43.1,36.1,9,Fernando Alonso,ALO,Aston Martin,2,92,9,96.741,0.741,6.390162879665823,9,2,0,0,Finished,2,2.66,0,2.5,11.25,6.0,45,0.741,3,0,0,0,0
34,2022,14,Marina Bay Street Circuit,Singapore,High,5,62,Dry,43.1,36.1,9,Pierre Gasly,GAS,Alpine,2,85,10,96.735,0.735,5.490630247552684,10,1,0,0,Finished,1,2.77,0,1.25,9.75,4.0,50,0.735,3,0,0,0,0
34,2022,14,Marina Bay Street Circuit,Singapore,High,5,62,Dry,43.1,36.1,9,Esteban Ocon,OCO,Alpine,2,84,11,97.354,1.354,5.13477107978419,11,0,0,0,Finished,1,2.59,0,1.0,10.0,3.0,55,1.354,3,0,0,0,0
34,2022,14,Marina Bay Street Circuit,Singapore,High,5,62,Dry,43.1,36.1,9,Lance Stroll,STR,Aston Martin,2,81,12,96.783,0.783,4.227716962161639,20,0,0,0,Hydraulics,1,2.42,0,0.25,11.25,4.0,60,0.783,3,0,-8,0,0
34,2022,14,Marina Bay Street Circuit,Singapore,High,5,62,Dry,43.1,36.1,9,Alexander Albon,ALB,Williams,3,86,13,97.242,1.242,4.266475982713958,12,0,0,0,Finished,2,3.03,0,0.0,14.25,0.0,65,1.242,3,0,1,0,0
34,2022,14,Marina Bay Street Circuit,Singapore,High,5,62,Dry,43.1,36.1,9,Nico Hulkenberg,HUL,Haas,3,84,14,97.138,1.138,3.9792163287813462,13,0,0,0,Finished,1,2.15,0,0.0,13.25,0.0,70,1.138,3,0,1,0,0
34,2022,14,Marina Bay Street Circuit,Singapore,High,5,62,Dry,43.1,36.1,9,Yuki Tsunoda,TSU,RB,3,83,15,97.334,1.334,3.78117317821256,14,0,0,0,Finished,3,2.4,0,0.0,16.5,0.0,75,1.334,3,0,1,0,0
34,2022,14,Marina Bay Street Circuit,Singapore,High,5,62,Dry,43.1,36.1,9,Daniel Ricciardo,RIC,RB,3,84,16,97.066,1.066,4.241694672005346,15,0,0,0,Finished,1,2.35,0,0.0,13.25,0.0,80,1.066,3,0,1,0,0
34,2022,14,Marina Bay Street Circuit,Singapore,High,5,62,Dry,43.1,36.1,9,Kevin Magnussen,MAG,Haas,3,82,17,97.28,1.28,3.808373504816097,16,0,0,0,Finished,1,2.61,0,0.0,15.25,0.0,85,1.28,3,0,1,0,0
34,2022,14,Marina Bay Street Circuit,Singapore,High,5,62,Dry,43.1,36.1,9,Valtteri Bottas,BOT,Kick Sauber,4,83,18,97.585,1.585,2.4156496262829656,17,0,0,0,Finished,2,2.54,0,0.0,17.0,0.0,90,1.585,3,0,1,0,0
34,2022,14,Marina Bay Street Circuit,Singapore,High,5,62,Dry,43.1,36.1,9,Zhou Guanyu,ZHO,Kick Sauber,4,79,19,98.21,2.21,1.7895655468295502,18,0,0,0,Finished,1,2.98,0,0.0,18.0,0.0,95,2.21,3,0,1,0,0
34,2022,14,Marina Bay Street Circuit,Singapore,High,5,62,Dry,43.1,36.1,9,Logan Sargeant,SAR,Williams,4,76,20,97.777,1.777,1.3009301831262707,19,0,0,0,Finished,2,3.22,0,0.0,18.25,0.0,100,1.777,3,0,1,0,0
35,2022,15,Suzuka International Racing Course,Japan,High,3,53,Dry,35.6,23.7,1,Max Verstappen,VER,Red Bull Racing,1,97,1,89.0,0.0,8.243838112615013,1,26,1,1,Finished,1,2.92,1,23.25,1.25,60.0,3,0.0,3,0,0,1,1
35,2022,15,Suzuka International Racing Course,Japan,High,3,53,Dry,35.6,23.7,1,Charles Leclerc,LEC,Ferrari,1,94,2,89.086,0.086,7.686100240399041,2,18,1,0,Finished,1,3.32,0,12.5,4.0,49.0,6,0.086,3,0,0,1,1
35,2022,15,Suzuka International Racing Course,Japan,High,3,53,Dry,35.6,23.7,1,Lewis Hamilton,HAM,Mercedes,1,95,3,89.245,0.245,7.70253738877624,3,15,1,0,Finished,2,2.91,0,20.0,1.75,55.0,9,0.245,3,0,0,0,1
35,2022,15,Suzuka International Racing Course,Japan,High,3,53,Dry,35.6,23.7,1,Lando Norris,NOR,McLaren,1,93,4,89.197,0.197,7.078625655683947,4,12,0,0,Finished,1,2.54,0,9.25,5.5,33.0,12,0.197,3,0,0,0,1
35,2022,15,Suzuka International Racing Course,Japan,High,3,53,Dry,35.6,23.7,1,Carlos Sainz,SAI,Ferrari,1,91,5,89.301,0.301,7.243829548444894,6,8,0,0,Finished,2,3.16,0,9.25,8.0,55.0,15,0.301,3,0,-1,0,1
35,2022,15,Suzuka International Racing Course,Japan,High,3,53,Dry,35.6,23.7,1,Sergio Perez,PER,Red Bull Racing,1,88,6,89.682,0.682,7.613273394444379,5,11,0,0,Finished,2,2.56,1,5.0,7.5,61.0,18,0.682,3,0,1,0,0
35,2022,15,Suzuka International Racing Course,Japan,High,3,53,Dry,35.6,23.7,1,Oscar Piastri,PIA,McLaren,1,90,7,89.773,0.773,7.113713568817762,20,0,0,0,Power Unit,0,2.53,0,8.75,5.75,30.0,21,0.773,3,0,-13,0,0
35,2022,15,Suzuka International Racing Course,Japan,High,3,53,Dry,35.6,23.7,1,George Russell,RUS,Mercedes,1,91,8,89.707,0.707,6.848388332078275,7,6,0,0,Finished,1,2.27,0,9.5,5.25,51.0,24,0.707,3,0,1,0,0
35,2022,15,Suzuka International Racing Course,Japan,High,3,53,Dry,35.6,23.7,1,Fernando Alonso,ALO,Aston Martin,2,92,9,90.078,1.078,5.956537019688363,8,4,0,0,Finished,1,2.41,0,2.0,11.5,4.0,27,1.078,3,0,1,0,0
35,2022,15,Suzuka International Racing Course,Japan,High,3,53,Dry,35.6,23.7,1,Pierre Gasly,GAS,Alpine,2,85,10,89.748,0.748,5.283992838158052,9,2,0,0,Finished,1,2.94,0,1.0,10.0,2.0,30,0.748,3,0,1,0,0
35,2022,15,Suzuka International Racing Course,Japan,High,3,53,Dry,35.6,23.7,1,Esteban Ocon,OCO,Alpine,2,84,11,89.915,0.915,4.123104705517694,10,1,0,0,Finished,2,3.0,0,1.0,10.0,3.0,33,0.915,3,0,1,0,0
35,2022,15,Suzuka International Racing Course,Japan,High,3,53,Dry,35.6,23.7,1,Lance Stroll,STR,Aston Martin,2,81,12,89.807,0.807,4.377067835678153,11,0,0,0,Finished,1,3.17,0,0.0,13.75,6.0,36,0.807,3,0,1,0,0
35,2022,15,Suzuka International Racing Course,Japan,High,3,53,Dry,35.6,23.7,1,Daniel Ricciardo,RIC,RB,3,84,13,90.203,1.203,4.306541620050988,12,0,0,0,Finished,1,2.71,0,0.0,13.5,0.0,39,1.203,3,0,1,0,0
35,2022,15,Suzuka International Racing Course,Japan,High,3,53,Dry,35.6,23.7,1,Alexander Albon,ALB,Williams,3,86,14,89.942,0.942,4.342435353018414,13,0,0,0,Finished,2,2.33,0,0.0,14.0,0.0,42,0.942,3,0,1,0,0
35,2022,15,Suzuka International Racing Course,Japan,High,3,53,Dry,35.6,23.7,1,Nico Hulkenberg,HUL,Haas,3,84,15,89.938,0.938,3.1649156069701228,19,0,0,0,Suspension,1,2.88,0,0.0,13.5,0.0,45,0.938,3,0,-4,0,0
35,2022,15,Suzuka International Racing Course,Japan,High,3,53,Dry,35.6,23.7,1,Kevin Magnussen,MAG,Haas,3,82,16,90.229,1.229,2.6669807866214303,15,0,0,0,Finished,1,2.99,0,0.0,15.25,0.0,48,1.229,3,0,1,0,0
35,2022,15,Suzuka International Racing Course,Japan,High,3,53,Dry,35.6,23.7,1,Yuki Tsunoda,TSU,RB,3,83,17,91.181,2.181,3.0890638073858563,14,0,0,0,Finished,1,3.25,0,0.0,16.25,0.0,51,2.181,3,0,3,0,0
35,2022,15,Suzuka International Racing Course,Japan,High,3,53,Dry,35.6,23.7,1,Valtteri Bottas,BOT,Kick Sauber,4,83,18,90.553,1.553,2.6227143219287967,16,0,0,0,Finished,1,3.0,0,0.0,17.0,0.0,54,1.553,3,0,2,0,0
35,2022,15,Suzuka International Racing Course,Japan,High,3,53,Dry,35.6,23.7,1,Zhou Guanyu,ZHO,Kick Sauber,4,79,19,90.283,1.283,1.475729251009729,17,0,0,0,Finished,1,2.17,0,0.0,17.75,0.0,57,1.283,3,0,2,0,0
35,2022,15,Suzuka International Racing Course,Japan,High,3,53,Dry,35.6,23.7,1,Logan Sargeant,SAR,Williams,4,76,20,90.72,1.72,1.3827055941939097,18,0,0,0,Finished,2,2.41,0,0.0,18.5,0.0,60,1.72,3,0,2,0,0
36,2022,16,Circuit of the Americas,USA,Medium,3,56,Dry,45.9,40.9,1,Max Verstappen,VER,Red Bull Racing,1,97,1,96.5,0.0,7.911255561175359,1,26,1,1,Finished,1,2.94,1,25.25,1.0,66.0,3,0.0,2,0,0,1,1
36,2022,16,Circuit of the Americas,USA,Medium,3,56,Dry,45.9,40.9,1,Lando Norris,NOR,McLaren,1,93,2,96.633,0.133,6.6762457274582445,4,12,0,0,Finished,2,3.21,0,9.75,5.25,26.0,6,0.133,2,0,-2,1,1
36,2022,16,Circuit of the Americas,USA,Medium,3,56,Dry,45.9,40.9,1,Charles Leclerc,LEC,Ferrari,1,94,3,96.742,0.242,7.596685444962443,3,15,1,0,Finished,2,2.88,0,14.0,3.5,53.0,9,0.242,2,0,0,0,1
36,2022,16,Circuit of the Americas,USA,Medium,3,56,Dry,45.9,40.9,1,Lewis Hamilton,HAM,Mercedes,1,95,4,96.884,0.384,8.24436652083694,2,18,1,0,Finished,2,2.26,0,17.5,2.25,49.0,12,0.384,2,0,2,0,1
36,2022,16,Circuit of the Americas,USA,Medium,3,56,Dry,45.9,40.9,1,Carlos Sainz,SAI,Ferrari,1,91,5,96.994,0.494,7.578458390125838,5,10,0,0,Finished,2,2.21,0,7.5,8.75,56.0,15,0.494,2,0,0,0,1
36,2022,16,Circuit of the Americas,USA,Medium,3,56,Dry,45.9,40.9,1,George Russell,RUS,Mercedes,1,91,6,97.122,0.622,7.568958119944352,6,8,0,0,Finished,2,2.34,0,9.0,5.5,49.0,18,0.622,2,0,0,0,0
36,2022,16,Circuit of the Americas,USA,Medium,3,56,Dry,45.9,40.9,1,Sergio Perez,PER,Red Bull Racing,1,88,7,97.05,0.55,6.772398432041443,7,6,0,0,Finished,1,2.32,0,6.75,6.75,67.0,21,0.55,2,0,0,0,0
36,2022,16,Circuit of the Americas,USA,Medium,3,56,Dry,45.9,40.9,1,Oscar Piastri,PIA,McLaren,1,90,8,97.172,0.672,6.54516219900375,8,4,0,0,Finished,2,2.8,0,7.25,9.0,30.0,24,0.672,2,0,0,0,0
36,2022,16,Circuit of the Americas,USA,Medium,3,56,Dry,45.9,40.9,1,Fernando Alonso,ALO,Aston Martin,2,92,9,97.208,0.708,5.511888694319506,9,2,0,0,Finished,2,2.36,0,3.0,8.5,6.0,27,0.708,2,0,0,0,0
36,2022,16,Circuit of the Americas,USA,Medium,3,56,Dry,45.9,40.9,1,Esteban Ocon,OCO,Alpine,2,84,10,97.433,0.933,5.463214548862473,10,1,0,0,Finished,1,2.15,0,0.75,10.25,4.0,30,0.933,2,0,0,0,0
36,2022,16,Circuit of the Americas,USA,Medium,3,56,Dry,45.9,40.9,1,Pierre Gasly,GAS,Alpine,2,85,11,97.334,0.834,4.914363334546928,11,0,0,0,Finished,1,2.83,0,1.25,9.75,4.0,33,0.834,2,0,0,0,0
36,2022,16,Circuit of the Americas,USA,Medium,3,56,Dry,45.9,40.9,1,Alexander Albon,ALB,Williams,3,86,12,98.011,1.511,5.092789424180547,12,0,0,0,Finished,2,2.97,0,0.0,12.5,0.0,36,1.511,2,0,0,0,0
36,2022,16,Circuit of the Americas,USA,Medium,3,56,Dry,45.9,40.9,1,Lance Stroll,STR,Aston Martin,2,81,13,98.139,1.639,3.751128263011797,13,0,0,0,Finished,1,3.34,0,0.0,13.5,6.0,39,1.639,2,0,0,0,0
36,2022,16,Circuit of the Americas,USA,Medium,3,56,Dry,45.9,40.9,1,Nico Hulkenberg,HUL,Haas,3,84,14,97.826,1.326,2.5930586673173543,16,0,0,0,Finished,1,3.04,0,0.0,15.0,0.0,42,1.326,2,0,-2,0,0
36,2022,16,Circuit of the Americas,USA,Medium,3,56,Dry,45.9,40.9,1,Yuki Tsunoda,TSU,RB,3,83,15,97.622,1.122,3.2291236310117704,14,0,0,0,Finished,2,3.31,0,0.0,16.0,0.0,45,1.122,2,0,1,0,0
36,2022,16,Circuit of the Americas,USA,Medium,3,56,Dry,45.9,40.9,1,Kevin Magnussen,MAG,Haas,3,82,16,97.401,0.901,3.480185410963889,20,0,0,0,Power Unit,0,3.39,0,0.0,15.5,0.0,48,0.901,2,0,-4,0,0
36,2022,16,Circuit of the Americas,USA,Medium,3,56,Dry,45.9,40.9,1,Daniel Ricciardo,RIC,RB,3,84,17,98.711,2.211,3.7925176645037664,15,0,0,0,Finished,2,2.44,0,0.0,13.75,0.0,51,2.211,2,0,2,0,0
36,2022,16,Circuit of the Americas,USA,Medium,3,56,Dry,45.9,40.9,1,Valtteri Bottas,BOT,Kick Sauber,4,83,18,98.269,1.769,1.975575061446834,17,0,0,0,Finished,1,2.49,0,0.0,16.75,0.0,54,1.769,2,0,1,0,0
36,2022,16,Circuit of the Americas,USA,Medium,3,56,Dry,45.9,40.9,1,Zhou Guanyu,ZHO,Kick Sauber,4,79,19,98.628,2.128,2.083960218480687,18,0,0,0,Finished,2,2.83,0,0.0,18.0,0.0,57,2.128,2,0,1,0,0
36,2022,16,Circuit of the Americas,USA,Medium,3,56,Dry,45.9,40.9,1,Logan Sargeant,SAR,Williams,4,76,20,99.123,2.623,1.4262293199405995,19,0,0,0,Finished,2,2.32,0,0.0,18.5,0.0,60,2.623,2,0,1,0,0
37,2022,17,Autódromo Hermanos Rodríguez,Mexico,High,3,71,Mixed,23.8,12.4,3,Charles Leclerc,LEC,Ferrari,1,94,1,78.0,0.0,7.092158683027528,4,12,0,0,Finished,2,2.12,0,15.0,3.0,51.0,3,0.0,3,1,-3,1,1
37,2022,17,Autódromo Hermanos Rodríguez,Mexico,High,3,71,Mixed,23.8,12.4,3,Lewis Hamilton,HAM,Mercedes,1,95,2,78.063,0.063,8.029153605831704,2,18,1,0,Finished,3,2.42,0,17.5,2.25,47.0,6,0.063,3,1,0,1,1
37,2022,17,Autódromo Hermanos Rodríguez,Mexico,High,3,71,Mixed,23.8,12.4,3,Max Verstappen,VER,Red Bull Racing,1,97,3,78.174,0.174,8.704573039343513,1,25,1,1,Finished,3,3.29,0,25.5,1.0,69.0,9,0.174,3,1,2,0,1
37,2022,17,Autódromo Hermanos Rodríguez,Mexico,High,3,71,Mixed,23.8,12.4,3,Lando Norris,NOR,McLaren,1,93,4,78.2,0.2,8.110372378193965,3,15,1,0,Finished,3,2.83,0,9.0,5.5,28.0,12,0.2,3,1,1,0,1
37,2022,17,Autódromo Hermanos Rodríguez,Mexico,High,3,71,Mixed,23.8,12.4,3,Carlos Sainz,SAI,Ferrari,1,91,5,78.406,0.406,7.234037982016866,5,11,0,0,Finished,2,2.88,1,10.0,5.0,45.0,15,0.406,3,1,0,0,1
37,2022,17,Autódromo Hermanos Rodríguez,Mexico,High,3,71,Mixed,23.8,12.4,3,George Russell,RUS,Mercedes,1,91,6,78.472,0.472,7.489924940111396,6,8,0,0,Finished,3,3.31,0,8.0,6.0,50.0,18,0.472,3,1,0,0,0
37,2022,17,Autódromo Hermanos Rodríguez,Mexico,High,3,71,Mixed,23.8,12.4,3,Sergio Perez,PER,Red Bull Racing,1,88,7,78.411,0.411,6.653816072379596,7,6,0,0,Finished,3,2.26,0,6.75,6.75,68.0,21,0.411,3,1,0,0,0
37,2022,17,Autódromo Hermanos Rodríguez,Mexico,High,3,71,Mixed,23.8,12.4,3,Oscar Piastri,PIA,McLaren,1,90,8,78.703,0.703,6.934309635334295,8,4,0,0,Finished,3,3.1,0,6.25,9.5,31.0,24,0.703,3,1,0,0,0
37,2022,17,Autódromo Hermanos Rodríguez,Mexico,High,3,71,Mixed,23.8,12.4,3,Fernando Alonso,ALO,Aston Martin,2,92,9,78.52,0.52,5.507956135598302,20,0,0,0,Collision,0,3.98,0,2.5,8.75,6.0,27,0.52,3,1,-11,0,0
37,2022,17,Autódromo Hermanos Rodríguez,Mexico,High,3,71,Mixed,23.8,12.4,3,Esteban Ocon,OCO,Alpine,2,84,10,78.578,0.578,5.1772206256251865,9,2,0,0,Finished,2,3.24,0,0.75,10.25,4.0,30,0.578,3,1,1,0,0
37,2022,17,Autódromo Hermanos Rodríguez,Mexico,High,3,71,Mixed,23.8,12.4,3,Pierre Gasly,GAS,Alpine,2,85,11,78.694,0.694,4.980685910512056,10,1,0,0,Finished,3,3.27,0,0.75,10.25,4.0,33,0.694,3,1,1,0,0
37,2022,17,Autódromo Hermanos Rodríguez,Mexico,High,3,71,Mixed,23.8,12.4,3,Lance Stroll,STR,Aston Martin,2,81,12,78.891,0.891,4.244910700694459,12,0,0,0,Finished,2,2.36,0,0.0,14.0,2.0,36,0.891,3,1,0,0,0
37,2022,17,Autódromo Hermanos Rodríguez,Mexico,High,3,71,Mixed,23.8,12.4,3,Nico Hulkenberg,HUL,Haas,3,84,13,78.758,0.758,5.218606000306017,11,0,0,0,Finished,3,2.27,0,0.0,15.75,0.0,39,0.758,3,1,2,0,0
37,2022,17,Autódromo Hermanos Rodríguez,Mexico,High,3,71,Mixed,23.8,12.4,3,Alexander Albon,ALB,Williams,3,86,14,79.126,1.126,3.4579774509439853,13,0,0,0,Finished,3,3.09,0,0.0,12.5,0.0,42,1.126,3,1,1,0,0
37,2022,17,Autódromo Hermanos Rodríguez,Mexico,High,3,71,Mixed,23.8,12.4,3,Daniel Ricciardo,RIC,RB,3,84,15,78.959,0.959,3.278013439270193,15,0,0,0,Finished,2,3.08,0,0.0,14.0,0.0,45,0.959,3,1,0,0,0
37,2022,17,Autódromo Hermanos Rodríguez,Mexico,High,3,71,Mixed,23.8,12.4,3,Kevin Magnussen,MAG,Haas,3,82,16,80.06,2.06,3.461491587154818,16,0,0,0,Finished,3,2.39,0,0.0,16.75,0.0,48,2.06,3,1,0,0,0
37,2022,17,Autódromo Hermanos Rodríguez,Mexico,High,3,71,Mixed,23.8,12.4,3,Yuki Tsunoda,TSU,RB,3,83,17,80.067,2.067,4.171430749942321,14,0,0,0,Finished,3,2.49,0,0.0,14.75,0.0,51,2.067,3,1,3,0,0
37,2022,17,Autódromo Hermanos Rodríguez,Mexico,High,3,71,Mixed,23.8,12.4,3,Valtteri Bottas,BOT,Kick Sauber,4,83,18,79.878,1.878,2.4437235256406704,17,0,0,0,Finished,3,2.15,0,0.0,17.0,0.0,54,1.878,3,1,1,0,0
37,2022,17,Autódromo Hermanos Rodríguez,Mexico,High,3,71,Mixed,23.8,12.4,3,Zhou Guanyu,ZHO,Kick Sauber,4,79,19,79.774,1.774,1.5810828402518244,18,0,0,0,Finished,2,2.71,0,0.0,18.0,0.0,57,1.774,3,1,1,0,0
37,2022,17,Autódromo Hermanos Rodríguez,Mexico,High,3,71,Mixed,23.8,12.4,3,Logan Sargeant,SAR,Williams,4,76,20,80.545,2.545,1.718727493187102,19,0,0,0,Suspension,0,2.61,0,0.0,19.0,0.0,60,2.545,3,1,1,0,0
38,2022,18,Autódromo José Carlos Pace,Brazil,Medium,2,71,Dry,42.7,34.7,2,Max Verstappen,VER,Red Bull Racing,1,97,1,71.5,0.0,9.098762015597746,1,25,1,1,Finished,1,2.71,0,25.5,1.0,63.0,2,0.0,2,0,0,1,1
38,2022,18,Autódromo José Carlos Pace,Brazil,Medium,2,71,Dry,42.7,34.7,2,Charles Leclerc,LEC,Ferrari,1,94,2,71.63,0.13,7.741140373368792,2,19,1,0,Finished,1,2.35,1,15.0,3.0,48.0,4,0.13,2,0,0,1,1
38,2022,18,Autódromo José Carlos Pace,Brazil,Medium,2,71,Dry,42.7,34.7,2,Lewis Hamilton,HAM,Mercedes,1,95,3,71.772,0.272,7.57465889041614,3,15,1,0,Finished,1,3.11,0,17.25,2.25,52.0,6,0.272,2,0,0,0,1
38,2022,18,Autódromo José Carlos Pace,Brazil,Medium,2,71,Dry,42.7,34.7,2,Lando Norris,NOR,McLaren,1,93,4,71.775,0.275,7.130690678725797,4,12,0,0,Finished,1,2.32,0,11.75,4.25,35.0,8,0.275,2,0,0,0,1
38,2022,18,Autódromo José Carlos Pace,Brazil,Medium,2,71,Dry,42.7,34.7,2,George Russell,RUS,Mercedes,1,91,5,71.882,0.382,7.160975542084455,6,8,0,0,Finished,2,2.33,0,8.0,6.0,49.0,10,0.382,2,0,-1,0,1
38,2022,18,Autódromo José Carlos Pace,Brazil,Medium,2,71,Dry,42.7,34.7,2,Carlos Sainz,SAI,Ferrari,1,91,6,71.92,0.42,7.529352639857295,5,10,0,0,Finished,3,2.55,0,10.25,5.0,52.0,12,0.42,2,0,1,0,0
38,2022,18,Autódromo José Carlos Pace,Brazil,Medium,2,71,Dry,42.7,34.7,2,Sergio Perez,PER,Red Bull Racing,1,88,7,71.941,0.441,6.594436026989465,7,6,0,0,Finished,2,2.7,0,6.75,6.75,62.0,14,0.441,2,0,0,0,0
38,2022,18,Autódromo José Carlos Pace,Brazil,Medium,2,71,Dry,42.7,34.7,2,Oscar Piastri,PIA,McLaren,1,90,8,72.247,0.747,6.110854158376699,9,2,0,0,Finished,1,2.23,0,3.5,10.75,35.0,16,0.747,2,0,-1,0,0
38,2022,18,Autódromo José Carlos Pace,Brazil,Medium,2,71,Dry,42.7,34.7,2,Fernando Alonso,ALO,Aston Martin,2,92,9,72.077,0.577,7.004639985318056,8,4,0,0,Finished,2,3.38,0,2.0,11.5,2.0,18,0.577,2,0,1,0,0
38,2022,18,Autódromo José Carlos Pace,Brazil,Medium,2,71,Dry,42.7,34.7,2,Pierre Gasly,GAS,Alpine,2,85,10,72.545,1.045,5.865915832236961,10,1,0,0,Finished,2,2.47,0,1.0,10.0,4.0,20,1.045,2,0,0,0,0
38,2022,18,Autódromo José Carlos Pace,Brazil,Medium,2,71,Dry,42.7,34.7,2,Esteban Ocon,OCO,Alpine,2,84,11,72.504,1.004,4.610919111114491,11,0,0,0,Finished,1,2.15,0,1.0,10.0,4.0,22,1.004,2,0,0,0,0
38,2022,18,Autódromo José Carlos Pace,Brazil,Medium,2,71,Dry,42.7,34.7,2,Lance Stroll,STR,Aston Martin,2,81,12,73.022,1.522,4.579728809360614,12,0,0,0,Finished,1,3.11,0,0.0,14.0,4.0,24,1.522,2,0,0,0,0
38,2022,18,Autódromo José Carlos Pace,Brazil,Medium,2,71,Dry,42.7,34.7,2,Alexander Albon,ALB,Williams,3,86,13,72.702,1.202,4.378274005449821,13,0,0,0,Finished,1,2.71,0,0.0,12.5,0.0,26,1.202,2,0,0,0,0
38,2022,18,Autódromo José Carlos Pace,Brazil,Medium,2,71,Dry,42.7,34.7,2,Nico Hulkenberg,HUL,Haas,3,84,14,73.11,1.61,4.036491415993443,14,0,0,0,Finished,2,2.66,0,0.0,14.75,0.0,28,1.61,2,0,0,0,0
38,2022,18,Autódromo José Carlos Pace,Brazil,Medium,2,71,Dry,42.7,34.7,2,Daniel Ricciardo,RIC,RB,3,84,15,72.852,1.352,2.71163107052114,16,0,0,0,Finished,1,3.09,0,0.0,14.25,0.0,30,1.352,2,0,-1,0,0
38,2022,18,Autódromo José Carlos Pace,Brazil,Medium,2,71,Dry,42.7,34.7,2,Yuki Tsunoda,TSU,RB,3,83,16,73.237,1.737,3.2740721041224776,15,0,0,0,Finished,1,3.12,0,0.0,14.0,0.0,32,1.737,2,0,1,0,0
38,2022,18,Autódromo José Carlos Pace,Brazil,Medium,2,71,Dry,42.7,34.7,2,Kevin Magnussen,MAG,Haas,3,82,17,73.565,2.065,2.7915850354944016,17,0,0,0,Finished,2,2.66,0,0.0,16.75,0.0,34,2.065,2,0,0,0,0
38,2022,18,Autódromo José Carlos Pace,Brazil,Medium,2,71,Dry,42.7,34.7,2,Valtteri Bottas,BOT,Kick Sauber,4,83,18,73.087,1.587,2.277279762834261,18,0,0,0,Finished,2,2.72,0,0.0,16.75,0.0,36,1.587,2,0,0,0,0
38,2022,18,Autódromo José Carlos Pace,Brazil,Medium,2,71,Dry,42.7,34.7,2,Zhou Guanyu,ZHO,Kick Sauber,4,79,19,72.874,1.374,2.227760134300942,19,0,0,0,Finished,1,3.25,0,0.0,17.75,0.0,38,1.374,2,0,0,0,0
38,2022,18,Autódromo José Carlos Pace,Brazil,Medium,2,71,Dry,42.7,34.7,2,Logan Sargeant,SAR,Williams,4,76,20,74.117,2.617,2.1022289480976686,20,0,0,0,Finished,2,2.54,0,0.0,18.75,0.0,40,2.617,2,0,0,0,0
39,2022,19,Las Vegas Strip Circuit,USA,Low,2,50,Dry,46.3,34.6,1,Max Verstappen,VER,Red Bull Racing,1,97,1,94.0,0.0,8.694253788127138,1,25,1,1,Finished,2,2.99,0,25.5,1.0,62.0,2,0.0,1,0,0,1,1
39,2022,19,Las Vegas Strip Circuit,USA,Low,2,50,Dry,46.3,34.6,1,Lewis Hamilton,HAM,Mercedes,1,95,2,94.14,0.14,7.628740315888193,2,19,1,0,Finished,2,2.17,1,16.5,2.5,49.0,4,0.14,1,0,0,1,1
39,2022,19,Las Vegas Strip Circuit,USA,Low,2,50,Dry,46.3,34.6,1,Lando Norris,NOR,McLaren,1,93,3,94.206,0.206,6.666164466478959,4,13,0,0,Finished,2,2.52,1,12.75,3.75,33.0,6,0.206,1,0,-1,0,1
39,2022,19,Las Vegas Strip Circuit,USA,Low,2,50,Dry,46.3,34.6,1,Charles Leclerc,LEC,Ferrari,1,94,4,94.415,0.415,7.772986941340142,3,15,1,0,Finished,1,2.56,0,16.0,2.75,52.0,8,0.415,1,0,1,0,1
39,2022,19,Las Vegas Strip Circuit,USA,Low,2,50,Dry,46.3,34.6,1,George Russell,RUS,Mercedes,1,91,5,94.399,0.399,6.508221021553532,7,6,0,0,Finished,3,2.41,0,7.5,6.25,50.0,10,0.399,1,0,-2,0,1
39,2022,19,Las Vegas Strip Circuit,USA,Low,2,50,Dry,46.3,34.6,1,Oscar Piastri,PIA,McLaren,1,90,6,94.578,0.578,7.170869528573624,5,10,0,0,Finished,1,3.37,0,2.5,11.25,31.0,12,0.578,1,0,1,0,0
39,2022,19,Las Vegas Strip Circuit,USA,Low,2,50,Dry,46.3,34.6,1,Carlos Sainz,SAI,Ferrari,1,91,7,94.835,0.835,6.2155693313938265,9,2,0,0,Finished,2,2.22,0,9.75,5.25,55.0,14,0.835,1,0,-2,0,0
39,2022,19,Las Vegas Strip Circuit,USA,Low,2,50,Dry,46.3,34.6,1,Sergio Perez,PER,Red Bull Racing,1,88,8,94.515,0.515,7.436486356903122,6,8,0,0,Finished,1,2.85,0,7.25,6.5,62.0,16,0.515,1,0,2,0,0
39,2022,19,Las Vegas Strip Circuit,USA,Low,2,50,Dry,46.3,34.6,1,Fernando Alonso,ALO,Aston Martin,2,92,9,94.702,0.702,6.871599872618559,8,4,0,0,Finished,2,3.03,0,2.5,11.25,4.0,18,0.702,1,0,1,0,0
39,2022,19,Las Vegas Strip Circuit,USA,Low,2,50,Dry,46.3,34.6,1,Esteban Ocon,OCO,Alpine,2,84,10,95.112,1.112,4.833033679018411,10,1,0,0,Finished,2,2.18,0,1.0,10.0,4.0,20,1.112,1,0,0,0,0
39,2022,19,Las Vegas Strip Circuit,USA,Low,2,50,Dry,46.3,34.6,1,Pierre Gasly,GAS,Alpine,2,85,11,94.874,0.874,4.481690850116262,11,0,0,0,Finished,2,3.06,0,1.0,10.0,3.0,22,0.874,1,0,0,0,0
39,2022,19,Las Vegas Strip Circuit,USA,Low,2,50,Dry,46.3,34.6,1,Lance Stroll,STR,Aston Martin,2,81,12,95.104,1.104,4.532516848902714,12,0,0,0,Finished,1,3.19,0,0.0,12.0,8.0,24,1.104,1,0,0,0,0
39,2022,19,Las Vegas Strip Circuit,USA,Low,2,50,Dry,46.3,34.6,1,Alexander Albon,ALB,Williams,3,86,13,94.729,0.729,4.069307900131026,14,0,0,0,Finished,2,2.38,0,0.0,12.75,0.0,26,0.729,1,0,-1,0,0
39,2022,19,Las Vegas Strip Circuit,USA,Low,2,50,Dry,46.3,34.6,1,Nico Hulkenberg,HUL,Haas,3,84,14,95.786,1.786,4.888640357801145,13,0,0,0,Finished,1,3.2,0,0.0,15.0,0.0,28,1.786,1,0,1,0,0
39,2022,19,Las Vegas Strip Circuit,USA,Low,2,50,Dry,46.3,34.6,1,Daniel Ricciardo,RIC,RB,3,84,15,95.807,1.807,3.860462023464669,15,0,0,0,Finished,1,3.34,0,0.0,14.5,0.0,30,1.807,1,0,0,0,0
39,2022,19,Las Vegas Strip Circuit,USA,Low,2,50,Dry,46.3,34.6,1,Kevin Magnussen,MAG,Haas,3,82,16,95.6,1.6,3.178949001681059,17,0,0,0,Finished,1,2.91,0,0.0,17.0,0.0,32,1.6,1,0,-1,0,0
39,2022,19,Las Vegas Strip Circuit,USA,Low,2,50,Dry,46.3,34.6,1,Yuki Tsunoda,TSU,RB,3,83,17,95.436,1.436,3.540018927640621,16,0,0,0,Finished,1,2.36,0,0.0,14.25,0.0,34,1.436,1,0,1,0,0
39,2022,19,Las Vegas Strip Circuit,USA,Low,2,50,Dry,46.3,34.6,1,Valtteri Bottas,BOT,Kick Sauber,4,83,18,96.199,2.199,2.1038345630257025,18,0,0,0,Finished,2,2.26,0,0.0,17.0,0.0,36,2.199,1,0,0,0,0
39,2022,19,Las Vegas Strip Circuit,USA,Low,2,50,Dry,46.3,34.6,1,Zhou Guanyu,ZHO,Kick Sauber,4,79,19,96.472,2.472,2.0888764692984294,19,0,0,0,Finished,1,2.41,0,0.0,18.0,0.0,38,2.472,1,0,0,0,0
39,2022,19,Las Vegas Strip Circuit,USA,Low,2,50,Dry,46.3,34.6,1,Logan Sargeant,SAR,Williams,4,76,20,95.814,1.814,1.2068423204004537,20,0,0,0,Finished,1,2.63,0,0.0,19.0,0.0,40,1.814,1,0,0,0,0
40,2022,20,Yas Marina Circuit,Abu Dhabi,Medium,3,58,Dry,30.0,22.4,1,Max Verstappen,VER,Red Bull Racing,1,97,1,84.5,0.0,7.902106459102563,1,25,1,1,Finished,2,3.18,0,25.25,1.0,64.0,3,0.0,2,0,0,1,1
40,2022,20,Yas Marina Circuit,Abu Dhabi,Medium,3,58,Dry,30.0,22.4,1,Lewis Hamilton,HAM,Mercedes,1,95,2,84.615,0.115,7.291890404053875,4,12,0,0,Finished,1,3.33,0,17.5,2.25,48.0,6,0.115,2,0,-2,1,1
40,2022,20,Yas Marina Circuit,Abu Dhabi,Medium,3,58,Dry,30.0,22.4,1,Charles Leclerc,LEC,Ferrari,1,94,3,84.656,0.156,8.210464723621731,2,19,1,0,Finished,1,2.25,1,15.25,3.0,46.0,9,0.156,2,0,1,0,1
40,2022,20,Yas Marina Circuit,Abu Dhabi,Medium,3,58,Dry,30.0,22.4,1,Lando Norris,NOR,McLaren,1,93,4,84.718,0.218,8.221148868793454,3,15,1,0,Finished,1,2.28,0,13.0,3.75,37.0,12,0.218,2,0,1,0,1
40,2022,20,Yas Marina Circuit,Abu Dhabi,Medium,3,58,Dry,30.0,22.4,1,George Russell,RUS,Mercedes,1,91,5,84.922,0.422,7.199878052313755,5,11,0,0,Finished,2,3.02,1,7.5,6.25,45.0,15,0.422,2,0,0,0,1
40,2022,20,Yas Marina Circuit,Abu Dhabi,Medium,3,58,Dry,30.0,22.4,1,Oscar Piastri,PIA,McLaren,1,90,6,85.032,0.532,6.434890871981322,8,4,0,0,Finished,3,2.44,0,5.0,7.5,40.0,18,0.532,2,0,-2,0,0
40,2022,20,Yas Marina Circuit,Abu Dhabi,Medium,3,58,Dry,30.0,22.4,1,Carlos Sainz,SAI,Ferrari,1,91,7,85.133,0.633,7.028768017240267,7,6,0,0,Finished,2,2.54,0,8.25,6.0,46.0,21,0.633,2,0,0,0,0
40,2022,20,Yas Marina Circuit,Abu Dhabi,Medium,3,58,Dry,30.0,22.4,1,Sergio Perez,PER,Red Bull Racing,1,88,8,85.05,0.55,7.904940851406352,6,8,0,0,Finished,2,2.46,0,6.5,6.75,64.0,24,0.55,2,0,2,0,0
40,2022,20,Yas Marina Circuit,Abu Dhabi,Medium,3,58,Dry,30.0,22.4,1,Fernando Alonso,ALO,Aston Martin,2,92,9,85.179,0.679,6.187237281506919,9,2,0,0,Finished,1,3.31,0,2.5,11.25,8.0,27,0.679,2,0,0,0,0
40,2022,20,Yas Marina Circuit,Abu Dhabi,Medium,3,58,Dry,30.0,22.4,1,Esteban Ocon,OCO,Alpine,2,84,10,85.226,0.726,4.624253028683101,10,1,0,0,Finished,1,3.01,0,1.0,10.0,2.0,30,0.726,2,0,0,0,0
40,2022,20,Yas Marina Circuit,Abu Dhabi,Medium,3,58,Dry,30.0,22.4,1,Pierre Gasly,GAS,Alpine,2,85,11,85.207,0.707,4.607160432419712,11,0,0,0,Finished,2,3.19,0,0.5,10.5,2.0,33,0.707,2,0,0,0,0
40,2022,20,Yas Marina Circuit,Abu Dhabi,Medium,3,58,Dry,30.0,22.4,1,Lance Stroll,STR,Aston Martin,2,81,12,85.871,1.371,4.856906599276739,12,0,0,0,Finished,3,3.37,0,0.0,12.25,6.0,36,1.371,2,0,0,0,0
40,2022,20,Yas Marina Circuit,Abu Dhabi,Medium,3,58,Dry,30.0,22.4,1,Alexander Albon,ALB,Williams,3,86,13,85.329,0.829,4.62845532120245,13,0,0,0,Finished,1,3.17,0,0.0,13.0,0.0,39,0.829,2,0,0,0,0
40,2022,20,Yas Marina Circuit,Abu Dhabi,Medium,3,58,Dry,30.0,22.4,1,Daniel Ricciardo,RIC,RB,3,84,14,85.952,1.452,3.99848280952858,14,0,0,0,Finished,2,2.94,0,0.0,15.25,0.0,42,1.452,2,0,0,0,0
40,2022,20,Yas Marina Circuit,Abu Dhabi,Medium,3,58,Dry,30.0,22.4,1,Nico Hulkenberg,HUL,Haas,3,84,15,85.932,1.432,3.8216015202911153,15,0,0,0,Finished,1,2.95,0,0.0,13.5,0.0,45,1.432,2,0,0,0,0
40,2022,20,Yas Marina Circuit,Abu Dhabi,Medium,3,58,Dry,30.0,22.4,1,Kevin Magnussen,MAG,Haas,3,82,16,85.922,1.422,3.609344733506532,16,0,0,0,Finished,3,3.29,0,0.0,17.5,0.0,48,1.422,2,0,0,0,0
40,2022,20,Yas Marina Circuit,Abu Dhabi,Medium,3,58,Dry,30.0,22.4,1,Yuki Tsunoda,TSU,RB,3,83,17,86.158,1.658,3.744980874094796,17,0,0,0,Finished,1,2.15,0,0.0,14.75,0.0,51,1.658,2,0,0,0,0
40,2022,20,Yas Marina Circuit,Abu Dhabi,Medium,3,58,Dry,30.0,22.4,1,Valtteri Bottas,BOT,Kick Sauber,4,83,18,85.742,1.242,1.877785449419101,18,0,0,0,Finished,1,3.17,0,0.0,17.5,0.0,54,1.242,2,0,0,0,0
40,2022,20,Yas Marina Circuit,Abu Dhabi,Medium,3,58,Dry,30.0,22.4,1,Zhou Guanyu,ZHO,Kick Sauber,4,79,19,85.79,1.29,1.681976850633999,20,0,0,0,Finished,1,2.65,0,0.0,18.5,0.0,57,1.29,2,0,-1,0,0
40,2022,20,Yas Marina Circuit,Abu Dhabi,Medium,3,58,Dry,30.0,22.4,1,Logan Sargeant,SAR,Williams,4,76,20,85.802,1.302,2.0425233180793936,19,0,0,0,Finished,2,2.7,0,0.0,19.5,0.0,60,1.302,2,0,1,0,0
41,2023,1,Bahrain International Circuit,Bahrain,Medium,2,57,Dry,46.4,36.9,0,Max Verstappen,VER,Red Bull Racing,1,97,1,91.5,0.0,7.836158136929556,2,18,1,0,Finished,1,3.09,0,0.0,10.0,0.0,2,0.0,2,0,-1,1,1
41,2023,1,Bahrain International Circuit,Bahrain,Medium,2,57,Dry,46.4,36.9,0,Lewis Hamilton,HAM,Mercedes,1,95,2,91.627,0.127,8.253054451225832,1,26,1,1,Finished,2,3.29,1,0.0,10.0,0.0,4,0.127,2,0,1,1,1
41,2023,1,Bahrain International Circuit,Bahrain,Medium,2,57,Dry,46.4,36.9,0,Charles Leclerc,LEC,Ferrari,1,94,3,91.659,0.159,7.141377345248567,4,12,0,0,Finished,1,2.3,0,0.0,10.0,0.0,6,0.159,2,0,-1,0,1
41,2023,1,Bahrain International Circuit,Bahrain,Medium,2,57,Dry,46.4,36.9,0,Lando Norris,NOR,McLaren,1,93,4,91.899,0.399,7.757766891600857,3,15,1,0,Finished,2,2.29,0,0.0,10.0,0.0,8,0.399,2,0,1,0,1
41,2023,1,Bahrain International Circuit,Bahrain,Medium,2,57,Dry,46.4,36.9,0,Oscar Piastri,PIA,McLaren,1,90,5,91.983,0.483,6.501861715050213,6,8,0,0,Finished,1,2.63,0,0.0,10.0,15.0,10,0.483,2,0,-1,0,1
41,2023,1,Bahrain International Circuit,Bahrain,Medium,2,57,Dry,46.4,36.9,0,Carlos Sainz,SAI,Ferrari,1,91,6,91.837,0.337,6.861154997159151,5,10,0,0,Finished,2,3.08,0,0.0,10.0,12.0,12,0.337,2,0,1,0,0
41,2023,1,Bahrain International Circuit,Bahrain,Medium,2,57,Dry,46.4,36.9,0,Sergio Perez,PER,Red Bull Racing,1,88,7,92.14,0.64,6.857654389609718,7,6,0,0,Finished,3,2.48,0,0.0,10.0,18.0,14,0.64,2,0,0,0,0
41,2023,1,Bahrain International Circuit,Bahrain,Medium,2,57,Dry,46.4,36.9,0,George Russell,RUS,Mercedes,1,91,8,91.952,0.452,6.5576230242523925,8,4,0,0,Finished,1,2.56,0,0.0,10.0,26.0,16,0.452,2,0,0,0,0
41,2023,1,Bahrain International Circuit,Bahrain,Medium,2,57,Dry,46.4,36.9,0,Fernando Alonso,ALO,Aston Martin,2,92,9,92.518,1.018,6.617424618211415,9,2,0,0,Finished,2,2.43,0,0.0,10.0,0.0,18,1.018,2,0,0,0,0
41,2023,1,Bahrain International Circuit,Bahrain,Medium,2,57,Dry,46.4,36.9,0,Pierre Gasly,GAS,Alpine,2,85,10,92.292,0.792,5.091702332222607,11,0,0,0,Finished,2,2.23,0,0.0,10.0,0.0,20,0.792,2,0,-1,0,0
41,2023,1,Bahrain International Circuit,Bahrain,Medium,2,57,Dry,46.4,36.9,0,Esteban Ocon,OCO,Alpine,2,84,11,92.319,0.819,5.422162481378548,10,1,0,0,Finished,2,2.45,0,0.0,10.0,0.0,22,0.819,2,0,1,0,0
41,2023,1,Bahrain International Circuit,Bahrain,Medium,2,57,Dry,46.4,36.9,0,Lance Stroll,STR,Aston Martin,2,81,12,92.754,1.254,5.52664906384081,12,0,0,0,Finished,2,3.28,0,0.0,10.0,2.0,24,1.254,2,0,0,0,0
41,2023,1,Bahrain International Circuit,Bahrain,Medium,2,57,Dry,46.4,36.9,0,Alexander Albon,ALB,Williams,3,86,13,92.558,1.058,4.43678425621842,13,0,0,0,Finished,1,3.36,0,0.0,10.0,0.0,26,1.058,2,0,0,0,0
41,2023,1,Bahrain International Circuit,Bahrain,Medium,2,57,Dry,46.4,36.9,0,Daniel Ricciardo,RIC,RB,3,84,14,92.933,1.433,4.218267207313901,14,0,0,0,Finished,2,3.33,0,0.0,10.0,0.0,28,1.433,2,0,0,0,0
41,2023,1,Bahrain International Circuit,Bahrain,Medium,2,57,Dry,46.4,36.9,0,Nico Hulkenberg,HUL,Haas,3,84,15,92.458,0.958,4.008126449052815,16,0,0,0,Finished,1,2.49,0,0.0,10.0,0.0,30,0.958,2,0,-1,0,0
41,2023,1,Bahrain International Circuit,Bahrain,Medium,2,57,Dry,46.4,36.9,0,Yuki Tsunoda,TSU,RB,3,83,16,93.338,1.838,4.242470430892083,15,0,0,0,Finished,2,2.49,0,0.0,10.0,0.0,32,1.838,2,0,1,0,0
41,2023,1,Bahrain International Circuit,Bahrain,Medium,2,57,Dry,46.4,36.9,0,Kevin Magnussen,MAG,Haas,3,82,17,93.528,2.028,3.2412786451107465,17,0,0,0,Finished,1,2.29,0,0.0,10.0,0.0,34,2.028,2,0,0,0,0
41,2023,1,Bahrain International Circuit,Bahrain,Medium,2,57,Dry,46.4,36.9,0,Valtteri Bottas,BOT,Kick Sauber,4,83,18,92.947,1.447,3.030517409227107,18,0,0,0,Finished,1,2.65,0,0.0,10.0,0.0,36,1.447,2,0,0,0,0
41,2023,1,Bahrain International Circuit,Bahrain,Medium,2,57,Dry,46.4,36.9,0,Zhou Guanyu,ZHO,Kick Sauber,4,79,19,92.628,1.128,1.099859210827114,20,0,0,0,Finished,1,2.94,0,0.0,10.0,0.0,38,1.128,2,0,-1,0,0
41,2023,1,Bahrain International Circuit,Bahrain,Medium,2,57,Dry,46.4,36.9,0,Logan Sargeant,SAR,Williams,4,76,20,92.907,1.407,1.4435445106686713,19,0,0,0,Finished,2,2.28,0,0.0,10.0,0.0,40,1.407,2,0,1,0,0
42,2023,2,Jeddah Corniche Circuit,Saudi Arabia,Low,3,50,Dry,27.2,21.1,6,Lewis Hamilton,HAM,Mercedes,1,95,1,88.0,0.0,7.399356247993826,2,18,1,0,Finished,1,3.02,0,26.0,1.0,30.0,3,0.0,1,0,-1,1,1
42,2023,2,Jeddah Corniche Circuit,Saudi Arabia,Low,3,50,Dry,27.2,21.1,6,Max Verstappen,VER,Red Bull Racing,1,97,2,88.121,0.121,7.274066495404652,3,15,1,0,Finished,1,2.57,0,18.0,2.0,24.0,6,0.121,1,0,-1,1,1
42,2023,2,Jeddah Corniche Circuit,Saudi Arabia,Low,3,50,Dry,27.2,21.1,6,Lando Norris,NOR,McLaren,1,93,3,88.271,0.271,8.136561207733493,1,25,1,1,Finished,2,2.75,0,15.0,3.0,23.0,9,0.271,1,0,2,0,1
42,2023,2,Jeddah Corniche Circuit,Saudi Arabia,Low,3,50,Dry,27.2,21.1,6,Charles Leclerc,LEC,Ferrari,1,94,4,88.241,0.241,7.828808320928411,4,12,0,0,Finished,1,2.57,0,12.0,4.0,22.0,12,0.241,1,0,0,0,1
42,2023,2,Jeddah Corniche Circuit,Saudi Arabia,Low,3,50,Dry,27.2,21.1,6,George Russell,RUS,Mercedes,1,91,5,88.326,0.326,7.65327124800931,5,10,0,0,Finished,3,2.72,0,4.0,8.0,48.0,15,0.326,1,0,0,0,1
42,2023,2,Jeddah Corniche Circuit,Saudi Arabia,Low,3,50,Dry,27.2,21.1,6,Carlos Sainz,SAI,Ferrari,1,91,6,88.403,0.403,7.864674111274584,6,8,0,0,Finished,1,3.14,0,10.0,5.0,34.0,18,0.403,1,0,0,0,0
42,2023,2,Jeddah Corniche Circuit,Saudi Arabia,Low,3,50,Dry,27.2,21.1,6,Sergio Perez,PER,Red Bull Racing,1,88,7,88.373,0.373,7.618712313894611,7,6,0,0,Finished,2,3.25,0,6.0,7.0,39.0,21,0.373,1,0,0,0,0
42,2023,2,Jeddah Corniche Circuit,Saudi Arabia,Low,3,50,Dry,27.2,21.1,6,Oscar Piastri,PIA,McLaren,1,90,8,88.881,0.881,6.160004838828775,9,2,0,0,Finished,2,2.64,0,8.0,6.0,48.0,24,0.881,1,0,-1,0,0
42,2023,2,Jeddah Corniche Circuit,Saudi Arabia,Low,3,50,Dry,27.2,21.1,6,Fernando Alonso,ALO,Aston Martin,2,92,9,88.897,0.897,6.993440404153562,8,4,0,0,Finished,1,2.89,0,2.0,9.0,2.0,27,0.897,1,0,1,0,0
42,2023,2,Jeddah Corniche Circuit,Saudi Arabia,Low,3,50,Dry,27.2,21.1,6,Esteban Ocon,OCO,Alpine,2,84,10,88.552,0.552,4.463982961231031,11,0,0,0,Finished,1,3.24,0,1.0,10.0,1.0,30,0.552,1,0,-1,0,0
42,2023,2,Jeddah Corniche Circuit,Saudi Arabia,Low,3,50,Dry,27.2,21.1,6,Pierre Gasly,GAS,Alpine,2,85,11,88.816,0.816,4.86437190885048,10,1,0,0,Finished,1,2.22,0,0.0,11.0,1.0,33,0.816,1,0,1,0,0
42,2023,2,Jeddah Corniche Circuit,Saudi Arabia,Low,3,50,Dry,27.2,21.1,6,Lance Stroll,STR,Aston Martin,2,81,12,89.51,1.51,3.9801209428893816,12,0,0,0,Finished,1,2.37,0,0.0,12.0,6.0,36,1.51,1,0,0,0,0
42,2023,2,Jeddah Corniche Circuit,Saudi Arabia,Low,3,50,Dry,27.2,21.1,6,Alexander Albon,ALB,Williams,3,86,13,89.203,1.203,4.063926474910848,13,0,0,0,Finished,2,2.52,0,0.0,13.0,0.0,39,1.203,1,0,0,0,0
42,2023,2,Jeddah Corniche Circuit,Saudi Arabia,Low,3,50,Dry,27.2,21.1,6,Daniel Ricciardo,RIC,RB,3,84,14,89.783,1.783,4.1152260952500725,14,0,0,0,Finished,2,2.31,0,0.0,14.0,0.0,42,1.783,1,0,0,0,0
42,2023,2,Jeddah Corniche Circuit,Saudi Arabia,Low,3,50,Dry,27.2,21.1,6,Nico Hulkenberg,HUL,Haas,3,84,15,89.175,1.175,3.5293074513572096,15,0,0,0,Finished,3,3.21,0,0.0,16.0,0.0,45,1.175,1,0,0,0,0
42,2023,2,Jeddah Corniche Circuit,Saudi Arabia,Low,3,50,Dry,27.2,21.1,6,Kevin Magnussen,MAG,Haas,3,82,16,89.354,1.354,3.302351075327241,16,0,0,0,Finished,2,2.63,0,0.0,17.0,0.0,48,1.354,1,0,0,0,0
42,2023,2,Jeddah Corniche Circuit,Saudi Arabia,Low,3,50,Dry,27.2,21.1,6,Yuki Tsunoda,TSU,RB,3,83,17,89.398,1.398,3.452782658516277,17,0,0,0,Finished,2,2.29,0,0.0,15.0,0.0,51,1.398,1,0,0,0,0
42,2023,2,Jeddah Corniche Circuit,Saudi Arabia,Low,3,50,Dry,27.2,21.1,6,Valtteri Bottas,BOT,Kick Sauber,4,83,18,89.246,1.246,2.4478904322567354,18,0,0,0,Finished,1,2.13,0,0.0,18.0,0.0,54,1.246,1,0,0,0,0
42,2023,2,Jeddah Corniche Circuit,Saudi Arabia,Low,3,50,Dry,27.2,21.1,6,Zhou Guanyu,ZHO,Kick Sauber,4,79,19,90.262,2.262,1.6177999818857762,19,0,0,0,Finished,2,2.69,0,0.0,20.0,0.0,57,2.262,1,0,0,0,0
42,2023,2,Jeddah Corniche Circuit,Saudi Arabia,Low,3,50,Dry,27.2,21.1,6,Logan Sargeant,SAR,Williams,4,76,20,89.323,1.323,1.429355353652903,20,0,0,0,Finished,2,2.11,0,0.0,19.0,0.0,60,1.323,1,0,0,0,0
43,2023,3,Albert Park Circuit,Australia,Medium,3,58,Dry,41.5,33.4,3,Max Verstappen,VER,Red Bull Racing,1,97,1,78.5,0.0,8.306265965498822,1,26,1,1,Finished,2,2.29,1,16.5,2.5,45.0,3,0.0,2,0,0,1,1
43,2023,3,Albert Park Circuit,Australia,Medium,3,58,Dry,41.5,33.4,3,Lewis Hamilton,HAM,Mercedes,1,95,2,78.607,0.107,8.424775890197003,2,19,1,0,Finished,2,2.9,1,22.0,1.5,58.0,6,0.107,2,0,0,1,1
43,2023,3,Albert Park Circuit,Australia,Medium,3,58,Dry,41.5,33.4,3,Lando Norris,NOR,McLaren,1,93,3,78.651,0.151,6.971799196021384,6,8,0,0,Finished,2,3.27,0,20.0,2.0,50.0,9,0.151,2,0,-3,0,1
43,2023,3,Albert Park Circuit,Australia,Medium,3,58,Dry,41.5,33.4,3,Charles Leclerc,LEC,Ferrari,1,94,4,78.76,0.26,7.355779659394614,5,10,0,0,Finished,3,2.63,0,12.0,4.0,42.0,12,0.26,2,0,-1,0,1
43,2023,3,Albert Park Circuit,Australia,Medium,3,58,Dry,41.5,33.4,3,George Russell,RUS,Mercedes,1,91,5,78.911,0.411,7.742126083636257,3,15,1,0,Finished,2,2.5,0,7.0,6.5,51.0,15,0.411,2,0,2,0,1
43,2023,3,Albert Park Circuit,Australia,Medium,3,58,Dry,41.5,33.4,3,Sergio Perez,PER,Red Bull Racing,1,88,6,78.95,0.45,8.03539056857206,4,12,0,0,Finished,2,3.15,0,6.0,7.0,53.0,18,0.45,2,0,2,0,0
43,2023,3,Albert Park Circuit,Australia,Medium,3,58,Dry,41.5,33.4,3,Oscar Piastri,PIA,McLaren,1,90,7,79.159,0.659,7.714526578244709,7,6,0,0,Finished,2,2.21,0,5.0,7.5,43.0,21,0.659,2,0,0,0,0
43,2023,3,Albert Park Circuit,Australia,Medium,3,58,Dry,41.5,33.4,3,Carlos Sainz,SAI,Ferrari,1,91,8,79.012,0.512,6.853187876095425,8,4,0,0,Finished,3,3.17,0,9.0,5.5,40.0,24,0.512,2,0,0,0,0
43,2023,3,Albert Park Circuit,Australia,Medium,3,58,Dry,41.5,33.4,3,Fernando Alonso,ALO,Aston Martin,2,92,9,79.573,1.073,6.120276992247557,9,2,0,0,Finished,2,2.36,0,3.0,8.5,6.0,27,1.073,2,0,0,0,0
43,2023,3,Albert Park Circuit,Australia,Medium,3,58,Dry,41.5,33.4,3,Esteban Ocon,OCO,Alpine,2,84,10,79.101,0.601,6.165133946898751,10,1,0,0,Finished,2,3.21,0,0.5,10.5,2.0,30,0.601,2,0,0,0,0
43,2023,3,Albert Park Circuit,Australia,Medium,3,58,Dry,41.5,33.4,3,Pierre Gasly,GAS,Alpine,2,85,11,79.633,1.133,5.2926006711027656,11,0,0,0,Finished,1,3.34,0,0.5,10.5,3.0,33,1.133,2,0,0,0,0
43,2023,3,Albert Park Circuit,Australia,Medium,3,58,Dry,41.5,33.4,3,Lance Stroll,STR,Aston Martin,2,81,12,80.01,1.51,3.660987787406445,13,0,0,0,Finished,2,2.85,0,0.0,12.0,6.0,36,1.51,2,0,-1,0,0
43,2023,3,Albert Park Circuit,Australia,Medium,3,58,Dry,41.5,33.4,3,Nico Hulkenberg,HUL,Haas,3,84,13,79.842,1.342,4.471872583077375,12,0,0,0,Finished,1,2.29,0,0.0,15.5,0.0,39,1.342,2,0,1,0,0
43,2023,3,Albert Park Circuit,Australia,Medium,3,58,Dry,41.5,33.4,3,Alexander Albon,ALB,Williams,3,86,14,79.98,1.48,3.36512999875631,14,0,0,0,Finished,2,2.12,0,0.0,13.0,0.0,42,1.48,2,0,0,0,0
43,2023,3,Albert Park Circuit,Australia,Medium,3,58,Dry,41.5,33.4,3,Yuki Tsunoda,TSU,RB,3,83,15,80.34,1.84,3.5224469000036778,15,0,0,0,Finished,3,2.16,0,0.0,16.0,0.0,45,1.84,2,0,0,0,0
43,2023,3,Albert Park Circuit,Australia,Medium,3,58,Dry,41.5,33.4,3,Kevin Magnussen,MAG,Haas,3,82,16,80.586,2.086,3.216490568871924,16,0,0,0,Finished,1,2.12,0,0.0,16.5,0.0,48,2.086,2,0,0,0,0
43,2023,3,Albert Park Circuit,Australia,Medium,3,58,Dry,41.5,33.4,3,Daniel Ricciardo,RIC,RB,3,84,17,80.398,1.898,3.002601728128129,17,0,0,0,Finished,2,3.31,0,0.0,14.0,0.0,51,1.898,2,0,0,0,0
43,2023,3,Albert Park Circuit,Australia,Medium,3,58,Dry,41.5,33.4,3,Valtteri Bottas,BOT,Kick Sauber,4,83,18,79.903,1.403,2.80995062504982,18,0,0,0,Finished,2,3.17,0,0.0,18.0,0.0,54,1.403,2,0,0,0,0
43,2023,3,Albert Park Circuit,Australia,Medium,3,58,Dry,41.5,33.4,3,Zhou Guanyu,ZHO,Kick Sauber,4,79,19,79.917,1.417,2.412701239686859,19,0,0,0,Finished,1,2.8,0,0.0,19.5,0.0,57,1.417,2,0,0,0,0
43,2023,3,Albert Park Circuit,Australia,Medium,3,58,Dry,41.5,33.4,3,Logan Sargeant,SAR,Williams,4,76,20,79.651,1.151,1.306876243717285,20,0,0,0,Finished,2,2.75,0,0.0,19.5,0.0,60,1.151,2,0,0,0,0
44,2023,4,Baku City Circuit,Azerbaijan,Low,2,51,Dry,40.7,32.2,3,Max Verstappen,VER,Red Bull Racing,1,97,1,103.0,0.0,8.24761829891886,1,25,1,1,Finished,2,2.13,0,19.666666666666668,2.0,59.0,2,0.0,1,0,0,1,1
44,2023,4,Baku City Circuit,Azerbaijan,Low,2,51,Dry,40.7,32.2,3,Lewis Hamilton,HAM,Mercedes,1,95,2,103.118,0.118,7.752050748595994,3,16,1,0,Finished,1,3.06,1,21.0,1.6666666666666667,62.0,4,0.118,1,0,-1,1,1
44,2023,4,Baku City Circuit,Azerbaijan,Low,2,51,Dry,40.7,32.2,3,Lando Norris,NOR,McLaren,1,93,3,103.22,0.22,8.245614224288746,2,18,1,0,Finished,2,2.54,0,16.0,3.3333333333333335,41.0,6,0.22,1,0,1,0,1
44,2023,4,Baku City Circuit,Azerbaijan,Low,2,51,Dry,40.7,32.2,3,Charles Leclerc,LEC,Ferrari,1,94,4,103.333,0.333,7.264017492309605,6,8,0,0,Finished,2,2.26,0,11.333333333333334,4.333333333333333,34.0,8,0.333,1,0,-2,0,1
44,2023,4,Baku City Circuit,Azerbaijan,Low,2,51,Dry,40.7,32.2,3,Carlos Sainz,SAI,Ferrari,1,91,5,103.468,0.468,7.615438079215659,4,12,0,0,Finished,2,2.36,0,7.333333333333333,6.333333333333333,30.0,10,0.468,1,0,1,0,1
44,2023,4,Baku City Circuit,Azerbaijan,Low,2,51,Dry,40.7,32.2,3,George Russell,RUS,Mercedes,1,91,6,103.471,0.471,7.806630963393826,5,10,0,0,Finished,1,3.04,0,9.666666666666666,5.333333333333333,60.0,12,0.471,1,0,1,0,0
44,2023,4,Baku City Circuit,Azerbaijan,Low,2,51,Dry,40.7,32.2,3,Oscar Piastri,PIA,McLaren,1,90,7,103.696,0.696,6.755663872750733,7,6,0,0,Finished,1,2.74,0,5.333333333333333,7.333333333333333,34.0,14,0.696,1,0,0,0,0
44,2023,4,Baku City Circuit,Azerbaijan,Low,2,51,Dry,40.7,32.2,3,Sergio Perez,PER,Red Bull Racing,1,88,8,103.876,0.876,6.9196950386649805,8,4,0,0,Finished,1,2.35,0,8.0,6.0,69.0,16,0.876,1,0,0,0,0
44,2023,4,Baku City Circuit,Azerbaijan,Low,2,51,Dry,40.7,32.2,3,Fernando Alonso,ALO,Aston Martin,2,92,9,103.809,0.809,5.984624895043289,9,2,0,0,Finished,3,3.37,0,2.6666666666666665,8.666666666666666,6.0,18,0.809,1,0,0,0,0
44,2023,4,Baku City Circuit,Azerbaijan,Low,2,51,Dry,40.7,32.2,3,Pierre Gasly,GAS,Alpine,2,85,10,104.151,1.151,5.5390317834749325,10,1,0,0,Finished,1,3.3,0,0.3333333333333333,10.666666666666666,2.0,20,1.151,1,0,0,0,0
44,2023,4,Baku City Circuit,Azerbaijan,Low,2,51,Dry,40.7,32.2,3,Esteban Ocon,OCO,Alpine,2,84,11,103.978,0.978,5.629202547159659,11,0,0,0,Finished,2,2.45,0,0.6666666666666666,10.333333333333334,3.0,22,0.978,1,0,0,0,0
44,2023,4,Baku City Circuit,Azerbaijan,Low,2,51,Dry,40.7,32.2,3,Lance Stroll,STR,Aston Martin,2,81,12,104.015,1.015,4.6293959112589285,12,0,0,0,Finished,2,2.96,0,0.0,12.333333333333334,4.0,24,1.015,1,0,0,0,0
44,2023,4,Baku City Circuit,Azerbaijan,Low,2,51,Dry,40.7,32.2,3,Daniel Ricciardo,RIC,RB,3,84,13,104.192,1.192,3.4901012196864505,15,0,0,0,Finished,1,2.11,0,0.0,15.0,0.0,26,1.192,1,0,-2,0,0
44,2023,4,Baku City Circuit,Azerbaijan,Low,2,51,Dry,40.7,32.2,3,Alexander Albon,ALB,Williams,3,86,14,104.286,1.286,4.316259939001311,13,0,0,0,Finished,3,2.44,0,0.0,13.333333333333334,0.0,28,1.286,1,0,1,0,0
44,2023,4,Baku City Circuit,Azerbaijan,Low,2,51,Dry,40.7,32.2,3,Nico Hulkenberg,HUL,Haas,3,84,15,103.96,0.96,3.3396146736459325,16,0,0,0,Finished,3,3.14,0,0.0,14.333333333333334,0.0,30,0.96,1,0,-1,0,0
44,2023,4,Baku City Circuit,Azerbaijan,Low,2,51,Dry,40.7,32.2,3,Yuki Tsunoda,TSU,RB,3,83,16,104.269,1.269,3.500093452698246,20,0,0,0,Hydraulics,0,3.26,0,0.0,15.666666666666666,0.0,32,1.269,1,0,-4,0,0
44,2023,4,Baku City Circuit,Azerbaijan,Low,2,51,Dry,40.7,32.2,3,Kevin Magnussen,MAG,Haas,3,82,17,104.374,1.374,4.476340747973809,14,0,0,0,Finished,2,2.17,0,0.0,16.333333333333332,0.0,34,1.374,1,0,3,0,0
44,2023,4,Baku City Circuit,Azerbaijan,Low,2,51,Dry,40.7,32.2,3,Valtteri Bottas,BOT,Kick Sauber,4,83,18,104.628,1.628,3.0479743266658708,17,0,0,0,Finished,2,2.76,0,0.0,18.0,0.0,36,1.628,1,0,1,0,0
44,2023,4,Baku City Circuit,Azerbaijan,Low,2,51,Dry,40.7,32.2,3,Zhou Guanyu,ZHO,Kick Sauber,4,79,19,104.623,1.623,1.2352527982141033,18,0,0,0,Finished,1,2.3,0,0.0,19.333333333333332,0.0,38,1.623,1,0,1,0,0
44,2023,4,Baku City Circuit,Azerbaijan,Low,2,51,Dry,40.7,32.2,3,Logan Sargeant,SAR,Williams,4,76,20,105.294,2.294,0.9898134889121522,19,0,0,0,Finished,1,2.59,0,0.0,19.666666666666668,0.0,40,2.294,1,0,1,0,0
45,2023,5,Circuit de Monaco,Monaco,High,5,78,Dry,25.4,19.7,4,Lewis Hamilton,HAM,Mercedes,1,95,1,72.0,0.0,7.993221611060715,1,25,1,1,Finished,1,3.05,0,19.75,2.0,60.0,5,0.0,3,0,0,1,1
45,2023,5,Circuit de Monaco,Monaco,High,5,78,Dry,25.4,19.7,4,Charles Leclerc,LEC,Ferrari,1,94,2,72.061,0.061,7.659501301015682,3,15,1,0,Finished,1,2.22,0,10.5,4.75,34.0,10,0.061,3,0,-1,1,1
45,2023,5,Circuit de Monaco,Monaco,High,5,78,Dry,25.4,19.7,4,Max Verstappen,VER,Red Bull Racing,1,97,3,72.211,0.211,8.335549964877535,2,19,1,0,Finished,1,2.32,1,21.0,1.75,67.0,15,0.211,3,0,1,0,1
45,2023,5,Circuit de Monaco,Monaco,High,5,78,Dry,25.4,19.7,4,Lando Norris,NOR,McLaren,1,93,4,72.3,0.3,7.082603588032309,4,12,0,0,Finished,2,2.47,0,16.5,3.0,38.0,20,0.3,3,0,0,0,1
45,2023,5,Circuit de Monaco,Monaco,High,5,78,Dry,25.4,19.7,4,George Russell,RUS,Mercedes,1,91,5,72.365,0.365,7.075976312636473,5,11,0,0,Finished,1,2.61,1,9.75,5.25,66.0,25,0.365,3,0,0,0,1
45,2023,5,Circuit de Monaco,Monaco,High,5,78,Dry,25.4,19.7,4,Oscar Piastri,PIA,McLaren,1,90,6,72.337,0.337,7.131881238012334,6,8,0,0,Finished,2,2.98,0,5.5,7.25,42.0,30,0.337,3,0,0,0,0
45,2023,5,Circuit de Monaco,Monaco,High,5,78,Dry,25.4,19.7,4,Carlos Sainz,SAI,Ferrari,1,91,7,72.456,0.456,6.6276555963244,7,6,0,0,Finished,3,3.25,0,8.5,5.75,39.0,35,0.456,3,0,0,0,0
45,2023,5,Circuit de Monaco,Monaco,High,5,78,Dry,25.4,19.7,4,Fernando Alonso,ALO,Aston Martin,2,92,8,72.472,0.472,6.898330753839821,8,4,0,0,Finished,2,2.78,0,2.5,8.75,4.0,40,0.472,3,0,0,0,0
45,2023,5,Circuit de Monaco,Monaco,High,5,78,Dry,25.4,19.7,4,Sergio Perez,PER,Red Bull Racing,1,88,9,72.871,0.871,5.840475231552396,9,2,0,0,Finished,1,2.7,0,7.0,6.5,60.0,45,0.871,3,0,0,0,0
45,2023,5,Circuit de Monaco,Monaco,High,5,78,Dry,25.4,19.7,4,Pierre Gasly,GAS,Alpine,2,85,10,73.207,1.207,5.353414654007733,10,1,0,0,Finished,2,2.17,0,0.5,10.5,2.0,50,1.207,3,0,0,0,0
45,2023,5,Circuit de Monaco,Monaco,High,5,78,Dry,25.4,19.7,4,Esteban Ocon,OCO,Alpine,2,84,11,72.852,0.852,5.089741521568023,11,0,0,0,Finished,2,2.54,0,0.5,10.5,2.0,55,0.852,3,0,0,0,0
45,2023,5,Circuit de Monaco,Monaco,High,5,78,Dry,25.4,19.7,4,Lance Stroll,STR,Aston Martin,2,81,12,73.269,1.269,4.969273412334771,12,0,0,0,Finished,2,3.32,0,0.0,12.25,6.0,60,1.269,3,0,0,0,0
45,2023,5,Circuit de Monaco,Monaco,High,5,78,Dry,25.4,19.7,4,Alexander Albon,ALB,Williams,3,86,13,73.614,1.614,4.178700612498632,13,0,0,0,Finished,2,2.96,0,0.0,13.25,0.0,65,1.614,3,0,0,0,0
45,2023,5,Circuit de Monaco,Monaco,High,5,78,Dry,25.4,19.7,4,Kevin Magnussen,MAG,Haas,3,82,14,73.368,1.368,3.687702271699994,20,0,0,0,Power Unit,1,2.63,0,0.0,15.75,0.0,70,1.368,3,0,-6,0,0
45,2023,5,Circuit de Monaco,Monaco,High,5,78,Dry,25.4,19.7,4,Nico Hulkenberg,HUL,Haas,3,84,15,73.714,1.714,3.2203387480659966,14,0,0,0,Finished,2,3.19,0,0.0,14.75,0.0,75,1.714,3,0,1,0,0
45,2023,5,Circuit de Monaco,Monaco,High,5,78,Dry,25.4,19.7,4,Yuki Tsunoda,TSU,RB,3,83,16,73.355,1.355,2.856539270863424,15,0,0,0,Finished,3,3.11,0,0.0,16.75,0.0,80,1.355,3,0,1,0,0
45,2023,5,Circuit de Monaco,Monaco,High,5,78,Dry,25.4,19.7,4,Daniel Ricciardo,RIC,RB,3,84,17,73.186,1.186,3.503236355669703,16,0,0,0,Finished,2,2.89,0,0.0,15.0,0.0,85,1.186,3,0,1,0,0
45,2023,5,Circuit de Monaco,Monaco,High,5,78,Dry,25.4,19.7,4,Valtteri Bottas,BOT,Kick Sauber,4,83,18,73.025,1.025,1.6646083533622742,17,0,0,0,Finished,2,2.8,0,0.0,17.75,0.0,90,1.025,3,0,1,0,0
45,2023,5,Circuit de Monaco,Monaco,High,5,78,Dry,25.4,19.7,4,Zhou Guanyu,ZHO,Kick Sauber,4,79,19,73.633,1.633,1.2777675684076768,18,0,0,0,Finished,2,2.76,0,0.0,19.0,0.0,95,1.633,3,0,1,0,0
45,2023,5,Circuit de Monaco,Monaco,High,5,78,Dry,25.4,19.7,4,Logan Sargeant,SAR,Williams,4,76,20,74.152,2.152,0.0812689045175453,19,0,0,0,Finished,1,2.6,0,0.0,19.5,0.0,100,2.152,3,0,1,0,0
46,2023,6,Circuit de Barcelona-Catalunya,Spain,High,4,66,Dry,37.3,31.7,5,Max Verstappen,VER,Red Bull Racing,1,97,1,74.0,0.0,7.834906623351442,2,18,1,0,Finished,2,3.18,0,21.25,1.75,50.0,4,0.0,3,0,-1,1,1
46,2023,6,Circuit de Barcelona-Catalunya,Spain,High,4,66,Dry,37.3,31.7,5,Charles Leclerc,LEC,Ferrari,1,94,2,74.135,0.135,8.348860033984085,1,26,1,1,Finished,2,2.37,1,11.25,4.5,41.0,8,0.135,3,0,1,1,1
46,2023,6,Circuit de Barcelona-Catalunya,Spain,High,4,66,Dry,37.3,31.7,5,Lewis Hamilton,HAM,Mercedes,1,95,3,74.212,0.212,7.801404778942141,3,15,1,0,Finished,2,2.88,0,19.5,2.0,62.0,12,0.212,3,0,0,0,1
46,2023,6,Circuit de Barcelona-Catalunya,Spain,High,4,66,Dry,37.3,31.7,5,Lando Norris,NOR,McLaren,1,93,4,74.302,0.302,7.54699510602368,4,12,0,0,Finished,1,2.42,0,15.75,3.25,44.0,16,0.302,3,0,0,0,1
46,2023,6,Circuit de Barcelona-Catalunya,Spain,High,4,66,Dry,37.3,31.7,5,Carlos Sainz,SAI,Ferrari,1,91,5,74.355,0.355,7.417418787602034,5,10,0,0,Finished,2,2.82,0,7.5,6.25,59.0,20,0.355,3,0,0,0,1
46,2023,6,Circuit de Barcelona-Catalunya,Spain,High,4,66,Dry,37.3,31.7,5,George Russell,RUS,Mercedes,1,91,6,74.321,0.321,7.460747863537817,20,0,0,0,Collision,0,3.08,0,11.5,4.5,61.0,24,0.321,3,0,-14,0,0
46,2023,6,Circuit de Barcelona-Catalunya,Spain,High,4,66,Dry,37.3,31.7,5,Oscar Piastri,PIA,McLaren,1,90,7,74.704,0.704,7.488106208332165,7,6,0,0,Finished,1,2.64,0,5.5,7.25,38.0,28,0.704,3,0,0,0,0
46,2023,6,Circuit de Barcelona-Catalunya,Spain,High,4,66,Dry,37.3,31.7,5,Sergio Perez,PER,Red Bull Racing,1,88,8,74.837,0.837,8.099642930756831,6,8,0,0,Finished,1,2.83,0,6.0,7.0,43.0,32,0.837,3,0,2,0,0
46,2023,6,Circuit de Barcelona-Catalunya,Spain,High,4,66,Dry,37.3,31.7,5,Fernando Alonso,ALO,Aston Martin,2,92,9,74.602,0.602,5.699651295358455,8,4,0,0,Finished,2,3.0,0,3.0,8.5,6.0,36,0.602,3,0,1,0,0
46,2023,6,Circuit de Barcelona-Catalunya,Spain,High,4,66,Dry,37.3,31.7,5,Pierre Gasly,GAS,Alpine,2,85,10,75.005,1.005,4.821078525557907,9,2,0,0,Finished,3,2.46,0,0.75,10.25,2.0,40,1.005,3,0,1,0,0
46,2023,6,Circuit de Barcelona-Catalunya,Spain,High,4,66,Dry,37.3,31.7,5,Esteban Ocon,OCO,Alpine,2,84,11,75.26,1.26,3.9983954005959568,10,1,0,0,Finished,2,2.53,0,0.25,10.75,3.0,44,1.26,3,0,1,0,0
46,2023,6,Circuit de Barcelona-Catalunya,Spain,High,4,66,Dry,37.3,31.7,5,Lance Stroll,STR,Aston Martin,2,81,12,75.522,1.522,4.264624287364224,11,0,0,0,Finished,1,3.21,0,0.0,12.25,8.0,48,1.522,3,0,1,0,0
46,2023,6,Circuit de Barcelona-Catalunya,Spain,High,4,66,Dry,37.3,31.7,5,Alexander Albon,ALB,Williams,3,86,13,75.401,1.401,4.005424799902797,19,0,0,0,Suspension,1,3.86,0,0.0,13.25,0.0,52,1.401,3,0,-6,0,0
46,2023,6,Circuit de Barcelona-Catalunya,Spain,High,4,66,Dry,37.3,31.7,5,Yuki Tsunoda,TSU,RB,3,83,14,75.372,1.372,3.830775551822376,12,0,0,0,Finished,2,3.25,0,0.0,16.75,0.0,56,1.372,3,0,2,0,0
46,2023,6,Circuit de Barcelona-Catalunya,Spain,High,4,66,Dry,37.3,31.7,5,Nico Hulkenberg,HUL,Haas,3,84,15,75.925,1.925,2.638800890524296,14,0,0,0,Finished,1,3.26,0,0.0,14.25,0.0,60,1.925,3,0,1,0,0
46,2023,6,Circuit de Barcelona-Catalunya,Spain,High,4,66,Dry,37.3,31.7,5,Kevin Magnussen,MAG,Haas,3,82,16,75.708,1.708,4.496368156205643,13,0,0,0,Finished,1,3.24,0,0.0,16.5,0.0,64,1.708,3,0,3,0,0
46,2023,6,Circuit de Barcelona-Catalunya,Spain,High,4,66,Dry,37.3,31.7,5,Daniel Ricciardo,RIC,RB,3,84,17,75.556,1.556,3.247387397468823,15,0,0,0,Finished,1,2.51,0,0.0,15.5,0.0,68,1.556,3,0,2,0,0
46,2023,6,Circuit de Barcelona-Catalunya,Spain,High,4,66,Dry,37.3,31.7,5,Valtteri Bottas,BOT,Kick Sauber,4,83,18,75.812,1.812,1.2395651659519644,17,0,0,0,Finished,1,2.56,0,0.0,17.5,0.0,72,1.812,3,0,1,0,0
46,2023,6,Circuit de Barcelona-Catalunya,Spain,High,4,66,Dry,37.3,31.7,5,Zhou Guanyu,ZHO,Kick Sauber,4,79,19,75.317,1.317,2.283450141610098,16,0,0,0,Finished,2,3.32,0,0.0,18.5,0.0,76,1.317,3,0,3,0,0
46,2023,6,Circuit de Barcelona-Catalunya,Spain,High,4,66,Dry,37.3,31.7,5,Logan Sargeant,SAR,Williams,4,76,20,75.654,1.654,1.5985754312196392,18,0,0,0,Finished,2,2.61,0,0.0,19.5,0.0,80,1.654,3,0,2,0,0
47,2023,7,Circuit Gilles Villeneuve,Canada,Low,3,70,Dry,36.6,24.7,1,Max Verstappen,VER,Red Bull Racing,1,97,1,73.0,0.0,8.268924542444891,1,25,1,1,Finished,2,3.05,0,22.0,1.5,47.0,3,0.0,1,0,0,1,1
47,2023,7,Circuit Gilles Villeneuve,Canada,Low,3,70,Dry,36.6,24.7,1,Charles Leclerc,LEC,Ferrari,1,94,2,73.109,0.109,7.781493280159365,2,19,1,0,Finished,1,2.39,1,14.75,3.75,57.0,6,0.109,1,0,0,1,1
47,2023,7,Circuit Gilles Villeneuve,Canada,Low,3,70,Dry,36.6,24.7,1,Lewis Hamilton,HAM,Mercedes,1,95,3,73.127,0.127,7.305674035308215,3,16,1,0,Finished,2,2.34,1,18.75,2.25,51.0,9,0.127,1,0,0,0,1
47,2023,7,Circuit Gilles Villeneuve,Canada,Low,3,70,Dry,36.6,24.7,1,George Russell,RUS,Mercedes,1,91,4,73.408,0.408,6.9520947351823015,5,10,0,0,Finished,1,3.19,0,9.0,8.25,42.0,12,0.408,1,0,-1,0,1
47,2023,7,Circuit Gilles Villeneuve,Canada,Low,3,70,Dry,36.6,24.7,1,Carlos Sainz,SAI,Ferrari,1,91,5,73.5,0.5,7.328850970729052,4,12,0,0,Finished,3,2.13,0,8.0,6.0,61.0,15,0.5,1,0,1,0,1
47,2023,7,Circuit Gilles Villeneuve,Canada,Low,3,70,Dry,36.6,24.7,1,Lando Norris,NOR,McLaren,1,93,6,73.674,0.674,6.948812140653394,7,6,0,0,Finished,1,2.2,0,12.5,4.0,38.0,18,0.674,1,0,-1,0,0
47,2023,7,Circuit Gilles Villeneuve,Canada,Low,3,70,Dry,36.6,24.7,1,Oscar Piastri,PIA,McLaren,1,90,7,73.676,0.676,7.344389068409904,6,8,0,0,Finished,2,3.3,0,6.5,6.75,32.0,21,0.676,1,0,1,0,0
47,2023,7,Circuit Gilles Villeneuve,Canada,Low,3,70,Dry,36.6,24.7,1,Sergio Perez,PER,Red Bull Racing,1,88,8,73.82,0.82,7.505991073769213,8,4,0,0,Finished,1,2.97,0,6.5,6.75,53.0,24,0.82,1,0,0,0,0
47,2023,7,Circuit Gilles Villeneuve,Canada,Low,3,70,Dry,36.6,24.7,1,Fernando Alonso,ALO,Aston Martin,2,92,9,73.811,0.811,6.382522746303647,9,2,0,0,Finished,2,2.7,0,3.0,8.5,8.0,27,0.811,1,0,0,0,0
47,2023,7,Circuit Gilles Villeneuve,Canada,Low,3,70,Dry,36.6,24.7,1,Esteban Ocon,OCO,Alpine,2,84,10,73.967,0.967,4.542205209078579,11,0,0,0,Finished,2,3.36,0,0.5,10.5,4.0,30,0.967,1,0,-1,0,0
47,2023,7,Circuit Gilles Villeneuve,Canada,Low,3,70,Dry,36.6,24.7,1,Pierre Gasly,GAS,Alpine,2,85,11,74.098,1.098,5.199225420154406,10,1,0,0,Finished,2,2.35,0,1.0,10.0,3.0,33,1.098,1,0,1,0,0
47,2023,7,Circuit Gilles Villeneuve,Canada,Low,3,70,Dry,36.6,24.7,1,Lance Stroll,STR,Aston Martin,2,81,12,74.033,1.033,4.815675408089573,12,0,0,0,Finished,1,2.74,0,0.0,12.0,6.0,36,1.033,1,0,0,0,0
47,2023,7,Circuit Gilles Villeneuve,Canada,Low,3,70,Dry,36.6,24.7,1,Nico Hulkenberg,HUL,Haas,3,84,13,74.3,1.3,4.000701508836855,13,0,0,0,Finished,1,2.83,0,0.0,14.0,0.0,39,1.3,1,0,0,0,0
47,2023,7,Circuit Gilles Villeneuve,Canada,Low,3,70,Dry,36.6,24.7,1,Alexander Albon,ALB,Williams,3,86,14,74.785,1.785,3.4012045601018976,15,0,0,0,Finished,1,2.53,0,0.0,14.75,0.0,42,1.785,1,0,-1,0,0
47,2023,7,Circuit Gilles Villeneuve,Canada,Low,3,70,Dry,36.6,24.7,1,Daniel Ricciardo,RIC,RB,3,84,15,74.256,1.256,3.72741505703784,14,0,0,0,Finished,2,2.29,0,0.0,15.75,0.0,45,1.256,1,0,1,0,0
47,2023,7,Circuit Gilles Villeneuve,Canada,Low,3,70,Dry,36.6,24.7,1,Kevin Magnussen,MAG,Haas,3,82,16,74.469,1.469,3.748299282931307,20,0,0,0,Collision,1,2.78,0,0.0,15.75,0.0,48,1.469,1,0,-4,0,0
47,2023,7,Circuit Gilles Villeneuve,Canada,Low,3,70,Dry,36.6,24.7,1,Yuki Tsunoda,TSU,RB,3,83,17,74.069,1.069,3.6615699564882567,16,0,0,0,Finished,2,2.86,0,0.0,15.5,0.0,51,1.069,1,0,1,0,0
47,2023,7,Circuit Gilles Villeneuve,Canada,Low,3,70,Dry,36.6,24.7,1,Valtteri Bottas,BOT,Kick Sauber,4,83,18,75.182,2.182,2.884984852866388,17,0,0,0,Finished,1,3.09,0,0.0,17.25,0.0,54,2.182,1,0,1,0,0
47,2023,7,Circuit Gilles Villeneuve,Canada,Low,3,70,Dry,36.6,24.7,1,Zhou Guanyu,ZHO,Kick Sauber,4,79,19,74.155,1.155,2.0734538006326253,18,0,0,0,Finished,2,2.58,0,0.0,17.75,0.0,57,1.155,1,0,1,0,0
47,2023,7,Circuit Gilles Villeneuve,Canada,Low,3,70,Dry,36.6,24.7,1,Logan Sargeant,SAR,Williams,4,76,20,74.913,1.913,1.361905896538646,19,0,0,0,Finished,1,3.08,0,0.0,19.0,0.0,60,1.913,1,0,1,0,0
48,2023,8,Red Bull Ring,Austria,Medium,2,71,Dry,29.2,20.2,0,Max Verstappen,VER,Red Bull Racing,1,97,1,65.5,0.0,8.185467803370555,2,18,1,0,Finished,2,2.67,0,21.75,1.5,55.0,2,0.0,2,0,-1,1,1
48,2023,8,Red Bull Ring,Austria,Medium,2,71,Dry,29.2,20.2,0,Lando Norris,NOR,McLaren,1,93,2,65.58,0.08,8.269747412729393,3,15,1,0,Finished,2,3.26,0,12.0,4.25,32.0,4,0.08,2,0,-1,1,1
48,2023,8,Red Bull Ring,Austria,Medium,2,71,Dry,29.2,20.2,0,Lewis Hamilton,HAM,Mercedes,1,95,3,65.713,0.213,8.774497171372278,1,25,1,1,Finished,1,2.28,0,18.0,2.5,41.0,6,0.213,2,0,2,0,1
48,2023,8,Red Bull Ring,Austria,Medium,2,71,Dry,29.2,20.2,0,George Russell,RUS,Mercedes,1,91,4,65.874,0.374,8.005745862443288,4,13,0,0,Finished,1,3.07,1,7.75,8.75,51.0,8,0.374,2,0,0,0,1
48,2023,8,Red Bull Ring,Austria,Medium,2,71,Dry,29.2,20.2,0,Charles Leclerc,LEC,Ferrari,1,94,5,65.777,0.277,7.34697567085625,5,10,0,0,Finished,1,2.55,0,17.0,3.0,67.0,10,0.277,2,0,0,0,1
48,2023,8,Red Bull Ring,Austria,Medium,2,71,Dry,29.2,20.2,0,Oscar Piastri,PIA,McLaren,1,90,6,65.923,0.423,6.736831629064998,7,6,0,0,Finished,1,3.22,0,7.0,6.5,35.0,12,0.423,2,0,-1,0,0
48,2023,8,Red Bull Ring,Austria,Medium,2,71,Dry,29.2,20.2,0,Sergio Perez,PER,Red Bull Racing,1,88,7,66.227,0.727,6.974964096168077,6,8,0,0,Finished,1,2.18,0,4.5,7.75,55.0,14,0.727,2,0,1,0,0
48,2023,8,Red Bull Ring,Austria,Medium,2,71,Dry,29.2,20.2,0,Carlos Sainz,SAI,Ferrari,1,91,8,66.128,0.628,6.5979652972191225,8,4,0,0,Finished,2,2.43,0,10.0,5.0,51.0,16,0.628,2,0,0,0,0
48,2023,8,Red Bull Ring,Austria,Medium,2,71,Dry,29.2,20.2,0,Fernando Alonso,ALO,Aston Martin,2,92,9,66.444,0.944,5.992165493030353,9,2,0,0,Finished,2,2.79,0,3.0,8.5,6.0,18,0.944,2,0,0,0,0
48,2023,8,Red Bull Ring,Austria,Medium,2,71,Dry,29.2,20.2,0,Pierre Gasly,GAS,Alpine,2,85,10,66.429,0.929,4.942666766935485,11,0,0,0,Finished,2,2.5,0,1.25,9.75,4.0,20,0.929,2,0,-1,0,0
48,2023,8,Red Bull Ring,Austria,Medium,2,71,Dry,29.2,20.2,0,Esteban Ocon,OCO,Alpine,2,84,11,66.237,0.737,5.283334380491437,10,1,0,0,Finished,2,2.4,0,0.25,10.75,2.0,22,0.737,2,0,1,0,0
48,2023,8,Red Bull Ring,Austria,Medium,2,71,Dry,29.2,20.2,0,Alexander Albon,ALB,Williams,3,86,12,66.776,1.276,4.616451443911637,12,0,0,0,Finished,2,2.12,0,0.0,15.0,0.0,24,1.276,2,0,0,0,0
48,2023,8,Red Bull Ring,Austria,Medium,2,71,Dry,29.2,20.2,0,Lance Stroll,STR,Aston Martin,2,81,13,66.353,0.853,4.306308653463998,14,0,0,0,Finished,2,2.19,0,0.0,11.75,4.0,26,0.853,2,0,-1,0,0
48,2023,8,Red Bull Ring,Austria,Medium,2,71,Dry,29.2,20.2,0,Daniel Ricciardo,RIC,RB,3,84,14,66.632,1.132,4.550767374665256,13,0,0,0,Finished,1,2.56,0,0.0,15.0,0.0,28,1.132,2,0,1,0,0
48,2023,8,Red Bull Ring,Austria,Medium,2,71,Dry,29.2,20.2,0,Yuki Tsunoda,TSU,RB,3,83,15,66.998,1.498,3.452649849744277,15,0,0,0,Finished,2,2.38,0,0.0,15.75,0.0,30,1.498,2,0,0,0,0
48,2023,8,Red Bull Ring,Austria,Medium,2,71,Dry,29.2,20.2,0,Kevin Magnussen,MAG,Haas,3,82,16,67.353,1.853,3.046528939667093,16,0,0,0,Finished,2,3.14,0,0.0,16.75,0.0,32,1.853,2,0,0,0,0
48,2023,8,Red Bull Ring,Austria,Medium,2,71,Dry,29.2,20.2,0,Nico Hulkenberg,HUL,Haas,3,84,17,67.605,2.105,2.974073608866245,17,0,0,0,Finished,2,3.06,0,0.0,14.25,0.0,34,2.105,2,0,0,0,0
48,2023,8,Red Bull Ring,Austria,Medium,2,71,Dry,29.2,20.2,0,Valtteri Bottas,BOT,Kick Sauber,4,83,18,67.739,2.239,2.0958788535651074,18,0,0,0,Finished,2,2.56,0,0.0,17.0,0.0,36,2.239,2,0,0,0,0
48,2023,8,Red Bull Ring,Austria,Medium,2,71,Dry,29.2,20.2,0,Zhou Guanyu,ZHO,Kick Sauber,4,79,19,67.817,2.317,1.1828649346501496,19,0,0,0,Finished,2,2.48,0,0.0,17.5,0.0,38,2.317,2,0,0,0,0
48,2023,8,Red Bull Ring,Austria,Medium,2,71,Dry,29.2,20.2,0,Logan Sargeant,SAR,Williams,4,76,20,67.275,1.775,0.7437925040708357,20,0,0,0,Finished,2,3.07,0,0.0,18.75,0.0,40,1.775,2,0,0,0,0
49,2023,9,Silverstone Circuit,United Kingdom,High,2,52,Dry,32.0,23.7,4,Max Verstappen,VER,Red Bull Racing,1,97,1,88.5,0.0,8.19202160508155,2,18,1,0,Finished,1,3.35,0,20.0,1.75,55.0,2,0.0,3,0,-1,1,1
49,2023,9,Silverstone Circuit,United Kingdom,High,2,52,Dry,32.0,23.7,4,Lewis Hamilton,HAM,Mercedes,1,95,2,88.635,0.135,8.719796206640636,1,25,1,1,Finished,1,2.51,0,20.25,2.0,64.0,4,0.135,3,0,1,1,1
49,2023,9,Silverstone Circuit,United Kingdom,High,2,52,Dry,32.0,23.7,4,Charles Leclerc,LEC,Ferrari,1,94,3,88.646,0.146,8.220441039848685,20,0,0,0,Power Unit,0,2.99,0,17.5,2.75,45.0,6,0.146,3,0,-17,0,1
49,2023,9,Silverstone Circuit,United Kingdom,High,2,52,Dry,32.0,23.7,4,Lando Norris,NOR,McLaren,1,93,4,88.737,0.237,7.710348408280636,3,16,1,0,Finished,1,2.78,1,11.25,4.5,35.0,8,0.237,3,0,1,0,1
49,2023,9,Silverstone Circuit,United Kingdom,High,2,52,Dry,32.0,23.7,4,Oscar Piastri,PIA,McLaren,1,90,5,88.795,0.295,7.391500709942831,4,12,0,0,Finished,1,2.39,0,7.0,6.5,45.0,10,0.295,3,0,1,0,1
49,2023,9,Silverstone Circuit,United Kingdom,High,2,52,Dry,32.0,23.7,4,George Russell,RUS,Mercedes,1,91,6,88.991,0.491,6.798153592727543,5,10,0,0,Finished,1,3.14,0,8.5,8.5,73.0,12,0.491,3,0,1,0,0
49,2023,9,Silverstone Circuit,United Kingdom,High,2,52,Dry,32.0,23.7,4,Carlos Sainz,SAI,Ferrari,1,91,7,89.186,0.686,6.484583486209447,6,8,0,0,Finished,1,2.53,0,8.0,6.0,26.0,14,0.686,3,0,1,0,0
49,2023,9,Silverstone Circuit,United Kingdom,High,2,52,Dry,32.0,23.7,4,Sergio Perez,PER,Red Bull Racing,1,88,8,89.09,0.59,6.60464795050336,7,6,0,0,Finished,1,3.11,0,5.5,7.25,48.0,16,0.59,3,0,1,0,0
49,2023,9,Silverstone Circuit,United Kingdom,High,2,52,Dry,32.0,23.7,4,Fernando Alonso,ALO,Aston Martin,2,92,9,88.981,0.481,6.765425995250964,8,4,0,0,Finished,1,2.12,0,3.0,8.5,4.0,18,0.481,3,0,1,0,0
49,2023,9,Silverstone Circuit,United Kingdom,High,2,52,Dry,32.0,23.7,4,Pierre Gasly,GAS,Alpine,2,85,10,89.759,1.259,5.023110244526555,9,2,0,0,Finished,2,2.72,0,1.0,10.0,2.0,20,1.259,3,0,1,0,0
49,2023,9,Silverstone Circuit,United Kingdom,High,2,52,Dry,32.0,23.7,4,Esteban Ocon,OCO,Alpine,2,84,11,89.324,0.824,4.645071111796192,10,1,0,0,Finished,1,2.41,0,0.5,10.5,4.0,22,0.824,3,0,1,0,0
49,2023,9,Silverstone Circuit,United Kingdom,High,2,52,Dry,32.0,23.7,4,Lance Stroll,STR,Aston Martin,2,81,12,89.858,1.358,4.595788130779753,11,0,0,0,Finished,3,3.22,0,0.0,12.25,6.0,24,1.358,3,0,1,0,0
49,2023,9,Silverstone Circuit,United Kingdom,High,2,52,Dry,32.0,23.7,4,Nico Hulkenberg,HUL,Haas,3,84,13,90.156,1.656,4.27895752550512,12,0,0,0,Finished,2,2.73,0,0.0,14.5,0.0,26,1.656,3,0,1,0,0
49,2023,9,Silverstone Circuit,United Kingdom,High,2,52,Dry,32.0,23.7,4,Alexander Albon,ALB,Williams,3,86,14,89.397,0.897,3.817372652837948,13,0,0,0,Finished,2,3.37,0,0.0,14.75,0.0,28,0.897,3,0,1,0,0
49,2023,9,Silverstone Circuit,United Kingdom,High,2,52,Dry,32.0,23.7,4,Daniel Ricciardo,RIC,RB,3,84,15,90.052,1.552,3.627138787001341,14,0,0,0,Finished,3,2.38,0,0.0,14.5,0.0,30,1.552,3,0,1,0,0
49,2023,9,Silverstone Circuit,United Kingdom,High,2,52,Dry,32.0,23.7,4,Yuki Tsunoda,TSU,RB,3,83,16,90.284,1.784,2.875564300880532,16,0,0,0,Finished,1,2.98,0,0.0,14.5,0.0,32,1.784,3,0,0,0,0
49,2023,9,Silverstone Circuit,United Kingdom,High,2,52,Dry,32.0,23.7,4,Kevin Magnussen,MAG,Haas,3,82,17,90.726,2.226,3.222984304759761,15,0,0,0,Finished,2,2.36,0,0.0,17.25,0.0,34,2.226,3,0,2,0,0
49,2023,9,Silverstone Circuit,United Kingdom,High,2,52,Dry,32.0,23.7,4,Valtteri Bottas,BOT,Kick Sauber,4,83,18,90.204,1.704,2.2937389005470155,17,0,0,0,Finished,1,3.31,0,0.0,17.25,0.0,36,1.704,3,0,1,0,0
49,2023,9,Silverstone Circuit,United Kingdom,High,2,52,Dry,32.0,23.7,4,Zhou Guanyu,ZHO,Kick Sauber,4,79,19,90.63,2.13,1.854183783257555,18,0,0,0,Finished,1,2.76,0,0.0,17.75,0.0,38,2.13,3,0,1,0,0
49,2023,9,Silverstone Circuit,United Kingdom,High,2,52,Dry,32.0,23.7,4,Logan Sargeant,SAR,Williams,4,76,20,90.895,2.395,1.433041221181466,19,0,0,0,Finished,2,3.28,0,0.0,19.0,0.0,40,2.395,3,0,1,0,0
50,2023,10,Hungaroring,Hungary,High,4,70,Dry,28.7,16.9,6,Max Verstappen,VER,Red Bull Racing,1,97,1,77.0,0.0,8.764476170067708,1,25,1,1,Finished,2,2.6,0,19.75,1.75,50.0,4,0.0,3,0,0,1,1
50,2023,10,Hungaroring,Hungary,High,4,70,Dry,28.7,16.9,6,Lewis Hamilton,HAM,Mercedes,1,95,2,77.085,0.085,7.722758029189683,3,16,1,0,Finished,2,2.31,1,20.25,2.0,73.0,8,0.085,3,0,-1,1,1
50,2023,10,Hungaroring,Hungary,High,4,70,Dry,28.7,16.9,6,Lando Norris,NOR,McLaren,1,93,3,77.162,0.162,8.373448318506378,2,18,1,0,Finished,2,3.22,0,12.25,4.25,49.0,12,0.162,3,0,1,0,1
50,2023,10,Hungaroring,Hungary,High,4,70,Dry,28.7,16.9,6,Carlos Sainz,SAI,Ferrari,1,91,4,77.259,0.259,7.253604817120967,4,12,0,0,Finished,1,2.16,0,8.5,5.75,22.0,16,0.259,3,0,0,0,1
50,2023,10,Hungaroring,Hungary,High,4,70,Dry,28.7,16.9,6,Charles Leclerc,LEC,Ferrari,1,94,5,77.393,0.393,7.269093086960192,5,10,0,0,Finished,1,3.08,0,13.75,7.0,24.0,20,0.393,3,0,0,0,1
50,2023,10,Hungaroring,Hungary,High,4,70,Dry,28.7,16.9,6,George Russell,RUS,Mercedes,1,91,6,77.312,0.312,6.565844652900666,20,0,0,0,Power Unit,0,3.76,0,8.25,8.5,64.0,24,0.312,3,0,-14,0,0
50,2023,10,Hungaroring,Hungary,High,4,70,Dry,28.7,16.9,6,Sergio Perez,PER,Red Bull Racing,1,88,7,77.396,0.396,7.357774817413981,19,0,0,0,Hydraulics,0,2.58,0,6.5,6.75,57.0,28,0.396,3,0,-12,0,0
50,2023,10,Hungaroring,Hungary,High,4,70,Dry,28.7,16.9,6,Oscar Piastri,PIA,McLaren,1,90,8,77.945,0.945,6.592649540441373,7,6,0,0,Finished,1,2.19,0,8.0,6.0,52.0,32,0.945,3,0,1,0,0
50,2023,10,Hungaroring,Hungary,High,4,70,Dry,28.7,16.9,6,Fernando Alonso,ALO,Aston Martin,2,92,9,78.019,1.019,7.178174659867729,6,8,0,0,Finished,2,2.8,0,3.0,8.5,6.0,36,1.019,3,0,3,0,0
50,2023,10,Hungaroring,Hungary,High,4,70,Dry,28.7,16.9,6,Pierre Gasly,GAS,Alpine,2,85,10,77.883,0.883,5.3844767939350096,8,4,0,0,Finished,1,3.25,0,1.25,9.75,4.0,40,0.883,3,0,2,0,0
50,2023,10,Hungaroring,Hungary,High,4,70,Dry,28.7,16.9,6,Esteban Ocon,OCO,Alpine,2,84,11,78.205,1.205,4.310024915744774,9,2,0,0,Finished,1,3.02,0,0.75,10.25,8.0,44,1.205,3,0,2,0,0
50,2023,10,Hungaroring,Hungary,High,4,70,Dry,28.7,16.9,6,Lance Stroll,STR,Aston Martin,2,81,12,78.365,1.365,4.72016118472397,10,1,0,0,Finished,3,3.13,0,0.0,12.0,12.0,48,1.365,3,0,2,0,0
50,2023,10,Hungaroring,Hungary,High,4,70,Dry,28.7,16.9,6,Daniel Ricciardo,RIC,RB,3,84,13,78.182,1.182,4.573054169343852,11,0,0,0,Finished,1,3.28,0,0.0,14.0,0.0,52,1.182,3,0,2,0,0
50,2023,10,Hungaroring,Hungary,High,4,70,Dry,28.7,16.9,6,Alexander Albon,ALB,Williams,3,86,14,78.573,1.573,4.115718696992652,12,0,0,0,Finished,1,2.71,0,0.0,14.75,0.0,56,1.573,3,0,2,0,0
50,2023,10,Hungaroring,Hungary,High,4,70,Dry,28.7,16.9,6,Nico Hulkenberg,HUL,Haas,3,84,15,78.239,1.239,4.199680117041993,13,0,0,0,Finished,2,2.93,0,0.0,14.0,0.0,60,1.239,3,0,2,0,0
50,2023,10,Hungaroring,Hungary,High,4,70,Dry,28.7,16.9,6,Yuki Tsunoda,TSU,RB,3,83,16,78.984,1.984,3.404759363534338,14,0,0,0,Finished,1,2.48,0,0.0,14.75,0.0,64,1.984,3,0,2,0,0
50,2023,10,Hungaroring,Hungary,High,4,70,Dry,28.7,16.9,6,Kevin Magnussen,MAG,Haas,3,82,17,78.035,1.035,3.2803059679162656,15,0,0,0,Finished,1,2.76,0,0.0,16.0,0.0,68,1.035,3,0,2,0,0
50,2023,10,Hungaroring,Hungary,High,4,70,Dry,28.7,16.9,6,Valtteri Bottas,BOT,Kick Sauber,4,83,18,79.047,2.047,2.6020076386088027,16,0,0,0,Finished,1,3.36,0,0.0,17.25,0.0,72,2.047,3,0,2,0,0
50,2023,10,Hungaroring,Hungary,High,4,70,Dry,28.7,16.9,6,Zhou Guanyu,ZHO,Kick Sauber,4,79,19,78.845,1.845,1.7868847242033092,17,0,0,0,Finished,3,3.23,0,0.0,17.75,0.0,76,1.845,3,0,2,0,0
50,2023,10,Hungaroring,Hungary,High,4,70,Dry,28.7,16.9,6,Logan Sargeant,SAR,Williams,4,76,20,79.474,2.474,1.475596602463112,18,0,0,0,Finished,1,3.0,0,0.0,19.0,0.0,80,2.474,3,0,2,0,0
51,2023,11,Circuit de Spa-Francorchamps,Belgium,Medium,2,44,Dry,38.3,28.8,4,Max Verstappen,VER,Red Bull Racing,1,97,1,105.0,0.0,8.459214401264035,1,25,1,1,Finished,1,2.92,0,21.5,1.5,49.0,2,0.0,2,0,0,1,1
51,2023,11,Circuit de Spa-Francorchamps,Belgium,Medium,2,44,Dry,38.3,28.8,4,Lewis Hamilton,HAM,Mercedes,1,95,2,105.113,0.113,8.064270741033482,2,19,1,0,Finished,1,2.6,1,20.5,2.0,51.0,4,0.113,2,0,0,1,1
51,2023,11,Circuit de Spa-Francorchamps,Belgium,Medium,2,44,Dry,38.3,28.8,4,Oscar Piastri,PIA,McLaren,1,90,3,105.179,0.179,7.112817190507251,4,13,0,0,Finished,1,3.36,1,8.0,6.0,52.0,6,0.179,2,0,-1,0,1
51,2023,11,Circuit de Spa-Francorchamps,Belgium,Medium,2,44,Dry,38.3,28.8,4,Charles Leclerc,LEC,Ferrari,1,94,4,105.381,0.381,8.121716403081987,3,16,1,0,Finished,2,2.78,1,9.75,8.0,30.0,8,0.381,2,0,1,0,1
51,2023,11,Circuit de Spa-Francorchamps,Belgium,Medium,2,44,Dry,38.3,28.8,4,George Russell,RUS,Mercedes,1,91,5,105.456,0.456,7.532104512020058,5,10,0,0,Finished,2,2.18,0,8.25,8.5,45.0,10,0.456,2,0,0,0,1
51,2023,11,Circuit de Spa-Francorchamps,Belgium,Medium,2,44,Dry,38.3,28.8,4,Lando Norris,NOR,McLaren,1,93,6,105.308,0.308,6.807721864281925,20,0,0,0,Power Unit,1,2.9,0,13.75,3.75,49.0,12,0.308,2,0,-14,0,0
51,2023,11,Circuit de Spa-Francorchamps,Belgium,Medium,2,44,Dry,38.3,28.8,4,Carlos Sainz,SAI,Ferrari,1,91,7,105.793,0.793,7.429501464182383,6,8,0,0,Finished,2,2.84,0,9.0,5.5,46.0,14,0.793,2,0,1,0,0
51,2023,11,Circuit de Spa-Francorchamps,Belgium,Medium,2,44,Dry,38.3,28.8,4,Sergio Perez,PER,Red Bull Racing,1,88,8,105.901,0.901,6.426268544157353,7,6,0,0,Finished,1,2.44,0,4.5,10.0,56.0,16,0.901,2,0,1,0,0
51,2023,11,Circuit de Spa-Francorchamps,Belgium,Medium,2,44,Dry,38.3,28.8,4,Fernando Alonso,ALO,Aston Martin,2,92,9,105.737,0.737,6.044358453991036,8,4,0,0,Finished,1,2.7,0,4.0,8.0,13.0,18,0.737,2,0,1,0,0
51,2023,11,Circuit de Spa-Francorchamps,Belgium,Medium,2,44,Dry,38.3,28.8,4,Pierre Gasly,GAS,Alpine,2,85,10,105.542,0.542,5.229568988568174,19,0,0,0,Hydraulics,1,3.46,0,1.75,9.5,9.0,20,0.542,2,0,-9,0,0
51,2023,11,Circuit de Spa-Francorchamps,Belgium,Medium,2,44,Dry,38.3,28.8,4,Esteban Ocon,OCO,Alpine,2,84,11,106.247,1.247,5.296273394164505,9,2,0,0,Finished,1,2.14,0,1.0,10.0,7.0,22,1.247,2,0,2,0,0
51,2023,11,Circuit de Spa-Francorchamps,Belgium,Medium,2,44,Dry,38.3,28.8,4,Alexander Albon,ALB,Williams,3,86,12,106.42,1.42,3.750182841733164,11,0,0,0,Finished,1,2.15,0,0.0,13.0,0.0,24,1.42,2,0,1,0,0
51,2023,11,Circuit de Spa-Francorchamps,Belgium,Medium,2,44,Dry,38.3,28.8,4,Lance Stroll,STR,Aston Martin,2,81,13,106.677,1.677,4.495242964470427,10,1,0,0,Finished,2,2.78,0,0.25,11.75,13.0,26,1.677,2,0,3,0,0
51,2023,11,Circuit de Spa-Francorchamps,Belgium,Medium,2,44,Dry,38.3,28.8,4,Nico Hulkenberg,HUL,Haas,3,84,14,105.799,0.799,3.360631219449933,14,0,0,0,Finished,1,2.5,0,0.0,13.75,0.0,28,0.799,2,0,0,0,0
51,2023,11,Circuit de Spa-Francorchamps,Belgium,Medium,2,44,Dry,38.3,28.8,4,Daniel Ricciardo,RIC,RB,3,84,15,105.928,0.928,4.138681845083789,12,0,0,0,Finished,3,2.73,0,0.0,13.0,0.0,30,0.928,2,0,3,0,0
51,2023,11,Circuit de Spa-Francorchamps,Belgium,Medium,2,44,Dry,38.3,28.8,4,Yuki Tsunoda,TSU,RB,3,83,16,106.063,1.063,3.8628089633041074,13,0,0,0,Finished,2,2.69,0,0.0,15.25,0.0,32,1.063,2,0,3,0,0
51,2023,11,Circuit de Spa-Francorchamps,Belgium,Medium,2,44,Dry,38.3,28.8,4,Kevin Magnussen,MAG,Haas,3,82,17,107.022,2.022,3.143184414530107,15,0,0,0,Finished,1,3.19,0,0.0,16.5,0.0,34,2.022,2,0,2,0,0
51,2023,11,Circuit de Spa-Francorchamps,Belgium,Medium,2,44,Dry,38.3,28.8,4,Valtteri Bottas,BOT,Kick Sauber,4,83,18,106.65,1.65,1.7308927261029463,16,0,0,0,Finished,2,2.46,0,0.0,17.0,0.0,36,1.65,2,0,2,0,0
51,2023,11,Circuit de Spa-Francorchamps,Belgium,Medium,2,44,Dry,38.3,28.8,4,Zhou Guanyu,ZHO,Kick Sauber,4,79,19,106.735,1.735,0.8179814648626219,18,0,0,0,Finished,3,3.4,0,0.0,18.0,0.0,38,1.735,2,0,1,0,0
51,2023,11,Circuit de Spa-Francorchamps,Belgium,Medium,2,44,Dry,38.3,28.8,4,Logan Sargeant,SAR,Williams,4,76,20,106.163,1.163,2.087803547622344,17,0,0,0,Finished,3,2.52,0,0.0,19.0,0.0,40,1.163,2,0,3,0,0
52,2023,12,Circuit Zandvoort,Netherlands,High,4,72,Dry,47.3,37.2,5,Charles Leclerc,LEC,Ferrari,1,94,1,71.0,0.0,8.641724838938305,1,25,1,1,Finished,1,3.1,0,9.0,8.25,46.0,4,0.0,3,0,0,1,1
52,2023,12,Circuit Zandvoort,Netherlands,High,4,72,Dry,47.3,37.2,5,Max Verstappen,VER,Red Bull Racing,1,97,2,71.136,0.136,8.466088451630425,2,19,1,0,Finished,3,2.58,1,21.5,1.5,56.0,8,0.136,3,0,0,1,1
52,2023,12,Circuit Zandvoort,Netherlands,High,4,72,Dry,47.3,37.2,5,Lewis Hamilton,HAM,Mercedes,1,95,3,71.244,0.244,7.935973905469535,3,15,1,0,Finished,2,2.25,0,21.25,1.75,45.0,12,0.244,3,0,0,0,1
52,2023,12,Circuit Zandvoort,Netherlands,High,4,72,Dry,47.3,37.2,5,Carlos Sainz,SAI,Ferrari,1,91,4,71.361,0.361,7.631925376615245,5,10,0,0,Finished,1,3.13,0,8.0,6.0,59.0,16,0.361,3,0,-1,0,1
52,2023,12,Circuit Zandvoort,Netherlands,High,4,72,Dry,47.3,37.2,5,Lando Norris,NOR,McLaren,1,93,5,71.382,0.382,8.213600255484883,4,12,0,0,Finished,1,2.43,0,12.25,7.0,37.0,20,0.382,3,0,1,0,1
52,2023,12,Circuit Zandvoort,Netherlands,High,4,72,Dry,47.3,37.2,5,George Russell,RUS,Mercedes,1,91,6,71.685,0.685,7.69188668990197,6,8,0,0,Finished,1,2.45,0,8.25,8.5,44.0,24,0.685,3,0,0,0,0
52,2023,12,Circuit Zandvoort,Netherlands,High,4,72,Dry,47.3,37.2,5,Oscar Piastri,PIA,McLaren,1,90,7,71.49,0.49,7.387470468557518,7,6,0,0,Finished,2,2.29,0,9.25,5.5,31.0,28,0.49,3,0,0,0,0
52,2023,12,Circuit Zandvoort,Netherlands,High,4,72,Dry,47.3,37.2,5,Sergio Perez,PER,Red Bull Racing,1,88,8,71.596,0.596,7.407071588625454,8,4,0,0,Finished,2,2.84,0,5.0,9.75,50.0,32,0.596,3,0,0,0,0
52,2023,12,Circuit Zandvoort,Netherlands,High,4,72,Dry,47.3,37.2,5,Fernando Alonso,ALO,Aston Martin,2,92,9,71.947,0.947,6.953922964521865,9,2,0,0,Finished,2,3.32,0,4.5,7.75,14.0,36,0.947,3,0,0,0,0
52,2023,12,Circuit Zandvoort,Netherlands,High,4,72,Dry,47.3,37.2,5,Pierre Gasly,GAS,Alpine,2,85,10,72.052,1.052,4.546879238213868,10,1,0,0,Finished,2,3.33,0,1.5,11.75,8.0,40,1.052,3,0,0,0,0
52,2023,12,Circuit Zandvoort,Netherlands,High,4,72,Dry,47.3,37.2,5,Esteban Ocon,OCO,Alpine,2,84,11,72.288,1.288,4.141554316303692,11,0,0,0,Finished,1,2.27,0,1.5,9.5,5.0,44,1.288,3,0,0,0,0
52,2023,12,Circuit Zandvoort,Netherlands,High,4,72,Dry,47.3,37.2,5,Alexander Albon,ALB,Williams,3,86,12,72.085,1.085,4.08333227893506,12,0,0,0,Finished,1,3.26,0,0.0,12.0,0.0,48,1.085,3,0,0,0,0
52,2023,12,Circuit Zandvoort,Netherlands,High,4,72,Dry,47.3,37.2,5,Lance Stroll,STR,Aston Martin,2,81,13,72.083,1.083,3.728152090111151,13,0,0,0,Finished,3,3.22,0,0.5,11.25,8.0,52,1.083,3,0,0,0,0
52,2023,12,Circuit Zandvoort,Netherlands,High,4,72,Dry,47.3,37.2,5,Daniel Ricciardo,RIC,RB,3,84,14,72.811,1.811,3.838572319031442,14,0,0,0,Finished,1,3.33,0,0.0,12.5,0.0,56,1.811,3,0,0,0,0
52,2023,12,Circuit Zandvoort,Netherlands,High,4,72,Dry,47.3,37.2,5,Yuki Tsunoda,TSU,RB,3,83,15,72.076,1.076,2.890821368176562,16,0,0,0,Finished,1,2.16,0,0.0,14.5,0.0,60,1.076,3,0,-1,0,0
52,2023,12,Circuit Zandvoort,Netherlands,High,4,72,Dry,47.3,37.2,5,Nico Hulkenberg,HUL,Haas,3,84,16,72.836,1.836,3.4015514056382896,15,0,0,0,Finished,1,2.11,0,0.0,14.0,0.0,64,1.836,3,0,1,0,0
52,2023,12,Circuit Zandvoort,Netherlands,High,4,72,Dry,47.3,37.2,5,Kevin Magnussen,MAG,Haas,3,82,17,72.252,1.252,3.3372016111325693,17,0,0,0,Finished,2,2.54,0,0.0,15.25,0.0,68,1.252,3,0,0,0,0
52,2023,12,Circuit Zandvoort,Netherlands,High,4,72,Dry,47.3,37.2,5,Valtteri Bottas,BOT,Kick Sauber,4,83,18,72.703,1.703,2.9138893887077466,18,0,0,0,Finished,2,2.9,0,0.0,16.75,0.0,72,1.703,3,0,0,0,0
52,2023,12,Circuit Zandvoort,Netherlands,High,4,72,Dry,47.3,37.2,5,Zhou Guanyu,ZHO,Kick Sauber,4,79,19,72.886,1.886,2.788187439159017,19,0,0,0,Finished,2,2.96,0,0.0,18.0,0.0,76,1.886,3,0,0,0,0
52,2023,12,Circuit Zandvoort,Netherlands,High,4,72,Dry,47.3,37.2,5,Logan Sargeant,SAR,Williams,4,76,20,73.375,2.375,-0.2821730010835213,20,0,0,0,Finished,1,3.17,0,0.0,18.5,0.0,80,2.375,3,0,0,0,0
53,2023,13,Autodromo Nazionale Monza,Italy,Low,2,53,Wet,19.0,10.2,0,Max Verstappen,VER,Red Bull Racing,1,97,1,81.5,0.0,8.219067674247334,1,26,1,1,Finished,3,2.56,1,21.75,1.5,54.0,2,0.0,1,2,0,1,1
53,2023,13,Autodromo Nazionale Monza,Italy,Low,2,53,Wet,19.0,10.2,0,Lewis Hamilton,HAM,Mercedes,1,95,2,81.63,0.13,7.870729291643884,2,18,1,0,Finished,2,2.45,0,18.75,2.25,52.0,4,0.13,1,2,0,1,1
53,2023,13,Autodromo Nazionale Monza,Italy,Low,2,53,Wet,19.0,10.2,0,Charles Leclerc,LEC,Ferrari,1,94,3,81.635,0.135,7.997832033934361,4,12,0,0,Finished,3,2.74,0,12.75,7.25,59.0,6,0.135,1,2,-1,0,1
53,2023,13,Autodromo Nazionale Monza,Italy,Low,2,53,Wet,19.0,10.2,0,Lando Norris,NOR,McLaren,1,93,4,81.693,0.193,8.273099396585996,3,15,1,0,Finished,3,3.33,0,11.5,7.25,31.0,8,0.193,1,2,1,0,1
53,2023,13,Autodromo Nazionale Monza,Italy,Low,2,53,Wet,19.0,10.2,0,George Russell,RUS,Mercedes,1,91,5,81.939,0.439,7.371488578449439,5,10,0,0,Finished,2,2.69,0,7.0,9.0,51.0,10,0.439,1,2,0,0,1
53,2023,13,Autodromo Nazionale Monza,Italy,Low,2,53,Wet,19.0,10.2,0,Carlos Sainz,SAI,Ferrari,1,91,6,81.913,0.413,6.693203473275639,6,8,0,0,Finished,3,3.32,0,9.5,5.25,55.0,12,0.413,1,2,0,0,0
53,2023,13,Autodromo Nazionale Monza,Italy,Low,2,53,Wet,19.0,10.2,0,Oscar Piastri,PIA,McLaren,1,90,7,82.264,0.764,6.895232878864641,7,6,0,0,Finished,2,2.15,0,9.25,5.5,33.0,14,0.764,1,2,0,0,0
53,2023,13,Autodromo Nazionale Monza,Italy,Low,2,53,Wet,19.0,10.2,0,Sergio Perez,PER,Red Bull Racing,1,88,8,82.196,0.696,6.970949618388852,8,4,0,0,Finished,3,2.81,0,4.0,10.25,55.0,16,0.696,1,2,0,0,0
53,2023,13,Autodromo Nazionale Monza,Italy,Low,2,53,Wet,19.0,10.2,0,Fernando Alonso,ALO,Aston Martin,2,92,9,82.606,1.106,6.187291046133518,9,2,0,0,Finished,2,3.09,0,4.5,7.75,7.0,18,1.106,1,2,0,0,0
53,2023,13,Autodromo Nazionale Monza,Italy,Low,2,53,Wet,19.0,10.2,0,Pierre Gasly,GAS,Alpine,2,85,10,82.5,1.0,4.437361167672411,10,1,0,0,Finished,4,3.33,0,1.75,11.5,3.0,20,1.0,1,2,0,0,0
53,2023,13,Autodromo Nazionale Monza,Italy,Low,2,53,Wet,19.0,10.2,0,Esteban Ocon,OCO,Alpine,2,84,11,82.444,0.944,5.245810266726384,20,0,0,0,Hydraulics,1,3.37,0,1.25,9.75,4.0,22,0.944,1,2,-9,0,0
53,2023,13,Autodromo Nazionale Monza,Italy,Low,2,53,Wet,19.0,10.2,0,Lance Stroll,STR,Aston Martin,2,81,12,82.964,1.464,4.481916684522609,11,0,0,0,Finished,2,3.24,0,0.5,11.0,5.0,24,1.464,1,2,1,0,0
53,2023,13,Autodromo Nazionale Monza,Italy,Low,2,53,Wet,19.0,10.2,0,Daniel Ricciardo,RIC,RB,3,84,13,82.506,1.006,3.944847450311968,12,0,0,0,Finished,3,2.69,0,0.0,12.75,0.0,26,1.006,1,2,1,0,0
53,2023,13,Autodromo Nazionale Monza,Italy,Low,2,53,Wet,19.0,10.2,0,Alexander Albon,ALB,Williams,3,86,14,82.657,1.157,3.990589473239516,19,0,0,0,Collision,0,2.53,0,0.0,12.0,0.0,28,1.157,1,2,-5,0,0
53,2023,13,Autodromo Nazionale Monza,Italy,Low,2,53,Wet,19.0,10.2,0,Nico Hulkenberg,HUL,Haas,3,84,15,83.448,1.948,3.615568900741975,13,0,0,0,Finished,3,3.2,0,0.0,13.5,0.0,30,1.948,1,2,2,0,0
53,2023,13,Autodromo Nazionale Monza,Italy,Low,2,53,Wet,19.0,10.2,0,Yuki Tsunoda,TSU,RB,3,83,16,83.539,2.039,3.4123645082258696,14,0,0,0,Finished,3,2.59,0,0.0,14.75,0.0,32,2.039,1,2,2,0,0
53,2023,13,Autodromo Nazionale Monza,Italy,Low,2,53,Wet,19.0,10.2,0,Kevin Magnussen,MAG,Haas,3,82,17,83.141,1.641,4.254473764456771,18,0,0,0,Hydraulics,1,3.04,0,0.0,15.5,0.0,34,1.641,1,2,-1,0,0
53,2023,13,Autodromo Nazionale Monza,Italy,Low,2,53,Wet,19.0,10.2,0,Valtteri Bottas,BOT,Kick Sauber,4,83,18,82.784,1.284,1.8489377841310128,15,0,0,0,Finished,3,2.85,0,0.0,16.75,0.0,36,1.284,1,2,3,0,0
53,2023,13,Autodromo Nazionale Monza,Italy,Low,2,53,Wet,19.0,10.2,0,Zhou Guanyu,ZHO,Kick Sauber,4,79,19,83.643,2.143,1.6473675963067758,16,0,0,0,Finished,2,3.27,0,0.0,18.0,0.0,38,2.143,1,2,3,0,0
53,2023,13,Autodromo Nazionale Monza,Italy,Low,2,53,Wet,19.0,10.2,0,Logan Sargeant,SAR,Williams,4,76,20,83.95,2.45,0.4944968948979519,17,0,0,0,Finished,3,2.92,0,0.0,18.5,0.0,40,2.45,1,2,3,0,0
54,2023,14,Marina Bay Street Circuit,Singapore,High,5,62,Dry,27.1,19.0,3,Max Verstappen,VER,Red Bull Racing,1,97,1,96.0,0.0,8.255143143830937,1,25,1,1,Finished,1,2.86,0,23.75,1.25,53.0,5,0.0,3,0,0,1,1
54,2023,14,Marina Bay Street Circuit,Singapore,High,5,62,Dry,27.1,19.0,3,Lewis Hamilton,HAM,Mercedes,1,95,2,96.101,0.101,7.812460222069241,2,18,1,0,Finished,2,2.28,0,17.0,2.5,51.0,10,0.101,3,0,0,1,1
54,2023,14,Marina Bay Street Circuit,Singapore,High,5,62,Dry,27.1,19.0,3,Lando Norris,NOR,McLaren,1,93,3,96.23,0.23,7.601385800235451,3,16,1,0,Finished,1,2.22,1,11.25,7.25,39.0,15,0.23,3,0,0,0,1
54,2023,14,Marina Bay Street Circuit,Singapore,High,5,62,Dry,27.1,19.0,3,George Russell,RUS,Mercedes,1,91,4,96.208,0.208,7.9144672777312834,4,12,0,0,Finished,2,2.21,0,7.0,9.0,54.0,20,0.208,3,0,0,0,1
54,2023,14,Marina Bay Street Circuit,Singapore,High,5,62,Dry,27.1,19.0,3,Charles Leclerc,LEC,Ferrari,1,94,5,96.382,0.382,7.672091704289771,5,10,0,0,Finished,1,3.24,0,15.75,3.25,55.0,25,0.382,3,0,0,0,1
54,2023,14,Marina Bay Street Circuit,Singapore,High,5,62,Dry,27.1,19.0,3,Oscar Piastri,PIA,McLaren,1,90,6,96.522,0.522,6.944797178903707,6,8,0,0,Finished,3,3.25,0,7.75,6.25,43.0,30,0.522,3,0,0,0,0
54,2023,14,Marina Bay Street Circuit,Singapore,High,5,62,Dry,27.1,19.0,3,Sergio Perez,PER,Red Bull Racing,1,88,7,96.712,0.712,6.82163447071043,7,6,0,0,Finished,3,3.22,0,3.5,10.5,59.0,35,0.712,3,0,0,0,0
54,2023,14,Marina Bay Street Circuit,Singapore,High,5,62,Dry,27.1,19.0,3,Carlos Sainz,SAI,Ferrari,1,91,8,96.662,0.662,7.391677356857203,8,4,0,0,Finished,2,2.32,0,9.5,5.25,40.0,40,0.662,3,0,0,0,0
54,2023,14,Marina Bay Street Circuit,Singapore,High,5,62,Dry,27.1,19.0,3,Fernando Alonso,ALO,Aston Martin,2,92,9,97.019,1.019,6.961440252196543,20,0,0,0,Hydraulics,1,3.28,0,4.0,8.0,4.0,45,1.019,3,0,-11,0,0
54,2023,14,Marina Bay Street Circuit,Singapore,High,5,62,Dry,27.1,19.0,3,Esteban Ocon,OCO,Alpine,2,84,10,96.565,0.565,5.24477049446982,9,2,0,0,Finished,1,2.38,0,1.0,12.25,2.0,50,0.565,3,0,1,0,0
54,2023,14,Marina Bay Street Circuit,Singapore,High,5,62,Dry,27.1,19.0,3,Pierre Gasly,GAS,Alpine,2,85,11,97.22,1.22,5.598128296351257,10,1,0,0,Finished,2,2.75,0,1.5,11.75,3.0,55,1.22,3,0,1,0,0
54,2023,14,Marina Bay Street Circuit,Singapore,High,5,62,Dry,27.1,19.0,3,Lance Stroll,STR,Aston Martin,2,81,12,97.339,1.339,4.480716658396847,11,0,0,0,Finished,2,3.34,0,0.5,11.0,2.0,60,1.339,3,0,1,0,0
54,2023,14,Marina Bay Street Circuit,Singapore,High,5,62,Dry,27.1,19.0,3,Daniel Ricciardo,RIC,RB,3,84,13,97.45,1.45,4.06707357057165,12,0,0,0,Finished,1,2.76,0,0.0,12.25,0.0,65,1.45,3,0,1,0,0
54,2023,14,Marina Bay Street Circuit,Singapore,High,5,62,Dry,27.1,19.0,3,Alexander Albon,ALB,Williams,3,86,14,97.708,1.708,3.73762105379825,13,0,0,0,Finished,3,2.46,0,0.0,13.5,0.0,70,1.708,3,0,1,0,0
54,2023,14,Marina Bay Street Circuit,Singapore,High,5,62,Dry,27.1,19.0,3,Yuki Tsunoda,TSU,RB,3,83,15,97.598,1.598,3.31345569578718,14,0,0,0,Finished,2,2.39,0,0.0,14.25,0.0,75,1.598,3,0,1,0,0
54,2023,14,Marina Bay Street Circuit,Singapore,High,5,62,Dry,27.1,19.0,3,Kevin Magnussen,MAG,Haas,3,82,16,98.08,2.08,3.567029508609499,15,0,0,0,Finished,2,2.43,0,0.0,16.25,0.0,80,2.08,3,0,1,0,0
54,2023,14,Marina Bay Street Circuit,Singapore,High,5,62,Dry,27.1,19.0,3,Valtteri Bottas,BOT,Kick Sauber,4,83,17,97.37,1.37,2.8605345429332565,16,0,0,0,Finished,2,2.83,0,0.0,16.25,0.0,85,1.37,3,0,1,0,0
54,2023,14,Marina Bay Street Circuit,Singapore,High,5,62,Dry,27.1,19.0,3,Nico Hulkenberg,HUL,Haas,3,84,18,97.778,1.778,3.102270505743769,17,0,0,0,Finished,1,2.39,0,0.0,13.75,0.0,90,1.778,3,0,1,0,0
54,2023,14,Marina Bay Street Circuit,Singapore,High,5,62,Dry,27.1,19.0,3,Zhou Guanyu,ZHO,Kick Sauber,4,79,19,98.282,2.282,1.5764585348023004,18,0,0,0,Finished,2,3.35,0,0.0,17.5,0.0,95,2.282,3,0,1,0,0
54,2023,14,Marina Bay Street Circuit,Singapore,High,5,62,Dry,27.1,19.0,3,Logan Sargeant,SAR,Williams,4,76,20,97.651,1.651,1.7106843497936943,19,0,0,0,Finished,2,2.73,0,0.0,18.0,0.0,100,1.651,3,0,1,0,0
55,2023,15,Suzuka International Racing Course,Japan,High,3,53,Dry,43.0,35.8,3,Max Verstappen,VER,Red Bull Racing,1,97,1,89.0,0.0,7.936715012489197,1,25,1,1,Finished,2,3.19,0,23.75,1.25,61.0,3,0.0,3,0,0,1,1
55,2023,15,Suzuka International Racing Course,Japan,High,3,53,Dry,43.0,35.8,3,Lewis Hamilton,HAM,Mercedes,1,95,2,89.1,0.1,8.058468212046277,2,19,1,0,Finished,1,2.93,1,17.5,2.25,58.0,6,0.1,3,0,0,1,1
55,2023,15,Suzuka International Racing Course,Japan,High,3,53,Dry,43.0,35.8,3,Lando Norris,NOR,McLaren,1,93,3,89.205,0.205,8.193863840429826,3,16,1,0,Finished,2,3.35,1,10.75,7.5,45.0,9,0.205,3,0,0,0,1
55,2023,15,Suzuka International Racing Course,Japan,High,3,53,Dry,43.0,35.8,3,Charles Leclerc,LEC,Ferrari,1,94,4,89.236,0.236,7.029186033284912,5,10,0,0,Finished,1,2.99,0,15.75,3.25,34.0,12,0.236,3,0,-1,0,1
55,2023,15,Suzuka International Racing Course,Japan,High,3,53,Dry,43.0,35.8,3,Carlos Sainz,SAI,Ferrari,1,91,5,89.503,0.503,7.577729930817634,4,12,0,0,Finished,2,2.22,0,7.5,6.25,32.0,15,0.503,3,0,1,0,1
55,2023,15,Suzuka International Racing Course,Japan,High,3,53,Dry,43.0,35.8,3,George Russell,RUS,Mercedes,1,91,6,89.417,0.417,7.097209291329953,6,8,0,0,Finished,1,2.63,0,10.0,5.0,59.0,18,0.417,3,0,0,0,0
55,2023,15,Suzuka International Racing Course,Japan,High,3,53,Dry,43.0,35.8,3,Oscar Piastri,PIA,McLaren,1,90,7,89.524,0.524,6.711795919553941,7,6,0,0,Finished,1,2.85,0,8.25,6.0,46.0,21,0.524,3,0,0,0,0
55,2023,15,Suzuka International Racing Course,Japan,High,3,53,Dry,43.0,35.8,3,Sergio Perez,PER,Red Bull Racing,1,88,8,89.473,0.473,6.8094240150757805,8,4,0,0,Finished,1,2.79,0,5.0,7.5,60.0,24,0.473,3,0,0,0,0
55,2023,15,Suzuka International Racing Course,Japan,High,3,53,Dry,43.0,35.8,3,Fernando Alonso,ALO,Aston Martin,2,92,9,89.878,0.878,5.751649474405149,9,2,0,0,Finished,2,3.19,0,2.0,11.5,2.0,27,0.878,3,0,0,0,0
55,2023,15,Suzuka International Racing Course,Japan,High,3,53,Dry,43.0,35.8,3,Pierre Gasly,GAS,Alpine,2,85,10,89.701,0.701,5.490107598363294,10,1,0,0,Finished,2,3.3,0,0.75,12.25,4.0,30,0.701,3,0,0,0,0
55,2023,15,Suzuka International Racing Course,Japan,High,3,53,Dry,43.0,35.8,3,Lance Stroll,STR,Aston Martin,2,81,11,89.99,0.99,5.158449450030797,11,0,0,0,Finished,1,2.27,0,0.25,11.25,2.0,33,0.99,3,0,0,0,0
55,2023,15,Suzuka International Racing Course,Japan,High,3,53,Dry,43.0,35.8,3,Esteban Ocon,OCO,Alpine,2,84,12,90.294,1.294,4.62095024641528,12,0,0,0,Finished,2,3.26,0,1.0,12.25,4.0,36,1.294,3,0,0,0,0
55,2023,15,Suzuka International Racing Course,Japan,High,3,53,Dry,43.0,35.8,3,Alexander Albon,ALB,Williams,3,86,13,90.397,1.397,3.136456404807471,15,0,0,0,Finished,2,2.93,0,0.0,13.75,0.0,39,1.397,3,0,-2,0,0
55,2023,15,Suzuka International Racing Course,Japan,High,3,53,Dry,43.0,35.8,3,Daniel Ricciardo,RIC,RB,3,84,14,90.638,1.638,3.8596216461156456,13,0,0,0,Finished,3,2.16,0,0.0,12.5,0.0,42,1.638,3,0,1,0,0
55,2023,15,Suzuka International Racing Course,Japan,High,3,53,Dry,43.0,35.8,3,Yuki Tsunoda,TSU,RB,3,83,15,90.338,1.338,3.7761861750306687,14,0,0,0,Finished,1,2.38,0,0.0,14.25,0.0,45,1.338,3,0,1,0,0
55,2023,15,Suzuka International Racing Course,Japan,High,3,53,Dry,43.0,35.8,3,Nico Hulkenberg,HUL,Haas,3,84,16,90.178,1.178,3.778220416281525,16,0,0,0,Finished,1,2.73,0,0.0,14.75,0.0,48,1.178,3,0,0,0,0
55,2023,15,Suzuka International Racing Course,Japan,High,3,53,Dry,43.0,35.8,3,Kevin Magnussen,MAG,Haas,3,82,17,90.35,1.35,3.6056108602998393,17,0,0,0,Finished,2,3.11,0,0.0,16.25,0.0,51,1.35,3,0,0,0,0
55,2023,15,Suzuka International Racing Course,Japan,High,3,53,Dry,43.0,35.8,3,Valtteri Bottas,BOT,Kick Sauber,4,83,18,91.264,2.264,2.540919541549401,18,0,0,0,Finished,1,3.26,0,0.0,16.25,0.0,54,2.264,3,0,0,0,0
55,2023,15,Suzuka International Racing Course,Japan,High,3,53,Dry,43.0,35.8,3,Zhou Guanyu,ZHO,Kick Sauber,4,79,19,91.301,2.301,1.6507156786913793,19,0,0,0,Finished,2,3.16,0,0.0,17.75,0.0,57,2.301,3,0,0,0,0
55,2023,15,Suzuka International Racing Course,Japan,High,3,53,Dry,43.0,35.8,3,Logan Sargeant,SAR,Williams,4,76,20,91.056,2.056,1.4111240674691474,20,0,0,0,Finished,2,2.35,0,0.0,18.25,0.0,60,2.056,3,0,0,0,0
56,2023,16,Circuit of the Americas,USA,Medium,3,56,Dry,41.6,35.5,4,Max Verstappen,VER,Red Bull Racing,1,97,1,96.5,0.0,8.421716112351925,2,19,1,0,Finished,1,2.16,1,23.75,1.25,60.0,3,0.0,2,0,-1,1,1
56,2023,16,Circuit of the Americas,USA,Medium,3,56,Dry,41.6,35.5,4,Lewis Hamilton,HAM,Mercedes,1,95,2,96.574,0.074,8.81380129106503,1,25,1,1,Finished,2,3.39,0,17.5,2.25,57.0,6,0.074,2,0,1,1,1
56,2023,16,Circuit of the Americas,USA,Medium,3,56,Dry,41.6,35.5,4,Charles Leclerc,LEC,Ferrari,1,94,3,96.735,0.235,8.251155152098045,3,15,1,0,Finished,2,2.27,0,14.25,3.75,36.0,9,0.235,2,0,0,0,1
56,2023,16,Circuit of the Americas,USA,Medium,3,56,Dry,41.6,35.5,4,Lando Norris,NOR,McLaren,1,93,4,96.892,0.392,7.553673959271927,4,12,0,0,Finished,2,3.26,0,14.75,3.25,46.0,12,0.392,2,0,0,0,1
56,2023,16,Circuit of the Americas,USA,Medium,3,56,Dry,41.6,35.5,4,Oscar Piastri,PIA,McLaren,1,90,5,96.781,0.281,7.831523358416495,5,10,0,0,Finished,2,2.97,0,6.5,6.75,42.0,15,0.281,2,0,0,0,1
56,2023,16,Circuit of the Americas,USA,Medium,3,56,Dry,41.6,35.5,4,Carlos Sainz,SAI,Ferrari,1,91,6,96.906,0.406,7.227735546233016,6,8,0,0,Finished,2,2.83,0,8.5,5.75,41.0,18,0.406,2,0,0,0,0
56,2023,16,Circuit of the Americas,USA,Medium,3,56,Dry,41.6,35.5,4,George Russell,RUS,Mercedes,1,91,7,96.908,0.408,7.288143617114171,7,6,0,0,Finished,1,2.21,0,9.5,5.25,64.0,21,0.408,2,0,0,0,0
56,2023,16,Circuit of the Americas,USA,Medium,3,56,Dry,41.6,35.5,4,Sergio Perez,PER,Red Bull Racing,1,88,8,97.366,0.866,6.68859013231604,8,4,0,0,Finished,2,3.32,0,4.5,7.75,54.0,24,0.866,2,0,0,0,0
56,2023,16,Circuit of the Americas,USA,Medium,3,56,Dry,41.6,35.5,4,Fernando Alonso,ALO,Aston Martin,2,92,9,96.984,0.484,6.445199220901917,9,2,0,0,Finished,2,3.38,0,1.5,11.75,2.0,27,0.484,2,0,0,0,0
56,2023,16,Circuit of the Americas,USA,Medium,3,56,Dry,41.6,35.5,4,Pierre Gasly,GAS,Alpine,2,85,10,97.275,0.775,5.008992349982278,10,1,0,0,Finished,2,3.12,0,1.0,10.0,4.0,30,0.775,2,0,0,0,0
56,2023,16,Circuit of the Americas,USA,Medium,3,56,Dry,41.6,35.5,4,Esteban Ocon,OCO,Alpine,2,84,11,97.324,0.824,4.4733299394737225,11,0,0,0,Finished,2,2.94,0,0.5,13.0,3.0,33,0.824,2,0,0,0,0
56,2023,16,Circuit of the Americas,USA,Medium,3,56,Dry,41.6,35.5,4,Lance Stroll,STR,Aston Martin,2,81,12,97.772,1.272,4.430414305403252,12,0,0,0,Finished,1,2.71,0,0.0,11.5,4.0,36,1.272,2,0,0,0,0
56,2023,16,Circuit of the Americas,USA,Medium,3,56,Dry,41.6,35.5,4,Alexander Albon,ALB,Williams,3,86,13,97.834,1.334,4.241608486574026,13,0,0,0,Finished,2,2.49,0,0.0,14.75,0.0,39,1.334,2,0,0,0,0
56,2023,16,Circuit of the Americas,USA,Medium,3,56,Dry,41.6,35.5,4,Nico Hulkenberg,HUL,Haas,3,84,14,97.394,0.894,3.5774040281311703,14,0,0,0,Finished,2,2.4,0,0.0,15.25,0.0,42,0.894,2,0,0,0,0
56,2023,16,Circuit of the Americas,USA,Medium,3,56,Dry,41.6,35.5,4,Yuki Tsunoda,TSU,RB,3,83,15,98.38,1.88,3.5953730552393304,15,0,0,0,Finished,2,2.92,0,0.0,14.5,0.0,45,1.88,2,0,0,0,0
56,2023,16,Circuit of the Americas,USA,Medium,3,56,Dry,41.6,35.5,4,Kevin Magnussen,MAG,Haas,3,82,16,97.955,1.455,3.256645821126685,16,0,0,0,Finished,2,2.67,0,0.0,16.75,0.0,48,1.455,2,0,0,0,0
56,2023,16,Circuit of the Americas,USA,Medium,3,56,Dry,41.6,35.5,4,Daniel Ricciardo,RIC,RB,3,84,17,97.69,1.19,3.330114357291765,17,0,0,0,Finished,3,2.92,0,0.0,12.75,0.0,51,1.19,2,0,0,0,0
56,2023,16,Circuit of the Americas,USA,Medium,3,56,Dry,41.6,35.5,4,Valtteri Bottas,BOT,Kick Sauber,4,83,18,98.709,2.209,2.6400324620831825,18,0,0,0,Finished,1,2.93,0,0.0,16.75,0.0,54,2.209,2,0,0,0,0
56,2023,16,Circuit of the Americas,USA,Medium,3,56,Dry,41.6,35.5,4,Zhou Guanyu,ZHO,Kick Sauber,4,79,19,98.324,1.824,2.142881976434307,19,0,0,0,Finished,1,2.48,0,0.0,18.0,0.0,57,1.824,2,0,0,0,0
56,2023,16,Circuit of the Americas,USA,Medium,3,56,Dry,41.6,35.5,4,Logan Sargeant,SAR,Williams,4,76,20,98.665,2.165,1.7810080374960569,20,0,0,0,Finished,1,3.21,0,0.0,19.0,0.0,60,2.165,2,0,0,0,0
57,2023,17,Autódromo Hermanos Rodríguez,Mexico,High,3,71,Dry,40.6,32.9,0,Max Verstappen,VER,Red Bull Racing,1,97,1,78.0,0.0,8.367669431560637,1,25,1,1,Finished,1,2.77,0,23.75,1.25,52.0,3,0.0,3,0,0,1,1
57,2023,17,Autódromo Hermanos Rodríguez,Mexico,High,3,71,Dry,40.6,32.9,0,Lewis Hamilton,HAM,Mercedes,1,95,2,78.103,0.103,7.765341304447854,2,18,1,0,Finished,2,3.05,0,20.0,1.75,58.0,6,0.103,3,0,0,1,1
57,2023,17,Autódromo Hermanos Rodríguez,Mexico,High,3,71,Dry,40.6,32.9,0,Lando Norris,NOR,McLaren,1,93,3,78.209,0.209,7.617283273164003,3,15,1,0,Finished,3,2.73,0,14.75,3.25,44.0,9,0.209,3,0,0,0,1
57,2023,17,Autódromo Hermanos Rodríguez,Mexico,High,3,71,Dry,40.6,32.9,0,Oscar Piastri,PIA,McLaren,1,90,4,78.277,0.277,6.980103927613106,5,10,0,0,Finished,2,2.73,0,7.5,6.25,43.0,12,0.277,3,0,-1,0,1
57,2023,17,Autódromo Hermanos Rodríguez,Mexico,High,3,71,Dry,40.6,32.9,0,Charles Leclerc,LEC,Ferrari,1,94,5,78.5,0.5,7.558143988163683,4,13,0,0,Finished,2,2.46,1,11.75,4.25,45.0,15,0.5,3,0,1,0,1
57,2023,17,Autódromo Hermanos Rodríguez,Mexico,High,3,71,Dry,40.6,32.9,0,George Russell,RUS,Mercedes,1,91,6,78.383,0.383,7.228409183865173,6,8,0,0,Finished,3,2.62,0,9.0,5.5,57.0,18,0.383,3,0,0,0,0
57,2023,17,Autódromo Hermanos Rodríguez,Mexico,High,3,71,Dry,40.6,32.9,0,Carlos Sainz,SAI,Ferrari,1,91,7,78.763,0.763,6.025805666170349,7,6,0,0,Finished,1,2.63,0,8.0,6.0,48.0,21,0.763,3,0,0,0,0
57,2023,17,Autódromo Hermanos Rodríguez,Mexico,High,3,71,Dry,40.6,32.9,0,Sergio Perez,PER,Red Bull Racing,1,88,8,78.829,0.829,6.310602066698567,8,4,0,0,Finished,1,3.12,0,4.5,7.75,52.0,24,0.829,3,0,0,0,0
57,2023,17,Autódromo Hermanos Rodríguez,Mexico,High,3,71,Dry,40.6,32.9,0,Fernando Alonso,ALO,Aston Martin,2,92,9,78.915,0.915,5.839897544892335,9,2,0,0,Finished,2,2.72,0,1.5,11.75,4.0,27,0.915,3,0,0,0,0
57,2023,17,Autódromo Hermanos Rodríguez,Mexico,High,3,71,Dry,40.6,32.9,0,Pierre Gasly,GAS,Alpine,2,85,10,78.564,0.564,5.6714099910646265,10,1,0,0,Finished,1,2.5,0,1.0,10.0,2.0,30,0.564,3,0,0,0,0
57,2023,17,Autódromo Hermanos Rodríguez,Mexico,High,3,71,Dry,40.6,32.9,0,Esteban Ocon,OCO,Alpine,2,84,11,78.695,0.695,4.402674111917784,11,0,0,0,Finished,1,3.15,0,0.5,13.0,2.0,33,0.695,3,0,0,0,0
57,2023,17,Autódromo Hermanos Rodríguez,Mexico,High,3,71,Dry,40.6,32.9,0,Nico Hulkenberg,HUL,Haas,3,84,12,79.111,1.111,4.679654074230672,12,0,0,0,Finished,1,3.15,0,0.0,15.0,0.0,36,1.111,3,0,0,0,0
57,2023,17,Autódromo Hermanos Rodríguez,Mexico,High,3,71,Dry,40.6,32.9,0,Lance Stroll,STR,Aston Martin,2,81,13,79.268,1.268,4.914699367773268,13,0,0,0,Finished,2,3.05,0,0.0,11.25,4.0,39,1.268,3,0,0,0,0
57,2023,17,Autódromo Hermanos Rodríguez,Mexico,High,3,71,Dry,40.6,32.9,0,Alexander Albon,ALB,Williams,3,86,14,79.206,1.206,3.574788112235881,14,0,0,0,Finished,1,2.98,0,0.0,15.0,0.0,42,1.206,3,0,0,0,0
57,2023,17,Autódromo Hermanos Rodríguez,Mexico,High,3,71,Dry,40.6,32.9,0,Daniel Ricciardo,RIC,RB,3,84,15,78.856,0.856,2.8679779162808785,16,0,0,0,Finished,1,2.71,0,0.0,13.5,0.0,45,0.856,3,0,-1,0,0
57,2023,17,Autódromo Hermanos Rodríguez,Mexico,High,3,71,Dry,40.6,32.9,0,Yuki Tsunoda,TSU,RB,3,83,16,79.12,1.12,3.9524845469905023,15,0,0,0,Finished,2,3.1,0,0.0,14.25,0.0,48,1.12,3,0,1,0,0
57,2023,17,Autódromo Hermanos Rodríguez,Mexico,High,3,71,Dry,40.6,32.9,0,Kevin Magnussen,MAG,Haas,3,82,17,80.22,2.22,3.3447583191970494,17,0,0,0,Finished,2,2.24,0,0.0,16.5,0.0,51,2.22,3,0,0,0,0
57,2023,17,Autódromo Hermanos Rodríguez,Mexico,High,3,71,Dry,40.6,32.9,0,Valtteri Bottas,BOT,Kick Sauber,4,83,18,80.039,2.039,1.605934306828122,18,0,0,0,Finished,1,3.36,0,0.0,16.75,0.0,54,2.039,3,0,0,0,0
57,2023,17,Autódromo Hermanos Rodríguez,Mexico,High,3,71,Dry,40.6,32.9,0,Zhou Guanyu,ZHO,Kick Sauber,4,79,19,79.96,1.96,1.5668374979615427,19,0,0,0,Finished,1,2.51,0,0.0,18.0,0.0,57,1.96,3,0,0,0,0
57,2023,17,Autódromo Hermanos Rodríguez,Mexico,High,3,71,Dry,40.6,32.9,0,Logan Sargeant,SAR,Williams,4,76,20,79.772,1.772,1.4625723258619865,20,0,0,0,Finished,1,2.92,0,0.0,19.0,0.0,60,1.772,3,0,0,0,0
58,2023,18,Autódromo José Carlos Pace,Brazil,Medium,2,71,Dry,39.5,33.8,0,Lewis Hamilton,HAM,Mercedes,1,95,1,71.5,0.0,7.718697884060773,20,0,0,0,Collision,1,3.12,0,20.0,1.75,57.0,2,0.0,2,0,-19,1,1
58,2023,18,Autódromo José Carlos Pace,Brazil,Medium,2,71,Dry,39.5,33.8,0,Max Verstappen,VER,Red Bull Racing,1,97,2,71.582,0.082,7.254192323571925,4,12,0,0,Finished,1,2.25,0,23.5,1.25,52.0,4,0.082,2,0,-2,1,1
58,2023,18,Autódromo José Carlos Pace,Brazil,Medium,2,71,Dry,39.5,33.8,0,George Russell,RUS,Mercedes,1,91,3,71.718,0.218,7.577006670941239,2,18,1,0,Finished,1,3.07,0,8.5,5.75,32.0,6,0.218,2,0,1,0,1
58,2023,18,Autódromo José Carlos Pace,Brazil,Medium,2,71,Dry,39.5,33.8,0,Lando Norris,NOR,McLaren,1,93,4,71.796,0.296,8.28745197335245,1,25,1,1,Finished,2,3.32,0,14.75,3.25,47.0,8,0.296,2,0,3,0,1
58,2023,18,Autódromo José Carlos Pace,Brazil,Medium,2,71,Dry,39.5,33.8,0,Charles Leclerc,LEC,Ferrari,1,94,5,72.008,0.508,7.997758054884719,3,15,1,0,Finished,1,2.71,0,12.0,4.25,42.0,10,0.508,2,0,2,0,1
58,2023,18,Autódromo José Carlos Pace,Brazil,Medium,2,71,Dry,39.5,33.8,0,Carlos Sainz,SAI,Ferrari,1,91,6,72.075,0.575,6.895775142469343,6,8,0,0,Finished,1,2.34,0,7.5,6.25,42.0,12,0.575,2,0,0,0,0
58,2023,18,Autódromo José Carlos Pace,Brazil,Medium,2,71,Dry,39.5,33.8,0,Oscar Piastri,PIA,McLaren,1,90,7,72.152,0.652,7.254474704383762,5,10,0,0,Finished,2,2.95,0,8.5,5.75,60.0,14,0.652,2,0,2,0,0
58,2023,18,Autódromo José Carlos Pace,Brazil,Medium,2,71,Dry,39.5,33.8,0,Sergio Perez,PER,Red Bull Racing,1,88,8,72.065,0.565,6.739000654076203,7,6,0,0,Finished,2,2.53,0,4.5,7.75,45.0,16,0.565,2,0,1,0,0
58,2023,18,Autódromo José Carlos Pace,Brazil,Medium,2,71,Dry,39.5,33.8,0,Fernando Alonso,ALO,Aston Martin,2,92,9,72.431,0.931,5.590098194117538,9,2,0,0,Finished,1,2.62,0,1.5,11.75,4.0,18,0.931,2,0,0,0,0
58,2023,18,Autódromo José Carlos Pace,Brazil,Medium,2,71,Dry,39.5,33.8,0,Pierre Gasly,GAS,Alpine,2,85,10,72.754,1.254,5.848183347416854,8,4,0,0,Finished,2,2.26,0,1.0,10.0,2.0,20,1.254,2,0,2,0,0
58,2023,18,Autódromo José Carlos Pace,Brazil,Medium,2,71,Dry,39.5,33.8,0,Esteban Ocon,OCO,Alpine,2,84,11,72.424,0.924,5.251351503389048,10,1,0,0,Finished,3,2.3,0,0.5,10.75,5.0,22,0.924,2,0,1,0,0
58,2023,18,Autódromo José Carlos Pace,Brazil,Medium,2,71,Dry,39.5,33.8,0,Lance Stroll,STR,Aston Martin,2,81,12,72.752,1.252,4.493560818036039,11,0,0,0,Finished,1,2.41,0,0.0,11.75,4.0,24,1.252,2,0,1,0,0
58,2023,18,Autódromo José Carlos Pace,Brazil,Medium,2,71,Dry,39.5,33.8,0,Alexander Albon,ALB,Williams,3,86,13,72.603,1.103,3.197943388887826,13,0,0,0,Finished,1,2.27,0,0.0,13.75,0.0,26,1.103,2,0,0,0,0
58,2023,18,Autódromo José Carlos Pace,Brazil,Medium,2,71,Dry,39.5,33.8,0,Nico Hulkenberg,HUL,Haas,3,84,14,73.115,1.615,4.179660786252477,12,0,0,0,Finished,2,2.37,0,0.0,14.75,0.0,28,1.615,2,0,2,0,0
58,2023,18,Autódromo José Carlos Pace,Brazil,Medium,2,71,Dry,39.5,33.8,0,Kevin Magnussen,MAG,Haas,3,82,15,73.15,1.65,3.382654320700235,14,0,0,0,Finished,2,2.19,0,0.0,16.25,0.0,30,1.65,2,0,1,0,0
58,2023,18,Autódromo José Carlos Pace,Brazil,Medium,2,71,Dry,39.5,33.8,0,Yuki Tsunoda,TSU,RB,3,83,16,73.107,1.607,3.11497048174612,16,0,0,0,Finished,2,3.05,0,0.0,14.5,0.0,32,1.607,2,0,0,0,0
58,2023,18,Autódromo José Carlos Pace,Brazil,Medium,2,71,Dry,39.5,33.8,0,Daniel Ricciardo,RIC,RB,3,84,17,73.414,1.914,3.727060388648404,15,0,0,0,Finished,1,2.47,0,0.0,14.5,0.0,34,1.914,2,0,2,0,0
58,2023,18,Autódromo José Carlos Pace,Brazil,Medium,2,71,Dry,39.5,33.8,0,Valtteri Bottas,BOT,Kick Sauber,4,83,18,73.351,1.851,3.073521685025063,17,0,0,0,Finished,2,3.31,0,0.0,17.5,0.0,36,1.851,2,0,1,0,0
58,2023,18,Autódromo José Carlos Pace,Brazil,Medium,2,71,Dry,39.5,33.8,0,Zhou Guanyu,ZHO,Kick Sauber,4,79,19,73.723,2.223,1.445235582098388,18,0,0,0,Finished,3,2.57,0,0.0,18.75,0.0,38,2.223,2,0,1,0,0
58,2023,18,Autódromo José Carlos Pace,Brazil,Medium,2,71,Dry,39.5,33.8,0,Logan Sargeant,SAR,Williams,4,76,20,73.451,1.951,1.648583711708567,19,0,0,0,Finished,2,3.06,0,0.0,19.75,0.0,40,1.951,2,0,1,0,0
59,2023,19,Las Vegas Strip Circuit,USA,Low,2,50,Dry,34.6,23.6,0,Max Verstappen,VER,Red Bull Racing,1,97,1,94.0,0.0,8.101149627603656,1,25,1,1,Finished,1,2.41,0,20.25,2.0,47.0,2,0.0,1,0,0,1,1
59,2023,19,Las Vegas Strip Circuit,USA,Low,2,50,Dry,34.6,23.6,0,Charles Leclerc,LEC,Ferrari,1,94,2,94.119,0.119,7.673780759558469,3,15,1,0,Finished,1,2.17,0,13.25,3.75,42.0,4,0.119,1,0,-1,1,1
59,2023,19,Las Vegas Strip Circuit,USA,Low,2,50,Dry,34.6,23.6,0,Lewis Hamilton,HAM,Mercedes,1,95,3,94.252,0.252,8.222594068070203,2,19,1,0,Finished,2,3.38,1,15.5,6.25,44.0,6,0.252,1,0,1,0,1
59,2023,19,Las Vegas Strip Circuit,USA,Low,2,50,Dry,34.6,23.6,0,Lando Norris,NOR,McLaren,1,93,4,94.343,0.343,7.455450971658029,4,13,0,0,Finished,1,2.1,1,17.0,2.75,60.0,8,0.343,1,0,0,0,1
59,2023,19,Las Vegas Strip Circuit,USA,Low,2,50,Dry,34.6,23.6,0,George Russell,RUS,Mercedes,1,91,5,94.249,0.249,6.851849055104143,7,6,0,0,Finished,1,2.13,0,10.0,5.25,45.0,10,0.249,1,0,-2,0,1
59,2023,19,Las Vegas Strip Circuit,USA,Low,2,50,Dry,34.6,23.6,0,Carlos Sainz,SAI,Ferrari,1,91,6,94.636,0.636,6.955981659197901,20,0,0,0,Suspension,1,2.57,0,8.5,5.75,44.0,12,0.636,1,0,-14,0,0
59,2023,19,Las Vegas Strip Circuit,USA,Low,2,50,Dry,34.6,23.6,0,Oscar Piastri,PIA,McLaren,1,90,7,94.61,0.61,7.86928281425008,5,10,0,0,Finished,1,3.39,0,9.0,5.5,58.0,14,0.61,1,0,2,0,0
59,2023,19,Las Vegas Strip Circuit,USA,Low,2,50,Dry,34.6,23.6,0,Sergio Perez,PER,Red Bull Racing,1,88,8,94.863,0.863,7.842847426536478,6,8,0,0,Finished,1,2.54,0,4.5,7.75,47.0,16,0.863,1,0,2,0,0
59,2023,19,Las Vegas Strip Circuit,USA,Low,2,50,Dry,34.6,23.6,0,Fernando Alonso,ALO,Aston Martin,2,92,9,94.679,0.679,6.852134778420502,8,4,0,0,Finished,1,3.0,0,2.0,9.0,4.0,18,0.679,1,0,1,0,0
59,2023,19,Las Vegas Strip Circuit,USA,Low,2,50,Dry,34.6,23.6,0,Pierre Gasly,GAS,Alpine,2,85,10,95.17,1.17,5.722026893512189,9,2,0,0,Finished,1,2.4,0,1.75,9.5,6.0,20,1.17,1,0,1,0,0
59,2023,19,Las Vegas Strip Circuit,USA,Low,2,50,Dry,34.6,23.6,0,Esteban Ocon,OCO,Alpine,2,84,11,94.922,0.922,4.860284804250544,10,1,0,0,Finished,1,3.09,0,0.25,11.0,7.0,22,0.922,1,0,1,0,0
59,2023,19,Las Vegas Strip Circuit,USA,Low,2,50,Dry,34.6,23.6,0,Lance Stroll,STR,Aston Martin,2,81,12,94.761,0.761,4.321362976671519,11,0,0,0,Finished,2,3.0,0,0.0,11.75,6.0,24,0.761,1,0,1,0,0
59,2023,19,Las Vegas Strip Circuit,USA,Low,2,50,Dry,34.6,23.6,0,Alexander Albon,ALB,Williams,3,86,13,95.47,1.47,3.405124213671124,15,0,0,0,Finished,2,2.67,0,0.0,13.75,0.0,26,1.47,1,0,-2,0,0
59,2023,19,Las Vegas Strip Circuit,USA,Low,2,50,Dry,34.6,23.6,0,Yuki Tsunoda,TSU,RB,3,83,14,94.985,0.985,3.6466602962855705,14,0,0,0,Finished,1,2.63,0,0.0,15.0,0.0,28,0.985,1,0,0,0,0
59,2023,19,Las Vegas Strip Circuit,USA,Low,2,50,Dry,34.6,23.6,0,Nico Hulkenberg,HUL,Haas,3,84,15,94.958,0.958,3.916480136043037,13,0,0,0,Finished,1,3.31,0,0.0,13.5,0.0,30,0.958,1,0,2,0,0
59,2023,19,Las Vegas Strip Circuit,USA,Low,2,50,Dry,34.6,23.6,0,Daniel Ricciardo,RIC,RB,3,84,16,95.051,1.051,4.630659237156528,12,0,0,0,Finished,2,2.99,0,0.0,15.25,0.0,32,1.051,1,0,4,0,0
59,2023,19,Las Vegas Strip Circuit,USA,Low,2,50,Dry,34.6,23.6,0,Kevin Magnussen,MAG,Haas,3,82,17,95.692,1.692,2.959861236553296,16,0,0,0,Finished,3,2.71,0,0.0,16.0,0.0,34,1.692,1,0,1,0,0
59,2023,19,Las Vegas Strip Circuit,USA,Low,2,50,Dry,34.6,23.6,0,Valtteri Bottas,BOT,Kick Sauber,4,83,18,96.295,2.295,0.7336713612230328,19,0,0,0,Finished,2,3.05,0,0.0,17.75,0.0,36,2.295,1,0,-1,0,0
59,2023,19,Las Vegas Strip Circuit,USA,Low,2,50,Dry,34.6,23.6,0,Zhou Guanyu,ZHO,Kick Sauber,4,79,19,95.108,1.108,1.5916473016242991,17,0,0,0,Finished,2,3.15,0,0.0,18.75,0.0,38,1.108,1,0,2,0,0
59,2023,19,Las Vegas Strip Circuit,USA,Low,2,50,Dry,34.6,23.6,0,Logan Sargeant,SAR,Williams,4,76,20,96.081,2.081,1.4610000517386947,18,0,0,0,Finished,3,3.3,0,0.0,19.75,0.0,40,2.081,1,0,2,0,0
60,2023,20,Yas Marina Circuit,Abu Dhabi,Medium,3,58,Dry,47.5,37.4,6,Max Verstappen,VER,Red Bull Racing,1,97,1,84.5,0.0,8.421176388487451,1,26,1,1,Finished,2,2.6,1,20.25,2.0,51.0,3,0.0,2,0,0,1,1
60,2023,20,Yas Marina Circuit,Abu Dhabi,Medium,3,58,Dry,47.5,37.4,6,Lewis Hamilton,HAM,Mercedes,1,95,2,84.576,0.076,8.28500081731775,2,19,1,0,Finished,1,2.18,1,15.5,6.25,43.0,6,0.076,2,0,0,1,1
60,2023,20,Yas Marina Circuit,Abu Dhabi,Medium,3,58,Dry,47.5,37.4,6,Charles Leclerc,LEC,Ferrari,1,94,3,84.779,0.279,7.420845254103481,3,15,1,0,Finished,1,2.54,0,14.5,3.25,38.0,9,0.279,2,0,0,0,1
60,2023,20,Yas Marina Circuit,Abu Dhabi,Medium,3,58,Dry,47.5,37.4,6,George Russell,RUS,Mercedes,1,91,4,84.799,0.299,6.979550450216517,5,10,0,0,Finished,2,2.83,0,9.5,5.5,62.0,12,0.299,2,0,-1,0,1
60,2023,20,Yas Marina Circuit,Abu Dhabi,Medium,3,58,Dry,47.5,37.4,6,Lando Norris,NOR,McLaren,1,93,5,85.028,0.528,7.31158056675788,4,12,0,0,Finished,2,2.37,0,16.25,3.0,58.0,15,0.528,2,0,1,0,1
60,2023,20,Yas Marina Circuit,Abu Dhabi,Medium,3,58,Dry,47.5,37.4,6,Oscar Piastri,PIA,McLaren,1,90,6,85.042,0.542,7.142003228361538,6,8,0,0,Finished,1,2.33,0,10.0,5.0,45.0,18,0.542,2,0,0,0,0
60,2023,20,Yas Marina Circuit,Abu Dhabi,Medium,3,58,Dry,47.5,37.4,6,Carlos Sainz,SAI,Ferrari,1,91,7,85.252,0.752,6.505311919093556,7,6,0,0,Finished,1,2.26,0,5.5,9.75,38.0,21,0.752,2,0,0,0,0
60,2023,20,Yas Marina Circuit,Abu Dhabi,Medium,3,58,Dry,47.5,37.4,6,Sergio Perez,PER,Red Bull Racing,1,88,8,85.284,0.784,6.340619324203522,8,4,0,0,Finished,2,2.62,0,5.5,7.25,65.0,24,0.784,2,0,0,0,0
60,2023,20,Yas Marina Circuit,Abu Dhabi,Medium,3,58,Dry,47.5,37.4,6,Fernando Alonso,ALO,Aston Martin,2,92,9,85.002,0.502,6.247597500086938,9,2,0,0,Finished,1,2.32,0,2.5,8.75,6.0,27,0.502,2,0,0,0,0
60,2023,20,Yas Marina Circuit,Abu Dhabi,Medium,3,58,Dry,47.5,37.4,6,Esteban Ocon,OCO,Alpine,2,84,10,85.203,0.703,4.425794633636039,20,0,0,0,Hydraulics,0,3.83,0,0.5,10.5,8.0,30,0.703,2,0,-10,0,0
60,2023,20,Yas Marina Circuit,Abu Dhabi,Medium,3,58,Dry,47.5,37.4,6,Pierre Gasly,GAS,Alpine,2,85,11,85.678,1.178,5.012064370457103,10,1,0,0,Finished,1,2.89,0,2.0,9.25,4.0,33,1.178,2,0,1,0,0
60,2023,20,Yas Marina Circuit,Abu Dhabi,Medium,3,58,Dry,47.5,37.4,6,Lance Stroll,STR,Aston Martin,2,81,12,85.955,1.455,4.664095106239312,11,0,0,0,Finished,2,2.31,0,0.0,11.75,6.0,36,1.455,2,0,1,0,0
60,2023,20,Yas Marina Circuit,Abu Dhabi,Medium,3,58,Dry,47.5,37.4,6,Alexander Albon,ALB,Williams,3,86,13,86.082,1.582,3.4704521882382835,12,0,0,0,Finished,1,2.13,0,0.0,13.75,0.0,39,1.582,2,0,1,0,0
60,2023,20,Yas Marina Circuit,Abu Dhabi,Medium,3,58,Dry,47.5,37.4,6,Nico Hulkenberg,HUL,Haas,3,84,14,85.377,0.877,3.4132148070585107,13,0,0,0,Finished,1,3.24,0,0.0,12.75,0.0,42,0.877,2,0,1,0,0
60,2023,20,Yas Marina Circuit,Abu Dhabi,Medium,3,58,Dry,47.5,37.4,6,Daniel Ricciardo,RIC,RB,3,84,15,86.277,1.777,3.284750387757052,19,0,0,0,Collision,1,3.24,0,0.0,15.0,0.0,45,1.777,2,0,-4,0,0
60,2023,20,Yas Marina Circuit,Abu Dhabi,Medium,3,58,Dry,47.5,37.4,6,Yuki Tsunoda,TSU,RB,3,83,16,85.975,1.475,3.648978928133807,14,0,0,0,Finished,1,3.05,0,0.0,15.0,0.0,48,1.475,2,0,2,0,0
60,2023,20,Yas Marina Circuit,Abu Dhabi,Medium,3,58,Dry,47.5,37.4,6,Kevin Magnussen,MAG,Haas,3,82,17,85.768,1.268,3.338894713605808,15,0,0,0,Finished,2,2.23,0,0.0,15.75,0.0,51,1.268,2,0,2,0,0
60,2023,20,Yas Marina Circuit,Abu Dhabi,Medium,3,58,Dry,47.5,37.4,6,Valtteri Bottas,BOT,Kick Sauber,4,83,18,86.871,2.371,2.3396024756717337,16,0,0,0,Finished,1,3.35,0,0.0,18.0,0.0,54,2.371,2,0,2,0,0
60,2023,20,Yas Marina Circuit,Abu Dhabi,Medium,3,58,Dry,47.5,37.4,6,Zhou Guanyu,ZHO,Kick Sauber,4,79,19,86.723,2.223,1.7785369608663826,17,0,0,0,Finished,2,2.74,0,0.0,18.25,0.0,57,2.223,2,0,2,0,0
60,2023,20,Yas Marina Circuit,Abu Dhabi,Medium,3,58,Dry,47.5,37.4,6,Logan Sargeant,SAR,Williams,4,76,20,86.948,2.448,1.3609602856122816,18,0,0,0,Finished,2,3.18,0,0.0,19.25,0.0,60,2.448,2,0,2,0,0
61,2024,1,Bahrain International Circuit,Bahrain,Medium,2,57,Mixed,24.7,17.2,0,Max Verstappen,VER,Red Bull Racing,1,97,1,91.5,0.0,9.436872212878267,1,25,1,1,Finished,2,3.27,0,0.0,10.0,0.0,2,0.0,2,1,0,1,1
61,2024,1,Bahrain International Circuit,Bahrain,Medium,2,57,Mixed,24.7,17.2,0,Lewis Hamilton,HAM,Mercedes,1,95,2,91.583,0.083,8.445683296480134,2,18,1,0,Finished,3,3.29,0,0.0,10.0,0.0,4,0.083,2,1,0,1,1
61,2024,1,Bahrain International Circuit,Bahrain,Medium,2,57,Mixed,24.7,17.2,0,Charles Leclerc,LEC,Ferrari,1,94,3,91.773,0.273,7.499329980068679,20,0,0,0,Collision,1,3.84,0,0.0,10.0,0.0,6,0.273,2,1,-17,0,1
61,2024,1,Bahrain International Circuit,Bahrain,Medium,2,57,Mixed,24.7,17.2,0,Lando Norris,NOR,McLaren,1,93,4,91.819,0.319,7.869655064757848,3,15,1,0,Finished,3,2.36,0,0.0,10.0,0.0,8,0.319,2,1,1,0,1
61,2024,1,Bahrain International Circuit,Bahrain,Medium,2,57,Mixed,24.7,17.2,0,Carlos Sainz,SAI,Ferrari,1,91,5,91.828,0.328,7.304549381224923,5,10,0,0,Finished,3,2.79,0,0.0,10.0,0.0,10,0.328,2,1,0,0,1
61,2024,1,Bahrain International Circuit,Bahrain,Medium,2,57,Mixed,24.7,17.2,0,George Russell,RUS,Mercedes,1,91,6,92.14,0.64,7.767730902787472,4,12,0,0,Finished,2,3.07,0,0.0,10.0,18.0,12,0.64,2,1,2,0,0
61,2024,1,Bahrain International Circuit,Bahrain,Medium,2,57,Mixed,24.7,17.2,0,Oscar Piastri,PIA,McLaren,1,90,7,92.031,0.531,7.228736869406394,6,8,0,0,Finished,4,2.23,0,0.0,10.0,15.0,14,0.531,2,1,1,0,0
61,2024,1,Bahrain International Circuit,Bahrain,Medium,2,57,Mixed,24.7,17.2,0,Sergio Perez,PER,Red Bull Racing,1,88,8,91.957,0.457,6.740942863701933,19,0,0,0,Collision,0,3.79,0,0.0,10.0,25.0,16,0.457,2,1,-11,0,0
61,2024,1,Bahrain International Circuit,Bahrain,Medium,2,57,Mixed,24.7,17.2,0,Fernando Alonso,ALO,Aston Martin,2,92,9,92.315,0.815,6.808031666745821,7,6,0,0,Finished,2,2.89,0,0.0,10.0,0.0,18,0.815,2,1,2,0,0
61,2024,1,Bahrain International Circuit,Bahrain,Medium,2,57,Mixed,24.7,17.2,0,Esteban Ocon,OCO,Alpine,2,84,10,92.679,1.179,5.85314761923747,8,4,0,0,Finished,4,2.22,0,0.0,10.0,0.0,20,1.179,2,1,2,0,0
61,2024,1,Bahrain International Circuit,Bahrain,Medium,2,57,Mixed,24.7,17.2,0,Lance Stroll,STR,Aston Martin,2,81,11,92.233,0.733,4.536216228299485,10,1,0,0,Finished,2,3.28,0,0.0,10.0,6.0,22,0.733,2,1,1,0,0
61,2024,1,Bahrain International Circuit,Bahrain,Medium,2,57,Mixed,24.7,17.2,0,Pierre Gasly,GAS,Alpine,2,85,12,92.715,1.215,5.32140561924918,9,2,0,0,Finished,2,2.17,0,0.0,10.0,4.0,24,1.215,2,1,3,0,0
61,2024,1,Bahrain International Circuit,Bahrain,Medium,2,57,Mixed,24.7,17.2,0,Alexander Albon,ALB,Williams,3,86,13,92.622,1.122,3.573398644158631,12,0,0,0,Finished,3,3.12,0,0.0,10.0,0.0,26,1.122,2,1,1,0,0
61,2024,1,Bahrain International Circuit,Bahrain,Medium,2,57,Mixed,24.7,17.2,0,Nico Hulkenberg,HUL,Haas,3,84,14,92.282,0.782,4.191901906847817,11,0,0,0,Finished,3,2.98,0,0.0,10.0,0.0,28,0.782,2,1,3,0,0
61,2024,1,Bahrain International Circuit,Bahrain,Medium,2,57,Mixed,24.7,17.2,0,Daniel Ricciardo,RIC,RB,3,84,15,92.374,0.874,3.5098964204374345,13,0,0,0,Finished,2,2.61,0,0.0,10.0,0.0,30,0.874,2,1,2,0,0
61,2024,1,Bahrain International Circuit,Bahrain,Medium,2,57,Mixed,24.7,17.2,0,Yuki Tsunoda,TSU,RB,3,83,16,92.63,1.13,2.636849275765273,15,0,0,0,Finished,2,2.51,0,0.0,10.0,0.0,32,1.13,2,1,1,0,0
61,2024,1,Bahrain International Circuit,Bahrain,Medium,2,57,Mixed,24.7,17.2,0,Kevin Magnussen,MAG,Haas,3,82,17,93.391,1.891,2.9460188195810515,14,0,0,0,Finished,3,2.24,0,0.0,10.0,0.0,34,1.891,2,1,3,0,0
61,2024,1,Bahrain International Circuit,Bahrain,Medium,2,57,Mixed,24.7,17.2,0,Valtteri Bottas,BOT,Kick Sauber,4,83,18,92.592,1.092,2.301501737526092,16,0,0,0,Finished,2,2.28,0,0.0,10.0,0.0,36,1.092,2,1,2,0,0
61,2024,1,Bahrain International Circuit,Bahrain,Medium,2,57,Mixed,24.7,17.2,0,Zhou Guanyu,ZHO,Kick Sauber,4,79,19,92.954,1.454,0.9686718254301312,18,0,0,0,Finished,4,2.21,0,0.0,10.0,0.0,38,1.454,2,1,1,0,0
61,2024,1,Bahrain International Circuit,Bahrain,Medium,2,57,Mixed,24.7,17.2,0,Logan Sargeant,SAR,Williams,4,76,20,93.111,1.611,1.619231560364516,17,0,0,0,Finished,3,2.12,0,0.0,10.0,0.0,40,1.611,2,1,3,0,0
62,2024,2,Jeddah Corniche Circuit,Saudi Arabia,Low,3,50,Dry,32.7,24.7,0,Max Verstappen,VER,Red Bull Racing,1,97,1,88.0,0.0,8.868409019333132,1,25,1,1,Finished,2,3.14,0,25.0,1.0,25.0,3,0.0,1,0,0,1,1
62,2024,2,Jeddah Corniche Circuit,Saudi Arabia,Low,3,50,Dry,32.7,24.7,0,Lewis Hamilton,HAM,Mercedes,1,95,2,88.11,0.11,9.023290918219915,2,18,1,0,Finished,1,2.29,0,18.0,2.0,30.0,6,0.11,1,0,0,1,1
62,2024,2,Jeddah Corniche Circuit,Saudi Arabia,Low,3,50,Dry,32.7,24.7,0,Charles Leclerc,LEC,Ferrari,1,94,3,88.135,0.135,7.1667976763229575,4,12,0,0,Finished,2,2.19,0,0.0,20.0,10.0,9,0.135,1,0,-1,0,1
62,2024,2,Jeddah Corniche Circuit,Saudi Arabia,Low,3,50,Dry,32.7,24.7,0,Lando Norris,NOR,McLaren,1,93,4,88.217,0.217,6.966218751205715,6,8,0,0,Finished,2,3.17,0,15.0,3.0,23.0,12,0.217,1,0,-2,0,1
62,2024,2,Jeddah Corniche Circuit,Saudi Arabia,Low,3,50,Dry,32.7,24.7,0,George Russell,RUS,Mercedes,1,91,5,88.331,0.331,7.978708654190134,3,16,1,0,Finished,2,2.95,1,12.0,4.0,48.0,15,0.331,1,0,2,0,1
62,2024,2,Jeddah Corniche Circuit,Saudi Arabia,Low,3,50,Dry,32.7,24.7,0,Carlos Sainz,SAI,Ferrari,1,91,6,88.644,0.644,7.6722451466757775,5,10,0,0,Finished,1,2.1,0,10.0,5.0,22.0,18,0.644,1,0,1,0,0
62,2024,2,Jeddah Corniche Circuit,Saudi Arabia,Low,3,50,Dry,32.7,24.7,0,Oscar Piastri,PIA,McLaren,1,90,7,88.521,0.521,7.275097856153216,7,6,0,0,Finished,2,2.73,0,8.0,6.0,31.0,21,0.521,1,0,0,0,0
62,2024,2,Jeddah Corniche Circuit,Saudi Arabia,Low,3,50,Dry,32.7,24.7,0,Sergio Perez,PER,Red Bull Racing,1,88,8,88.485,0.485,6.837847149118643,8,4,0,0,Finished,2,2.2,0,0.0,19.0,50.0,24,0.485,1,0,0,0,0
62,2024,2,Jeddah Corniche Circuit,Saudi Arabia,Low,3,50,Dry,32.7,24.7,0,Fernando Alonso,ALO,Aston Martin,2,92,9,89.094,1.094,5.987286815391185,9,2,0,0,Finished,2,2.3,0,6.0,7.0,7.0,27,1.094,1,0,0,0,0
62,2024,2,Jeddah Corniche Circuit,Saudi Arabia,Low,3,50,Dry,32.7,24.7,0,Pierre Gasly,GAS,Alpine,2,85,10,89.255,1.255,4.989199126678735,10,1,0,0,Finished,1,2.53,0,2.0,9.0,6.0,30,1.255,1,0,0,0,0
62,2024,2,Jeddah Corniche Circuit,Saudi Arabia,Low,3,50,Dry,32.7,24.7,0,Esteban Ocon,OCO,Alpine,2,84,11,88.885,0.885,4.271669139285593,11,0,0,0,Finished,1,2.84,0,4.0,8.0,7.0,33,0.885,1,0,0,0,0
62,2024,2,Jeddah Corniche Circuit,Saudi Arabia,Low,3,50,Dry,32.7,24.7,0,Lance Stroll,STR,Aston Martin,2,81,12,89.029,1.029,4.321681915230188,12,0,0,0,Finished,2,2.61,0,1.0,10.0,9.0,36,1.029,1,0,0,0,0
62,2024,2,Jeddah Corniche Circuit,Saudi Arabia,Low,3,50,Dry,32.7,24.7,0,Kevin Magnussen,MAG,Haas,3,82,13,89.376,1.376,3.507876071171101,14,0,0,0,Finished,2,2.94,0,0.0,14.0,0.0,39,1.376,1,0,-1,0,0
62,2024,2,Jeddah Corniche Circuit,Saudi Arabia,Low,3,50,Dry,32.7,24.7,0,Alexander Albon,ALB,Williams,3,86,14,89.287,1.287,4.159432704738517,13,0,0,0,Finished,3,3.09,0,0.0,12.0,0.0,42,1.287,1,0,1,0,0
62,2024,2,Jeddah Corniche Circuit,Saudi Arabia,Low,3,50,Dry,32.7,24.7,0,Nico Hulkenberg,HUL,Haas,3,84,15,89.066,1.066,3.669685002800256,15,0,0,0,Finished,1,3.2,0,0.0,11.0,0.0,45,1.066,1,0,0,0,0
62,2024,2,Jeddah Corniche Circuit,Saudi Arabia,Low,3,50,Dry,32.7,24.7,0,Yuki Tsunoda,TSU,RB,3,83,16,89.138,1.138,3.883247199592885,16,0,0,0,Finished,2,3.38,0,0.0,15.0,0.0,48,1.138,1,0,0,0,0
62,2024,2,Jeddah Corniche Circuit,Saudi Arabia,Low,3,50,Dry,32.7,24.7,0,Daniel Ricciardo,RIC,RB,3,84,17,90.239,2.239,3.172646574616707,17,0,0,0,Finished,2,3.18,0,0.0,13.0,0.0,51,2.239,1,0,0,0,0
62,2024,2,Jeddah Corniche Circuit,Saudi Arabia,Low,3,50,Dry,32.7,24.7,0,Valtteri Bottas,BOT,Kick Sauber,4,83,18,89.42,1.42,1.9204302270342208,18,0,0,0,Finished,2,2.55,0,0.0,16.0,0.0,54,1.42,1,0,0,0,0
62,2024,2,Jeddah Corniche Circuit,Saudi Arabia,Low,3,50,Dry,32.7,24.7,0,Zhou Guanyu,ZHO,Kick Sauber,4,79,19,89.308,1.308,1.3492945114032695,20,0,0,0,Power Unit,0,2.78,0,0.0,18.0,0.0,57,1.308,1,0,-1,0,0
62,2024,2,Jeddah Corniche Circuit,Saudi Arabia,Low,3,50,Dry,32.7,24.7,0,Logan Sargeant,SAR,Williams,4,76,20,90.363,2.363,1.2601555859582194,19,0,0,0,Finished,1,2.66,0,0.0,17.0,0.0,60,2.363,1,0,1,0,0
63,2024,3,Albert Park Circuit,Australia,Medium,3,58,Dry,37.5,25.6,4,Max Verstappen,VER,Red Bull Racing,1,97,1,78.5,0.0,8.2985277045315,1,25,1,1,Finished,2,2.76,0,25.0,1.0,54.0,3,0.0,2,0,0,1,1
63,2024,3,Albert Park Circuit,Australia,Medium,3,58,Dry,37.5,25.6,4,Charles Leclerc,LEC,Ferrari,1,94,2,78.599,0.099,8.383513395021371,2,18,1,0,Finished,1,2.72,0,6.0,12.0,32.0,6,0.099,2,0,0,1,1
63,2024,3,Albert Park Circuit,Australia,Medium,3,58,Dry,37.5,25.6,4,Lewis Hamilton,HAM,Mercedes,1,95,3,78.621,0.121,8.164618881813857,20,0,0,0,Power Unit,0,2.94,0,18.0,2.0,64.0,9,0.121,2,0,-17,0,1
63,2024,3,Albert Park Circuit,Australia,Medium,3,58,Dry,37.5,25.6,4,Lando Norris,NOR,McLaren,1,93,4,78.695,0.195,7.145754342332156,3,15,1,0,Finished,1,2.65,0,11.5,4.5,37.0,12,0.195,2,0,1,0,1
63,2024,3,Albert Park Circuit,Australia,Medium,3,58,Dry,37.5,25.6,4,Oscar Piastri,PIA,McLaren,1,90,5,78.904,0.404,7.178041655811945,4,13,0,0,Finished,1,2.47,1,7.0,6.5,37.0,15,0.404,2,0,1,0,1
63,2024,3,Albert Park Circuit,Australia,Medium,3,58,Dry,37.5,25.6,4,George Russell,RUS,Mercedes,1,91,6,79.0,0.5,7.009118360545931,5,10,0,0,Finished,2,2.14,0,14.0,3.5,46.0,18,0.5,2,0,1,0,0
63,2024,3,Albert Park Circuit,Australia,Medium,3,58,Dry,37.5,25.6,4,Carlos Sainz,SAI,Ferrari,1,91,7,78.931,0.431,7.309154142636591,6,8,0,0,Finished,2,2.72,0,10.0,5.0,50.0,21,0.431,2,0,1,0,0
63,2024,3,Albert Park Circuit,Australia,Medium,3,58,Dry,37.5,25.6,4,Sergio Perez,PER,Red Bull Racing,1,88,8,79.473,0.973,6.188574850385577,7,6,0,0,Finished,3,3.02,0,2.0,13.5,54.0,24,0.973,2,0,1,0,0
63,2024,3,Albert Park Circuit,Australia,Medium,3,58,Dry,37.5,25.6,4,Fernando Alonso,ALO,Aston Martin,2,92,9,79.233,0.733,5.879401749513896,8,4,0,0,Finished,2,2.36,0,4.0,8.0,9.0,27,0.733,2,0,1,0,0
63,2024,3,Albert Park Circuit,Australia,Medium,3,58,Dry,37.5,25.6,4,Pierre Gasly,GAS,Alpine,2,85,10,79.263,0.763,6.016638913327491,9,2,0,0,Finished,2,3.18,0,1.5,9.5,7.0,30,0.763,2,0,1,0,0
63,2024,3,Albert Park Circuit,Australia,Medium,3,58,Dry,37.5,25.6,4,Lance Stroll,STR,Aston Martin,2,81,11,79.519,1.019,4.65883182565732,10,1,0,0,Finished,1,2.38,0,0.5,11.0,7.0,33,1.019,2,0,1,0,0
63,2024,3,Albert Park Circuit,Australia,Medium,3,58,Dry,37.5,25.6,4,Esteban Ocon,OCO,Alpine,2,84,12,79.712,1.212,3.874746221970621,12,0,0,0,Finished,1,3.06,0,2.0,9.5,5.0,36,1.212,2,0,0,0,0
63,2024,3,Albert Park Circuit,Australia,Medium,3,58,Dry,37.5,25.6,4,Daniel Ricciardo,RIC,RB,3,84,13,79.842,1.342,4.249538184705977,11,0,0,0,Finished,1,3.06,0,0.0,15.0,0.0,39,1.342,2,0,2,0,0
63,2024,3,Albert Park Circuit,Australia,Medium,3,58,Dry,37.5,25.6,4,Yuki Tsunoda,TSU,RB,3,83,14,79.981,1.481,4.112433203176294,14,0,0,0,Finished,1,2.42,0,0.0,15.5,0.0,42,1.481,2,0,0,0,0
63,2024,3,Albert Park Circuit,Australia,Medium,3,58,Dry,37.5,25.6,4,Nico Hulkenberg,HUL,Haas,3,84,15,80.054,1.554,4.779541172389118,13,0,0,0,Finished,1,3.15,0,0.0,13.0,0.0,45,1.554,2,0,2,0,0
63,2024,3,Albert Park Circuit,Australia,Medium,3,58,Dry,37.5,25.6,4,Alexander Albon,ALB,Williams,3,86,16,80.291,1.791,3.767283609281008,15,0,0,0,Finished,2,2.19,0,0.0,12.5,0.0,48,1.791,2,0,1,0,0
63,2024,3,Albert Park Circuit,Australia,Medium,3,58,Dry,37.5,25.6,4,Kevin Magnussen,MAG,Haas,3,82,17,79.542,1.042,3.997540171594353,16,0,0,0,Finished,1,2.44,0,0.0,14.0,0.0,51,1.042,2,0,1,0,0
63,2024,3,Albert Park Circuit,Australia,Medium,3,58,Dry,37.5,25.6,4,Valtteri Bottas,BOT,Kick Sauber,4,83,18,80.802,2.302,3.0735808562927494,17,0,0,0,Finished,2,3.28,0,0.0,17.0,0.0,54,2.302,2,0,1,0,0
63,2024,3,Albert Park Circuit,Australia,Medium,3,58,Dry,37.5,25.6,4,Zhou Guanyu,ZHO,Kick Sauber,4,79,19,80.478,1.978,1.2855089509928257,18,0,0,0,Finished,2,2.74,0,0.0,19.0,0.0,57,1.978,2,0,1,0,0
63,2024,3,Albert Park Circuit,Australia,Medium,3,58,Dry,37.5,25.6,4,Logan Sargeant,SAR,Williams,4,76,20,80.286,1.786,1.4009260828736965,19,0,0,0,Finished,1,2.8,0,0.0,18.0,0.0,60,1.786,2,0,1,0,0
64,2024,4,Baku City Circuit,Azerbaijan,Low,2,51,Dry,31.4,21.0,1,Lewis Hamilton,HAM,Mercedes,1,95,1,103.0,0.0,8.872007652464118,1,25,1,1,Finished,2,2.93,0,12.0,8.0,44.0,2,0.0,1,0,0,1,1
64,2024,4,Baku City Circuit,Azerbaijan,Low,2,51,Dry,31.4,21.0,1,Max Verstappen,VER,Red Bull Racing,1,97,2,103.078,0.078,8.272512210100253,2,18,1,0,Finished,1,2.23,0,25.0,1.0,60.0,4,0.078,1,0,0,1,1
64,2024,4,Baku City Circuit,Azerbaijan,Low,2,51,Dry,31.4,21.0,1,Charles Leclerc,LEC,Ferrari,1,94,3,103.145,0.145,8.179104193557897,3,15,1,0,Finished,2,2.3,0,10.0,8.666666666666666,48.0,6,0.145,1,0,0,0,1
64,2024,4,Baku City Circuit,Azerbaijan,Low,2,51,Dry,31.4,21.0,1,Lando Norris,NOR,McLaren,1,93,4,103.189,0.189,8.06399904872592,4,12,0,0,Finished,2,2.32,0,12.666666666666666,4.0,42.0,8,0.189,1,0,0,0,1
64,2024,4,Baku City Circuit,Azerbaijan,Low,2,51,Dry,31.4,21.0,1,Carlos Sainz,SAI,Ferrari,1,91,5,103.334,0.334,7.346480320923341,5,10,0,0,Finished,3,3.32,0,9.333333333333334,5.333333333333333,51.0,10,0.334,1,0,0,0,1
64,2024,4,Baku City Circuit,Azerbaijan,Low,2,51,Dry,31.4,21.0,1,George Russell,RUS,Mercedes,1,91,6,103.484,0.484,7.086489475479436,6,8,0,0,Finished,2,2.56,0,12.666666666666666,4.0,51.0,12,0.484,1,0,0,0,0
64,2024,4,Baku City Circuit,Azerbaijan,Low,2,51,Dry,31.4,21.0,1,Oscar Piastri,PIA,McLaren,1,90,7,103.661,0.661,6.754610527868549,7,6,0,0,Finished,1,2.18,0,9.0,5.666666666666667,46.0,14,0.661,1,0,0,0,0
64,2024,4,Baku City Circuit,Azerbaijan,Low,2,51,Dry,31.4,21.0,1,Sergio Perez,PER,Red Bull Racing,1,88,8,103.636,0.636,6.948746793144663,8,4,0,0,Finished,1,2.62,0,3.3333333333333335,11.333333333333334,53.0,16,0.636,1,0,0,0,0
64,2024,4,Baku City Circuit,Azerbaijan,Low,2,51,Dry,31.4,21.0,1,Fernando Alonso,ALO,Aston Martin,2,92,9,104.019,1.019,5.901266910222444,9,2,0,0,Finished,1,2.61,0,4.0,8.0,7.0,18,1.019,1,0,0,0,0
64,2024,4,Baku City Circuit,Azerbaijan,Low,2,51,Dry,31.4,21.0,1,Pierre Gasly,GAS,Alpine,2,85,10,103.546,0.546,5.1941410651952085,10,1,0,0,Finished,1,3.2,0,1.6666666666666667,9.333333333333334,3.0,20,0.546,1,0,0,0,0
64,2024,4,Baku City Circuit,Azerbaijan,Low,2,51,Dry,31.4,21.0,1,Esteban Ocon,OCO,Alpine,2,84,11,104.133,1.133,4.5949699368036985,11,0,0,0,Finished,1,2.88,0,1.3333333333333333,10.333333333333334,3.0,22,1.133,1,0,0,0,0
64,2024,4,Baku City Circuit,Azerbaijan,Low,2,51,Dry,31.4,21.0,1,Lance Stroll,STR,Aston Martin,2,81,12,104.349,1.349,3.845233060857172,12,0,0,0,Finished,2,2.17,0,0.6666666666666666,10.666666666666666,7.0,24,1.349,1,0,0,0,0
64,2024,4,Baku City Circuit,Azerbaijan,Low,2,51,Dry,31.4,21.0,1,Yuki Tsunoda,TSU,RB,3,83,13,104.007,1.007,3.8483503692192222,13,0,0,0,Finished,3,2.79,0,0.0,15.0,0.0,26,1.007,1,0,0,0,0
64,2024,4,Baku City Circuit,Azerbaijan,Low,2,51,Dry,31.4,21.0,1,Nico Hulkenberg,HUL,Haas,3,84,14,103.911,0.911,3.830228360753074,14,0,0,0,Finished,1,2.31,0,0.0,13.0,0.0,28,0.911,1,0,0,0,0
64,2024,4,Baku City Circuit,Azerbaijan,Low,2,51,Dry,31.4,21.0,1,Alexander Albon,ALB,Williams,3,86,15,104.413,1.413,3.813581961190135,15,0,0,0,Finished,1,2.13,0,0.0,13.333333333333334,0.0,30,1.413,1,0,0,0,0
64,2024,4,Baku City Circuit,Azerbaijan,Low,2,51,Dry,31.4,21.0,1,Kevin Magnussen,MAG,Haas,3,82,16,104.073,1.073,3.260717965128505,16,0,0,0,Finished,1,2.79,0,0.0,14.666666666666666,0.0,32,1.073,1,0,0,0,0
64,2024,4,Baku City Circuit,Azerbaijan,Low,2,51,Dry,31.4,21.0,1,Daniel Ricciardo,RIC,RB,3,84,17,104.524,1.524,2.5740827511871203,17,0,0,0,Finished,2,2.99,0,0.0,13.666666666666666,0.0,34,1.524,1,0,0,0,0
64,2024,4,Baku City Circuit,Azerbaijan,Low,2,51,Dry,31.4,21.0,1,Valtteri Bottas,BOT,Kick Sauber,4,83,18,104.345,1.345,2.4385639323892434,18,0,0,0,Finished,1,2.29,0,0.0,17.0,0.0,36,1.345,1,0,0,0,0
64,2024,4,Baku City Circuit,Azerbaijan,Low,2,51,Dry,31.4,21.0,1,Zhou Guanyu,ZHO,Kick Sauber,4,79,19,105.209,2.209,1.5860477977900818,19,0,0,0,Finished,1,2.35,0,0.0,18.666666666666668,0.0,38,2.209,1,0,0,0,0
64,2024,4,Baku City Circuit,Azerbaijan,Low,2,51,Dry,31.4,21.0,1,Logan Sargeant,SAR,Williams,4,76,20,104.445,1.445,1.6724643759917086,20,0,0,0,Finished,1,3.15,0,0.0,18.333333333333332,0.0,40,1.445,1,0,0,0,0
65,2024,5,Circuit de Monaco,Monaco,High,5,78,Dry,44.1,38.1,9,Max Verstappen,VER,Red Bull Racing,1,97,1,72.0,0.0,7.981042591091502,1,25,1,1,Finished,2,3.21,0,23.25,1.25,53.0,5,0.0,3,0,0,1,1
65,2024,5,Circuit de Monaco,Monaco,High,5,78,Dry,44.1,38.1,9,Lewis Hamilton,HAM,Mercedes,1,95,2,72.081,0.081,7.682076784449363,2,19,1,0,Finished,2,2.62,1,15.25,6.25,43.0,10,0.081,3,0,0,1,1
65,2024,5,Circuit de Monaco,Monaco,High,5,78,Dry,44.1,38.1,9,Charles Leclerc,LEC,Ferrari,1,94,3,72.252,0.252,7.809367214504901,3,15,1,0,Finished,1,3.09,0,11.25,7.25,51.0,15,0.252,3,0,0,0,1
65,2024,5,Circuit de Monaco,Monaco,High,5,78,Dry,44.1,38.1,9,Carlos Sainz,SAI,Ferrari,1,91,4,72.276,0.276,7.8995781960623,4,12,0,0,Finished,2,2.96,0,9.5,5.25,48.0,20,0.276,3,0,0,0,1
65,2024,5,Circuit de Monaco,Monaco,High,5,78,Dry,44.1,38.1,9,Lando Norris,NOR,McLaren,1,93,5,72.484,0.484,7.832328942481245,20,0,0,0,Power Unit,1,3.23,0,12.5,4.0,46.0,25,0.484,3,0,-15,0,1
65,2024,5,Circuit de Monaco,Monaco,High,5,78,Dry,44.1,38.1,9,Oscar Piastri,PIA,McLaren,1,90,6,72.525,0.525,7.51451570947591,5,10,0,0,Finished,1,3.1,0,8.25,6.0,31.0,30,0.525,3,0,1,0,0
65,2024,5,Circuit de Monaco,Monaco,High,5,78,Dry,44.1,38.1,9,George Russell,RUS,Mercedes,1,91,7,72.524,0.524,7.01072453629298,6,8,0,0,Finished,2,2.48,0,11.5,4.5,62.0,35,0.524,3,0,1,0,0
65,2024,5,Circuit de Monaco,Monaco,High,5,78,Dry,44.1,38.1,9,Sergio Perez,PER,Red Bull Racing,1,88,8,72.787,0.787,7.115668379898849,7,6,0,0,Finished,2,3.13,0,3.5,10.5,53.0,40,0.787,3,0,1,0,0
65,2024,5,Circuit de Monaco,Monaco,High,5,78,Dry,44.1,38.1,9,Fernando Alonso,ALO,Aston Martin,2,92,9,72.976,0.976,6.155893201795727,8,4,0,0,Finished,1,2.79,0,3.5,8.25,7.0,45,0.976,3,0,1,0,0
65,2024,5,Circuit de Monaco,Monaco,High,5,78,Dry,44.1,38.1,9,Pierre Gasly,GAS,Alpine,2,85,10,72.846,0.846,6.131374131692985,9,2,0,0,Finished,1,3.23,0,1.5,9.5,3.0,50,0.846,3,0,1,0,0
65,2024,5,Circuit de Monaco,Monaco,High,5,78,Dry,44.1,38.1,9,Esteban Ocon,OCO,Alpine,2,84,11,73.143,1.143,4.153847889462414,11,0,0,0,Finished,1,2.26,0,1.0,10.5,3.0,55,1.143,3,0,0,0,0
65,2024,5,Circuit de Monaco,Monaco,High,5,78,Dry,44.1,38.1,9,Lance Stroll,STR,Aston Martin,2,81,12,72.808,0.808,5.1200662166922175,10,1,0,0,Finished,2,3.15,0,0.5,11.0,7.0,60,0.808,3,0,2,0,0
65,2024,5,Circuit de Monaco,Monaco,High,5,78,Dry,44.1,38.1,9,Alexander Albon,ALB,Williams,3,86,13,73.34,1.34,3.639463945663113,13,0,0,0,Finished,1,2.83,0,0.0,13.75,0.0,65,1.34,3,0,0,0,0
65,2024,5,Circuit de Monaco,Monaco,High,5,78,Dry,44.1,38.1,9,Daniel Ricciardo,RIC,RB,3,84,14,73.57,1.57,4.548140198465613,12,0,0,0,Finished,1,2.47,0,0.0,14.5,0.0,70,1.57,3,0,2,0,0
65,2024,5,Circuit de Monaco,Monaco,High,5,78,Dry,44.1,38.1,9,Nico Hulkenberg,HUL,Haas,3,84,15,73.35,1.35,3.000910205243833,16,0,0,0,Finished,2,2.92,0,0.0,13.25,0.0,75,1.35,3,0,-1,0,0
65,2024,5,Circuit de Monaco,Monaco,High,5,78,Dry,44.1,38.1,9,Yuki Tsunoda,TSU,RB,3,83,16,73.903,1.903,4.21095221257422,14,0,0,0,Finished,1,2.78,0,0.0,14.5,0.0,80,1.903,3,0,2,0,0
65,2024,5,Circuit de Monaco,Monaco,High,5,78,Dry,44.1,38.1,9,Kevin Magnussen,MAG,Haas,3,82,17,73.616,1.616,4.470800817170934,15,0,0,0,Finished,1,2.85,0,0.0,15.0,0.0,85,1.616,3,0,2,0,0
65,2024,5,Circuit de Monaco,Monaco,High,5,78,Dry,44.1,38.1,9,Valtteri Bottas,BOT,Kick Sauber,4,83,18,73.78,1.78,2.0988895189588117,17,0,0,0,Finished,3,2.28,0,0.0,17.25,0.0,90,1.78,3,0,1,0,0
65,2024,5,Circuit de Monaco,Monaco,High,5,78,Dry,44.1,38.1,9,Zhou Guanyu,ZHO,Kick Sauber,4,79,19,73.219,1.219,2.57079513317059,18,0,0,0,Finished,1,2.65,0,0.0,18.75,0.0,95,1.219,3,0,1,0,0
65,2024,5,Circuit de Monaco,Monaco,High,5,78,Dry,44.1,38.1,9,Logan Sargeant,SAR,Williams,4,76,20,73.203,1.203,0.2696698082177854,19,0,0,0,Finished,1,2.96,0,0.0,18.75,0.0,100,1.203,3,0,1,0,0
66,2024,6,Circuit de Barcelona-Catalunya,Spain,High,4,66,Dry,47.8,36.3,5,Max Verstappen,VER,Red Bull Racing,1,97,1,74.0,0.0,8.59235928208047,1,25,1,1,Finished,2,2.9,0,23.25,1.25,53.0,4,0.0,3,0,0,1,1
66,2024,6,Circuit de Barcelona-Catalunya,Spain,High,4,66,Dry,47.8,36.3,5,Charles Leclerc,LEC,Ferrari,1,94,2,74.087,0.087,8.321257130721456,2,18,1,0,Finished,1,3.35,0,15.0,3.0,52.0,8,0.087,3,0,0,1,1
66,2024,6,Circuit de Barcelona-Catalunya,Spain,High,4,66,Dry,47.8,36.3,5,Lewis Hamilton,HAM,Mercedes,1,95,3,74.173,0.173,7.538124641123012,4,12,0,0,Finished,1,2.63,0,15.5,6.25,60.0,12,0.173,3,0,-1,0,1
66,2024,6,Circuit de Barcelona-Catalunya,Spain,High,4,66,Dry,47.8,36.3,5,Lando Norris,NOR,McLaren,1,93,4,74.276,0.276,8.150317859047142,3,15,1,0,Finished,2,2.63,0,8.75,8.25,28.0,16,0.276,3,0,1,0,1
66,2024,6,Circuit de Barcelona-Catalunya,Spain,High,4,66,Dry,47.8,36.3,5,Carlos Sainz,SAI,Ferrari,1,91,5,74.312,0.312,6.862581814723406,6,8,0,0,Finished,2,2.32,0,10.0,5.0,55.0,20,0.312,3,0,-1,0,1
66,2024,6,Circuit de Barcelona-Catalunya,Spain,High,4,66,Dry,47.8,36.3,5,George Russell,RUS,Mercedes,1,91,6,74.495,0.495,8.0861510362439,5,11,0,0,Finished,2,2.75,1,10.5,5.0,47.0,24,0.495,3,0,1,0,0
66,2024,6,Circuit de Barcelona-Catalunya,Spain,High,4,66,Dry,47.8,36.3,5,Oscar Piastri,PIA,McLaren,1,90,7,74.606,0.606,6.793693524258412,7,6,0,0,Finished,1,3.31,0,8.75,5.75,31.0,28,0.606,3,0,0,0,0
66,2024,6,Circuit de Barcelona-Catalunya,Spain,High,4,66,Dry,47.8,36.3,5,Sergio Perez,PER,Red Bull Racing,1,88,8,74.944,0.944,6.962612017167291,8,4,0,0,Finished,2,2.96,0,5.0,7.5,60.0,32,0.944,3,0,0,0,0
66,2024,6,Circuit de Barcelona-Catalunya,Spain,High,4,66,Dry,47.8,36.3,5,Fernando Alonso,ALO,Aston Martin,2,92,9,74.849,0.849,5.865095771647031,9,2,0,0,Finished,1,3.28,0,3.0,8.5,7.0,36,0.849,3,0,0,0,0
66,2024,6,Circuit de Barcelona-Catalunya,Spain,High,4,66,Dry,47.8,36.3,5,Esteban Ocon,OCO,Alpine,2,84,10,74.638,0.638,5.5399877175800585,10,1,0,0,Finished,2,3.1,0,0.0,11.25,3.0,40,0.638,3,0,0,0,0
66,2024,6,Circuit de Barcelona-Catalunya,Spain,High,4,66,Dry,47.8,36.3,5,Lance Stroll,STR,Aston Martin,2,81,11,74.716,0.716,4.53750952141466,11,0,0,0,Finished,1,3.35,0,0.5,11.0,7.0,44,0.716,3,0,0,0,0
66,2024,6,Circuit de Barcelona-Catalunya,Spain,High,4,66,Dry,47.8,36.3,5,Pierre Gasly,GAS,Alpine,2,85,12,75.49,1.49,4.688720348176375,12,0,0,0,Finished,2,3.21,0,1.5,9.5,3.0,48,1.49,3,0,0,0,0
66,2024,6,Circuit de Barcelona-Catalunya,Spain,High,4,66,Dry,47.8,36.3,5,Alexander Albon,ALB,Williams,3,86,13,75.238,1.238,3.243737208481349,15,0,0,0,Finished,2,2.14,0,0.0,14.0,0.0,52,1.238,3,0,-2,0,0
66,2024,6,Circuit de Barcelona-Catalunya,Spain,High,4,66,Dry,47.8,36.3,5,Nico Hulkenberg,HUL,Haas,3,84,14,75.407,1.407,3.7111992251933263,14,0,0,0,Finished,1,2.45,0,0.0,14.5,0.0,56,1.407,3,0,0,0,0
66,2024,6,Circuit de Barcelona-Catalunya,Spain,High,4,66,Dry,47.8,36.3,5,Daniel Ricciardo,RIC,RB,3,84,15,75.89,1.89,4.812448535897255,13,0,0,0,Finished,1,2.45,0,0.0,14.25,0.0,60,1.89,3,0,2,0,0
66,2024,6,Circuit de Barcelona-Catalunya,Spain,High,4,66,Dry,47.8,36.3,5,Kevin Magnussen,MAG,Haas,3,82,16,75.372,1.372,3.4197958584430914,17,0,0,0,Finished,1,2.4,0,0.0,15.25,0.0,64,1.372,3,0,-1,0,0
66,2024,6,Circuit de Barcelona-Catalunya,Spain,High,4,66,Dry,47.8,36.3,5,Yuki Tsunoda,TSU,RB,3,83,17,75.492,1.492,3.966328885211765,16,0,0,0,Finished,1,2.46,0,0.0,14.25,0.0,68,1.492,3,0,1,0,0
66,2024,6,Circuit de Barcelona-Catalunya,Spain,High,4,66,Dry,47.8,36.3,5,Zhou Guanyu,ZHO,Kick Sauber,4,79,18,75.353,1.353,2.472314011485981,18,0,0,0,Finished,2,2.83,0,0.0,18.75,0.0,72,1.353,3,0,0,0,0
66,2024,6,Circuit de Barcelona-Catalunya,Spain,High,4,66,Dry,47.8,36.3,5,Valtteri Bottas,BOT,Kick Sauber,4,83,19,75.83,1.83,2.2612184798010686,19,0,0,0,Finished,1,2.66,0,0.0,17.5,0.0,76,1.83,3,0,0,0,0
66,2024,6,Circuit de Barcelona-Catalunya,Spain,High,4,66,Dry,47.8,36.3,5,Logan Sargeant,SAR,Williams,4,76,20,76.145,2.145,0.834570476290392,20,0,0,0,Finished,1,2.25,0,0.0,19.25,0.0,80,2.145,3,0,0,0,0
67,2024,7,Circuit Gilles Villeneuve,Canada,Low,3,70,Dry,41.1,31.1,3,Max Verstappen,VER,Red Bull Racing,1,97,1,73.0,0.0,8.747652044344097,1,26,1,1,Finished,2,2.13,1,23.25,1.25,60.0,3,0.0,1,0,0,1,1
67,2024,7,Circuit Gilles Villeneuve,Canada,Low,3,70,Dry,41.1,31.1,3,Lewis Hamilton,HAM,Mercedes,1,95,2,73.07,0.07,8.056572290430033,2,18,1,0,Finished,1,3.33,0,14.0,6.75,50.0,6,0.07,1,0,0,1,1
67,2024,7,Circuit Gilles Villeneuve,Canada,Low,3,70,Dry,41.1,31.1,3,Charles Leclerc,LEC,Ferrari,1,94,3,73.214,0.214,7.0502282325572585,5,10,0,0,Finished,1,2.77,0,16.5,2.5,53.0,9,0.214,1,0,-2,0,1
67,2024,7,Circuit Gilles Villeneuve,Canada,Low,3,70,Dry,41.1,31.1,3,Lando Norris,NOR,McLaren,1,93,4,73.403,0.403,7.616422683233648,4,12,0,0,Finished,2,3.17,0,10.5,7.5,31.0,12,0.403,1,0,0,0,1
67,2024,7,Circuit Gilles Villeneuve,Canada,Low,3,70,Dry,41.1,31.1,3,Carlos Sainz,SAI,Ferrari,1,91,5,73.525,0.525,7.975442211844575,3,15,1,0,Finished,1,3.2,0,9.5,5.25,48.0,15,0.525,1,0,2,0,1
67,2024,7,Circuit Gilles Villeneuve,Canada,Low,3,70,Dry,41.1,31.1,3,George Russell,RUS,Mercedes,1,91,6,73.349,0.349,6.982279266748033,6,8,0,0,Finished,2,2.83,0,9.25,5.5,49.0,18,0.349,1,0,0,0,0
67,2024,7,Circuit Gilles Villeneuve,Canada,Low,3,70,Dry,41.1,31.1,3,Oscar Piastri,PIA,McLaren,1,90,7,73.578,0.578,6.912812586425608,20,0,0,0,Power Unit,0,3.82,0,8.75,5.75,43.0,21,0.578,1,0,-13,0,0
67,2024,7,Circuit Gilles Villeneuve,Canada,Low,3,70,Dry,41.1,31.1,3,Sergio Perez,PER,Red Bull Racing,1,88,8,73.476,0.476,7.430950757369477,7,6,0,0,Finished,3,3.27,0,5.0,7.5,61.0,24,0.476,1,0,1,0,0
67,2024,7,Circuit Gilles Villeneuve,Canada,Low,3,70,Dry,41.1,31.1,3,Fernando Alonso,ALO,Aston Martin,2,92,9,73.922,0.922,7.313793903254169,8,4,0,0,Finished,2,3.14,0,3.0,8.5,7.0,27,0.922,1,0,1,0,0
67,2024,7,Circuit Gilles Villeneuve,Canada,Low,3,70,Dry,41.1,31.1,3,Pierre Gasly,GAS,Alpine,2,85,10,74.047,1.047,4.831219539916466,9,2,0,0,Finished,3,2.23,0,1.25,10.0,3.0,30,1.047,1,0,1,0,0
67,2024,7,Circuit Gilles Villeneuve,Canada,Low,3,70,Dry,41.1,31.1,3,Esteban Ocon,OCO,Alpine,2,84,11,74.332,1.332,3.633705033180702,10,1,0,0,Finished,1,2.74,0,0.25,11.0,3.0,33,1.332,1,0,1,0,0
67,2024,7,Circuit Gilles Villeneuve,Canada,Low,3,70,Dry,41.1,31.1,3,Lance Stroll,STR,Aston Martin,2,81,12,73.931,0.931,3.9209905105258662,11,0,0,0,Finished,2,2.76,0,0.5,10.75,7.0,36,0.931,1,0,1,0,0
67,2024,7,Circuit Gilles Villeneuve,Canada,Low,3,70,Dry,41.1,31.1,3,Alexander Albon,ALB,Williams,3,86,13,74.328,1.328,3.7569128747895286,12,0,0,0,Finished,2,2.28,0,0.0,14.5,0.0,39,1.328,1,0,1,0,0
67,2024,7,Circuit Gilles Villeneuve,Canada,Low,3,70,Dry,41.1,31.1,3,Daniel Ricciardo,RIC,RB,3,84,14,74.12,1.12,3.557940526587557,13,0,0,0,Finished,1,3.05,0,0.0,13.25,0.0,42,1.12,1,0,1,0,0
67,2024,7,Circuit Gilles Villeneuve,Canada,Low,3,70,Dry,41.1,31.1,3,Nico Hulkenberg,HUL,Haas,3,84,15,74.029,1.029,3.7455075222976015,14,0,0,0,Finished,1,2.56,0,0.0,14.25,0.0,45,1.029,1,0,1,0,0
67,2024,7,Circuit Gilles Villeneuve,Canada,Low,3,70,Dry,41.1,31.1,3,Kevin Magnussen,MAG,Haas,3,82,16,74.508,1.508,3.819699588987078,15,0,0,0,Finished,1,2.55,0,0.0,16.0,0.0,48,1.508,1,0,1,0,0
67,2024,7,Circuit Gilles Villeneuve,Canada,Low,3,70,Dry,41.1,31.1,3,Yuki Tsunoda,TSU,RB,3,83,17,74.771,1.771,2.98255506771154,16,0,0,0,Finished,2,2.58,0,0.0,14.25,0.0,51,1.771,1,0,1,0,0
67,2024,7,Circuit Gilles Villeneuve,Canada,Low,3,70,Dry,41.1,31.1,3,Valtteri Bottas,BOT,Kick Sauber,4,83,18,74.413,1.413,2.070969119465639,17,0,0,0,Finished,2,2.23,0,0.0,17.75,0.0,54,1.413,1,0,1,0,0
67,2024,7,Circuit Gilles Villeneuve,Canada,Low,3,70,Dry,41.1,31.1,3,Zhou Guanyu,ZHO,Kick Sauber,4,79,19,74.832,1.832,1.2430190060528157,19,0,0,0,Finished,2,3.04,0,0.0,18.25,0.0,57,1.832,1,0,0,0,0
67,2024,7,Circuit Gilles Villeneuve,Canada,Low,3,70,Dry,41.1,31.1,3,Logan Sargeant,SAR,Williams,4,76,20,74.651,1.651,2.009995987784845,18,0,0,0,Finished,2,2.58,0,0.0,19.5,0.0,60,1.651,1,0,2,0,0
68,2024,8,Red Bull Ring,Austria,Medium,2,71,Dry,34.9,28.6,7,Max Verstappen,VER,Red Bull Racing,1,97,1,65.5,0.0,8.462807421472345,1,25,1,1,Finished,2,2.24,0,23.5,1.25,61.0,2,0.0,2,0,0,1,1
68,2024,8,Red Bull Ring,Austria,Medium,2,71,Dry,34.9,28.6,7,Lewis Hamilton,HAM,Mercedes,1,95,2,65.566,0.066,7.927013590544415,2,18,1,0,Finished,1,2.88,0,18.5,2.25,49.0,4,0.066,2,0,0,1,1
68,2024,8,Red Bull Ring,Austria,Medium,2,71,Dry,34.9,28.6,7,Charles Leclerc,LEC,Ferrari,1,94,3,65.754,0.254,8.104653707631984,3,15,1,0,Finished,2,2.77,0,14.5,3.25,51.0,6,0.254,2,0,0,0,1
68,2024,8,Red Bull Ring,Austria,Medium,2,71,Dry,34.9,28.6,7,George Russell,RUS,Mercedes,1,91,4,65.805,0.305,7.424655409741003,4,12,0,0,Finished,2,2.86,0,8.75,5.75,55.0,8,0.305,2,0,0,0,1
68,2024,8,Red Bull Ring,Austria,Medium,2,71,Dry,34.9,28.6,7,Oscar Piastri,PIA,McLaren,1,90,5,65.874,0.374,7.231775381786942,6,8,0,0,Finished,2,2.66,0,5.5,9.75,33.0,10,0.374,2,0,-1,0,1
68,2024,8,Red Bull Ring,Austria,Medium,2,71,Dry,34.9,28.6,7,Lando Norris,NOR,McLaren,1,93,6,66.013,0.513,7.082082088908803,7,6,0,0,Finished,2,3.17,0,9.75,7.75,26.0,12,0.513,2,0,-1,0,0
68,2024,8,Red Bull Ring,Austria,Medium,2,71,Dry,34.9,28.6,7,Carlos Sainz,SAI,Ferrari,1,91,7,66.24,0.74,8.087143371700154,5,10,0,0,Finished,3,3.11,0,11.25,4.5,48.0,14,0.74,2,0,2,0,0
68,2024,8,Red Bull Ring,Austria,Medium,2,71,Dry,34.9,28.6,7,Sergio Perez,PER,Red Bull Racing,1,88,8,65.948,0.448,6.869238185465912,8,4,0,0,Finished,1,3.01,0,5.0,7.5,61.0,16,0.448,2,0,0,0,0
68,2024,8,Red Bull Ring,Austria,Medium,2,71,Dry,34.9,28.6,7,Fernando Alonso,ALO,Aston Martin,2,92,9,66.028,0.528,6.347265778719602,9,2,0,0,Finished,1,2.49,0,3.0,8.5,6.0,18,0.528,2,0,0,0,0
68,2024,8,Red Bull Ring,Austria,Medium,2,71,Dry,34.9,28.6,7,Pierre Gasly,GAS,Alpine,2,85,10,66.671,1.171,4.706158455711126,11,0,0,0,Finished,1,2.1,0,1.25,10.0,4.0,20,1.171,2,0,-1,0,0
68,2024,8,Red Bull Ring,Austria,Medium,2,71,Dry,34.9,28.6,7,Esteban Ocon,OCO,Alpine,2,84,11,66.109,0.609,5.288027512398194,10,1,0,0,Finished,1,3.04,0,0.5,10.5,3.0,22,0.609,2,0,1,0,0
68,2024,8,Red Bull Ring,Austria,Medium,2,71,Dry,34.9,28.6,7,Lance Stroll,STR,Aston Martin,2,81,12,66.631,1.131,3.598197101023761,13,0,0,0,Finished,1,2.41,0,0.25,11.0,6.0,24,1.131,2,0,-1,0,0
68,2024,8,Red Bull Ring,Austria,Medium,2,71,Dry,34.9,28.6,7,Nico Hulkenberg,HUL,Haas,3,84,13,67.096,1.596,4.12704640729492,12,0,0,0,Finished,2,2.32,0,0.0,14.5,0.0,26,1.596,2,0,1,0,0
68,2024,8,Red Bull Ring,Austria,Medium,2,71,Dry,34.9,28.6,7,Alexander Albon,ALB,Williams,3,86,14,67.267,1.767,3.270494662692717,15,0,0,0,Finished,1,3.36,0,0.0,13.75,0.0,28,1.767,2,0,-1,0,0
68,2024,8,Red Bull Ring,Austria,Medium,2,71,Dry,34.9,28.6,7,Daniel Ricciardo,RIC,RB,3,84,15,66.604,1.104,3.562680550251247,20,0,0,0,Suspension,1,3.01,0,0.0,13.75,0.0,30,1.104,2,0,-5,0,0
68,2024,8,Red Bull Ring,Austria,Medium,2,71,Dry,34.9,28.6,7,Kevin Magnussen,MAG,Haas,3,82,16,66.411,0.911,4.228600776938656,14,0,0,0,Finished,1,2.72,0,0.0,15.75,0.0,32,0.911,2,0,2,0,0
68,2024,8,Red Bull Ring,Austria,Medium,2,71,Dry,34.9,28.6,7,Yuki Tsunoda,TSU,RB,3,83,17,67.085,1.585,3.436793343321996,16,0,0,0,Finished,2,2.52,0,0.0,14.75,0.0,34,1.585,2,0,1,0,0
68,2024,8,Red Bull Ring,Austria,Medium,2,71,Dry,34.9,28.6,7,Valtteri Bottas,BOT,Kick Sauber,4,83,18,66.747,1.247,1.8136089068483976,17,0,0,0,Finished,1,2.68,0,0.0,17.75,0.0,36,1.247,2,0,1,0,0
68,2024,8,Red Bull Ring,Austria,Medium,2,71,Dry,34.9,28.6,7,Zhou Guanyu,ZHO,Kick Sauber,4,79,19,66.914,1.414,1.317854457885585,18,0,0,0,Finished,2,2.29,0,0.0,18.5,0.0,38,1.414,2,0,1,0,0
68,2024,8,Red Bull Ring,Austria,Medium,2,71,Dry,34.9,28.6,7,Logan Sargeant,SAR,Williams,4,76,20,66.879,1.379,1.4959005507081171,19,0,0,0,Finished,1,3.22,0,0.0,19.25,0.0,40,1.379,2,0,1,0,0
69,2024,9,Silverstone Circuit,United Kingdom,High,2,52,Dry,40.3,32.9,2,Max Verstappen,VER,Red Bull Racing,1,97,1,88.5,0.0,9.342218684809056,1,25,1,1,Finished,2,2.59,0,25.25,1.0,61.0,2,0.0,3,0,0,1,1
69,2024,9,Silverstone Circuit,United Kingdom,High,2,52,Dry,40.3,32.9,2,Lewis Hamilton,HAM,Mercedes,1,95,2,88.634,0.134,7.9719507590069405,2,18,1,0,Finished,2,3.26,0,16.75,2.5,56.0,4,0.134,3,0,0,1,1
69,2024,9,Silverstone Circuit,United Kingdom,High,2,52,Dry,40.3,32.9,2,Lando Norris,NOR,McLaren,1,93,3,88.694,0.194,7.900747248409994,3,16,1,0,Finished,2,2.62,1,8.25,8.5,26.0,6,0.194,3,0,0,0,1
69,2024,9,Silverstone Circuit,United Kingdom,High,2,52,Dry,40.3,32.9,2,Charles Leclerc,LEC,Ferrari,1,94,4,88.718,0.218,7.424522149603403,4,12,0,0,Finished,1,2.17,0,14.5,3.25,50.0,8,0.218,3,0,0,0,1
69,2024,9,Silverstone Circuit,United Kingdom,High,2,52,Dry,40.3,32.9,2,Oscar Piastri,PIA,McLaren,1,90,5,88.91,0.41,7.375599574102315,5,10,0,0,Finished,1,3.03,0,6.0,9.5,30.0,10,0.41,3,0,0,0,1
69,2024,9,Silverstone Circuit,United Kingdom,High,2,52,Dry,40.3,32.9,2,George Russell,RUS,Mercedes,1,91,6,88.876,0.376,6.947787736198083,6,8,0,0,Finished,1,2.39,0,9.75,5.25,56.0,12,0.376,3,0,0,0,0
69,2024,9,Silverstone Circuit,United Kingdom,High,2,52,Dry,40.3,32.9,2,Sergio Perez,PER,Red Bull Racing,1,88,7,89.206,0.706,5.8012516259881775,8,4,0,0,Finished,1,2.27,0,5.0,7.5,60.0,14,0.706,3,0,-1,0,0
69,2024,9,Silverstone Circuit,United Kingdom,High,2,52,Dry,40.3,32.9,2,Carlos Sainz,SAI,Ferrari,1,91,8,89.262,0.762,7.0892571695100814,7,6,0,0,Finished,1,2.81,0,11.25,4.5,52.0,16,0.762,3,0,1,0,0
69,2024,9,Silverstone Circuit,United Kingdom,High,2,52,Dry,40.3,32.9,2,Fernando Alonso,ALO,Aston Martin,2,92,9,89.41,0.91,6.157638731431466,9,2,0,0,Finished,3,3.15,0,3.0,8.5,6.0,18,0.91,3,0,0,0,0
69,2024,9,Silverstone Circuit,United Kingdom,High,2,52,Dry,40.3,32.9,2,Pierre Gasly,GAS,Alpine,2,85,10,89.108,0.608,4.967282723667423,10,1,0,0,Finished,1,2.63,0,1.0,10.25,4.0,20,0.608,3,0,0,0,0
69,2024,9,Silverstone Circuit,United Kingdom,High,2,52,Dry,40.3,32.9,2,Esteban Ocon,OCO,Alpine,2,84,11,89.859,1.359,5.085690314609592,11,0,0,0,Finished,1,3.13,0,0.75,10.25,3.0,22,1.359,3,0,0,0,0
69,2024,9,Silverstone Circuit,United Kingdom,High,2,52,Dry,40.3,32.9,2,Lance Stroll,STR,Aston Martin,2,81,12,89.548,1.048,4.445104995059805,12,0,0,0,Finished,2,2.27,0,0.25,11.25,4.0,24,1.048,3,0,0,0,0
69,2024,9,Silverstone Circuit,United Kingdom,High,2,52,Dry,40.3,32.9,2,Alexander Albon,ALB,Williams,3,86,13,89.963,1.463,4.172209797883609,13,0,0,0,Finished,2,2.62,0,0.0,13.75,0.0,26,1.463,3,0,0,0,0
69,2024,9,Silverstone Circuit,United Kingdom,High,2,52,Dry,40.3,32.9,2,Daniel Ricciardo,RIC,RB,3,84,14,89.64,1.14,3.576236212803208,14,0,0,0,Finished,1,2.59,0,0.0,14.5,0.0,28,1.14,3,0,0,0,0
69,2024,9,Silverstone Circuit,United Kingdom,High,2,52,Dry,40.3,32.9,2,Nico Hulkenberg,HUL,Haas,3,84,15,89.865,1.365,3.386472495422642,15,0,0,0,Finished,2,2.55,0,0.0,14.0,0.0,30,1.365,3,0,0,0,0
69,2024,9,Silverstone Circuit,United Kingdom,High,2,52,Dry,40.3,32.9,2,Kevin Magnussen,MAG,Haas,3,82,16,89.44,0.94,3.449487419106705,16,0,0,0,Finished,1,2.62,0,0.0,15.25,0.0,32,0.94,3,0,0,0,0
69,2024,9,Silverstone Circuit,United Kingdom,High,2,52,Dry,40.3,32.9,2,Yuki Tsunoda,TSU,RB,3,83,17,90.682,2.182,3.4795699081858347,17,0,0,0,Finished,1,3.1,0,0.0,15.5,0.0,34,2.182,3,0,0,0,0
69,2024,9,Silverstone Circuit,United Kingdom,High,2,52,Dry,40.3,32.9,2,Valtteri Bottas,BOT,Kick Sauber,4,83,18,90.644,2.144,2.8329907325616,18,0,0,0,Finished,1,2.16,0,0.0,17.5,0.0,36,2.144,3,0,0,0,0
69,2024,9,Silverstone Circuit,United Kingdom,High,2,52,Dry,40.3,32.9,2,Zhou Guanyu,ZHO,Kick Sauber,4,79,19,90.307,1.807,2.057086636214472,19,0,0,0,Finished,2,3.11,0,0.0,18.25,0.0,38,1.807,3,0,0,0,0
69,2024,9,Silverstone Circuit,United Kingdom,High,2,52,Dry,40.3,32.9,2,Logan Sargeant,SAR,Williams,4,76,20,89.75,1.25,1.3567333091686895,20,0,0,0,Finished,2,2.74,0,0.0,19.0,0.0,40,1.25,3,0,0,0,0
70,2024,10,Hungaroring,Hungary,High,4,70,Dry,42.0,32.1,5,Max Verstappen,VER,Red Bull Racing,1,97,1,77.0,0.0,8.45680536098788,1,25,1,1,Finished,1,3.03,0,25.25,1.0,58.0,4,0.0,3,0,0,1,1
70,2024,10,Hungaroring,Hungary,High,4,70,Dry,42.0,32.1,5,Lewis Hamilton,HAM,Mercedes,1,95,2,77.071,0.071,6.45400407447608,4,12,0,0,Finished,1,3.22,0,16.5,2.5,56.0,8,0.071,3,0,-2,1,1
70,2024,10,Hungaroring,Hungary,High,4,70,Dry,42.0,32.1,5,Charles Leclerc,LEC,Ferrari,1,94,3,77.228,0.228,7.8671102465446365,3,15,1,0,Finished,2,2.56,0,13.75,3.5,43.0,12,0.228,3,0,0,0,1
70,2024,10,Hungaroring,Hungary,High,4,70,Dry,42.0,32.1,5,Lando Norris,NOR,McLaren,1,93,4,77.228,0.228,8.329771082500217,2,19,1,0,Finished,1,2.32,1,12.25,4.25,40.0,16,0.228,3,0,2,0,1
70,2024,10,Hungaroring,Hungary,High,4,70,Dry,42.0,32.1,5,George Russell,RUS,Mercedes,1,91,5,77.292,0.292,6.861769907109723,5,10,0,0,Finished,1,2.72,0,9.75,5.25,50.0,20,0.292,3,0,0,0,1
70,2024,10,Hungaroring,Hungary,High,4,70,Dry,42.0,32.1,5,Oscar Piastri,PIA,McLaren,1,90,6,77.525,0.525,6.7484963738554855,7,6,0,0,Finished,1,3.03,0,6.0,9.5,51.0,24,0.525,3,0,-1,0,0
70,2024,10,Hungaroring,Hungary,High,4,70,Dry,42.0,32.1,5,Carlos Sainz,SAI,Ferrari,1,91,7,77.454,0.454,7.471663404557256,6,8,0,0,Finished,1,2.45,0,9.75,5.25,43.0,28,0.454,3,0,1,0,0
70,2024,10,Hungaroring,Hungary,High,4,70,Dry,42.0,32.1,5,Sergio Perez,PER,Red Bull Racing,1,88,8,77.563,0.563,6.8598536463886015,8,4,0,0,Finished,2,2.7,0,4.5,7.75,58.0,32,0.563,3,0,0,0,0
70,2024,10,Hungaroring,Hungary,High,4,70,Dry,42.0,32.1,5,Fernando Alonso,ALO,Aston Martin,2,92,9,77.505,0.505,6.602001213109965,9,2,0,0,Finished,2,3.06,0,2.5,8.75,4.0,36,0.505,3,0,0,0,0
70,2024,10,Hungaroring,Hungary,High,4,70,Dry,42.0,32.1,5,Pierre Gasly,GAS,Alpine,2,85,10,77.698,0.698,4.967449540116089,11,0,0,0,Finished,2,2.37,0,0.75,10.5,2.0,40,0.698,3,0,-1,0,0
70,2024,10,Hungaroring,Hungary,High,4,70,Dry,42.0,32.1,5,Lance Stroll,STR,Aston Martin,2,81,11,78.226,1.226,5.644615366450087,10,1,0,0,Finished,1,3.36,0,0.0,11.75,4.0,44,1.226,3,0,1,0,0
70,2024,10,Hungaroring,Hungary,High,4,70,Dry,42.0,32.1,5,Esteban Ocon,OCO,Alpine,2,84,12,77.801,0.801,4.399226601203893,12,0,0,0,Finished,1,2.26,0,0.75,10.25,2.0,48,0.801,3,0,0,0,0
70,2024,10,Hungaroring,Hungary,High,4,70,Dry,42.0,32.1,5,Alexander Albon,ALB,Williams,3,86,13,78.277,1.277,2.949921006453168,15,0,0,0,Finished,2,2.89,0,0.0,13.75,0.0,52,1.277,3,0,-2,0,0
70,2024,10,Hungaroring,Hungary,High,4,70,Dry,42.0,32.1,5,Nico Hulkenberg,HUL,Haas,3,84,14,77.805,0.805,3.914940532741338,13,0,0,0,Finished,1,3.07,0,0.0,13.75,0.0,56,0.805,3,0,1,0,0
70,2024,10,Hungaroring,Hungary,High,4,70,Dry,42.0,32.1,5,Daniel Ricciardo,RIC,RB,3,84,15,78.758,1.758,2.813903543725289,16,0,0,0,Finished,2,2.12,0,0.0,15.0,0.0,60,1.758,3,0,-1,0,0
70,2024,10,Hungaroring,Hungary,High,4,70,Dry,42.0,32.1,5,Yuki Tsunoda,TSU,RB,3,83,16,78.258,1.258,4.477306335604265,14,0,0,0,Finished,2,3.12,0,0.0,16.25,0.0,64,1.258,3,0,2,0,0
70,2024,10,Hungaroring,Hungary,High,4,70,Dry,42.0,32.1,5,Kevin Magnussen,MAG,Haas,3,82,17,79.03,2.03,3.1660589613831966,17,0,0,0,Finished,1,2.93,0,0.0,15.5,0.0,68,2.03,3,0,0,0,0
70,2024,10,Hungaroring,Hungary,High,4,70,Dry,42.0,32.1,5,Valtteri Bottas,BOT,Kick Sauber,4,83,18,79.171,2.171,2.905321577022578,18,0,0,0,Finished,1,2.14,0,0.0,17.75,0.0,72,2.171,3,0,0,0,0
70,2024,10,Hungaroring,Hungary,High,4,70,Dry,42.0,32.1,5,Zhou Guanyu,ZHO,Kick Sauber,4,79,19,78.875,1.875,2.1518929951546197,19,0,0,0,Finished,2,2.99,0,0.0,18.5,0.0,76,1.875,3,0,0,0,0
70,2024,10,Hungaroring,Hungary,High,4,70,Dry,42.0,32.1,5,Logan Sargeant,SAR,Williams,4,76,20,79.37,2.37,0.8772461087202612,20,0,0,0,Finished,1,2.99,0,0.0,19.25,0.0,80,2.37,3,0,0,0,0
71,2024,11,Circuit de Spa-Francorchamps,Belgium,Medium,2,44,Dry,32.1,26.8,6,Charles Leclerc,LEC,Ferrari,1,94,1,105.0,0.0,7.430186683120063,2,18,1,0,Finished,1,3.2,0,13.0,3.75,41.0,2,0.0,2,0,-1,1,1
71,2024,11,Circuit de Spa-Francorchamps,Belgium,Medium,2,44,Dry,32.1,26.8,6,Max Verstappen,VER,Red Bull Racing,1,97,2,105.116,0.116,8.677582872385198,1,26,1,1,Finished,1,3.02,1,25.25,1.0,58.0,4,0.116,2,0,1,1,1
71,2024,11,Circuit de Spa-Francorchamps,Belgium,Medium,2,44,Dry,32.1,26.8,6,Lewis Hamilton,HAM,Mercedes,1,95,3,105.207,0.207,7.758600087794729,3,15,1,0,Finished,2,2.75,0,16.5,2.5,48.0,6,0.207,2,0,0,0,1
71,2024,11,Circuit de Spa-Francorchamps,Belgium,Medium,2,44,Dry,32.1,26.8,6,Lando Norris,NOR,McLaren,1,93,4,105.301,0.301,7.66156586166196,20,0,0,0,Suspension,0,3.83,0,13.25,4.0,51.0,8,0.301,2,0,-16,0,1
71,2024,11,Circuit de Spa-Francorchamps,Belgium,Medium,2,44,Dry,32.1,26.8,6,Oscar Piastri,PIA,McLaren,1,90,5,105.321,0.321,7.038096068797722,4,12,0,0,Finished,3,2.17,0,6.0,9.5,35.0,10,0.321,2,0,1,0,1
71,2024,11,Circuit de Spa-Francorchamps,Belgium,Medium,2,44,Dry,32.1,26.8,6,George Russell,RUS,Mercedes,1,91,6,105.506,0.506,7.12022317645424,5,11,0,0,Finished,2,2.73,1,9.5,5.25,45.0,12,0.506,2,0,1,0,0
71,2024,11,Circuit de Spa-Francorchamps,Belgium,Medium,2,44,Dry,32.1,26.8,6,Carlos Sainz,SAI,Ferrari,1,91,7,105.804,0.804,6.605418251709908,7,6,0,0,Finished,1,3.2,0,9.75,5.25,47.0,14,0.804,2,0,0,0,0
71,2024,11,Circuit de Spa-Francorchamps,Belgium,Medium,2,44,Dry,32.1,26.8,6,Sergio Perez,PER,Red Bull Racing,1,88,8,105.86,0.86,7.298787733382078,6,8,0,0,Finished,2,2.53,0,4.5,7.75,59.0,16,0.86,2,0,2,0,0
71,2024,11,Circuit de Spa-Francorchamps,Belgium,Medium,2,44,Dry,32.1,26.8,6,Fernando Alonso,ALO,Aston Martin,2,92,9,105.564,0.564,6.505000228549663,8,4,0,0,Finished,2,3.31,0,2.5,8.75,5.0,18,0.564,2,0,1,0,0
71,2024,11,Circuit de Spa-Francorchamps,Belgium,Medium,2,44,Dry,32.1,26.8,6,Pierre Gasly,GAS,Alpine,2,85,10,106.072,1.072,6.27835709608103,9,2,0,0,Finished,2,3.0,0,0.75,10.25,1.0,20,1.072,2,0,1,0,0
71,2024,11,Circuit de Spa-Francorchamps,Belgium,Medium,2,44,Dry,32.1,26.8,6,Esteban Ocon,OCO,Alpine,2,84,11,106.389,1.389,4.673637348813496,10,1,0,0,Finished,1,2.66,0,0.5,10.75,2.0,22,1.389,2,0,1,0,0
71,2024,11,Circuit de Spa-Francorchamps,Belgium,Medium,2,44,Dry,32.1,26.8,6,Lance Stroll,STR,Aston Martin,2,81,12,105.882,0.882,4.599941812626956,11,0,0,0,Finished,1,3.28,0,0.25,11.5,7.0,24,0.882,2,0,1,0,0
71,2024,11,Circuit de Spa-Francorchamps,Belgium,Medium,2,44,Dry,32.1,26.8,6,Alexander Albon,ALB,Williams,3,86,13,106.639,1.639,4.32368479363852,13,0,0,0,Finished,2,2.44,0,0.0,13.75,0.0,26,1.639,2,0,0,0,0
71,2024,11,Circuit de Spa-Francorchamps,Belgium,Medium,2,44,Dry,32.1,26.8,6,Yuki Tsunoda,TSU,RB,3,83,14,106.159,1.159,4.643043677179719,12,0,0,0,Finished,1,2.47,0,0.0,15.75,0.0,28,1.159,2,0,2,0,0
71,2024,11,Circuit de Spa-Francorchamps,Belgium,Medium,2,44,Dry,32.1,26.8,6,Daniel Ricciardo,RIC,RB,3,84,15,106.553,1.553,4.096903293760101,14,0,0,0,Finished,1,2.88,0,0.0,15.75,0.0,30,1.553,2,0,1,0,0
71,2024,11,Circuit de Spa-Francorchamps,Belgium,Medium,2,44,Dry,32.1,26.8,6,Nico Hulkenberg,HUL,Haas,3,84,16,106.493,1.493,4.031677787850397,15,0,0,0,Finished,1,2.18,0,0.0,13.5,0.0,32,1.493,2,0,1,0,0
71,2024,11,Circuit de Spa-Francorchamps,Belgium,Medium,2,44,Dry,32.1,26.8,6,Kevin Magnussen,MAG,Haas,3,82,17,106.569,1.569,4.130918409632042,16,0,0,0,Finished,1,3.04,0,0.0,15.5,0.0,34,1.569,2,0,1,0,0
71,2024,11,Circuit de Spa-Francorchamps,Belgium,Medium,2,44,Dry,32.1,26.8,6,Valtteri Bottas,BOT,Kick Sauber,4,83,18,106.577,1.577,2.890729662810608,17,0,0,0,Finished,2,2.65,0,0.0,17.5,0.0,36,1.577,2,0,1,0,0
71,2024,11,Circuit de Spa-Francorchamps,Belgium,Medium,2,44,Dry,32.1,26.8,6,Zhou Guanyu,ZHO,Kick Sauber,4,79,19,106.314,1.314,2.22700740698914,18,0,0,0,Finished,2,2.58,0,0.0,18.75,0.0,38,1.314,2,0,1,0,0
71,2024,11,Circuit de Spa-Francorchamps,Belgium,Medium,2,44,Dry,32.1,26.8,6,Logan Sargeant,SAR,Williams,4,76,20,107.446,2.446,0.925169238230434,19,0,0,0,Finished,3,2.17,0,0.0,19.25,0.0,40,2.446,2,0,1,0,0
72,2024,12,Circuit Zandvoort,Netherlands,High,4,72,Dry,29.2,22.2,6,Max Verstappen,VER,Red Bull Racing,1,97,1,71.0,0.0,8.366111591988728,1,25,1,1,Finished,2,2.67,0,25.25,1.0,63.0,4,0.0,3,0,0,1,1
72,2024,12,Circuit Zandvoort,Netherlands,High,4,72,Dry,29.2,22.2,6,Lewis Hamilton,HAM,Mercedes,1,95,2,71.084,0.084,8.30516588568999,3,16,1,0,Finished,2,2.52,1,15.75,2.75,48.0,8,0.084,3,0,-1,1,1
72,2024,12,Circuit Zandvoort,Netherlands,High,4,72,Dry,29.2,22.2,6,Charles Leclerc,LEC,Ferrari,1,94,3,71.123,0.123,8.78998441305902,2,18,1,0,Finished,2,2.39,0,15.0,3.0,47.0,12,0.123,3,0,1,0,1
72,2024,12,Circuit Zandvoort,Netherlands,High,4,72,Dry,29.2,22.2,6,Lando Norris,NOR,McLaren,1,93,4,71.319,0.319,7.868387349162194,4,12,0,0,Finished,2,3.33,0,10.25,8.0,37.0,16,0.319,3,0,0,0,1
72,2024,12,Circuit Zandvoort,Netherlands,High,4,72,Dry,29.2,22.2,6,George Russell,RUS,Mercedes,1,91,5,71.46,0.46,7.065602726821177,6,8,0,0,Finished,2,2.67,0,10.25,5.0,52.0,20,0.46,3,0,-1,0,1
72,2024,12,Circuit Zandvoort,Netherlands,High,4,72,Dry,29.2,22.2,6,Carlos Sainz,SAI,Ferrari,1,91,6,71.693,0.693,7.66830322121953,5,11,0,0,Finished,2,3.19,1,7.5,6.25,50.0,24,0.693,3,0,1,0,0
72,2024,12,Circuit Zandvoort,Netherlands,High,4,72,Dry,29.2,22.2,6,Sergio Perez,PER,Red Bull Racing,1,88,7,71.817,0.817,7.72302620037784,7,6,0,0,Finished,1,2.99,0,5.0,7.5,63.0,28,0.817,3,0,0,0,0
72,2024,12,Circuit Zandvoort,Netherlands,High,4,72,Dry,29.2,22.2,6,Oscar Piastri,PIA,McLaren,1,90,8,71.466,0.466,6.763547049914963,8,4,0,0,Finished,2,2.33,0,9.0,5.5,30.0,32,0.466,3,0,0,0,0
72,2024,12,Circuit Zandvoort,Netherlands,High,4,72,Dry,29.2,22.2,6,Fernando Alonso,ALO,Aston Martin,2,92,9,71.913,0.913,5.6382945961215,9,2,0,0,Finished,2,3.08,0,2.5,8.75,7.0,36,0.913,3,0,0,0,0
72,2024,12,Circuit Zandvoort,Netherlands,High,4,72,Dry,29.2,22.2,6,Esteban Ocon,OCO,Alpine,2,84,10,72.198,1.198,4.71749194724936,10,1,0,0,Finished,3,2.51,0,0.5,10.75,3.0,40,1.198,3,0,0,0,0
72,2024,12,Circuit Zandvoort,Netherlands,High,4,72,Dry,29.2,22.2,6,Pierre Gasly,GAS,Alpine,2,85,11,72.055,1.055,5.113442631859535,11,0,0,0,Finished,3,2.58,0,0.75,10.25,4.0,44,1.055,3,0,0,0,0
72,2024,12,Circuit Zandvoort,Netherlands,High,4,72,Dry,29.2,22.2,6,Alexander Albon,ALB,Williams,3,86,12,72.361,1.361,4.736695220734902,12,0,0,0,Finished,1,3.09,0,0.0,14.0,0.0,48,1.361,3,0,0,0,0
72,2024,12,Circuit Zandvoort,Netherlands,High,4,72,Dry,29.2,22.2,6,Lance Stroll,STR,Aston Martin,2,81,13,72.026,1.026,4.703948613163024,13,0,0,0,Finished,2,2.88,0,0.25,11.5,7.0,52,1.026,3,0,0,0,0
72,2024,12,Circuit Zandvoort,Netherlands,High,4,72,Dry,29.2,22.2,6,Yuki Tsunoda,TSU,RB,3,83,14,72.797,1.797,4.34927985662566,14,0,0,0,Finished,2,2.14,0,0.0,14.75,0.0,56,1.797,3,0,0,0,0
72,2024,12,Circuit Zandvoort,Netherlands,High,4,72,Dry,29.2,22.2,6,Nico Hulkenberg,HUL,Haas,3,84,15,72.702,1.702,4.399910550089292,15,0,0,0,Finished,2,2.64,0,0.0,13.75,0.0,60,1.702,3,0,0,0,0
72,2024,12,Circuit Zandvoort,Netherlands,High,4,72,Dry,29.2,22.2,6,Daniel Ricciardo,RIC,RB,3,84,16,72.113,1.113,3.432486019264389,17,0,0,0,Finished,3,2.89,0,0.0,16.0,0.0,64,1.113,3,0,-1,0,0
72,2024,12,Circuit Zandvoort,Netherlands,High,4,72,Dry,29.2,22.2,6,Kevin Magnussen,MAG,Haas,3,82,17,72.391,1.391,4.110775748248164,16,0,0,0,Finished,2,2.66,0,0.0,15.75,0.0,68,1.391,3,0,1,0,0
72,2024,12,Circuit Zandvoort,Netherlands,High,4,72,Dry,29.2,22.2,6,Valtteri Bottas,BOT,Kick Sauber,4,83,18,73.04,2.04,2.461831904214286,18,0,0,0,Finished,2,3.32,0,0.0,17.5,0.0,72,2.04,3,0,0,0,0
72,2024,12,Circuit Zandvoort,Netherlands,High,4,72,Dry,29.2,22.2,6,Zhou Guanyu,ZHO,Kick Sauber,4,79,19,72.757,1.757,0.8690088632691857,19,0,0,0,Finished,2,2.12,0,0.0,18.5,0.0,76,1.757,3,0,0,0,0
72,2024,12,Circuit Zandvoort,Netherlands,High,4,72,Dry,29.2,22.2,6,Logan Sargeant,SAR,Williams,4,76,20,72.329,1.329,0.6103924073847474,20,0,0,0,Finished,1,3.01,0,0.0,19.5,0.0,80,1.329,3,0,0,0,0
73,2024,13,Autodromo Nazionale Monza,Italy,Low,2,53,Dry,38.3,31.9,0,Max Verstappen,VER,Red Bull Racing,1,97,1,81.5,0.0,7.878581727036567,1,25,1,1,Finished,3,2.11,0,25.25,1.0,65.0,2,0.0,1,0,0,1,1
73,2024,13,Autodromo Nazionale Monza,Italy,Low,2,53,Dry,38.3,31.9,0,Lewis Hamilton,HAM,Mercedes,1,95,2,81.633,0.133,7.687532163008663,3,15,1,0,Finished,2,2.29,0,15.25,3.0,50.0,4,0.133,1,0,-1,1,1
73,2024,13,Autodromo Nazionale Monza,Italy,Low,2,53,Dry,38.3,31.9,0,Charles Leclerc,LEC,Ferrari,1,94,3,81.736,0.236,8.029333571532327,2,19,1,0,Finished,2,2.94,1,15.75,2.75,53.0,6,0.236,1,0,1,0,1
73,2024,13,Autodromo Nazionale Monza,Italy,Low,2,53,Dry,38.3,31.9,0,Lando Norris,NOR,McLaren,1,93,4,81.789,0.289,7.2197197607937245,5,10,0,0,Finished,1,2.24,0,11.75,7.25,28.0,8,0.289,1,0,-1,0,1
73,2024,13,Autodromo Nazionale Monza,Italy,Low,2,53,Dry,38.3,31.9,0,George Russell,RUS,Mercedes,1,91,5,82.021,0.521,7.719102225784612,4,12,0,0,Finished,1,2.94,0,9.25,5.5,50.0,10,0.521,1,0,1,0,1
73,2024,13,Autodromo Nazionale Monza,Italy,Low,2,53,Dry,38.3,31.9,0,Oscar Piastri,PIA,McLaren,1,90,6,82.196,0.696,7.251179178360974,6,8,0,0,Finished,1,2.73,0,8.0,6.0,38.0,12,0.696,1,0,0,0,0
73,2024,13,Autodromo Nazionale Monza,Italy,Low,2,53,Dry,38.3,31.9,0,Carlos Sainz,SAI,Ferrari,1,91,7,81.902,0.402,6.733839754562164,7,6,0,0,Finished,2,3.18,0,7.75,6.25,54.0,14,0.402,1,0,0,0,0
73,2024,13,Autodromo Nazionale Monza,Italy,Low,2,53,Dry,38.3,31.9,0,Sergio Perez,PER,Red Bull Racing,1,88,8,82.274,0.774,6.878916464850639,8,4,0,0,Finished,2,2.18,0,5.5,7.25,64.0,16,0.774,1,0,0,0,0
73,2024,13,Autodromo Nazionale Monza,Italy,Low,2,53,Dry,38.3,31.9,0,Fernando Alonso,ALO,Aston Martin,2,92,9,82.146,0.646,7.065761398787279,9,2,0,0,Finished,1,2.47,0,2.5,8.75,6.0,18,0.646,1,0,0,0,0
73,2024,13,Autodromo Nazionale Monza,Italy,Low,2,53,Dry,38.3,31.9,0,Esteban Ocon,OCO,Alpine,2,84,10,82.34,0.84,4.546922380375935,20,0,0,0,Power Unit,1,3.06,0,0.5,10.75,4.0,20,0.84,1,0,-10,0,0
73,2024,13,Autodromo Nazionale Monza,Italy,Low,2,53,Dry,38.3,31.9,0,Pierre Gasly,GAS,Alpine,2,85,11,82.594,1.094,4.30147118206066,11,0,0,0,Finished,1,2.19,0,0.75,10.25,2.0,22,1.094,1,0,0,0,0
73,2024,13,Autodromo Nazionale Monza,Italy,Low,2,53,Dry,38.3,31.9,0,Lance Stroll,STR,Aston Martin,2,81,12,82.588,1.088,4.630135702223996,10,1,0,0,Finished,2,3.23,0,0.25,11.5,4.0,24,1.088,1,0,2,0,0
73,2024,13,Autodromo Nazionale Monza,Italy,Low,2,53,Dry,38.3,31.9,0,Alexander Albon,ALB,Williams,3,86,13,83.147,1.647,3.366387775306545,13,0,0,0,Finished,2,3.2,0,0.0,13.25,0.0,26,1.647,1,0,0,0,0
73,2024,13,Autodromo Nazionale Monza,Italy,Low,2,53,Dry,38.3,31.9,0,Daniel Ricciardo,RIC,RB,3,84,14,82.56,1.06,3.730922016475082,12,0,0,0,Finished,2,3.25,0,0.0,15.25,0.0,28,1.06,1,0,2,0,0
73,2024,13,Autodromo Nazionale Monza,Italy,Low,2,53,Dry,38.3,31.9,0,Nico Hulkenberg,HUL,Haas,3,84,15,83.02,1.52,2.708529373290517,16,0,0,0,Finished,2,2.8,0,0.0,14.5,0.0,30,1.52,1,0,-1,0,0
73,2024,13,Autodromo Nazionale Monza,Italy,Low,2,53,Dry,38.3,31.9,0,Yuki Tsunoda,TSU,RB,3,83,16,82.979,1.479,3.483670559205213,15,0,0,0,Finished,2,2.74,0,0.0,14.25,0.0,32,1.479,1,0,1,0,0
73,2024,13,Autodromo Nazionale Monza,Italy,Low,2,53,Dry,38.3,31.9,0,Kevin Magnussen,MAG,Haas,3,82,17,83.153,1.653,4.050225811433542,14,0,0,0,Finished,2,2.33,0,0.0,16.25,0.0,34,1.653,1,0,3,0,0
73,2024,13,Autodromo Nazionale Monza,Italy,Low,2,53,Dry,38.3,31.9,0,Valtteri Bottas,BOT,Kick Sauber,4,83,18,83.276,1.776,3.271253078632577,17,0,0,0,Finished,1,2.58,0,0.0,17.75,0.0,36,1.776,1,0,1,0,0
73,2024,13,Autodromo Nazionale Monza,Italy,Low,2,53,Dry,38.3,31.9,0,Zhou Guanyu,ZHO,Kick Sauber,4,79,19,82.615,1.115,1.4474708203455533,18,0,0,0,Finished,1,2.27,0,0.0,18.75,0.0,38,1.115,1,0,1,0,0
73,2024,13,Autodromo Nazionale Monza,Italy,Low,2,53,Dry,38.3,31.9,0,Logan Sargeant,SAR,Williams,4,76,20,83.775,2.275,0.9489596486804536,19,0,0,0,Finished,2,3.15,0,0.0,19.75,0.0,40,2.275,1,0,1,0,0
74,2024,14,Marina Bay Street Circuit,Singapore,High,5,62,Dry,25.8,16.1,4,Lewis Hamilton,HAM,Mercedes,1,95,1,96.0,0.0,7.781646081155985,1,25,1,1,Finished,2,2.21,0,14.5,3.25,51.0,5,0.0,3,0,0,1,1
74,2024,14,Marina Bay Street Circuit,Singapore,High,5,62,Dry,25.8,16.1,4,Lando Norris,NOR,McLaren,1,93,2,96.117,0.117,7.785397732212284,2,18,1,0,Finished,2,2.97,0,10.25,7.75,34.0,10,0.117,3,0,0,1,1
74,2024,14,Marina Bay Street Circuit,Singapore,High,5,62,Dry,25.8,16.1,4,Max Verstappen,VER,Red Bull Racing,1,97,3,96.152,0.152,7.597901967401524,3,15,1,0,Finished,2,2.15,0,25.25,1.0,60.0,15,0.152,3,0,0,0,1
74,2024,14,Marina Bay Street Circuit,Singapore,High,5,62,Dry,25.8,16.1,4,Charles Leclerc,LEC,Ferrari,1,94,4,96.253,0.253,6.796393212887536,5,10,0,0,Finished,1,2.66,0,17.5,2.25,54.0,20,0.253,3,0,-1,0,1
74,2024,14,Marina Bay Street Circuit,Singapore,High,5,62,Dry,25.8,16.1,4,Carlos Sainz,SAI,Ferrari,1,91,5,96.291,0.291,7.574924818107939,4,12,0,0,Finished,1,2.5,0,7.75,6.25,46.0,25,0.291,3,0,1,0,1
74,2024,14,Marina Bay Street Circuit,Singapore,High,5,62,Dry,25.8,16.1,4,Sergio Perez,PER,Red Bull Racing,1,88,6,96.311,0.311,6.852137787278378,6,8,0,0,Finished,1,3.3,0,5.5,7.25,50.0,30,0.311,3,0,0,0,0
74,2024,14,Marina Bay Street Circuit,Singapore,High,5,62,Dry,25.8,16.1,4,Oscar Piastri,PIA,McLaren,1,90,7,96.828,0.828,6.672532964789615,7,6,0,0,Finished,2,2.91,0,7.5,6.25,40.0,35,0.828,3,0,0,0,0
74,2024,14,Marina Bay Street Circuit,Singapore,High,5,62,Dry,25.8,16.1,4,George Russell,RUS,Mercedes,1,91,8,96.928,0.928,6.755118104803943,8,4,0,0,Finished,2,2.57,0,10.25,5.0,60.0,40,0.928,3,0,0,0,0
74,2024,14,Marina Bay Street Circuit,Singapore,High,5,62,Dry,25.8,16.1,4,Fernando Alonso,ALO,Aston Martin,2,92,9,96.878,0.878,6.789305360427265,9,2,0,0,Finished,1,2.63,0,2.5,8.75,5.0,45,0.878,3,0,0,0,0
74,2024,14,Marina Bay Street Circuit,Singapore,High,5,62,Dry,25.8,16.1,4,Esteban Ocon,OCO,Alpine,2,84,10,97.029,1.029,4.5598640498233225,11,0,0,0,Finished,2,2.24,0,0.5,13.0,1.0,50,1.029,3,0,-1,0,0
74,2024,14,Marina Bay Street Circuit,Singapore,High,5,62,Dry,25.8,16.1,4,Pierre Gasly,GAS,Alpine,2,85,11,97.372,1.372,5.875331539401447,10,1,0,0,Finished,1,3.3,0,0.5,10.5,0.0,55,1.372,3,0,1,0,0
74,2024,14,Marina Bay Street Circuit,Singapore,High,5,62,Dry,25.8,16.1,4,Lance Stroll,STR,Aston Martin,2,81,12,96.83,0.83,4.84333735811122,12,0,0,0,Finished,1,2.66,0,0.5,11.0,5.0,60,0.83,3,0,0,0,0
74,2024,14,Marina Bay Street Circuit,Singapore,High,5,62,Dry,25.8,16.1,4,Nico Hulkenberg,HUL,Haas,3,84,13,97.212,1.212,4.703671021343276,13,0,0,0,Finished,1,2.9,0,0.0,14.75,0.0,65,1.212,3,0,0,0,0
74,2024,14,Marina Bay Street Circuit,Singapore,High,5,62,Dry,25.8,16.1,4,Daniel Ricciardo,RIC,RB,3,84,14,97.612,1.612,3.600946383445053,14,0,0,0,Finished,1,2.78,0,0.0,14.75,0.0,70,1.612,3,0,0,0,0
74,2024,14,Marina Bay Street Circuit,Singapore,High,5,62,Dry,25.8,16.1,4,Alexander Albon,ALB,Williams,3,86,15,97.706,1.706,4.2125399904746095,15,0,0,0,Finished,1,2.51,0,0.0,13.25,0.0,75,1.706,3,0,0,0,0
74,2024,14,Marina Bay Street Circuit,Singapore,High,5,62,Dry,25.8,16.1,4,Kevin Magnussen,MAG,Haas,3,82,16,97.555,1.555,3.2101491279697814,16,0,0,0,Finished,2,2.73,0,0.0,15.75,0.0,80,1.555,3,0,0,0,0
74,2024,14,Marina Bay Street Circuit,Singapore,High,5,62,Dry,25.8,16.1,4,Yuki Tsunoda,TSU,RB,3,83,17,97.569,1.569,2.806350698390372,17,0,0,0,Finished,3,3.24,0,0.0,13.75,0.0,85,1.569,3,0,0,0,0
74,2024,14,Marina Bay Street Circuit,Singapore,High,5,62,Dry,25.8,16.1,4,Valtteri Bottas,BOT,Kick Sauber,4,83,18,97.238,1.238,2.027449787584807,18,0,0,0,Finished,1,2.16,0,0.0,17.5,0.0,90,1.238,3,0,0,0,0
74,2024,14,Marina Bay Street Circuit,Singapore,High,5,62,Dry,25.8,16.1,4,Logan Sargeant,SAR,Williams,4,76,19,98.497,2.497,1.8448884018226013,20,0,0,0,Suspension,0,2.6,0,0.0,19.5,0.0,95,2.497,3,0,-1,0,0
74,2024,14,Marina Bay Street Circuit,Singapore,High,5,62,Dry,25.8,16.1,4,Zhou Guanyu,ZHO,Kick Sauber,4,79,20,98.034,2.034,1.4256533333442338,19,0,0,0,Finished,2,3.28,0,0.0,18.5,0.0,100,2.034,3,0,1,0,0
75,2024,15,Suzuka International Racing Course,Japan,High,3,53,Mixed,20.1,10.0,5,Max Verstappen,VER,Red Bull Racing,1,97,1,89.0,0.0,8.091554146519517,1,26,1,1,Finished,2,2.31,1,22.75,1.5,52.0,3,0.0,3,1,0,1,1
75,2024,15,Suzuka International Racing Course,Japan,High,3,53,Mixed,20.1,10.0,5,Lewis Hamilton,HAM,Mercedes,1,95,2,89.129,0.129,7.204908645220717,4,13,0,0,Finished,3,3.12,1,17.75,2.5,56.0,6,0.129,3,1,-2,1,1
75,2024,15,Suzuka International Racing Course,Japan,High,3,53,Mixed,20.1,10.0,5,Carlos Sainz,SAI,Ferrari,1,91,3,89.211,0.211,8.074641348113262,2,18,1,0,Finished,4,2.3,0,8.75,5.75,47.0,9,0.211,3,1,1,0,1
75,2024,15,Suzuka International Racing Course,Japan,High,3,53,Mixed,20.1,10.0,5,Charles Leclerc,LEC,Ferrari,1,94,4,89.284,0.284,7.447442354709564,5,10,0,0,Finished,2,3.32,0,16.25,2.75,46.0,12,0.284,3,1,-1,0,1
75,2024,15,Suzuka International Racing Course,Japan,High,3,53,Mixed,20.1,10.0,5,Lando Norris,NOR,McLaren,1,93,5,89.537,0.537,6.760666175141809,6,8,0,0,Finished,3,2.21,0,10.0,7.75,42.0,15,0.537,3,1,-1,0,1
75,2024,15,Suzuka International Racing Course,Japan,High,3,53,Mixed,20.1,10.0,5,Oscar Piastri,PIA,McLaren,1,90,6,89.576,0.576,8.62992405704928,3,16,1,0,Finished,3,2.89,1,7.5,6.25,40.0,18,0.576,3,1,3,0,0
75,2024,15,Suzuka International Racing Course,Japan,High,3,53,Mixed,20.1,10.0,5,George Russell,RUS,Mercedes,1,91,7,89.754,0.754,6.528746692571892,7,6,0,0,Finished,2,2.83,0,8.75,5.75,54.0,21,0.754,3,1,0,0,0
75,2024,15,Suzuka International Racing Course,Japan,High,3,53,Mixed,20.1,10.0,5,Sergio Perez,PER,Red Bull Racing,1,88,8,89.631,0.631,6.5185884080318806,8,4,0,0,Finished,2,2.68,0,6.5,6.75,53.0,24,0.631,3,1,0,0,0
75,2024,15,Suzuka International Racing Course,Japan,High,3,53,Mixed,20.1,10.0,5,Fernando Alonso,ALO,Aston Martin,2,92,9,89.886,0.886,6.112998947391072,9,2,0,0,Finished,3,2.53,0,2.5,8.75,5.0,27,0.886,3,1,0,0,0
75,2024,15,Suzuka International Racing Course,Japan,High,3,53,Mixed,20.1,10.0,5,Pierre Gasly,GAS,Alpine,2,85,10,89.977,0.977,5.527103811721942,10,1,0,0,Finished,3,3.19,0,0.75,10.25,1.0,30,0.977,3,1,0,0,0
75,2024,15,Suzuka International Racing Course,Japan,High,3,53,Mixed,20.1,10.0,5,Esteban Ocon,OCO,Alpine,2,84,11,90.324,1.324,3.176666385495778,14,0,0,0,Finished,3,2.71,0,0.5,12.75,2.0,33,1.324,3,1,-3,0,0
75,2024,15,Suzuka International Racing Course,Japan,High,3,53,Mixed,20.1,10.0,5,Lance Stroll,STR,Aston Martin,2,81,12,90.094,1.094,4.312474996326703,11,0,0,0,Finished,2,3.19,0,0.25,11.5,5.0,36,1.094,3,1,1,0,0
75,2024,15,Suzuka International Racing Course,Japan,High,3,53,Mixed,20.1,10.0,5,Alexander Albon,ALB,Williams,3,86,13,90.213,1.213,4.366689298199836,12,0,0,0,Finished,2,3.19,0,0.0,13.25,0.0,39,1.213,3,1,1,0,0
75,2024,15,Suzuka International Racing Course,Japan,High,3,53,Mixed,20.1,10.0,5,Nico Hulkenberg,HUL,Haas,3,84,14,90.516,1.516,4.242202637222001,13,0,0,0,Finished,2,2.21,0,0.0,14.75,0.0,42,1.516,3,1,1,0,0
75,2024,15,Suzuka International Racing Course,Japan,High,3,53,Mixed,20.1,10.0,5,Daniel Ricciardo,RIC,RB,3,84,15,90.806,1.806,3.858989626893936,15,0,0,0,Finished,3,2.57,0,0.0,14.25,0.0,45,1.806,3,1,0,0,0
75,2024,15,Suzuka International Racing Course,Japan,High,3,53,Mixed,20.1,10.0,5,Kevin Magnussen,MAG,Haas,3,82,16,91.071,2.071,3.3303681038587447,16,0,0,0,Finished,2,2.75,0,0.0,15.5,0.0,48,2.071,3,1,0,0,0
75,2024,15,Suzuka International Racing Course,Japan,High,3,53,Mixed,20.1,10.0,5,Yuki Tsunoda,TSU,RB,3,83,17,91.103,2.103,3.32870643815339,17,0,0,0,Finished,3,2.55,0,0.0,14.5,0.0,51,2.103,3,1,0,0,0
75,2024,15,Suzuka International Racing Course,Japan,High,3,53,Mixed,20.1,10.0,5,Valtteri Bottas,BOT,Kick Sauber,4,83,18,90.762,1.762,2.955801376642565,20,0,0,0,Suspension,1,3.55,0,0.0,17.5,0.0,54,1.762,3,1,-2,0,0
75,2024,15,Suzuka International Racing Course,Japan,High,3,53,Mixed,20.1,10.0,5,Zhou Guanyu,ZHO,Kick Sauber,4,79,19,91.154,2.154,2.612719150863004,18,0,0,0,Finished,3,3.09,0,0.0,18.5,0.0,57,2.154,3,1,1,0,0
75,2024,15,Suzuka International Racing Course,Japan,High,3,53,Mixed,20.1,10.0,5,Logan Sargeant,SAR,Williams,4,76,20,90.888,1.888,1.4847611065476705,19,0,0,0,Finished,3,3.36,0,0.0,19.5,0.0,60,1.888,3,1,1,0,0
76,2024,16,Circuit of the Americas,USA,Medium,3,56,Dry,40.6,32.2,12,Lewis Hamilton,HAM,Mercedes,1,95,1,96.5,0.0,8.226269410575068,1,25,1,1,Finished,1,2.62,0,17.25,2.75,48.0,3,0.0,2,0,0,1,1
76,2024,16,Circuit of the Americas,USA,Medium,3,56,Dry,40.6,32.2,12,Max Verstappen,VER,Red Bull Racing,1,97,2,96.58,0.08,7.923925920325791,2,18,1,0,Finished,2,3.07,0,22.75,1.5,53.0,6,0.08,2,0,0,1,1
76,2024,16,Circuit of the Americas,USA,Medium,3,56,Dry,40.6,32.2,12,Oscar Piastri,PIA,McLaren,1,90,3,96.743,0.243,7.9629890222478785,3,15,1,0,Finished,1,3.22,0,8.5,6.0,48.0,9,0.243,2,0,0,0,1
76,2024,16,Circuit of the Americas,USA,Medium,3,56,Dry,40.6,32.2,12,Charles Leclerc,LEC,Ferrari,1,94,4,96.739,0.239,7.871281423497376,20,0,0,0,Collision,0,3.78,0,14.25,3.5,50.0,12,0.239,2,0,-16,0,1
76,2024,16,Circuit of the Americas,USA,Medium,3,56,Dry,40.6,32.2,12,Lando Norris,NOR,McLaren,1,93,5,96.815,0.315,7.437921587795722,4,12,0,0,Finished,3,2.25,0,12.0,4.25,45.0,15,0.315,2,0,1,0,1
76,2024,16,Circuit of the Americas,USA,Medium,3,56,Dry,40.6,32.2,12,George Russell,RUS,Mercedes,1,91,6,97.011,0.511,6.832519999192189,6,8,0,0,Finished,2,3.21,0,7.5,6.25,48.0,18,0.511,2,0,0,0,0
76,2024,16,Circuit of the Americas,USA,Medium,3,56,Dry,40.6,32.2,12,Carlos Sainz,SAI,Ferrari,1,91,7,97.003,0.503,7.651210051429808,5,11,0,0,Finished,1,2.4,1,11.75,4.5,40.0,21,0.503,2,0,2,0,0
76,2024,16,Circuit of the Americas,USA,Medium,3,56,Dry,40.6,32.2,12,Sergio Perez,PER,Red Bull Racing,1,88,8,97.174,0.674,6.662536003631746,7,6,0,0,Finished,1,3.31,0,5.5,7.25,56.0,24,0.674,2,0,1,0,0
76,2024,16,Circuit of the Americas,USA,Medium,3,56,Dry,40.6,32.2,12,Fernando Alonso,ALO,Aston Martin,2,92,9,97.436,0.936,5.905778035412053,8,4,0,0,Finished,2,2.92,0,2.0,9.0,4.0,27,0.936,2,0,1,0,0
76,2024,16,Circuit of the Americas,USA,Medium,3,56,Dry,40.6,32.2,12,Esteban Ocon,OCO,Alpine,2,84,10,97.275,0.775,4.575502454272369,10,1,0,0,Finished,1,3.28,0,0.25,13.75,2.0,30,0.775,2,0,0,0,0
76,2024,16,Circuit of the Americas,USA,Medium,3,56,Dry,40.6,32.2,12,Pierre Gasly,GAS,Alpine,2,85,11,97.618,1.118,5.779790053086692,9,2,0,0,Finished,2,2.49,0,0.5,10.5,3.0,33,1.118,2,0,2,0,0
76,2024,16,Circuit of the Americas,USA,Medium,3,56,Dry,40.6,32.2,12,Lance Stroll,STR,Aston Martin,2,81,12,97.811,1.311,4.192352413252444,11,0,0,0,Finished,2,3.37,0,0.25,11.5,6.0,36,1.311,2,0,1,0,0
76,2024,16,Circuit of the Americas,USA,Medium,3,56,Dry,40.6,32.2,12,Alexander Albon,ALB,Williams,3,86,13,97.733,1.233,4.505866025446035,12,0,0,0,Finished,2,2.27,0,0.0,13.0,0.0,39,1.233,2,0,1,0,0
76,2024,16,Circuit of the Americas,USA,Medium,3,56,Dry,40.6,32.2,12,Daniel Ricciardo,RIC,RB,3,84,14,97.709,1.209,4.226365915143021,13,0,0,0,Finished,2,2.63,0,0.0,14.5,0.0,42,1.209,2,0,1,0,0
76,2024,16,Circuit of the Americas,USA,Medium,3,56,Dry,40.6,32.2,12,Yuki Tsunoda,TSU,RB,3,83,15,97.992,1.492,4.022520248498642,14,0,0,0,Finished,3,2.71,0,0.0,15.75,0.0,45,1.492,2,0,1,0,0
76,2024,16,Circuit of the Americas,USA,Medium,3,56,Dry,40.6,32.2,12,Nico Hulkenberg,HUL,Haas,3,84,16,97.797,1.297,3.5885319867040257,15,0,0,0,Finished,2,2.79,0,0.0,14.25,0.0,48,1.297,2,0,1,0,0
76,2024,16,Circuit of the Americas,USA,Medium,3,56,Dry,40.6,32.2,12,Kevin Magnussen,MAG,Haas,3,82,17,98.18,1.68,2.9699785343738245,16,0,0,0,Finished,1,2.2,0,0.0,15.5,0.0,51,1.68,2,0,1,0,0
76,2024,16,Circuit of the Americas,USA,Medium,3,56,Dry,40.6,32.2,12,Valtteri Bottas,BOT,Kick Sauber,4,83,18,98.524,2.024,2.5081520425192774,17,0,0,0,Finished,2,3.14,0,0.0,18.25,0.0,54,2.024,2,0,1,0,0
76,2024,16,Circuit of the Americas,USA,Medium,3,56,Dry,40.6,32.2,12,Logan Sargeant,SAR,Williams,4,76,19,98.884,2.384,1.9714573250969945,18,0,0,0,Finished,1,3.11,0,0.0,19.5,0.0,57,2.384,2,0,1,0,0
76,2024,16,Circuit of the Americas,USA,Medium,3,56,Dry,40.6,32.2,12,Zhou Guanyu,ZHO,Kick Sauber,4,79,20,98.091,1.591,1.6524506464700484,19,0,0,0,Finished,2,2.63,0,0.0,18.5,0.0,60,1.591,2,0,1,0,0
77,2024,17,Autódromo Hermanos Rodríguez,Mexico,High,3,71,Dry,37.6,28.3,0,Max Verstappen,VER,Red Bull Racing,1,97,1,78.0,0.0,8.303151660011611,1,26,1,1,Finished,1,3.14,1,21.0,1.75,54.0,3,0.0,3,0,0,1,1
77,2024,17,Autódromo Hermanos Rodríguez,Mexico,High,3,71,Dry,37.6,28.3,0,Charles Leclerc,LEC,Ferrari,1,94,2,78.112,0.112,8.011595737424795,2,18,1,0,Finished,2,2.19,0,9.75,8.0,39.0,6,0.112,3,0,0,1,1
77,2024,17,Autódromo Hermanos Rodríguez,Mexico,High,3,71,Dry,37.6,28.3,0,Lewis Hamilton,HAM,Mercedes,1,95,3,78.204,0.204,7.958620412335347,3,15,1,0,Finished,1,3.25,0,19.5,2.25,52.0,9,0.204,3,0,0,0,1
77,2024,17,Autódromo Hermanos Rodríguez,Mexico,High,3,71,Dry,37.6,28.3,0,Carlos Sainz,SAI,Ferrari,1,91,4,78.358,0.358,6.805787559424618,5,10,0,0,Finished,1,2.34,0,11.75,4.5,39.0,12,0.358,3,0,-1,0,1
77,2024,17,Autódromo Hermanos Rodríguez,Mexico,High,3,71,Dry,37.6,28.3,0,Lando Norris,NOR,McLaren,1,93,5,78.358,0.358,7.5295618587013555,4,12,0,0,Finished,3,2.72,0,12.0,4.25,51.0,15,0.358,3,0,1,0,1
77,2024,17,Autódromo Hermanos Rodríguez,Mexico,High,3,71,Dry,37.6,28.3,0,Oscar Piastri,PIA,McLaren,1,90,6,78.602,0.602,7.198815627844444,7,6,0,0,Finished,1,2.87,0,11.25,4.75,55.0,18,0.602,3,0,-1,0,0
77,2024,17,Autódromo Hermanos Rodríguez,Mexico,High,3,71,Dry,37.6,28.3,0,George Russell,RUS,Mercedes,1,91,7,78.487,0.487,7.653788540250395,6,8,0,0,Finished,1,3.38,0,7.5,6.25,54.0,21,0.487,3,0,1,0,0
77,2024,17,Autódromo Hermanos Rodríguez,Mexico,High,3,71,Dry,37.6,28.3,0,Sergio Perez,PER,Red Bull Racing,1,88,8,78.949,0.949,6.605031908013272,8,4,0,0,Finished,2,2.8,0,5.5,7.25,54.0,24,0.949,3,0,0,0,0
77,2024,17,Autódromo Hermanos Rodríguez,Mexico,High,3,71,Dry,37.6,28.3,0,Fernando Alonso,ALO,Aston Martin,2,92,9,78.527,0.527,6.46277307949442,9,2,0,0,Finished,2,2.25,0,2.5,8.75,6.0,27,0.527,3,0,0,0,0
77,2024,17,Autódromo Hermanos Rodríguez,Mexico,High,3,71,Dry,37.6,28.3,0,Esteban Ocon,OCO,Alpine,2,84,10,79.213,1.213,5.744570590023313,11,0,0,0,Finished,3,3.09,0,0.25,13.75,4.0,30,1.213,3,0,-1,0,0
77,2024,17,Autódromo Hermanos Rodríguez,Mexico,High,3,71,Dry,37.6,28.3,0,Pierre Gasly,GAS,Alpine,2,85,11,79.031,1.031,6.082999695185943,10,1,0,0,Finished,2,2.47,0,1.0,10.0,3.0,33,1.031,3,0,1,0,0
77,2024,17,Autódromo Hermanos Rodríguez,Mexico,High,3,71,Dry,37.6,28.3,0,Lance Stroll,STR,Aston Martin,2,81,12,78.702,0.702,3.8444269427592976,12,0,0,0,Finished,3,2.15,0,0.25,11.0,6.0,36,0.702,3,0,0,0,0
77,2024,17,Autódromo Hermanos Rodríguez,Mexico,High,3,71,Dry,37.6,28.3,0,Alexander Albon,ALB,Williams,3,86,13,79.147,1.147,3.5173742566348647,20,0,0,0,Hydraulics,0,3.41,0,0.0,13.0,0.0,39,1.147,3,0,-7,0,0
77,2024,17,Autódromo Hermanos Rodríguez,Mexico,High,3,71,Dry,37.6,28.3,0,Yuki Tsunoda,TSU,RB,3,83,14,79.035,1.035,3.851185283152448,13,0,0,0,Finished,1,2.35,0,0.0,15.75,0.0,42,1.035,3,0,1,0,0
77,2024,17,Autódromo Hermanos Rodríguez,Mexico,High,3,71,Dry,37.6,28.3,0,Kevin Magnussen,MAG,Haas,3,82,15,78.951,0.951,3.6260479513174304,14,0,0,0,Finished,1,2.42,0,0.0,15.5,0.0,45,0.951,3,0,1,0,0
77,2024,17,Autódromo Hermanos Rodríguez,Mexico,High,3,71,Dry,37.6,28.3,0,Daniel Ricciardo,RIC,RB,3,84,16,79.118,1.118,3.5792379784027286,19,0,0,0,Collision,1,3.76,0,0.0,13.5,0.0,48,1.118,3,0,-3,0,0
77,2024,17,Autódromo Hermanos Rodríguez,Mexico,High,3,71,Dry,37.6,28.3,0,Nico Hulkenberg,HUL,Haas,3,84,17,79.948,1.948,3.567630251988124,15,0,0,0,Finished,2,2.4,0,0.0,14.25,0.0,51,1.948,3,0,2,0,0
77,2024,17,Autódromo Hermanos Rodríguez,Mexico,High,3,71,Dry,37.6,28.3,0,Valtteri Bottas,BOT,Kick Sauber,4,83,18,79.408,1.408,2.8993499396130056,16,0,0,0,Finished,2,3.25,0,0.0,18.0,0.0,54,1.408,3,0,2,0,0
77,2024,17,Autódromo Hermanos Rodríguez,Mexico,High,3,71,Dry,37.6,28.3,0,Zhou Guanyu,ZHO,Kick Sauber,4,79,19,80.454,2.454,2.088296662864767,17,0,0,0,Finished,2,2.61,0,0.0,18.5,0.0,57,2.454,3,0,2,0,0
77,2024,17,Autódromo Hermanos Rodríguez,Mexico,High,3,71,Dry,37.6,28.3,0,Logan Sargeant,SAR,Williams,4,76,20,79.593,1.593,0.6825682607762893,18,0,0,0,Finished,1,2.69,0,0.0,19.0,0.0,60,1.593,3,0,2,0,0
78,2024,18,Autódromo José Carlos Pace,Brazil,Medium,2,71,Dry,39.0,31.5,0,Lewis Hamilton,HAM,Mercedes,1,95,1,71.5,0.0,8.234739194197752,1,25,1,1,Finished,3,2.27,0,19.5,2.25,56.0,2,0.0,2,0,0,1,1
78,2024,18,Autódromo José Carlos Pace,Brazil,Medium,2,71,Dry,39.0,31.5,0,Max Verstappen,VER,Red Bull Racing,1,97,2,71.616,0.116,8.258700232112673,2,18,1,0,Finished,2,2.13,0,21.25,1.75,54.0,4,0.116,2,0,0,1,1
78,2024,18,Autódromo José Carlos Pace,Brazil,Medium,2,71,Dry,39.0,31.5,0,Charles Leclerc,LEC,Ferrari,1,94,3,71.747,0.247,8.156051826397961,3,16,1,0,Finished,2,2.78,1,9.5,8.0,39.0,6,0.247,2,0,0,0,1
78,2024,18,Autódromo José Carlos Pace,Brazil,Medium,2,71,Dry,39.0,31.5,0,Lando Norris,NOR,McLaren,1,93,4,71.796,0.296,8.273790361145245,4,12,0,0,Finished,1,2.57,0,12.5,4.0,45.0,8,0.296,2,0,0,0,1
78,2024,18,Autódromo José Carlos Pace,Brazil,Medium,2,71,Dry,39.0,31.5,0,George Russell,RUS,Mercedes,1,91,5,71.891,0.391,7.122325594003582,5,10,0,0,Finished,2,3.36,0,6.5,6.75,56.0,10,0.391,2,0,0,0,1
78,2024,18,Autódromo José Carlos Pace,Brazil,Medium,2,71,Dry,39.0,31.5,0,Oscar Piastri,PIA,McLaren,1,90,6,71.886,0.386,7.949159156038335,20,0,0,0,Collision,1,2.54,0,10.75,5.0,42.0,12,0.386,2,0,-14,0,0
78,2024,18,Autódromo José Carlos Pace,Brazil,Medium,2,71,Dry,39.0,31.5,0,Carlos Sainz,SAI,Ferrari,1,91,7,72.004,0.504,7.499314874551207,6,8,0,0,Finished,2,2.95,0,12.75,4.0,55.0,14,0.504,2,0,1,0,0
78,2024,18,Autódromo José Carlos Pace,Brazil,Medium,2,71,Dry,39.0,31.5,0,Fernando Alonso,ALO,Aston Martin,2,92,8,72.457,0.957,7.072963509712726,7,6,0,0,Finished,2,3.21,0,2.5,8.75,6.0,16,0.957,2,0,1,0,0
78,2024,18,Autódromo José Carlos Pace,Brazil,Medium,2,71,Dry,39.0,31.5,0,Sergio Perez,PER,Red Bull Racing,1,88,9,72.567,1.067,6.904987280836303,8,4,0,0,Finished,2,3.23,0,5.5,7.25,54.0,18,1.067,2,0,1,0,0
78,2024,18,Autódromo José Carlos Pace,Brazil,Medium,2,71,Dry,39.0,31.5,0,Pierre Gasly,GAS,Alpine,2,85,10,72.198,0.698,5.494476302279013,19,0,0,0,Collision,1,2.46,0,1.25,9.75,4.0,20,0.698,2,0,-9,0,0
78,2024,18,Autódromo José Carlos Pace,Brazil,Medium,2,71,Dry,39.0,31.5,0,Esteban Ocon,OCO,Alpine,2,84,11,72.673,1.173,5.482173192695156,9,2,0,0,Finished,1,2.27,0,0.25,11.5,3.0,22,1.173,2,0,2,0,0
78,2024,18,Autódromo José Carlos Pace,Brazil,Medium,2,71,Dry,39.0,31.5,0,Alexander Albon,ALB,Williams,3,86,12,72.881,1.381,4.282034975681558,10,1,0,0,Finished,2,2.86,0,0.0,14.75,0.0,24,1.381,2,0,2,0,0
78,2024,18,Autódromo José Carlos Pace,Brazil,Medium,2,71,Dry,39.0,31.5,0,Daniel Ricciardo,RIC,RB,3,84,13,72.386,0.886,3.804645930894919,11,0,0,0,Finished,2,3.32,0,0.0,15.25,0.0,26,0.886,2,0,2,0,0
78,2024,18,Autódromo José Carlos Pace,Brazil,Medium,2,71,Dry,39.0,31.5,0,Lance Stroll,STR,Aston Martin,2,81,14,73.074,1.574,3.397413225442734,13,0,0,0,Finished,1,2.91,0,0.0,11.5,8.0,28,1.574,2,0,1,0,0
78,2024,18,Autódromo José Carlos Pace,Brazil,Medium,2,71,Dry,39.0,31.5,0,Nico Hulkenberg,HUL,Haas,3,84,15,72.733,1.233,3.859263185284676,12,0,0,0,Finished,1,2.75,0,0.0,14.0,0.0,30,1.233,2,0,3,0,0
78,2024,18,Autódromo José Carlos Pace,Brazil,Medium,2,71,Dry,39.0,31.5,0,Kevin Magnussen,MAG,Haas,3,82,16,73.332,1.832,3.344732863129724,14,0,0,0,Finished,2,2.46,0,0.0,15.5,0.0,32,1.832,2,0,2,0,0
78,2024,18,Autódromo José Carlos Pace,Brazil,Medium,2,71,Dry,39.0,31.5,0,Yuki Tsunoda,TSU,RB,3,83,17,73.285,1.785,3.1250964386652864,15,0,0,0,Finished,2,3.02,0,0.0,15.25,0.0,34,1.785,2,0,2,0,0
78,2024,18,Autódromo José Carlos Pace,Brazil,Medium,2,71,Dry,39.0,31.5,0,Valtteri Bottas,BOT,Kick Sauber,4,83,18,73.48,1.98,2.3899110718616954,16,0,0,0,Finished,1,3.16,0,0.0,17.75,0.0,36,1.98,2,0,2,0,0
78,2024,18,Autódromo José Carlos Pace,Brazil,Medium,2,71,Dry,39.0,31.5,0,Zhou Guanyu,ZHO,Kick Sauber,4,79,19,73.861,2.361,1.520444237724802,17,0,0,0,Finished,2,3.33,0,0.0,18.25,0.0,38,2.361,2,0,2,0,0
78,2024,18,Autódromo José Carlos Pace,Brazil,Medium,2,71,Dry,39.0,31.5,0,Logan Sargeant,SAR,Williams,4,76,20,73.391,1.891,1.4563065394306247,18,0,0,0,Finished,1,2.24,0,0.0,18.75,1.0,40,1.891,2,0,2,0,0
79,2024,19,Las Vegas Strip Circuit,USA,Low,2,50,Dry,37.1,29.5,0,Max Verstappen,VER,Red Bull Racing,1,97,1,94.0,0.0,8.368582001076115,1,26,1,1,Finished,2,2.95,1,22.0,1.5,52.0,2,0.0,1,0,0,1,1
79,2024,19,Las Vegas Strip Circuit,USA,Low,2,50,Dry,37.1,29.5,0,Lewis Hamilton,HAM,Mercedes,1,95,2,94.107,0.107,7.997697775397826,2,19,1,0,Finished,1,3.33,1,19.5,2.25,58.0,4,0.107,1,0,0,1,1
79,2024,19,Las Vegas Strip Circuit,USA,Low,2,50,Dry,37.1,29.5,0,Charles Leclerc,LEC,Ferrari,1,94,3,94.225,0.225,7.235889271964849,4,12,0,0,Finished,3,3.06,0,11.0,7.5,52.0,6,0.225,1,0,-1,0,1
79,2024,19,Las Vegas Strip Circuit,USA,Low,2,50,Dry,37.1,29.5,0,Lando Norris,NOR,McLaren,1,93,4,94.279,0.279,8.335845737600447,3,15,1,0,Finished,2,3.06,0,11.0,4.5,30.0,8,0.279,1,0,1,0,1
79,2024,19,Las Vegas Strip Circuit,USA,Low,2,50,Dry,37.1,29.5,0,George Russell,RUS,Mercedes,1,91,5,94.314,0.314,7.270811700459528,5,10,0,0,Finished,2,3.0,0,8.0,6.0,62.0,10,0.314,1,0,0,0,1
79,2024,19,Las Vegas Strip Circuit,USA,Low,2,50,Dry,37.1,29.5,0,Oscar Piastri,PIA,McLaren,1,90,6,94.331,0.331,6.83136607864145,6,8,0,0,Finished,2,2.56,0,9.25,8.25,33.0,12,0.331,1,0,0,0,0
79,2024,19,Las Vegas Strip Circuit,USA,Low,2,50,Dry,37.1,29.5,0,Carlos Sainz,SAI,Ferrari,1,91,7,94.598,0.598,6.186947722101407,8,4,0,0,Finished,1,2.16,0,11.75,4.5,46.0,14,0.598,1,0,-1,0,0
79,2024,19,Las Vegas Strip Circuit,USA,Low,2,50,Dry,37.1,29.5,0,Sergio Perez,PER,Red Bull Racing,1,88,8,94.753,0.753,7.142535681398297,7,6,0,0,Finished,1,2.38,0,4.5,7.75,52.0,16,0.753,1,0,1,0,0
79,2024,19,Las Vegas Strip Circuit,USA,Low,2,50,Dry,37.1,29.5,0,Fernando Alonso,ALO,Aston Martin,2,92,9,94.496,0.496,5.875818021914899,9,2,0,0,Finished,2,2.98,0,3.5,8.25,8.0,18,0.496,1,0,0,0,0
79,2024,19,Las Vegas Strip Circuit,USA,Low,2,50,Dry,37.1,29.5,0,Pierre Gasly,GAS,Alpine,2,85,10,94.843,0.843,5.40235821063178,10,1,0,0,Finished,2,2.9,0,1.0,12.0,3.0,20,0.843,1,0,0,0,0
79,2024,19,Las Vegas Strip Circuit,USA,Low,2,50,Dry,37.1,29.5,0,Esteban Ocon,OCO,Alpine,2,84,11,95.298,1.298,4.654533394515341,12,0,0,0,Finished,2,2.57,0,0.75,11.0,4.0,22,1.298,1,0,-1,0,0
79,2024,19,Las Vegas Strip Circuit,USA,Low,2,50,Dry,37.1,29.5,0,Lance Stroll,STR,Aston Martin,2,81,12,95.342,1.342,5.059244794457587,11,0,0,0,Finished,2,2.72,0,0.0,11.75,8.0,24,1.342,1,0,1,0,0
79,2024,19,Las Vegas Strip Circuit,USA,Low,2,50,Dry,37.1,29.5,0,Yuki Tsunoda,TSU,RB,3,83,13,94.904,0.904,4.891884060251907,13,0,0,0,Finished,2,3.01,0,0.0,14.75,0.0,26,0.904,1,0,0,0,0
79,2024,19,Las Vegas Strip Circuit,USA,Low,2,50,Dry,37.1,29.5,0,Alexander Albon,ALB,Williams,3,86,14,95.113,1.113,4.721075040430929,14,0,0,0,Finished,1,2.83,0,0.25,13.5,1.0,28,1.113,1,0,0,0,0
79,2024,19,Las Vegas Strip Circuit,USA,Low,2,50,Dry,37.1,29.5,0,Nico Hulkenberg,HUL,Haas,3,84,15,95.602,1.602,4.063279806744976,15,0,0,0,Finished,2,2.28,0,0.0,13.75,0.0,30,1.602,1,0,0,0,0
79,2024,19,Las Vegas Strip Circuit,USA,Low,2,50,Dry,37.1,29.5,0,Daniel Ricciardo,RIC,RB,3,84,16,94.997,0.997,3.4530710175159443,17,0,0,0,Finished,1,3.33,0,0.0,14.5,0.0,32,0.997,1,0,-1,0,0
79,2024,19,Las Vegas Strip Circuit,USA,Low,2,50,Dry,37.1,29.5,0,Kevin Magnussen,MAG,Haas,3,82,17,96.059,2.059,4.397845785760642,16,0,0,0,Finished,2,2.51,0,0.0,15.0,0.0,34,2.059,1,0,1,0,0
79,2024,19,Las Vegas Strip Circuit,USA,Low,2,50,Dry,37.1,29.5,0,Valtteri Bottas,BOT,Kick Sauber,4,83,18,96.18,2.18,1.9932656563059463,18,0,0,0,Finished,2,3.24,0,0.0,17.25,0.0,36,2.18,1,0,0,0,0
79,2024,19,Las Vegas Strip Circuit,USA,Low,2,50,Dry,37.1,29.5,0,Zhou Guanyu,ZHO,Kick Sauber,4,79,19,95.834,1.834,1.1182413306419758,19,0,0,0,Finished,2,2.56,0,0.0,17.75,0.0,38,1.834,1,0,0,0,0
79,2024,19,Las Vegas Strip Circuit,USA,Low,2,50,Dry,37.1,29.5,0,Logan Sargeant,SAR,Williams,4,76,20,95.392,1.392,0.8740137016003797,20,0,0,0,Finished,2,2.98,0,0.0,18.25,1.0,40,1.392,1,0,0,0,0
80,2024,20,Yas Marina Circuit,Abu Dhabi,Medium,3,58,Mixed,20.0,8.9,6,Max Verstappen,VER,Red Bull Racing,1,97,1,84.5,0.0,7.737974959648129,2,18,1,0,Finished,2,2.58,0,22.0,1.5,54.0,3,0.0,2,1,-1,1,1
80,2024,20,Yas Marina Circuit,Abu Dhabi,Medium,3,58,Mixed,20.0,8.9,6,Lewis Hamilton,HAM,Mercedes,1,95,2,84.562,0.062,7.208167157696955,3,15,1,0,Finished,2,3.04,0,21.0,1.75,64.0,6,0.062,2,1,-1,1,1
80,2024,20,Yas Marina Circuit,Abu Dhabi,Medium,3,58,Mixed,20.0,8.9,6,Charles Leclerc,LEC,Ferrari,1,94,3,84.725,0.225,8.378253541778577,1,25,1,1,Finished,3,2.67,0,11.5,7.25,40.0,9,0.225,2,1,2,0,1
80,2024,20,Yas Marina Circuit,Abu Dhabi,Medium,3,58,Mixed,20.0,8.9,6,Oscar Piastri,PIA,McLaren,1,90,4,84.72,0.22,6.893461965416748,5,10,0,0,Finished,3,2.47,0,7.25,9.0,35.0,12,0.22,2,1,-1,0,1
80,2024,20,Yas Marina Circuit,Abu Dhabi,Medium,3,58,Mixed,20.0,8.9,6,Lando Norris,NOR,McLaren,1,93,5,84.982,0.482,7.630907566716052,4,12,0,0,Finished,2,2.68,0,12.75,3.75,33.0,15,0.482,2,1,1,0,1
80,2024,20,Yas Marina Circuit,Abu Dhabi,Medium,3,58,Mixed,20.0,8.9,6,Carlos Sainz,SAI,Ferrari,1,91,6,84.907,0.407,6.541243514952011,7,6,0,0,Finished,2,2.5,0,8.25,6.0,49.0,18,0.407,2,1,-1,0,0
80,2024,20,Yas Marina Circuit,Abu Dhabi,Medium,3,58,Mixed,20.0,8.9,6,George Russell,RUS,Mercedes,1,91,7,85.037,0.537,7.241439304156478,6,8,0,0,Finished,3,2.83,0,9.0,5.5,54.0,21,0.537,2,1,1,0,0
80,2024,20,Yas Marina Circuit,Abu Dhabi,Medium,3,58,Mixed,20.0,8.9,6,Sergio Perez,PER,Red Bull Racing,1,88,8,85.149,0.649,6.4041525096600544,8,4,0,0,Finished,3,2.99,0,5.0,7.5,54.0,24,0.649,2,1,0,0,0
80,2024,20,Yas Marina Circuit,Abu Dhabi,Medium,3,58,Mixed,20.0,8.9,6,Fernando Alonso,ALO,Aston Martin,2,92,9,85.064,0.564,5.767482090399208,9,2,0,0,Finished,4,3.1,0,3.5,8.25,8.0,27,0.564,2,1,0,0,0
80,2024,20,Yas Marina Circuit,Abu Dhabi,Medium,3,58,Mixed,20.0,8.9,6,Pierre Gasly,GAS,Alpine,2,85,10,85.557,1.057,4.804000685648402,10,1,0,0,Finished,4,2.38,0,1.0,12.0,3.0,30,1.057,2,1,0,0,0
80,2024,20,Yas Marina Circuit,Abu Dhabi,Medium,3,58,Mixed,20.0,8.9,6,Esteban Ocon,OCO,Alpine,2,84,11,85.824,1.324,4.0567245112951165,12,0,0,0,Finished,3,2.71,0,0.75,10.5,4.0,33,1.324,2,1,-1,0,0
80,2024,20,Yas Marina Circuit,Abu Dhabi,Medium,3,58,Mixed,20.0,8.9,6,Lance Stroll,STR,Aston Martin,2,81,12,85.998,1.498,5.162365379736714,11,0,0,0,Finished,3,2.13,0,0.0,11.75,4.0,36,1.498,2,1,1,0,0
80,2024,20,Yas Marina Circuit,Abu Dhabi,Medium,3,58,Mixed,20.0,8.9,6,Daniel Ricciardo,RIC,RB,3,84,13,85.258,0.758,4.037720918570373,13,0,0,0,Finished,2,3.22,0,0.0,15.0,0.0,39,0.758,2,1,0,0,0
80,2024,20,Yas Marina Circuit,Abu Dhabi,Medium,3,58,Mixed,20.0,8.9,6,Nico Hulkenberg,HUL,Haas,3,84,14,86.008,1.508,3.033418201275647,16,0,0,0,Finished,2,3.18,0,0.0,14.25,0.0,42,1.508,2,1,-2,0,0
80,2024,20,Yas Marina Circuit,Abu Dhabi,Medium,3,58,Mixed,20.0,8.9,6,Alexander Albon,ALB,Williams,3,86,15,86.159,1.659,3.949542749256652,14,0,0,0,Finished,3,2.13,0,0.25,14.0,1.0,45,1.659,2,1,1,0,0
80,2024,20,Yas Marina Circuit,Abu Dhabi,Medium,3,58,Mixed,20.0,8.9,6,Yuki Tsunoda,TSU,RB,3,83,16,86.281,1.781,3.9966756353873993,15,0,0,0,Finished,3,2.58,0,0.0,13.75,0.0,48,1.781,2,1,1,0,0
80,2024,20,Yas Marina Circuit,Abu Dhabi,Medium,3,58,Mixed,20.0,8.9,6,Kevin Magnussen,MAG,Haas,3,82,17,86.47,1.97,2.696287245561689,17,0,0,0,Finished,2,3.33,0,0.0,15.0,0.0,51,1.97,2,1,0,0,0
80,2024,20,Yas Marina Circuit,Abu Dhabi,Medium,3,58,Mixed,20.0,8.9,6,Valtteri Bottas,BOT,Kick Sauber,4,83,18,86.393,1.893,2.6919295583716925,18,0,0,0,Finished,2,2.96,0,0.0,16.75,0.0,54,1.893,2,1,0,0,0
80,2024,20,Yas Marina Circuit,Abu Dhabi,Medium,3,58,Mixed,20.0,8.9,6,Zhou Guanyu,ZHO,Kick Sauber,4,79,19,85.624,1.124,2.977740994975892,19,0,0,0,Finished,3,2.43,0,0.0,18.0,0.0,57,1.124,2,1,0,0,0
80,2024,20,Yas Marina Circuit,Abu Dhabi,Medium,3,58,Mixed,20.0,8.9,6,Logan Sargeant,SAR,Williams,4,76,20,87.051,2.551,0.3354460600066214,20,0,0,0,Finished,2,3.19,0,0.0,18.5,0.0,60,2.551,2,1,0,0,0
