season,round,driver_code,stint,compound,lap_in_stint,total_lap,tire_age_laps,fuel_load_kg,lap_time_sec
2024,1,VER,1,MEDIUM,1,1,1,103.2,86.617
2024,1,VER,1,MEDIUM,2,2,2,101.4,86.683
2024,1,VER,1,MEDIUM,3,3,3,99.6,86.613
2024,1,VER,1,MEDIUM,4,4,4,97.8,86.542
2024,1,VER,1,MEDIUM,5,5,5,96.0,86.817
2024,1,VER,1,MEDIUM,6,6,6,94.2,86.731
2024,1,VER,1,MEDIUM,7,7,7,92.4,86.775
2024,1,VER,1,MEDIUM,8,8,8,90.6,86.965
2024,1,VER,1,MEDIUM,9,9,9,88.8,86.874
2024,1,VER,1,MEDIUM,10,10,10,87.0,86.805
2024,1,VER,1,MEDIUM,11,11,11,85.2,86.947
2024,1,VER,1,MEDIUM,12,12,12,83.4,86.941
2024,1,VER,1,MEDIUM,13,13,13,81.6,87.051
2024,1,VER,1,MEDIUM,14,14,14,79.8,87.149
2024,1,VER,1,MEDIUM,15,15,15,78.0,87.157
2024,1,VER,1,MEDIUM,16,16,16,76.2,87.213
2024,1,VER,1,MEDIUM,17,17,17,74.4,87.277
2024,1,VER,1,MEDIUM,18,18,18,72.6,87.33
2024,1,VER,1,MEDIUM,19,19,19,70.8,87.387
2024,1,VER,1,MEDIUM,20,20,20,69.0,87.276
2024,1,VER,1,MEDIUM,21,21,21,67.2,87.375
2024,1,VER,1,MEDIUM,22,22,22,65.4,87.491
2024,1,VER,1,MEDIUM,23,23,23,63.6,87.559
2024,1,VER,1,MEDIUM,24,24,24,61.8,87.448
2024,1,VER,1,MEDIUM,25,25,25,60.0,87.814
2024,1,VER,1,MEDIUM,26,26,26,58.2,87.609
2024,1,VER,1,MEDIUM,27,27,27,56.4,87.828
2024,1,VER,2,HARD,1,28,1,54.6,85.801
2024,1,VER,2,HARD,2,29,2,52.8,85.707
2024,1,VER,2,HARD,3,30,3,51.0,85.835
2024,1,VER,2,HARD,4,31,4,49.2,85.852
2024,1,VER,2,HARD,5,32,5,47.4,85.894
2024,1,VER,2,HARD,6,33,6,45.6,85.857
2024,1,VER,2,HARD,7,34,7,43.8,85.922
2024,1,VER,2,HARD,8,35,8,42.0,85.937
2024,1,VER,2,HARD,9,36,9,40.2,86.045
2024,1,VER,2,HARD,10,37,10,38.4,86.048
2024,1,VER,2,HARD,11,38,11,36.6,86.2
2024,1,VER,2,HARD,12,39,12,34.8,86.122
2024,1,VER,2,HARD,13,40,13,33.0,86.204
2024,1,VER,2,HARD,14,41,14,31.2,86.124
2024,1,VER,2,HARD,15,42,15,29.4,86.33
2024,1,VER,2,HARD,16,43,16,27.6,86.244
2024,1,VER,2,HARD,17,44,17,25.8,86.383
2024,1,VER,2,HARD,18,45,18,24.0,86.333
2024,1,VER,2,HARD,19,46,19,22.2,86.507
2024,1,VER,2,HARD,20,47,20,20.4,86.494
2024,1,VER,2,HARD,21,48,21,18.6,86.661
2024,1,VER,2,HARD,22,49,22,16.8,86.536
2024,1,VER,2,HARD,23,50,23,15.0,86.742
2024,1,VER,2,HARD,24,51,24,13.2,86.691
2024,1,VER,2,HARD,25,52,25,11.4,86.742
2024,1,VER,2,HARD,26,53,26,9.6,86.856
2024,1,VER,2,HARD,27,54,27,7.8,86.998
2024,1,VER,2,HARD,28,55,28,6.0,86.793
2024,1,LEC,1,MEDIUM,1,1,1,103.2,86.566
2024,1,LEC,1,MEDIUM,2,2,2,101.4,86.886
2024,1,LEC,1,MEDIUM,3,3,3,99.6,86.943
2024,1,LEC,1,MEDIUM,4,4,4,97.8,86.69
2024,1,LEC,1,MEDIUM,5,5,5,96.0,86.759
2024,1,LEC,1,MEDIUM,6,6,6,94.2,86.843
2024,1,LEC,1,MEDIUM,7,7,7,92.4,86.95
2024,1,LEC,1,MEDIUM,8,8,8,90.6,87.145
2024,1,LEC,1,MEDIUM,9,9,9,88.8,87.037
2024,1,LEC,1,MEDIUM,10,10,10,87.0,86.943
2024,1,LEC,1,MEDIUM,11,11,11,85.2,86.997
2024,1,LEC,1,MEDIUM,12,12,12,83.4,87.129
2024,1,LEC,1,MEDIUM,13,13,13,81.6,87.05
2024,1,LEC,1,MEDIUM,14,14,14,79.8,87.215
2024,1,LEC,1,MEDIUM,15,15,15,78.0,87.305
2024,1,LEC,1,MEDIUM,16,16,16,76.2,87.483
2024,1,LEC,1,MEDIUM,17,17,17,74.4,87.346
2024,1,LEC,1,MEDIUM,18,18,18,72.6,87.332
2024,1,LEC,1,MEDIUM,19,19,19,70.8,87.384
2024,1,LEC,1,MEDIUM,20,20,20,69.0,87.612
2024,1,LEC,1,MEDIUM,21,21,21,67.2,87.578
2024,1,LEC,1,MEDIUM,22,22,22,65.4,87.573
2024,1,LEC,1,MEDIUM,23,23,23,63.6,87.625
2024,1,LEC,1,MEDIUM,24,24,24,61.8,87.634
2024,1,LEC,1,MEDIUM,25,25,25,60.0,87.659
2024,1,LEC,1,MEDIUM,26,26,26,58.2,87.781
2024,1,LEC,1,MEDIUM,27,27,27,56.4,87.874
2024,1,LEC,2,HARD,1,28,1,54.6,85.883
2024,1,LEC,2,HARD,2,29,2,52.8,85.757
2024,1,LEC,2,HARD,3,30,3,51.0,85.953
2024,1,LEC,2,HARD,4,31,4,49.2,85.913
2024,1,LEC,2,HARD,5,32,5,47.4,85.947
2024,1,LEC,2,HARD,6,33,6,45.6,86.044
2024,1,LEC,2,HARD,7,34,7,43.8,86.053
2024,1,LEC,2,HARD,8,35,8,42.0,85.946
2024,1,LEC,2,HARD,9,36,9,40.2,86.23
2024,1,LEC,2,HARD,10,37,10,38.4,86.07
2024,1,LEC,2,HARD,11,38,11,36.6,86.14
2024,1,LEC,2,HARD,12,39,12,34.8,86.083
2024,1,LEC,2,HARD,13,40,13,33.0,86.222
2024,1,LEC,2,HARD,14,41,14,31.2,86.333
2024,1,LEC,2,HARD,15,42,15,29.4,86.403
2024,1,LEC,2,HARD,16,43,16,27.6,86.301
2024,1,LEC,2,HARD,17,44,17,25.8,86.5
2024,1,LEC,2,HARD,18,45,18,24.0,86.474
2024,1,LEC,2,HARD,19,46,19,22.2,86.418
2024,1,LEC,2,HARD,20,47,20,20.4,86.674
2024,1,LEC,2,HARD,21,48,21,18.6,86.615
2024,1,LEC,2,HARD,22,49,22,16.8,86.608
2024,1,LEC,2,HARD,23,50,23,15.0,86.58
2024,1,LEC,2,HARD,24,51,24,13.2,86.825
2024,1,LEC,2,HARD,25,52,25,11.4,86.786
2024,1,LEC,2,HARD,26,53,26,9.6,86.865
2024,1,LEC,2,HARD,27,54,27,7.8,87.08
2024,1,LEC,2,HARD,28,55,28,6.0,86.987
2024,1,RUS,1,MEDIUM,1,1,1,103.2,86.766
2024,1,RUS,1,MEDIUM,2,2,2,101.4,86.768
2024,1,RUS,1,MEDIUM,3,3,3,99.6,86.793
2024,1,RUS,1,MEDIUM,4,4,4,97.8,86.632
2024,1,RUS,1,MEDIUM,5,5,5,96.0,86.676
2024,1,RUS,1,MEDIUM,6,6,6,94.2,86.924
2024,1,RUS,1,MEDIUM,7,7,7,92.4,86.976
2024,1,RUS,1,MEDIUM,8,8,8,90.6,86.983
2024,1,RUS,1,MEDIUM,9,9,9,88.8,87.178
2024,1,RUS,1,MEDIUM,10,10,10,87.0,87.143
2024,1,RUS,1,MEDIUM,11,11,11,85.2,87.191
2024,1,RUS,1,MEDIUM,12,12,12,83.4,87.117
2024,1,RUS,1,MEDIUM,13,13,13,81.6,87.293
2024,1,RUS,1,MEDIUM,14,14,14,79.8,87.236
2024,1,RUS,1,MEDIUM,15,15,15,78.0,87.365
2024,1,RUS,1,MEDIUM,16,16,16,76.2,87.35
2024,1,RUS,1,MEDIUM,17,17,17,74.4,87.496
2024,1,RUS,1,MEDIUM,18,18,18,72.6,87.546
2024,1,RUS,1,MEDIUM,19,19,19,70.8,87.324
2024,1,RUS,1,MEDIUM,20,20,20,69.0,87.442
2024,1,RUS,1,MEDIUM,21,21,21,67.2,87.559
2024,1,RUS,1,MEDIUM,22,22,22,65.4,87.723
2024,1,RUS,1,MEDIUM,23,23,23,63.6,87.681
2024,1,RUS,1,MEDIUM,24,24,24,61.8,87.912
2024,1,RUS,1,MEDIUM,25,25,25,60.0,87.819
2024,1,RUS,1,MEDIUM,26,26,26,58.2,87.803
2024,1,RUS,1,MEDIUM,27,27,27,56.4,87.828
2024,1,RUS,2,HARD,1,28,1,54.6,85.941
2024,1,RUS,2,HARD,2,29,2,52.8,85.821
2024,1,RUS,2,HARD,3,30,3,51.0,85.942
2024,1,RUS,2,HARD,4,31,4,49.2,85.904
2024,1,RUS,2,HARD,5,32,5,47.4,85.954
2024,1,RUS,2,HARD,6,33,6,45.6,86.189
2024,1,RUS,2,HARD,7,34,7,43.8,86.191
2024,1,RUS,2,HARD,8,35,8,42.0,86.173
2024,1,RUS,2,HARD,9,36,9,40.2,86.101
2024,1,RUS,2,HARD,10,37,10,38.4,86.328
2024,1,RUS,2,HARD,11,38,11,36.6,86.316
2024,1,RUS,2,HARD,12,39,12,34.8,86.304
2024,1,RUS,2,HARD,13,40,13,33.0,86.343
2024,1,RUS,2,HARD,14,41,14,31.2,86.259
2024,1,RUS,2,HARD,15,42,15,29.4,86.495
2024,1,RUS,2,HARD,16,43,16,27.6,86.457
2024,1,RUS,2,HARD,17,44,17,25.8,86.641
2024,1,RUS,2,HARD,18,45,18,24.0,86.581
2024,1,RUS,2,HARD,19,46,19,22.2,86.547
2024,1,RUS,2,HARD,20,47,20,20.4,86.779
2024,1,RUS,2,HARD,21,48,21,18.6,86.66
2024,1,RUS,2,HARD,22,49,22,16.8,86.852
2024,1,RUS,2,HARD,23,50,23,15.0,86.67
2024,1,RUS,2,HARD,24,51,24,13.2,86.874
2024,1,RUS,2,HARD,25,52,25,11.4,86.943
2024,1,RUS,2,HARD,26,53,26,9.6,86.874
2024,1,RUS,2,HARD,27,54,27,7.8,87.048
2024,1,RUS,2,HARD,28,55,28,6.0,86.978
2024,1,SAI,1,MEDIUM,1,1,1,103.2,86.802
2024,1,SAI,1,MEDIUM,2,2,2,101.4,87.009
2024,1,SAI,1,MEDIUM,3,3,3,99.6,86.77
2024,1,SAI,1,MEDIUM,4,4,4,97.8,86.818
2024,1,SAI,1,MEDIUM,5,5,5,96.0,86.947
2024,1,SAI,1,MEDIUM,6,6,6,94.2,87.073
2024,1,SAI,1,MEDIUM,7,7,7,92.4,87.112
2024,1,SAI,1,MEDIUM,8,8,8,90.6,86.992
2024,1,SAI,1,MEDIUM,9,9,9,88.8,87.188
2024,1,SAI,1,MEDIUM,10,10,10,87.0,87.195
2024,1,SAI,1,MEDIUM,11,11,11,85.2,87.226
2024,1,SAI,1,MEDIUM,12,12,12,83.4,87.327
2024,1,SAI,1,MEDIUM,13,13,13,81.6,87.345
2024,1,SAI,1,MEDIUM,14,14,14,79.8,87.367
2024,1,SAI,1,MEDIUM,15,15,15,78.0,87.417
2024,1,SAI,1,MEDIUM,16,16,16,76.2,87.452
2024,1,SAI,1,MEDIUM,17,17,17,74.4,87.337
2024,1,SAI,1,MEDIUM,18,18,18,72.6,87.538
2024,1,SAI,1,MEDIUM,19,19,19,70.8,87.519
2024,1,SAI,1,MEDIUM,20,20,20,69.0,87.557
2024,1,SAI,1,MEDIUM,21,21,21,67.2,87.544
2024,1,SAI,1,MEDIUM,22,22,22,65.4,87.744
2024,1,SAI,1,MEDIUM,23,23,23,63.6,87.884
2024,1,SAI,1,MEDIUM,24,24,24,61.8,87.987
2024,1,SAI,1,MEDIUM,25,25,25,60.0,87.802
2024,1,SAI,1,MEDIUM,26,26,26,58.2,87.925
2024,1,SAI,1,MEDIUM,27,27,27,56.4,88.057
2024,1,SAI,2,HARD,1,28,1,54.6,85.973
2024,1,SAI,2,HARD,2,29,2,52.8,85.941
2024,1,SAI,2,HARD,3,30,3,51.0,86.029
2024,1,SAI,2,HARD,4,31,4,49.2,85.972
2024,1,SAI,2,HARD,5,32,5,47.4,86.083
2024,1,SAI,2,HARD,6,33,6,45.6,86.262
2024,1,SAI,2,HARD,7,34,7,43.8,86.233
2024,1,SAI,2,HARD,8,35,8,42.0,86.231
2024,1,SAI,2,HARD,9,36,9,40.2,86.213
2024,1,SAI,2,HARD,10,37,10,38.4,86.331
2024,1,SAI,2,HARD,11,38,11,36.6,86.345
2024,1,SAI,2,HARD,12,39,12,34.8,86.334
2024,1,SAI,2,HARD,13,40,13,33.0,86.541
2024,1,SAI,2,HARD,14,41,14,31.2,86.58
2024,1,SAI,2,HARD,15,42,15,29.4,86.377
2024,1,SAI,2,HARD,16,43,16,27.6,86.539
2024,1,SAI,2,HARD,17,44,17,25.8,86.586
2024,1,SAI,2,HARD,18,45,18,24.0,86.73
2024,1,SAI,2,HARD,19,46,19,22.2,86.708
2024,1,SAI,2,HARD,20,47,20,20.4,86.777
2024,1,SAI,2,HARD,21,48,21,18.6,86.682
2024,1,SAI,2,HARD,22,49,22,16.8,86.819
2024,1,SAI,2,HARD,23,50,23,15.0,87.018
2024,1,SAI,2,HARD,24,51,24,13.2,87.003
2024,1,SAI,2,HARD,25,52,25,11.4,87.108
2024,1,SAI,2,HARD,26,53,26,9.6,87.137
2024,1,SAI,2,HARD,27,54,27,7.8,87.351
2024,1,SAI,2,HARD,28,55,28,6.0,87.058
2024,1,PER,1,MEDIUM,1,1,1,103.2,86.865
2024,1,PER,1,MEDIUM,2,2,2,101.4,86.937
2024,1,PER,1,MEDIUM,3,3,3,99.6,87.059
2024,1,PER,1,MEDIUM,4,4,4,97.8,86.912
2024,1,PER,1,MEDIUM,5,5,5,96.0,86.926
2024,1,PER,1,MEDIUM,6,6,6,94.2,87.205
2024,1,PER,1,MEDIUM,7,7,7,92.4,87.108
2024,1,PER,1,MEDIUM,8,8,8,90.6,87.141
2024,1,PER,1,MEDIUM,9,9,9,88.8,87.318
2024,1,PER,1,MEDIUM,10,10,10,87.0,87.352
2024,1,PER,1,MEDIUM,11,11,11,85.2,87.322
2024,1,PER,1,MEDIUM,12,12,12,83.4,87.364
2024,1,PER,1,MEDIUM,13,13,13,81.6,87.471
2024,1,PER,1,MEDIUM,14,14,14,79.8,87.496
2024,1,PER,1,MEDIUM,15,15,15,78.0,87.492
2024,1,PER,1,MEDIUM,16,16,16,76.2,87.574
2024,1,PER,1,MEDIUM,17,17,17,74.4,87.686
2024,1,PER,1,MEDIUM,18,18,18,72.6,87.54
2024,1,PER,1,MEDIUM,19,19,19,70.8,87.644
2024,1,PER,1,MEDIUM,20,20,20,69.0,87.604
2024,1,PER,1,MEDIUM,21,21,21,67.2,87.747
2024,1,PER,1,MEDIUM,22,22,22,65.4,87.776
2024,1,PER,1,MEDIUM,23,23,23,63.6,87.799
2024,1,PER,1,MEDIUM,24,24,24,61.8,87.968
2024,1,PER,1,MEDIUM,25,25,25,60.0,87.99
2024,1,PER,1,MEDIUM,26,26,26,58.2,88.126
2024,1,PER,1,MEDIUM,27,27,27,56.4,88.129
2024,1,PER,2,HARD,1,28,1,54.6,86.14
2024,1,PER,2,HARD,2,29,2,52.8,85.95
2024,1,PER,2,HARD,3,30,3,51.0,86.125
2024,1,PER,2,HARD,4,31,4,49.2,86.149
2024,1,PER,2,HARD,5,32,5,47.4,86.258
2024,1,PER,2,HARD,6,33,6,45.6,86.206
2024,1,PER,2,HARD,7,34,7,43.8,86.302
2024,1,PER,2,HARD,8,35,8,42.0,86.209
2024,1,PER,2,HARD,9,36,9,40.2,86.147
2024,1,PER,2,HARD,10,37,10,38.4,86.271
2024,1,PER,2,HARD,11,38,11,36.6,86.493
2024,1,PER,2,HARD,12,39,12,34.8,86.556
2024,1,PER,2,HARD,13,40,13,33.0,86.52
2024,1,PER,2,HARD,14,41,14,31.2,86.64
2024,1,PER,2,HARD,15,42,15,29.4,86.623
2024,1,PER,2,HARD,16,43,16,27.6,86.58
2024,1,PER,2,HARD,17,44,17,25.8,86.788
2024,1,PER,2,HARD,18,45,18,24.0,86.697
2024,1,PER,2,HARD,19,46,19,22.2,86.831
2024,1,PER,2,HARD,20,47,20,20.4,86.96
2024,1,PER,2,HARD,21,48,21,18.6,86.915
2024,1,PER,2,HARD,22,49,22,16.8,86.885
2024,1,PER,2,HARD,23,50,23,15.0,87.008
2024,1,PER,2,HARD,24,51,24,13.2,87.046
2024,1,PER,2,HARD,25,52,25,11.4,87.09
2024,1,PER,2,HARD,26,53,26,9.6,87.1
2024,1,PER,2,HARD,27,54,27,7.8,87.311
2024,1,PER,2,HARD,28,55,28,6.0,87.22
2024,1,NOR,1,MEDIUM,1,1,1,103.2,87.154
2024,1,NOR,1,MEDIUM,2,2,2,101.4,87.234
2024,1,NOR,1,MEDIUM,3,3,3,99.6,87.031
2024,1,NOR,1,MEDIUM,4,4,4,97.8,87.291
2024,1,NOR,1,MEDIUM,5,5,5,96.0,87.182
2024,1,NOR,1,MEDIUM,6,6,6,94.2,87.349
2024,1,NOR,1,MEDIUM,7,7,7,92.4,87.355
2024,1,NOR,1,MEDIUM,8,8,8,90.6,87.376
2024,1,NOR,1,MEDIUM,9,9,9,88.8,87.426
2024,1,NOR,1,MEDIUM,10,10,10,87.0,87.307
2024,1,NOR,1,MEDIUM,11,11,11,85.2,87.37
2024,1,NOR,1,MEDIUM,12,12,12,83.4,87.578
2024,1,NOR,1,MEDIUM,13,13,13,81.6,87.507
2024,1,NOR,1,MEDIUM,14,14,14,79.8,87.588
2024,1,NOR,1,MEDIUM,15,15,15,78.0,87.709
2024,1,NOR,1,MEDIUM,16,16,16,76.2,87.665
2024,1,NOR,1,MEDIUM,17,17,17,74.4,87.704
2024,1,NOR,1,MEDIUM,18,18,18,72.6,87.785
2024,1,NOR,1,MEDIUM,19,19,19,70.8,87.871
2024,1,NOR,1,MEDIUM,20,20,20,69.0,87.933
2024,1,NOR,1,MEDIUM,21,21,21,67.2,87.902
2024,1,NOR,1,MEDIUM,22,22,22,65.4,87.913
2024,1,NOR,1,MEDIUM,23,23,23,63.6,87.941
2024,1,NOR,1,MEDIUM,24,24,24,61.8,87.982
2024,1,NOR,1,MEDIUM,25,25,25,60.0,88.064
2024,1,NOR,1,MEDIUM,26,26,26,58.2,88.206
2024,1,NOR,1,MEDIUM,27,27,27,56.4,88.34
2024,1,NOR,2,HARD,1,28,1,54.6,86.229
2024,1,NOR,2,HARD,2,29,2,52.8,86.141
2024,1,NOR,2,HARD,3,30,3,51.0,86.398
2024,1,NOR,2,HARD,4,31,4,49.2,86.259
2024,1,NOR,2,HARD,5,32,5,47.4,86.39
2024,1,NOR,2,HARD,6,33,6,45.6,86.449
2024,1,NOR,2,HARD,7,34,7,43.8,86.389
2024,1,NOR,2,HARD,8,35,8,42.0,86.557
2024,1,NOR,2,HARD,9,36,9,40.2,86.439
2024,1,NOR,2,HARD,10,37,10,38.4,86.553
2024,1,NOR,2,HARD,11,38,11,36.6,86.766
2024,1,NOR,2,HARD,12,39,12,34.8,86.552
2024,1,NOR,2,HARD,13,40,13,33.0,86.601
2024,1,NOR,2,HARD,14,41,14,31.2,86.798
2024,1,NOR,2,HARD,15,42,15,29.4,86.711
2024,1,NOR,2,HARD,16,43,16,27.6,86.891
2024,1,NOR,2,HARD,17,44,17,25.8,86.896
2024,1,NOR,2,HARD,18,45,18,24.0,86.916
2024,1,NOR,2,HARD,19,46,19,22.2,86.9
2024,1,NOR,2,HARD,20,47,20,20.4,87.369
2024,1,NOR,2,HARD,21,48,21,18.6,86.938
2024,1,NOR,2,HARD,22,49,22,16.8,87.091
2024,1,NOR,2,HARD,23,50,23,15.0,87.161
2024,1,NOR,2,HARD,24,51,24,13.2,87.157
2024,1,NOR,2,HARD,25,52,25,11.4,87.229
2024,1,NOR,2,HARD,26,53,26,9.6,87.399
2024,1,NOR,2,HARD,27,54,27,7.8,87.433
2024,1,NOR,2,HARD,28,55,28,6.0,87.299
2024,2,VER,1,MEDIUM,1,1,1,103.2,86.643
2024,2,VER,1,MEDIUM,2,2,2,101.4,86.628
2024,2,VER,1,MEDIUM,3,3,3,99.6,86.647
2024,2,VER,1,MEDIUM,4,4,4,97.8,86.498
2024,2,VER,1,MEDIUM,5,5,5,96.0,86.711
2024,2,VER,1,MEDIUM,6,6,6,94.2,86.804
2024,2,VER,1,MEDIUM,7,7,7,92.4,86.805
2024,2,VER,1,MEDIUM,8,8,8,90.6,86.924
2024,2,VER,1,MEDIUM,9,9,9,88.8,86.974
2024,2,VER,1,MEDIUM,10,10,10,87.0,86.855
2024,2,VER,1,MEDIUM,11,11,11,85.2,87.028
2024,2,VER,1,MEDIUM,12,12,12,83.4,87.015
2024,2,VER,1,MEDIUM,13,13,13,81.6,86.95
2024,2,VER,1,MEDIUM,14,14,14,79.8,87.007
2024,2,VER,1,MEDIUM,15,15,15,78.0,87.167
2024,2,VER,1,MEDIUM,16,16,16,76.2,87.373
2024,2,VER,1,MEDIUM,17,17,17,74.4,87.224
2024,2,VER,1,MEDIUM,18,18,18,72.6,87.368
2024,2,VER,1,MEDIUM,19,19,19,70.8,87.319
2024,2,VER,1,MEDIUM,20,20,20,69.0,87.354
2024,2,VER,1,MEDIUM,21,21,21,67.2,87.416
2024,2,VER,1,MEDIUM,22,22,22,65.4,87.506
2024,2,VER,1,MEDIUM,23,23,23,63.6,87.567
2024,2,VER,1,MEDIUM,24,24,24,61.8,87.518
2024,2,VER,1,MEDIUM,25,25,25,60.0,87.55
2024,2,VER,2,HARD,1,26,1,58.2,85.733
2024,2,VER,2,HARD,2,27,2,56.4,85.812
2024,2,VER,2,HARD,3,28,3,54.6,85.808
2024,2,VER,2,HARD,4,29,4,52.8,85.866
2024,2,VER,2,HARD,5,30,5,51.0,85.973
2024,2,VER,2,HARD,6,31,6,49.2,85.925
2024,2,VER,2,HARD,7,32,7,47.4,85.955
2024,2,VER,2,HARD,8,33,8,45.6,85.909
2024,2,VER,2,HARD,9,34,9,43.8,86.119
2024,2,VER,2,HARD,10,35,10,42.0,86.031
2024,2,VER,2,HARD,11,36,11,40.2,86.178
2024,2,VER,2,HARD,12,37,12,38.4,86.243
2024,2,VER,2,HARD,13,38,13,36.6,86.309
2024,2,VER,2,HARD,14,39,14,34.8,86.324
2024,2,VER,2,HARD,15,40,15,33.0,86.264
2024,2,VER,2,HARD,16,41,16,31.2,86.389
2024,2,VER,2,HARD,17,42,17,29.4,86.281
2024,2,VER,2,HARD,18,43,18,27.6,86.521
2024,2,VER,2,HARD,19,44,19,25.8,86.582
2024,2,VER,2,HARD,20,45,20,24.0,86.604
2024,2,VER,2,HARD,21,46,21,22.2,86.507
2024,2,VER,2,HARD,22,47,22,20.4,86.742
2024,2,VER,2,HARD,23,48,23,18.6,86.602
2024,2,VER,2,HARD,24,49,24,16.8,86.644
2024,2,VER,2,HARD,25,50,25,15.0,86.985
2024,2,LEC,1,MEDIUM,1,1,1,103.2,86.575
2024,2,LEC,1,MEDIUM,2,2,2,101.4,86.546
2024,2,LEC,1,MEDIUM,3,3,3,99.6,86.731
2024,2,LEC,1,MEDIUM,4,4,4,97.8,86.833
2024,2,LEC,1,MEDIUM,5,5,5,96.0,86.804
2024,2,LEC,1,MEDIUM,6,6,6,94.2,86.874
2024,2,LEC,1,MEDIUM,7,7,7,92.4,86.898
2024,2,LEC,1,MEDIUM,8,8,8,90.6,86.923
2024,2,LEC,1,MEDIUM,9,9,9,88.8,87.047
2024,2,LEC,1,MEDIUM,10,10,10,87.0,86.957
2024,2,LEC,1,MEDIUM,11,11,11,85.2,87.132
2024,2,LEC,1,MEDIUM,12,12,12,83.4,87.024
2024,2,LEC,1,MEDIUM,13,13,13,81.6,87.109
2024,2,LEC,1,MEDIUM,14,14,14,79.8,87.239
2024,2,LEC,1,MEDIUM,15,15,15,78.0,87.158
2024,2,LEC,1,MEDIUM,16,16,16,76.2,87.256
2024,2,LEC,1,MEDIUM,17,17,17,74.4,87.242
2024,2,LEC,1,MEDIUM,18,18,18,72.6,87.609
2024,2,LEC,1,MEDIUM,19,19,19,70.8,87.444
2024,2,LEC,1,MEDIUM,20,20,20,69.0,87.525
2024,2,LEC,1,MEDIUM,21,21,21,67.2,87.417
2024,2,LEC,1,MEDIUM,22,22,22,65.4,87.711
2024,2,LEC,1,MEDIUM,23,23,23,63.6,87.749
2024,2,LEC,1,MEDIUM,24,24,24,61.8,87.536
2024,2,LEC,1,MEDIUM,25,25,25,60.0,87.751
2024,2,LEC,2,HARD,1,26,1,58.2,85.878
2024,2,LEC,2,HARD,2,27,2,56.4,85.74
2024,2,LEC,2,HARD,3,28,3,54.6,85.909
2024,2,LEC,2,HARD,4,29,4,52.8,85.848
2024,2,LEC,2,HARD,5,30,5,51.0,85.923
2024,2,LEC,2,HARD,6,31,6,49.2,86.05
2024,2,LEC,2,HARD,7,32,7,47.4,85.959
2024,2,LEC,2,HARD,8,33,8,45.6,86.104
2024,2,LEC,2,HARD,9,34,9,43.8,86.126
2024,2,LEC,2,HARD,10,35,10,42.0,86.142
2024,2,LEC,2,HARD,11,36,11,40.2,86.21
2024,2,LEC,2,HARD,12,37,12,38.4,86.235
2024,2,LEC,2,HARD,13,38,13,36.6,86.262
2024,2,LEC,2,HARD,14,39,14,34.8,86.338
2024,2,LEC,2,HARD,15,40,15,33.0,86.523
2024,2,LEC,2,HARD,16,41,16,31.2,86.52
2024,2,LEC,2,HARD,17,42,17,29.4,86.443
2024,2,LEC,2,HARD,18,43,18,27.6,86.475
2024,2,LEC,2,HARD,19,44,19,25.8,86.754
2024,2,LEC,2,HARD,20,45,20,24.0,86.696
2024,2,LEC,2,HARD,21,46,21,22.2,86.635
2024,2,LEC,2,HARD,22,47,22,20.4,86.789
2024,2,LEC,2,HARD,23,48,23,18.6,86.804
2024,2,LEC,2,HARD,24,49,24,16.8,86.915
2024,2,LEC,2,HARD,25,50,25,15.0,86.96
2024,2,PER,1,MEDIUM,1,1,1,103.2,86.873
2024,2,PER,1,MEDIUM,2,2,2,101.4,86.934
2024,2,PER,1,MEDIUM,3,3,3,99.6,86.793
2024,2,PER,1,MEDIUM,4,4,4,97.8,86.743
2024,2,PER,1,MEDIUM,5,5,5,96.0,86.898
2024,2,PER,1,MEDIUM,6,6,6,94.2,86.899
2024,2,PER,1,MEDIUM,7,7,7,92.4,87.012
2024,2,PER,1,MEDIUM,8,8,8,90.6,86.935
2024,2,PER,1,MEDIUM,9,9,9,88.8,86.949
2024,2,PER,1,MEDIUM,10,10,10,87.0,87.065
2024,2,PER,1,MEDIUM,11,11,11,85.2,86.971
2024,2,PER,1,MEDIUM,12,12,12,83.4,87.095
2024,2,PER,1,MEDIUM,13,13,13,81.6,87.265
2024,2,PER,1,MEDIUM,14,14,14,79.8,87.38
2024,2,PER,1,MEDIUM,15,15,15,78.0,87.392
2024,2,PER,1,MEDIUM,16,16,16,76.2,87.387
2024,2,PER,1,MEDIUM,17,17,17,74.4,87.414
2024,2,PER,1,MEDIUM,18,18,18,72.6,87.483
2024,2,PER,1,MEDIUM,19,19,19,70.8,87.609
2024,2,PER,1,MEDIUM,20,20,20,69.0,87.57
2024,2,PER,1,MEDIUM,21,21,21,67.2,87.757
2024,2,PER,1,MEDIUM,22,22,22,65.4,87.545
2024,2,PER,1,MEDIUM,23,23,23,63.6,87.804
2024,2,PER,1,MEDIUM,24,24,24,61.8,87.859
2024,2,PER,1,MEDIUM,25,25,25,60.0,87.748
2024,2,PER,2,HARD,1,26,1,58.2,86.042
2024,2,PER,2,HARD,2,27,2,56.4,85.948
2024,2,PER,2,HARD,3,28,3,54.6,86.044
2024,2,PER,2,HARD,4,29,4,52.8,86.091
2024,2,PER,2,HARD,5,30,5,51.0,86.011
2024,2,PER,2,HARD,6,31,6,49.2,85.991
2024,2,PER,2,HARD,7,32,7,47.4,86.128
2024,2,PER,2,HARD,8,33,8,45.6,86.193
2024,2,PER,2,HARD,9,34,9,43.8,86.282
2024,2,PER,2,HARD,10,35,10,42.0,86.242
2024,2,PER,2,HARD,11,36,11,40.2,86.162
2024,2,PER,2,HARD,12,37,12,38.4,86.467
2024,2,PER,2,HARD,13,38,13,36.6,86.416
2024,2,PER,2,HARD,14,39,14,34.8,86.32
2024,2,PER,2,HARD,15,40,15,33.0,86.562
2024,2,PER,2,HARD,16,41,16,31.2,86.571
2024,2,PER,2,HARD,17,42,17,29.4,86.583
2024,2,PER,2,HARD,18,43,18,27.6,86.642
2024,2,PER,2,HARD,19,44,19,25.8,86.656
2024,2,PER,2,HARD,20,45,20,24.0,86.832
2024,2,PER,2,HARD,21,46,21,22.2,86.762
2024,2,PER,2,HARD,22,47,22,20.4,86.947
2024,2,PER,2,HARD,23,48,23,18.6,86.806
2024,2,PER,2,HARD,24,49,24,16.8,86.94
2024,2,PER,2,HARD,25,50,25,15.0,86.989
2024,2,ALO,1,MEDIUM,1,1,1,103.2,86.967
2024,2,ALO,1,MEDIUM,2,2,2,101.4,86.798
2024,2,ALO,1,MEDIUM,3,3,3,99.6,86.898
2024,2,ALO,1,MEDIUM,4,4,4,97.8,86.995
2024,2,ALO,1,MEDIUM,5,5,5,96.0,87.16
2024,2,ALO,1,MEDIUM,6,6,6,94.2,86.979
2024,2,ALO,1,MEDIUM,7,7,7,92.4,87.002
2024,2,ALO,1,MEDIUM,8,8,8,90.6,87.059
2024,2,ALO,1,MEDIUM,9,9,9,88.8,87.17
2024,2,ALO,1,MEDIUM,10,10,10,87.0,87.134
2024,2,ALO,1,MEDIUM,11,11,11,85.2,87.265
2024,2,ALO,1,MEDIUM,12,12,12,83.4,87.179
2024,2,ALO,1,MEDIUM,13,13,13,81.6,87.414
2024,2,ALO,1,MEDIUM,14,14,14,79.8,87.355
2024,2,ALO,1,MEDIUM,15,15,15,78.0,87.332
2024,2,ALO,1,MEDIUM,16,16,16,76.2,87.397
2024,2,ALO,1,MEDIUM,17,17,17,74.4,87.402
2024,2,ALO,1,MEDIUM,18,18,18,72.6,87.602
2024,2,ALO,1,MEDIUM,19,19,19,70.8,87.649
2024,2,ALO,1,MEDIUM,20,20,20,69.0,87.592
2024,2,ALO,1,MEDIUM,21,21,21,67.2,87.692
2024,2,ALO,1,MEDIUM,22,22,22,65.4,87.893
2024,2,ALO,1,MEDIUM,23,23,23,63.6,87.69
2024,2,ALO,1,MEDIUM,24,24,24,61.8,87.874
2024,2,ALO,1,MEDIUM,25,25,25,60.0,88.112
2024,2,ALO,2,HARD,1,26,1,58.2,85.858
2024,2,ALO,2,HARD,2,27,2,56.4,86.128
2024,2,ALO,2,HARD,3,28,3,54.6,86.051
2024,2,ALO,2,HARD,4,29,4,52.8,86.115
2024,2,ALO,2,HARD,5,30,5,51.0,86.104
2024,2,ALO,2,HARD,6,31,6,49.2,86.081
2024,2,ALO,2,HARD,7,32,7,47.4,86.348
2024,2,ALO,2,HARD,8,33,8,45.6,86.294
2024,2,ALO,2,HARD,9,34,9,43.8,86.149
2024,2,ALO,2,HARD,10,35,10,42.0,86.337
2024,2,ALO,2,HARD,11,36,11,40.2,86.381
2024,2,ALO,2,HARD,12,37,12,38.4,86.419
2024,2,ALO,2,HARD,13,38,13,36.6,86.381
2024,2,ALO,2,HARD,14,39,14,34.8,86.632
2024,2,ALO,2,HARD,15,40,15,33.0,86.674
2024,2,ALO,2,HARD,16,41,16,31.2,86.584
2024,2,ALO,2,HARD,17,42,17,29.4,86.708
2024,2,ALO,2,HARD,18,43,18,27.6,86.684
2024,2,ALO,2,HARD,19,44,19,25.8,86.803
2024,2,ALO,2,HARD,20,45,20,24.0,86.819
2024,2,ALO,2,HARD,21,46,21,22.2,86.793
2024,2,ALO,2,HARD,22,47,22,20.4,86.858
2024,2,ALO,2,HARD,23,48,23,18.6,87.073
2024,2,ALO,2,HARD,24,49,24,16.8,87.01
2024,2,ALO,2,HARD,25,50,25,15.0,87.11
2024,2,PIA,1,MEDIUM,1,1,1,103.2,86.844
2024,2,PIA,1,MEDIUM,2,2,2,101.4,86.95
2024,2,PIA,1,MEDIUM,3,3,3,99.6,86.91
2024,2,PIA,1,MEDIUM,4,4,4,97.8,87.092
2024,2,PIA,1,MEDIUM,5,5,5,96.0,86.916
2024,2,PIA,1,MEDIUM,6,6,6,94.2,87.004
2024,2,PIA,1,MEDIUM,7,7,7,92.4,87.232
2024,2,PIA,1,MEDIUM,8,8,8,90.6,87.169
2024,2,PIA,1,MEDIUM,9,9,9,88.8,87.251
2024,2,PIA,1,MEDIUM,10,10,10,87.0,87.238
2024,2,PIA,1,MEDIUM,11,11,11,85.2,87.192
2024,2,PIA,1,MEDIUM,12,12,12,83.4,87.338
2024,2,PIA,1,MEDIUM,13,13,13,81.6,87.374
2024,2,PIA,1,MEDIUM,14,14,14,79.8,87.269
2024,2,PIA,1,MEDIUM,15,15,15,78.0,87.498
2024,2,PIA,1,MEDIUM,16,16,16,76.2,87.517
2024,2,PIA,1,MEDIUM,17,17,17,74.4,87.571
2024,2,PIA,1,MEDIUM,18,18,18,72.6,87.551
2024,2,PIA,1,MEDIUM,19,19,19,70.8,87.669
2024,2,PIA,1,MEDIUM,20,20,20,69.0,87.794
2024,2,PIA,1,MEDIUM,21,21,21,67.2,87.853
2024,2,PIA,1,MEDIUM,22,22,22,65.4,87.871
2024,2,PIA,1,MEDIUM,23,23,23,63.6,87.775
2024,2,PIA,1,MEDIUM,24,24,24,61.8,87.827
2024,2,PIA,1,MEDIUM,25,25,25,60.0,88.004
2024,2,PIA,2,HARD,1,26,1,58.2,86.096
2024,2,PIA,2,HARD,2,27,2,56.4,86.093
2024,2,PIA,2,HARD,3,28,3,54.6,86.259
2024,2,PIA,2,HARD,4,29,4,52.8,86.155
2024,2,PIA,2,HARD,5,30,5,51.0,86.264
2024,2,PIA,2,HARD,6,31,6,49.2,86.241
2024,2,PIA,2,HARD,7,32,7,47.4,86.431
2024,2,PIA,2,HARD,8,33,8,45.6,86.337
2024,2,PIA,2,HARD,9,34,9,43.8,86.401
2024,2,PIA,2,HARD,10,35,10,42.0,86.431
2024,2,PIA,2,HARD,11,36,11,40.2,86.333
2024,2,PIA,2,HARD,12,37,12,38.4,86.353
2024,2,PIA,2,HARD,13,38,13,36.6,86.457
2024,2,PIA,2,HARD,14,39,14,34.8,86.502
2024,2,PIA,2,HARD,15,40,15,33.0,86.715
2024,2,PIA,2,HARD,16,41,16,31.2,86.83
2024,2,PIA,2,HARD,17,42,17,29.4,86.857
2024,2,PIA,2,HARD,18,43,18,27.6,87.008
2024,2,PIA,2,HARD,19,44,19,25.8,86.794
2024,2,PIA,2,HARD,20,45,20,24.0,86.858
2024,2,PIA,2,HARD,21,46,21,22.2,87.019
2024,2,PIA,2,HARD,22,47,22,20.4,87.01
2024,2,PIA,2,HARD,23,48,23,18.6,87.046
2024,2,PIA,2,HARD,24,49,24,16.8,87.213
2024,2,PIA,2,HARD,25,50,25,15.0,87.125
2024,2,RUS,1,MEDIUM,1,1,1,103.2,86.972
2024,2,RUS,1,MEDIUM,2,2,2,101.4,87.273
2024,2,RUS,1,MEDIUM,3,3,3,99.6,87.163
2024,2,RUS,1,MEDIUM,4,4,4,97.8,87.361
2024,2,RUS,1,MEDIUM,5,5,5,96.0,87.173
2024,2,RUS,1,MEDIUM,6,6,6,94.2,87.147
2024,2,RUS,1,MEDIUM,7,7,7,92.4,87.316
2024,2,RUS,1,MEDIUM,8,8,8,90.6,87.366
2024,2,RUS,1,MEDIUM,9,9,9,88.8,87.489
2024,2,RUS,1,MEDIUM,10,10,10,87.0,87.488
2024,2,RUS,1,MEDIUM,11,11,11,85.2,87.569
2024,2,RUS,1,MEDIUM,12,12,12,83.4,87.372
2024,2,RUS,1,MEDIUM,13,13,13,81.6,87.584
2024,2,RUS,1,MEDIUM,14,14,14,79.8,87.518
2024,2,RUS,1,MEDIUM,15,15,15,78.0,87.521
2024,2,RUS,1,MEDIUM,16,16,16,76.2,87.639
2024,2,RUS,1,MEDIUM,17,17,17,74.4,87.852
2024,2,RUS,1,MEDIUM,18,18,18,72.6,87.845
2024,2,RUS,1,MEDIUM,19,19,19,70.8,87.896
2024,2,RUS,1,MEDIUM,20,20,20,69.0,87.887
2024,2,RUS,1,MEDIUM,21,21,21,67.2,87.9
2024,2,RUS,1,MEDIUM,22,22,22,65.4,87.953
2024,2,RUS,1,MEDIUM,23,23,23,63.6,88.045
2024,2,RUS,1,MEDIUM,24,24,24,61.8,87.956
2024,2,RUS,1,MEDIUM,25,25,25,60.0,88.254
2024,2,RUS,2,HARD,1,26,1,58.2,86.308
2024,2,RUS,2,HARD,2,27,2,56.4,86.295
2024,2,RUS,2,HARD,3,28,3,54.6,86.345
2024,2,RUS,2,HARD,4,29,4,52.8,86.278
2024,2,RUS,2,HARD,5,30,5,51.0,86.574
2024,2,RUS,2,HARD,6,31,6,49.2,86.48
2024,2,RUS,2,HARD,7,32,7,47.4,86.28
2024,2,RUS,2,HARD,8,33,8,45.6,86.447
2024,2,RUS,2,HARD,9,34,9,43.8,86.486
2024,2,RUS,2,HARD,10,35,10,42.0,86.454
2024,2,RUS,2,HARD,11,36,11,40.2,86.667
2024,2,RUS,2,HARD,12,37,12,38.4,86.575
2024,2,RUS,2,HARD,13,38,13,36.6,86.712
2024,2,RUS,2,HARD,14,39,14,34.8,86.797
2024,2,RUS,2,HARD,15,40,15,33.0,86.869
2024,2,RUS,2,HARD,16,41,16,31.2,86.902
2024,2,RUS,2,HARD,17,42,17,29.4,87.045
2024,2,RUS,2,HARD,18,43,18,27.6,86.98
2024,2,RUS,2,HARD,19,44,19,25.8,87.045
2024,2,RUS,2,HARD,20,45,20,24.0,87.021
2024,2,RUS,2,HARD,21,46,21,22.2,87.049
2024,2,RUS,2,HARD,22,47,22,20.4,87.15
2024,2,RUS,2,HARD,23,48,23,18.6,87.158
2024,2,RUS,2,HARD,24,49,24,16.8,87.227
2024,2,RUS,2,HARD,25,50,25,15.0,87.268
2024,3,SAI,1,MEDIUM,1,1,1,103.2,86.747
2024,3,SAI,1,MEDIUM,2,2,2,101.4,86.694
2024,3,SAI,1,MEDIUM,3,3,3,99.6,86.636
2024,3,SAI,1,MEDIUM,4,4,4,97.8,86.729
2024,3,SAI,1,MEDIUM,5,5,5,96.0,86.804
2024,3,SAI,1,MEDIUM,6,6,6,94.2,86.762
2024,3,SAI,1,MEDIUM,7,7,7,92.4,86.819
2024,3,SAI,1,MEDIUM,8,8,8,90.6,86.907
2024,3,SAI,1,MEDIUM,9,9,9,88.8,86.969
2024,3,SAI,1,MEDIUM,10,10,10,87.0,86.923
2024,3,SAI,1,MEDIUM,11,11,11,85.2,86.916
2024,3,SAI,1,MEDIUM,12,12,12,83.4,87.037
2024,3,SAI,1,MEDIUM,13,13,13,81.6,87.287
2024,3,SAI,1,MEDIUM,14,14,14,79.8,87.23
2024,3,SAI,1,MEDIUM,15,15,15,78.0,87.298
2024,3,SAI,1,MEDIUM,16,16,16,76.2,87.287
2024,3,SAI,1,MEDIUM,17,17,17,74.4,87.399
2024,3,SAI,1,MEDIUM,18,18,18,72.6,87.41
2024,3,SAI,1,MEDIUM,19,19,19,70.8,87.435
2024,3,SAI,1,MEDIUM,20,20,20,69.0,87.478
2024,3,SAI,1,MEDIUM,21,21,21,67.2,87.499
2024,3,SAI,1,MEDIUM,22,22,22,65.4,87.503
2024,3,SAI,1,MEDIUM,23,23,23,63.6,87.682
2024,3,SAI,1,MEDIUM,24,24,24,61.8,87.863
2024,3,SAI,1,MEDIUM,25,25,25,60.0,87.889
2024,3,SAI,1,MEDIUM,26,26,26,58.2,87.826
2024,3,SAI,1,MEDIUM,27,27,27,56.4,87.981
2024,3,SAI,2,HARD,1,28,1,54.6,85.818
2024,3,SAI,2,HARD,2,29,2,52.8,85.86
2024,3,SAI,2,HARD,3,30,3,51.0,85.715
2024,3,SAI,2,HARD,4,31,4,49.2,85.943
2024,3,SAI,2,HARD,5,32,5,47.4,85.978
2024,3,SAI,2,HARD,6,33,6,45.6,86.048
2024,3,SAI,2,HARD,7,34,7,43.8,85.976
2024,3,SAI,2,HARD,8,35,8,42.0,86.111
2024,3,SAI,2,HARD,9,36,9,40.2,86.114
2024,3,SAI,2,HARD,10,37,10,38.4,86.173
2024,3,SAI,2,HARD,11,38,11,36.6,86.144
2024,3,SAI,2,HARD,12,39,12,34.8,86.085
2024,3,SAI,2,HARD,13,40,13,33.0,86.255
2024,3,SAI,2,HARD,14,41,14,31.2,86.326
2024,3,SAI,2,HARD,15,42,15,29.4,86.354
2024,3,SAI,2,HARD,16,43,16,27.6,86.502
2024,3,SAI,2,HARD,17,44,17,25.8,86.51
2024,3,SAI,2,HARD,18,45,18,24.0,86.441
2024,3,SAI,2,HARD,19,46,19,22.2,86.522
2024,3,SAI,2,HARD,20,47,20,20.4,86.638
2024,3,SAI,2,HARD,21,48,21,18.6,86.621
2024,3,SAI,2,HARD,22,49,22,16.8,86.629
2024,3,SAI,2,HARD,23,50,23,15.0,86.832
2024,3,SAI,2,HARD,24,51,24,13.2,86.783
2024,3,SAI,2,HARD,25,52,25,11.4,86.926
2024,3,SAI,2,HARD,26,53,26,9.6,86.844
2024,3,SAI,2,HARD,27,54,27,7.8,86.891
2024,3,SAI,2,HARD,28,55,28,6.0,87.03
2024,3,NOR,1,MEDIUM,1,1,1,103.2,86.764
2024,3,NOR,1,MEDIUM,2,2,2,101.4,86.853
2024,3,NOR,1,MEDIUM,3,3,3,99.6,86.775
2024,3,NOR,1,MEDIUM,4,4,4,97.8,86.794
2024,3,NOR,1,MEDIUM,5,5,5,96.0,86.95
2024,3,NOR,1,MEDIUM,6,6,6,94.2,86.975
2024,3,NOR,1,MEDIUM,7,7,7,92.4,86.872
2024,3,NOR,1,MEDIUM,8,8,8,90.6,86.911
2024,3,NOR,1,MEDIUM,9,9,9,88.8,87.09
2024,3,NOR,1,MEDIUM,10,10,10,87.0,87.042
2024,3,NOR,1,MEDIUM,11,11,11,85.2,87.255
2024,3,NOR,1,MEDIUM,12,12,12,83.4,87.155
2024,3,NOR,1,MEDIUM,13,13,13,81.6,87.275
2024,3,NOR,1,MEDIUM,14,14,14,79.8,87.38
2024,3,NOR,1,MEDIUM,15,15,15,78.0,87.212
2024,3,NOR,1,MEDIUM,16,16,16,76.2,87.345
2024,3,NOR,1,MEDIUM,17,17,17,74.4,87.317
2024,3,NOR,1,MEDIUM,18,18,18,72.6,87.418
2024,3,NOR,1,MEDIUM,19,19,19,70.8,87.533
2024,3,NOR,1,MEDIUM,20,20,20,69.0,87.583
2024,3,NOR,1,MEDIUM,21,21,21,67.2,87.446
2024,3,NOR,1,MEDIUM,22,22,22,65.4,87.727
2024,3,NOR,1,MEDIUM,23,23,23,63.6,87.754
2024,3,NOR,1,MEDIUM,24,24,24,61.8,87.747
2024,3,NOR,1,MEDIUM,25,25,25,60.0,87.8
2024,3,NOR,1,MEDIUM,26,26,26,58.2,87.928
2024,3,NOR,1,MEDIUM,27,27,27,56.4,88.01
2024,3,NOR,2,HARD,1,28,1,54.6,85.823
2024,3,NOR,2,HARD,2,29,2,52.8,85.791
2024,3,NOR,2,HARD,3,30,3,51.0,86.047
2024,3,NOR,2,HARD,4,31,4,49.2,85.875
2024,3,NOR,2,HARD,5,32,5,47.4,85.972
2024,3,NOR,2,HARD,6,33,6,45.6,86.111
2024,3,NOR,2,HARD,7,34,7,43.8,86.039
2024,3,NOR,2,HARD,8,35,8,42.0,86.081
2024,3,NOR,2,HARD,9,36,9,40.2,86.286
2024,3,NOR,2,HARD,10,37,10,38.4,86.291
2024,3,NOR,2,HARD,11,38,11,36.6,86.317
2024,3,NOR,2,HARD,12,39,12,34.8,86.233
2024,3,NOR,2,HARD,13,40,13,33.0,86.297
2024,3,NOR,2,HARD,14,41,14,31.2,86.295
2024,3,NOR,2,HARD,15,42,15,29.4,86.346
2024,3,NOR,2,HARD,16,43,16,27.6,86.458
2024,3,NOR,2,HARD,17,44,17,25.8,86.505
2024,3,NOR,2,HARD,18,45,18,24.0,86.67
2024,3,NOR,2,HARD,19,46,19,22.2,86.657
2024,3,NOR,2,HARD,20,47,20,20.4,86.696
2024,3,NOR,2,HARD,21,48,21,18.6,86.835
2024,3,NOR,2,HARD,22,49,22,16.8,86.629
2024,3,NOR,2,HARD,23,50,23,15.0,86.702
2024,3,NOR,2,HARD,24,51,24,13.2,86.841
2024,3,NOR,2,HARD,25,52,25,11.4,87.052
2024,3,NOR,2,HARD,26,53,26,9.6,86.91
2024,3,NOR,2,HARD,27,54,27,7.8,87.087
2024,3,NOR,2,HARD,28,55,28,6.0,86.973
2024,3,LEC,1,MEDIUM,1,1,1,103.2,86.76
2024,3,LEC,1,MEDIUM,2,2,2,101.4,86.852
2024,3,LEC,1,MEDIUM,3,3,3,99.6,86.806
2024,3,LEC,1,MEDIUM,4,4,4,97.8,86.994
2024,3,LEC,1,MEDIUM,5,5,5,96.0,86.901
2024,3,LEC,1,MEDIUM,6,6,6,94.2,86.932
2024,3,LEC,1,MEDIUM,7,7,7,92.4,86.957
2024,3,LEC,1,MEDIUM,8,8,8,90.6,86.998
2024,3,LEC,1,MEDIUM,9,9,9,88.8,87.148
2024,3,LEC,1,MEDIUM,10,10,10,87.0,87.217
2024,3,LEC,1,MEDIUM,11,11,11,85.2,87.249
2024,3,LEC,1,MEDIUM,12,12,12,83.4,87.384
2024,3,LEC,1,MEDIUM,13,13,13,81.6,87.181
2024,3,LEC,1,MEDIUM,14,14,14,79.8,87.323
2024,3,LEC,1,MEDIUM,15,15,15,78.0,87.317
2024,3,LEC,1,MEDIUM,16,16,16,76.2,87.422
2024,3,LEC,1,MEDIUM,17,17,17,74.4,87.582
2024,3,LEC,1,MEDIUM,18,18,18,72.6,87.647
2024,3,LEC,1,MEDIUM,19,19,19,70.8,87.712
2024,3,LEC,1,MEDIUM,20,20,20,69.0,87.689
2024,3,LEC,1,MEDIUM,21,21,21,67.2,87.62
2024,3,LEC,1,MEDIUM,22,22,22,65.4,87.856
2024,3,LEC,1,MEDIUM,23,23,23,63.6,87.752
2024,3,LEC,1,MEDIUM,24,24,24,61.8,87.902
2024,3,LEC,1,MEDIUM,25,25,25,60.0,87.831
2024,3,LEC,1,MEDIUM,26,26,26,58.2,87.974
2024,3,LEC,1,MEDIUM,27,27,27,56.4,88.022
2024,3,LEC,2,HARD,1,28,1,54.6,85.939
2024,3,LEC,2,HARD,2,29,2,52.8,85.845
2024,3,LEC,2,HARD,3,30,3,51.0,86.007
2024,3,LEC,2,HARD,4,31,4,49.2,85.91
2024,3,LEC,2,HARD,5,32,5,47.4,85.976
2024,3,LEC,2,HARD,6,33,6,45.6,86.066
2024,3,LEC,2,HARD,7,34,7,43.8,86.15
2024,3,LEC,2,HARD,8,35,8,42.0,86.246
2024,3,LEC,2,HARD,9,36,9,40.2,86.267
2024,3,LEC,2,HARD,10,37,10,38.4,86.277
2024,3,LEC,2,HARD,11,38,11,36.6,86.299
2024,3,LEC,2,HARD,12,39,12,34.8,86.426
2024,3,LEC,2,HARD,13,40,13,33.0,86.389
2024,3,LEC,2,HARD,14,41,14,31.2,86.378
2024,3,LEC,2,HARD,15,42,15,29.4,86.698
2024,3,LEC,2,HARD,16,43,16,27.6,86.652
2024,3,LEC,2,HARD,17,44,17,25.8,86.614
2024,3,LEC,2,HARD,18,45,18,24.0,86.69
2024,3,LEC,2,HARD,19,46,19,22.2,86.676
2024,3,LEC,2,HARD,20,47,20,20.4,86.736
2024,3,LEC,2,HARD,21,48,21,18.6,86.871
2024,3,LEC,2,HARD,22,49,22,16.8,86.962
2024,3,LEC,2,HARD,23,50,23,15.0,86.859
2024,3,LEC,2,HARD,24,51,24,13.2,87.087
2024,3,LEC,2,HARD,25,52,25,11.4,86.99
2024,3,LEC,2,HARD,26,53,26,9.6,87.072
2024,3,LEC,2,HARD,27,54,27,7.8,86.901
2024,3,LEC,2,HARD,28,55,28,6.0,87.288
2024,3,PIA,1,MEDIUM,1,1,1,103.2,86.976
2024,3,PIA,1,MEDIUM,2,2,2,101.4,87.04
2024,3,PIA,1,MEDIUM,3,3,3,99.6,86.877
2024,3,PIA,1,MEDIUM,4,4,4,97.8,87.062
2024,3,PIA,1,MEDIUM,5,5,5,96.0,87.182
2024,3,PIA,1,MEDIUM,6,6,6,94.2,87.174
2024,3,PIA,1,MEDIUM,7,7,7,92.4,87.079
2024,3,PIA,1,MEDIUM,8,8,8,90.6,87.24
2024,3,PIA,1,MEDIUM,9,9,9,88.8,87.202
2024,3,PIA,1,MEDIUM,10,10,10,87.0,87.291
2024,3,PIA,1,MEDIUM,11,11,11,85.2,87.337
2024,3,PIA,1,MEDIUM,12,12,12,83.4,87.298
2024,3,PIA,1,MEDIUM,13,13,13,81.6,87.44
2024,3,PIA,1,MEDIUM,14,14,14,79.8,87.524
2024,3,PIA,1,MEDIUM,15,15,15,78.0,87.544
2024,3,PIA,1,MEDIUM,16,16,16,76.2,87.553
2024,3,PIA,1,MEDIUM,17,17,17,74.4,87.5
2024,3,PIA,1,MEDIUM,18,18,18,72.6,87.612
2024,3,PIA,1,MEDIUM,19,19,19,70.8,87.66
2024,3,PIA,1,MEDIUM,20,20,20,69.0,87.851
2024,3,PIA,1,MEDIUM,21,21,21,67.2,87.8
2024,3,PIA,1,MEDIUM,22,22,22,65.4,87.898
2024,3,PIA,1,MEDIUM,23,23,23,63.6,88.056
2024,3,PIA,1,MEDIUM,24,24,24,61.8,88.016
2024,3,PIA,1,MEDIUM,25,25,25,60.0,87.896
2024,3,PIA,1,MEDIUM,26,26,26,58.2,87.996
2024,3,PIA,1,MEDIUM,27,27,27,56.4,88.003
2024,3,PIA,2,HARD,1,28,1,54.6,85.993
2024,3,PIA,2,HARD,2,29,2,52.8,86.012
2024,3,PIA,2,HARD,3,30,3,51.0,86.093
2024,3,PIA,2,HARD,4,31,4,49.2,86.208
2024,3,PIA,2,HARD,5,32,5,47.4,86.169
2024,3,PIA,2,HARD,6,33,6,45.6,86.304
2024,3,PIA,2,HARD,7,34,7,43.8,86.152
2024,3,PIA,2,HARD,8,35,8,42.0,86.312
2024,3,PIA,2,HARD,9,36,9,40.2,86.363
2024,3,PIA,2,HARD,10,37,10,38.4,86.409
2024,3,PIA,2,HARD,11,38,11,36.6,86.464
2024,3,PIA,2,HARD,12,39,12,34.8,86.452
2024,3,PIA,2,HARD,13,40,13,33.0,86.509
2024,3,PIA,2,HARD,14,41,14,31.2,86.527
2024,3,PIA,2,HARD,15,42,15,29.4,86.713
2024,3,PIA,2,HARD,16,43,16,27.6,86.647
2024,3,PIA,2,HARD,17,44,17,25.8,86.48
2024,3,PIA,2,HARD,18,45,18,24.0,86.774
2024,3,PIA,2,HARD,19,46,19,22.2,86.809
2024,3,PIA,2,HARD,20,47,20,20.4,86.833
2024,3,PIA,2,HARD,21,48,21,18.6,86.904
2024,3,PIA,2,HARD,22,49,22,16.8,86.965
2024,3,PIA,2,HARD,23,50,23,15.0,87.083
2024,3,PIA,2,HARD,24,51,24,13.2,87.172
2024,3,PIA,2,HARD,25,52,25,11.4,87.12
2024,3,PIA,2,HARD,26,53,26,9.6,87.075
2024,3,PIA,2,HARD,27,54,27,7.8,87.205
2024,3,PIA,2,HARD,28,55,28,6.0,87.323
2024,3,PER,1,MEDIUM,1,1,1,103.2,87.015
2024,3,PER,1,MEDIUM,2,2,2,101.4,87.1
2024,3,PER,1,MEDIUM,3,3,3,99.6,87.158
2024,3,PER,1,MEDIUM,4,4,4,97.8,87.144
2024,3,PER,1,MEDIUM,5,5,5,96.0,87.203
2024,3,PER,1,MEDIUM,6,6,6,94.2,87.183
2024,3,PER,1,MEDIUM,7,7,7,92.4,87.109
2024,3,PER,1,MEDIUM,8,8,8,90.6,87.137
2024,3,PER,1,MEDIUM,9,9,9,88.8,87.413
2024,3,PER,1,MEDIUM,10,10,10,87.0,87.288
2024,3,PER,1,MEDIUM,11,11,11,85.2,87.44
2024,3,PER,1,MEDIUM,12,12,12,83.4,87.361
2024,3,PER,1,MEDIUM,13,13,13,81.6,87.345
2024,3,PER,1,MEDIUM,14,14,14,79.8,87.519
2024,3,PER,1,MEDIUM,15,15,15,78.0,87.501
2024,3,PER,1,MEDIUM,16,16,16,76.2,87.522
2024,3,PER,1,MEDIUM,17,17,17,74.4,87.631
2024,3,PER,1,MEDIUM,18,18,18,72.6,87.72
2024,3,PER,1,MEDIUM,19,19,19,70.8,87.747
2024,3,PER,1,MEDIUM,20,20,20,69.0,87.842
2024,3,PER,1,MEDIUM,21,21,21,67.2,88.052
2024,3,PER,1,MEDIUM,22,22,22,65.4,87.7
2024,3,PER,1,MEDIUM,23,23,23,63.6,87.881
2024,3,PER,1,MEDIUM,24,24,24,61.8,88.116
2024,3,PER,1,MEDIUM,25,25,25,60.0,88.046
2024,3,PER,1,MEDIUM,26,26,26,58.2,88.104
2024,3,PER,1,MEDIUM,27,27,27,56.4,88.233
2024,3,PER,2,HARD,1,28,1,54.6,86.104
2024,3,PER,2,HARD,2,29,2,52.8,86.177
2024,3,PER,2,HARD,3,30,3,51.0,86.192
2024,3,PER,2,HARD,4,31,4,49.2,86.117
2024,3,PER,2,HARD,5,32,5,47.4,86.192
2024,3,PER,2,HARD,6,33,6,45.6,86.354
2024,3,PER,2,HARD,7,34,7,43.8,86.27
2024,3,PER,2,HARD,8,35,8,42.0,86.236
2024,3,PER,2,HARD,9,36,9,40.2,86.53
2024,3,PER,2,HARD,10,37,10,38.4,86.579
2024,3,PER,2,HARD,11,38,11,36.6,86.562
2024,3,PER,2,HARD,12,39,12,34.8,86.602
2024,3,PER,2,HARD,13,40,13,33.0,86.675
2024,3,PER,2,HARD,14,41,14,31.2,86.64
2024,3,PER,2,HARD,15,42,15,29.4,86.614
2024,3,PER,2,HARD,16,43,16,27.6,86.793
2024,3,PER,2,HARD,17,44,17,25.8,86.725
2024,3,PER,2,HARD,18,45,18,24.0,86.941
2024,3,PER,2,HARD,19,46,19,22.2,86.885
2024,3,PER,2,HARD,20,47,20,20.4,86.946
2024,3,PER,2,HARD,21,48,21,18.6,86.926
2024,3,PER,2,HARD,22,49,22,16.8,86.967
2024,3,PER,2,HARD,23,50,23,15.0,86.971
2024,3,PER,2,HARD,24,51,24,13.2,87.198
2024,3,PER,2,HARD,25,52,25,11.4,87.28
2024,3,PER,2,HARD,26,53,26,9.6,87.231
2024,3,PER,2,HARD,27,54,27,7.8,87.293
2024,3,PER,2,HARD,28,55,28,6.0,87.292
2024,3,STR,1,MEDIUM,1,1,1,103.2,87.261
2024,3,STR,1,MEDIUM,2,2,2,101.4,87.231
2024,3,STR,1,MEDIUM,3,3,3,99.6,87.295
2024,3,STR,1,MEDIUM,4,4,4,97.8,87.257
2024,3,STR,1,MEDIUM,5,5,5,96.0,87.465
2024,3,STR,1,MEDIUM,6,6,6,94.2,87.348
2024,3,STR,1,MEDIUM,7,7,7,92.4,87.425
2024,3,STR,1,MEDIUM,8,8,8,90.6,87.455
2024,3,STR,1,MEDIUM,9,9,9,88.8,87.53
2024,3,STR,1,MEDIUM,10,10,10,87.0,87.644
2024,3,STR,1,MEDIUM,11,11,11,85.2,87.568
2024,3,STR,1,MEDIUM,12,12,12,83.4,87.706
2024,3,STR,1,MEDIUM,13,13,13,81.6,87.668
2024,3,STR,1,MEDIUM,14,14,14,79.8,87.74
2024,3,STR,1,MEDIUM,15,15,15,78.0,87.782
2024,3,STR,1,MEDIUM,16,16,16,76.2,87.907
2024,3,STR,1,MEDIUM,17,17,17,74.4,87.815
2024,3,STR,1,MEDIUM,18,18,18,72.6,87.85
2024,3,STR,1,MEDIUM,19,19,19,70.8,88.015
2024,3,STR,1,MEDIUM,20,20,20,69.0,88.171
2024,3,STR,1,MEDIUM,21,21,21,67.2,88.135
2024,3,STR,1,MEDIUM,22,22,22,65.4,88.171
2024,3,STR,1,MEDIUM,23,23,23,63.6,88.351
2024,3,STR,1,MEDIUM,24,24,24,61.8,88.279
2024,3,STR,1,MEDIUM,25,25,25,60.0,88.341
2024,3,STR,1,MEDIUM,26,26,26,58.2,88.33
2024,3,STR,1,MEDIUM,27,27,27,56.4,88.487
2024,3,STR,2,HARD,1,28,1,54.6,86.45
2024,3,STR,2,HARD,2,29,2,52.8,86.315
2024,3,STR,2,HARD,3,30,3,51.0,86.44
2024,3,STR,2,HARD,4,31,4,49.2,86.36
2024,3,STR,2,HARD,5,32,5,47.4,86.396
2024,3,STR,2,HARD,6,33,6,45.6,86.365
2024,3,STR,2,HARD,7,34,7,43.8,86.449
2024,3,STR,2,HARD,8,35,8,42.0,86.432
2024,3,STR,2,HARD,9,36,9,40.2,86.71
2024,3,STR,2,HARD,10,37,10,38.4,86.804
2024,3,STR,2,HARD,11,38,11,36.6,86.699
2024,3,STR,2,HARD,12,39,12,34.8,86.836
2024,3,STR,2,HARD,13,40,13,33.0,86.763
2024,3,STR,2,HARD,14,41,14,31.2,86.813
2024,3,STR,2,HARD,15,42,15,29.4,86.958
2024,3,STR,2,HARD,16,43,16,27.6,87.082
2024,3,STR,2,HARD,17,44,17,25.8,87.039
2024,3,STR,2,HARD,18,45,18,24.0,86.961
2024,3,STR,2,HARD,19,46,19,22.2,87.039
2024,3,STR,2,HARD,20,47,20,20.4,87.065
2024,3,STR,2,HARD,21,48,21,18.6,87.221
2024,3,STR,2,HARD,22,49,22,16.8,87.489
2024,3,STR,2,HARD,23,50,23,15.0,87.462
2024,3,STR,2,HARD,24,51,24,13.2,87.399
2024,3,STR,2,HARD,25,52,25,11.4,87.601
2024,3,STR,2,HARD,26,53,26,9.6,87.546
2024,3,STR,2,HARD,27,54,27,7.8,87.441
2024,3,STR,2,HARD,28,55,28,6.0,87.66
2024,4,VER,1,MEDIUM,1,1,1,103.2,86.531
2024,4,VER,1,MEDIUM,2,2,2,101.4,86.468
2024,4,VER,1,MEDIUM,3,3,3,99.6,86.775
2024,4,VER,1,MEDIUM,4,4,4,97.8,86.775
2024,4,VER,1,MEDIUM,5,5,5,96.0,86.746
2024,4,VER,1,MEDIUM,6,6,6,94.2,86.872
2024,4,VER,1,MEDIUM,7,7,7,92.4,86.826
2024,4,VER,1,MEDIUM,8,8,8,90.6,86.857
2024,4,VER,1,MEDIUM,9,9,9,88.8,87.048
2024,4,VER,1,MEDIUM,10,10,10,87.0,86.98
2024,4,VER,1,MEDIUM,11,11,11,85.2,86.977
2024,4,VER,1,MEDIUM,12,12,12,83.4,86.941
2024,4,VER,1,MEDIUM,13,13,13,81.6,87.081
2024,4,VER,1,MEDIUM,14,14,14,79.8,87.104
2024,4,VER,1,MEDIUM,15,15,15,78.0,87.097
2024,4,VER,1,MEDIUM,16,16,16,76.2,87.171
2024,4,VER,1,MEDIUM,17,17,17,74.4,87.162
2024,4,VER,1,MEDIUM,18,18,18,72.6,87.262
2024,4,VER,1,MEDIUM,19,19,19,70.8,87.408
2024,4,VER,1,MEDIUM,20,20,20,69.0,87.564
2024,4,VER,1,MEDIUM,21,21,21,67.2,87.555
2024,4,VER,1,MEDIUM,22,22,22,65.4,87.657
2024,4,VER,1,MEDIUM,23,23,23,63.6,87.607
2024,4,VER,1,MEDIUM,24,24,24,61.8,87.646
2024,4,VER,1,MEDIUM,25,25,25,60.0,87.733
2024,4,VER,1,MEDIUM,26,26,26,58.2,87.635
2024,4,VER,2,HARD,1,27,1,56.4,85.808
2024,4,VER,2,HARD,2,28,2,54.6,85.81
2024,4,VER,2,HARD,3,29,3,52.8,85.909
2024,4,VER,2,HARD,4,30,4,51.0,85.941
2024,4,VER,2,HARD,5,31,5,49.2,85.858
2024,4,VER,2,HARD,6,32,6,47.4,85.982
2024,4,VER,2,HARD,7,33,7,45.6,85.94
2024,4,VER,2,HARD,8,34,8,43.8,85.991
2024,4,VER,2,HARD,9,35,9,42.0,85.986
2024,4,VER,2,HARD,10,36,10,40.2,86.001
2024,4,VER,2,HARD,11,37,11,38.4,86.04
2024,4,VER,2,HARD,12,38,12,36.6,86.289
2024,4,VER,2,HARD,13,39,13,34.8,86.122
2024,4,VER,2,HARD,14,40,14,33.0,86.203
2024,4,VER,2,HARD,15,41,15,31.2,86.432
2024,4,VER,2,HARD,16,42,16,29.4,86.207
2024,4,VER,2,HARD,17,43,17,27.6,86.468
2024,4,VER,2,HARD,18,44,18,25.8,86.518
2024,4,VER,2,HARD,19,45,19,24.0,86.553
2024,4,VER,2,HARD,20,46,20,22.2,86.446
2024,4,VER,2,HARD,21,47,21,20.4,86.571
2024,4,VER,2,HARD,22,48,22,18.6,86.724
2024,4,VER,2,HARD,23,49,23,16.8,86.615
2024,4,VER,2,HARD,24,50,24,15.0,86.673
2024,4,VER,2,HARD,25,51,25,13.2,86.756
2024,4,VER,2,HARD,26,52,26,11.4,86.939
2024,4,VER,2,HARD,27,53,27,9.6,86.908
2024,4,PER,1,MEDIUM,1,1,1,103.2,86.739
2024,4,PER,1,MEDIUM,2,2,2,101.4,86.807
2024,4,PER,1,MEDIUM,3,3,3,99.6,86.699
2024,4,PER,1,MEDIUM,4,4,4,97.8,86.757
2024,4,PER,1,MEDIUM,5,5,5,96.0,86.745
2024,4,PER,1,MEDIUM,6,6,6,94.2,86.804
2024,4,PER,1,MEDIUM,7,7,7,92.4,86.895
2024,4,PER,1,MEDIUM,8,8,8,90.6,86.9
2024,4,PER,1,MEDIUM,9,9,9,88.8,86.871
2024,4,PER,1,MEDIUM,10,10,10,87.0,87.004
2024,4,PER,1,MEDIUM,11,11,11,85.2,86.971
2024,4,PER,1,MEDIUM,12,12,12,83.4,87.123
2024,4,PER,1,MEDIUM,13,13,13,81.6,87.11
2024,4,PER,1,MEDIUM,14,14,14,79.8,87.16
2024,4,PER,1,MEDIUM,15,15,15,78.0,87.275
2024,4,PER,1,MEDIUM,16,16,16,76.2,87.335
2024,4,PER,1,MEDIUM,17,17,17,74.4,87.208
2024,4,PER,1,MEDIUM,18,18,18,72.6,87.552
2024,4,PER,1,MEDIUM,19,19,19,70.8,87.497
2024,4,PER,1,MEDIUM,20,20,20,69.0,87.496
2024,4,PER,1,MEDIUM,21,21,21,67.2,87.482
2024,4,PER,1,MEDIUM,22,22,22,65.4,87.513
2024,4,PER,1,MEDIUM,23,23,23,63.6,87.737
2024,4,PER,1,MEDIUM,24,24,24,61.8,87.715
2024,4,PER,1,MEDIUM,25,25,25,60.0,87.686
2024,4,PER,1,MEDIUM,26,26,26,58.2,87.73
2024,4,PER,2,HARD,1,27,1,56.4,86.026
2024,4,PER,2,HARD,2,28,2,54.6,86.023
2024,4,PER,2,HARD,3,29,3,52.8,85.835
2024,4,PER,2,HARD,4,30,4,51.0,85.911
2024,4,PER,2,HARD,5,31,5,49.2,86.028
2024,4,PER,2,HARD,6,32,6,47.4,86.083
2024,4,PER,2,HARD,7,33,7,45.6,86.082
2024,4,PER,2,HARD,8,34,8,43.8,86.138
2024,4,PER,2,HARD,9,35,9,42.0,86.081
2024,4,PER,2,HARD,10,36,10,40.2,86.052
2024,4,PER,2,HARD,11,37,11,38.4,86.305
2024,4,PER,2,HARD,12,38,12,36.6,86.205
2024,4,PER,2,HARD,13,39,13,34.8,86.316
2024,4,PER,2,HARD,14,40,14,33.0,86.343
2024,4,PER,2,HARD,15,41,15,31.2,86.399
2024,4,PER,2,HARD,16,42,16,29.4,86.441
2024,4,PER,2,HARD,17,43,17,27.6,86.416
2024,4,PER,2,HARD,18,44,18,25.8,86.566
2024,4,PER,2,HARD,19,45,19,24.0,86.662
2024,4,PER,2,HARD,20,46,20,22.2,86.616
2024,4,PER,2,HARD,21,47,21,20.4,86.773
2024,4,PER,2,HARD,22,48,22,18.6,86.608
2024,4,PER,2,HARD,23,49,23,16.8,86.698
2024,4,PER,2,HARD,24,50,24,15.0,86.767
2024,4,PER,2,HARD,25,51,25,13.2,86.806
2024,4,PER,2,HARD,26,52,26,11.4,86.918
2024,4,PER,2,HARD,27,53,27,9.6,86.852
2024,4,NOR,1,MEDIUM,1,1,1,103.2,86.702
2024,4,NOR,1,MEDIUM,2,2,2,101.4,86.744
2024,4,NOR,1,MEDIUM,3,3,3,99.6,86.869
2024,4,NOR,1,MEDIUM,4,4,4,97.8,86.831
2024,4,NOR,1,MEDIUM,5,5,5,96.0,86.83
2024,4,NOR,1,MEDIUM,6,6,6,94.2,86.916
2024,4,NOR,1,MEDIUM,7,7,7,92.4,86.874
2024,4,NOR,1,MEDIUM,8,8,8,90.6,86.94
2024,4,NOR,1,MEDIUM,9,9,9,88.8,87.068
2024,4,NOR,1,MEDIUM,10,10,10,87.0,86.986
2024,4,NOR,1,MEDIUM,11,11,11,85.2,87.149
2024,4,NOR,1,MEDIUM,12,12,12,83.4,87.331
2024,4,NOR,1,MEDIUM,13,13,13,81.6,87.336
2024,4,NOR,1,MEDIUM,14,14,14,79.8,87.207
2024,4,NOR,1,MEDIUM,15,15,15,78.0,87.324
2024,4,NOR,1,MEDIUM,16,16,16,76.2,87.425
2024,4,NOR,1,MEDIUM,17,17,17,74.4,87.481
2024,4,NOR,1,MEDIUM,18,18,18,72.6,87.486
2024,4,NOR,1,MEDIUM,19,19,19,70.8,87.593
2024,4,NOR,1,MEDIUM,20,20,20,69.0,87.542
2024,4,NOR,1,MEDIUM,21,21,21,67.2,87.672
2024,4,NOR,1,MEDIUM,22,22,22,65.4,87.668
2024,4,NOR,1,MEDIUM,23,23,23,63.6,87.665
2024,4,NOR,1,MEDIUM,24,24,24,61.8,87.75
2024,4,NOR,1,MEDIUM,25,25,25,60.0,87.728
2024,4,NOR,1,MEDIUM,26,26,26,58.2,87.786
2024,4,NOR,2,HARD,1,27,1,56.4,85.797
2024,4,NOR,2,HARD,2,28,2,54.6,86.082
2024,4,NOR,2,HARD,3,29,3,52.8,85.944
2024,4,NOR,2,HARD,4,30,4,51.0,85.918
2024,4,NOR,2,HARD,5,31,5,49.2,85.981
2024,4,NOR,2,HARD,6,32,6,47.4,86.046
2024,4,NOR,2,HARD,7,33,7,45.6,86.065
2024,4,NOR,2,HARD,8,34,8,43.8,86.154
2024,4,NOR,2,HARD,9,35,9,42.0,86.162
2024,4,NOR,2,HARD,10,36,10,40.2,86.166
2024,4,NOR,2,HARD,11,37,11,38.4,86.258
2024,4,NOR,2,HARD,12,38,12,36.6,86.238
2024,4,NOR,2,HARD,13,39,13,34.8,86.425
2024,4,NOR,2,HARD,14,40,14,33.0,86.365
2024,4,NOR,2,HARD,15,41,15,31.2,86.585
2024,4,NOR,2,HARD,16,42,16,29.4,86.58
2024,4,NOR,2,HARD,17,43,17,27.6,86.74
2024,4,NOR,2,HARD,18,44,18,25.8,86.655
2024,4,NOR,2,HARD,19,45,19,24.0,86.619
2024,4,NOR,2,HARD,20,46,20,22.2,86.702
2024,4,NOR,2,HARD,21,47,21,20.4,86.833
2024,4,NOR,2,HARD,22,48,22,18.6,86.896
2024,4,NOR,2,HARD,23,49,23,16.8,86.904
2024,4,NOR,2,HARD,24,50,24,15.0,86.883
2024,4,NOR,2,HARD,25,51,25,13.2,86.887
2024,4,NOR,2,HARD,26,52,26,11.4,87.043
2024,4,NOR,2,HARD,27,53,27,9.6,87.183
2024,4,SAI,1,MEDIUM,1,1,1,103.2,86.837
2024,4,SAI,1,MEDIUM,2,2,2,101.4,86.898
2024,4,SAI,1,MEDIUM,3,3,3,99.6,86.936
2024,4,SAI,1,MEDIUM,4,4,4,97.8,86.934
2024,4,SAI,1,MEDIUM,5,5,5,96.0,86.946
2024,4,SAI,1,MEDIUM,6,6,6,94.2,87.102
2024,4,SAI,1,MEDIUM,7,7,7,92.4,86.94
2024,4,SAI,1,MEDIUM,8,8,8,90.6,86.991
2024,4,SAI,1,MEDIUM,9,9,9,88.8,87.316
2024,4,SAI,1,MEDIUM,10,10,10,87.0,87.099
2024,4,SAI,1,MEDIUM,11,11,11,85.2,87.31
2024,4,SAI,1,MEDIUM,12,12,12,83.4,87.316
2024,4,SAI,1,MEDIUM,13,13,13,81.6,87.19
2024,4,SAI,1,MEDIUM,14,14,14,79.8,87.367
2024,4,SAI,1,MEDIUM,15,15,15,78.0,87.715
2024,4,SAI,1,MEDIUM,16,16,16,76.2,87.36
2024,4,SAI,1,MEDIUM,17,17,17,74.4,87.643
2024,4,SAI,1,MEDIUM,18,18,18,72.6,87.524
2024,4,SAI,1,MEDIUM,19,19,19,70.8,87.59
2024,4,SAI,1,MEDIUM,20,20,20,69.0,87.712
2024,4,SAI,1,MEDIUM,21,21,21,67.2,87.815
2024,4,SAI,1,MEDIUM,22,22,22,65.4,87.683
2024,4,SAI,1,MEDIUM,23,23,23,63.6,87.798
2024,4,SAI,1,MEDIUM,24,24,24,61.8,87.821
2024,4,SAI,1,MEDIUM,25,25,25,60.0,88.051
2024,4,SAI,1,MEDIUM,26,26,26,58.2,87.999
2024,4,SAI,2,HARD,1,27,1,56.4,85.875
2024,4,SAI,2,HARD,2,28,2,54.6,86.012
2024,4,SAI,2,HARD,3,29,3,52.8,85.994
2024,4,SAI,2,HARD,4,30,4,51.0,86.136
2024,4,SAI,2,HARD,5,31,5,49.2,86.029
2024,4,SAI,2,HARD,6,32,6,47.4,86.111
2024,4,SAI,2,HARD,7,33,7,45.6,86.092
2024,4,SAI,2,HARD,8,34,8,43.8,86.189
2024,4,SAI,2,HARD,9,35,9,42.0,86.222
2024,4,SAI,2,HARD,10,36,10,40.2,86.227
2024,4,SAI,2,HARD,11,37,11,38.4,86.321
2024,4,SAI,2,HARD,12,38,12,36.6,86.377
2024,4,SAI,2,HARD,13,39,13,34.8,86.51
2024,4,SAI,2,HARD,14,40,14,33.0,86.614
2024,4,SAI,2,HARD,15,41,15,31.2,86.475
2024,4,SAI,2,HARD,16,42,16,29.4,86.631
2024,4,SAI,2,HARD,17,43,17,27.6,86.67
2024,4,SAI,2,HARD,18,44,18,25.8,86.698
2024,4,SAI,2,HARD,19,45,19,24.0,86.746
2024,4,SAI,2,HARD,20,46,20,22.2,86.74
2024,4,SAI,2,HARD,21,47,21,20.4,86.903
2024,4,SAI,2,HARD,22,48,22,18.6,86.945
2024,4,SAI,2,HARD,23,49,23,16.8,87.042
2024,4,SAI,2,HARD,24,50,24,15.0,86.873
2024,4,SAI,2,HARD,25,51,25,13.2,86.92
2024,4,SAI,2,HARD,26,52,26,11.4,87.156
2024,4,SAI,2,HARD,27,53,27,9.6,87.174
2024,4,ALO,1,MEDIUM,1,1,1,103.2,86.986
2024,4,ALO,1,MEDIUM,2,2,2,101.4,86.97
2024,4,ALO,1,MEDIUM,3,3,3,99.6,87.097
2024,4,ALO,1,MEDIUM,4,4,4,97.8,86.922
2024,4,ALO,1,MEDIUM,5,5,5,96.0,87.077
2024,4,ALO,1,MEDIUM,6,6,6,94.2,87.001
2024,4,ALO,1,MEDIUM,7,7,7,92.4,87.052
2024,4,ALO,1,MEDIUM,8,8,8,90.6,87.23
2024,4,ALO,1,MEDIUM,9,9,9,88.8,87.147
2024,4,ALO,1,MEDIUM,10,10,10,87.0,87.187
2024,4,ALO,1,MEDIUM,11,11,11,85.2,87.322
2024,4,ALO,1,MEDIUM,12,12,12,83.4,87.297
2024,4,ALO,1,MEDIUM,13,13,13,81.6,87.469
2024,4,ALO,1,MEDIUM,14,14,14,79.8,87.322
2024,4,ALO,1,MEDIUM,15,15,15,78.0,87.418
2024,4,ALO,1,MEDIUM,16,16,16,76.2,87.497
2024,4,ALO,1,MEDIUM,17,17,17,74.4,87.694
2024,4,ALO,1,MEDIUM,18,18,18,72.6,87.765
2024,4,ALO,1,MEDIUM,19,19,19,70.8,87.723
2024,4,ALO,1,MEDIUM,20,20,20,69.0,87.632
2024,4,ALO,1,MEDIUM,21,21,21,67.2,87.788
2024,4,ALO,1,MEDIUM,22,22,22,65.4,87.893
2024,4,ALO,1,MEDIUM,23,23,23,63.6,87.831
2024,4,ALO,1,MEDIUM,24,24,24,61.8,87.852
2024,4,ALO,1,MEDIUM,25,25,25,60.0,88.033
2024,4,ALO,1,MEDIUM,26,26,26,58.2,88.067
2024,4,ALO,2,HARD,1,27,1,56.4,86.199
2024,4,ALO,2,HARD,2,28,2,54.6,86.035
2024,4,ALO,2,HARD,3,29,3,52.8,86.082
2024,4,ALO,2,HARD,4,30,4,51.0,86.085
2024,4,ALO,2,HARD,5,31,5,49.2,86.191
2024,4,ALO,2,HARD,6,32,6,47.4,86.36
2024,4,ALO,2,HARD,7,33,7,45.6,86.216
2024,4,ALO,2,HARD,8,34,8,43.8,86.113
2024,4,ALO,2,HARD,9,35,9,42.0,86.379
2024,4,ALO,2,HARD,10,36,10,40.2,86.419
2024,4,ALO,2,HARD,11,37,11,38.4,86.414
2024,4,ALO,2,HARD,12,38,12,36.6,86.416
2024,4,ALO,2,HARD,13,39,13,34.8,86.454
2024,4,ALO,2,HARD,14,40,14,33.0,86.516
2024,4,ALO,2,HARD,15,41,15,31.2,86.594
2024,4,ALO,2,HARD,16,42,16,29.4,86.545
2024,4,ALO,2,HARD,17,43,17,27.6,86.73
2024,4,ALO,2,HARD,18,44,18,25.8,86.77
2024,4,ALO,2,HARD,19,45,19,24.0,86.814
2024,4,ALO,2,HARD,20,46,20,22.2,86.992
2024,4,ALO,2,HARD,21,47,21,20.4,87.081
2024,4,ALO,2,HARD,22,48,22,18.6,86.864
2024,4,ALO,2,HARD,23,49,23,16.8,87.101
2024,4,ALO,2,HARD,24,50,24,15.0,87.145
2024,4,ALO,2,HARD,25,51,25,13.2,87.142
2024,4,ALO,2,HARD,26,52,26,11.4,87.2
2024,4,ALO,2,HARD,27,53,27,9.6,87.246
2024,4,LEC,1,MEDIUM,1,1,1,103.2,87.019
2024,4,LEC,1,MEDIUM,2,2,2,101.4,87.275
2024,4,LEC,1,MEDIUM,3,3,3,99.6,87.293
2024,4,LEC,1,MEDIUM,4,4,4,97.8,87.235
2024,4,LEC,1,MEDIUM,5,5,5,96.0,87.249
2024,4,LEC,1,MEDIUM,6,6,6,94.2,87.284
2024,4,LEC,1,MEDIUM,7,7,7,92.4,87.318
2024,4,LEC,1,MEDIUM,8,8,8,90.6,87.374
2024,4,LEC,1,MEDIUM,9,9,9,88.8,87.533
2024,4,LEC,1,MEDIUM,10,10,10,87.0,87.649
2024,4,LEC,1,MEDIUM,11,11,11,85.2,87.619
2024,4,LEC,1,MEDIUM,12,12,12,83.4,87.527
2024,4,LEC,1,MEDIUM,13,13,13,81.6,87.485
2024,4,LEC,1,MEDIUM,14,14,14,79.8,87.585
2024,4,LEC,1,MEDIUM,15,15,15,78.0,87.939
2024,4,LEC,1,MEDIUM,16,16,16,76.2,87.763
2024,4,LEC,1,MEDIUM,17,17,17,74.4,87.863
2024,4,LEC,1,MEDIUM,18,18,18,72.6,87.953
2024,4,LEC,1,MEDIUM,19,19,19,70.8,87.818
2024,4,LEC,1,MEDIUM,20,20,20,69.0,88.071
2024,4,LEC,1,MEDIUM,21,21,21,67.2,88.09
2024,4,LEC,1,MEDIUM,22,22,22,65.4,87.986
2024,4,LEC,1,MEDIUM,23,23,23,63.6,88.143
2024,4,LEC,1,MEDIUM,24,24,24,61.8,88.172
2024,4,LEC,1,MEDIUM,25,25,25,60.0,88.312
2024,4,LEC,1,MEDIUM,26,26,26,58.2,88.181
2024,4,LEC,2,HARD,1,27,1,56.4,86.247
2024,4,LEC,2,HARD,2,28,2,54.6,86.472
2024,4,LEC,2,HARD,3,29,3,52.8,86.316
2024,4,LEC,2,HARD,4,30,4,51.0,86.459
2024,4,LEC,2,HARD,5,31,5,49.2,86.366
2024,4,LEC,2,HARD,6,32,6,47.4,86.557
2024,4,LEC,2,HARD,7,33,7,45.6,86.516
2024,4,LEC,2,HARD,8,34,8,43.8,86.461
2024,4,LEC,2,HARD,9,35,9,42.0,86.594
2024,4,LEC,2,HARD,10,36,10,40.2,86.498
2024,4,LEC,2,HARD,11,37,11,38.4,86.68
2024,4,LEC,2,HARD,12,38,12,36.6,86.775
2024,4,LEC,2,HARD,13,39,13,34.8,86.773
2024,4,LEC,2,HARD,14,40,14,33.0,86.714
2024,4,LEC,2,HARD,15,41,15,31.2,86.914
2024,4,LEC,2,HARD,16,42,16,29.4,87.025
2024,4,LEC,2,HARD,17,43,17,27.6,87.024
2024,4,LEC,2,HARD,18,44,18,25.8,87.132
2024,4,LEC,2,HARD,19,45,19,24.0,87.072
2024,4,LEC,2,HARD,20,46,20,22.2,87.099
2024,4,LEC,2,HARD,21,47,21,20.4,87.166
2024,4,LEC,2,HARD,22,48,22,18.6,87.359
2024,4,LEC,2,HARD,23,49,23,16.8,87.172
2024,4,LEC,2,HARD,24,50,24,15.0,87.352
2024,4,LEC,2,HARD,25,51,25,13.2,87.321
2024,4,LEC,2,HARD,26,52,26,11.4,87.352
2024,4,LEC,2,HARD,27,53,27,9.6,87.484
2024,5,VER,1,MEDIUM,1,1,1,103.2,86.638
2024,5,VER,1,MEDIUM,2,2,2,101.4,86.507
2024,5,VER,1,MEDIUM,3,3,3,99.6,86.715
2024,5,VER,1,MEDIUM,4,4,4,97.8,86.708
2024,5,VER,1,MEDIUM,5,5,5,96.0,86.697
2024,5,VER,1,MEDIUM,6,6,6,94.2,86.694
2024,5,VER,1,MEDIUM,7,7,7,92.4,86.923
2024,5,VER,1,MEDIUM,8,8,8,90.6,86.964
2024,5,VER,1,MEDIUM,9,9,9,88.8,86.914
2024,5,VER,1,MEDIUM,10,10,10,87.0,86.784
2024,5,VER,1,MEDIUM,11,11,11,85.2,87.082
2024,5,VER,1,MEDIUM,12,12,12,83.4,87.097
2024,5,VER,1,MEDIUM,13,13,13,81.6,87.167
2024,5,VER,1,MEDIUM,14,14,14,79.8,87.036
2024,5,VER,1,MEDIUM,15,15,15,78.0,87.238
2024,5,VER,1,MEDIUM,16,16,16,76.2,87.293
2024,5,VER,1,MEDIUM,17,17,17,74.4,87.266
2024,5,VER,1,MEDIUM,18,18,18,72.6,87.15
2024,5,VER,1,MEDIUM,19,19,19,70.8,87.348
2024,5,VER,1,MEDIUM,20,20,20,69.0,87.369
2024,5,VER,1,MEDIUM,21,21,21,67.2,87.491
2024,5,VER,1,MEDIUM,22,22,22,65.4,87.583
2024,5,VER,1,MEDIUM,23,23,23,63.6,87.593
2024,5,VER,1,MEDIUM,24,24,24,61.8,87.568
2024,5,VER,1,MEDIUM,25,25,25,60.0,87.675
2024,5,VER,1,MEDIUM,26,26,26,58.2,87.635
2024,5,VER,1,MEDIUM,27,27,27,56.4,87.772
2024,5,VER,2,HARD,1,28,1,54.6,85.825
2024,5,VER,2,HARD,2,29,2,52.8,85.795
2024,5,VER,2,HARD,3,30,3,51.0,85.853
2024,5,VER,2,HARD,4,31,4,49.2,85.665
2024,5,VER,2,HARD,5,32,5,47.4,85.917
2024,5,VER,2,HARD,6,33,6,45.6,85.954
2024,5,VER,2,HARD,7,34,7,43.8,85.934
2024,5,VER,2,HARD,8,35,8,42.0,86.009
2024,5,VER,2,HARD,9,36,9,40.2,85.893
2024,5,VER,2,HARD,10,37,10,38.4,86.0
2024,5,VER,2,HARD,11,38,11,36.6,86.012
2024,5,VER,2,HARD,12,39,12,34.8,86.086
2024,5,VER,2,HARD,13,40,13,33.0,86.132
2024,5,VER,2,HARD,14,41,14,31.2,86.245
2024,5,VER,2,HARD,15,42,15,29.4,86.339
2024,5,VER,2,HARD,16,43,16,27.6,86.296
2024,5,VER,2,HARD,17,44,17,25.8,86.303
2024,5,VER,2,HARD,18,45,18,24.0,86.434
2024,5,VER,2,HARD,19,46,19,22.2,86.536
2024,5,VER,2,HARD,20,47,20,20.4,86.595
2024,5,VER,2,HARD,21,48,21,18.6,86.568
2024,5,VER,2,HARD,22,49,22,16.8,86.388
2024,5,VER,2,HARD,23,50,23,15.0,86.719
2024,5,VER,2,HARD,24,51,24,13.2,86.783
2024,5,VER,2,HARD,25,52,25,11.4,86.733
2024,5,VER,2,HARD,26,53,26,9.6,86.788
2024,5,VER,2,HARD,27,54,27,7.8,86.925
2024,5,VER,2,HARD,28,55,28,6.0,86.905
2024,5,PER,1,MEDIUM,1,1,1,103.2,86.748
2024,5,PER,1,MEDIUM,2,2,2,101.4,86.752
2024,5,PER,1,MEDIUM,3,3,3,99.6,86.861
2024,5,PER,1,MEDIUM,4,4,4,97.8,86.739
2024,5,PER,1,MEDIUM,5,5,5,96.0,86.829
2024,5,PER,1,MEDIUM,6,6,6,94.2,86.845
2024,5,PER,1,MEDIUM,7,7,7,92.4,86.941
2024,5,PER,1,MEDIUM,8,8,8,90.6,86.863
2024,5,PER,1,MEDIUM,9,9,9,88.8,86.963
2024,5,PER,1,MEDIUM,10,10,10,87.0,87.082
2024,5,PER,1,MEDIUM,11,11,11,85.2,87.151
2024,5,PER,1,MEDIUM,12,12,12,83.4,87.102
2024,5,PER,1,MEDIUM,13,13,13,81.6,87.142
2024,5,PER,1,MEDIUM,14,14,14,79.8,87.178
2024,5,PER,1,MEDIUM,15,15,15,78.0,87.365
2024,5,PER,1,MEDIUM,16,16,16,76.2,87.297
2024,5,PER,1,MEDIUM,17,17,17,74.4,87.288
2024,5,PER,1,MEDIUM,18,18,18,72.6,87.475
2024,5,PER,1,MEDIUM,19,19,19,70.8,87.446
2024,5,PER,1,MEDIUM,20,20,20,69.0,87.517
2024,5,PER,1,MEDIUM,21,21,21,67.2,87.471
2024,5,PER,1,MEDIUM,22,22,22,65.4,87.544
2024,5,PER,1,MEDIUM,23,23,23,63.6,87.555
2024,5,PER,1,MEDIUM,24,24,24,61.8,87.665
2024,5,PER,1,MEDIUM,25,25,25,60.0,87.786
2024,5,PER,1,MEDIUM,26,26,26,58.2,87.715
2024,5,PER,1,MEDIUM,27,27,27,56.4,87.971
2024,5,PER,2,HARD,1,28,1,54.6,85.73
2024,5,PER,2,HARD,2,29,2,52.8,85.823
2024,5,PER,2,HARD,3,30,3,51.0,85.835
2024,5,PER,2,HARD,4,31,4,49.2,85.893
2024,5,PER,2,HARD,5,32,5,47.4,85.966
2024,5,PER,2,HARD,6,33,6,45.6,85.902
2024,5,PER,2,HARD,7,34,7,43.8,86.009
2024,5,PER,2,HARD,8,35,8,42.0,86.109
2024,5,PER,2,HARD,9,36,9,40.2,86.062
2024,5,PER,2,HARD,10,37,10,38.4,86.181
2024,5,PER,2,HARD,11,38,11,36.6,86.087
2024,5,PER,2,HARD,12,39,12,34.8,86.286
2024,5,PER,2,HARD,13,40,13,33.0,86.358
2024,5,PER,2,HARD,14,41,14,31.2,86.204
2024,5,PER,2,HARD,15,42,15,29.4,86.26
2024,5,PER,2,HARD,16,43,16,27.6,86.358
2024,5,PER,2,HARD,17,44,17,25.8,86.549
2024,5,PER,2,HARD,18,45,18,24.0,86.64
2024,5,PER,2,HARD,19,46,19,22.2,86.345
2024,5,PER,2,HARD,20,47,20,20.4,86.62
2024,5,PER,2,HARD,21,48,21,18.6,86.703
2024,5,PER,2,HARD,22,49,22,16.8,86.652
2024,5,PER,2,HARD,23,50,23,15.0,86.531
2024,5,PER,2,HARD,24,51,24,13.2,86.835
2024,5,PER,2,HARD,25,52,25,11.4,86.952
2024,5,PER,2,HARD,26,53,26,9.6,86.842
2024,5,PER,2,HARD,27,54,27,7.8,86.87
2024,5,PER,2,HARD,28,55,28,6.0,87.04
2024,5,NOR,1,MEDIUM,1,1,1,103.2,86.898
2024,5,NOR,1,MEDIUM,2,2,2,101.4,86.838
2024,5,NOR,1,MEDIUM,3,3,3,99.6,86.873
2024,5,NOR,1,MEDIUM,4,4,4,97.8,86.75
2024,5,NOR,1,MEDIUM,5,5,5,96.0,86.897
2024,5,NOR,1,MEDIUM,6,6,6,94.2,86.954
2024,5,NOR,1,MEDIUM,7,7,7,92.4,86.952
2024,5,NOR,1,MEDIUM,8,8,8,90.6,87.162
2024,5,NOR,1,MEDIUM,9,9,9,88.8,87.227
2024,5,NOR,1,MEDIUM,10,10,10,87.0,87.071
2024,5,NOR,1,MEDIUM,11,11,11,85.2,87.256
2024,5,NOR,1,MEDIUM,12,12,12,83.4,87.293
2024,5,NOR,1,MEDIUM,13,13,13,81.6,87.236
2024,5,NOR,1,MEDIUM,14,14,14,79.8,87.257
2024,5,NOR,1,MEDIUM,15,15,15,78.0,87.335
2024,5,NOR,1,MEDIUM,16,16,16,76.2,87.651
2024,5,NOR,1,MEDIUM,17,17,17,74.4,87.483
2024,5,NOR,1,MEDIUM,18,18,18,72.6,87.433
2024,5,NOR,1,MEDIUM,19,19,19,70.8,87.586
2024,5,NOR,1,MEDIUM,20,20,20,69.0,87.66
2024,5,NOR,1,MEDIUM,21,21,21,67.2,87.713
2024,5,NOR,1,MEDIUM,22,22,22,65.4,87.668
2024,5,NOR,1,MEDIUM,23,23,23,63.6,87.948
2024,5,NOR,1,MEDIUM,24,24,24,61.8,87.91
2024,5,NOR,1,MEDIUM,25,25,25,60.0,87.847
2024,5,NOR,1,MEDIUM,26,26,26,58.2,88.036
2024,5,NOR,1,MEDIUM,27,27,27,56.4,88.067
2024,5,NOR,2,HARD,1,28,1,54.6,85.901
2024,5,NOR,2,HARD,2,29,2,52.8,85.863
2024,5,NOR,2,HARD,3,30,3,51.0,86.027
2024,5,NOR,2,HARD,4,31,4,49.2,86.036
2024,5,NOR,2,HARD,5,32,5,47.4,85.974
2024,5,NOR,2,HARD,6,33,6,45.6,86.134
2024,5,NOR,2,HARD,7,34,7,43.8,86.393
2024,5,NOR,2,HARD,8,35,8,42.0,86.231
2024,5,NOR,2,HARD,9,36,9,40.2,86.153
2024,5,NOR,2,HARD,10,37,10,38.4,86.471
2024,5,NOR,2,HARD,11,38,11,36.6,86.329
2024,5,NOR,2,HARD,12,39,12,34.8,86.409
2024,5,NOR,2,HARD,13,40,13,33.0,86.382
2024,5,NOR,2,HARD,14,41,14,31.2,86.407
2024,5,NOR,2,HARD,15,42,15,29.4,86.502
2024,5,NOR,2,HARD,16,43,16,27.6,86.57
2024,5,NOR,2,HARD,17,44,17,25.8,86.648
2024,5,NOR,2,HARD,18,45,18,24.0,86.613
2024,5,NOR,2,HARD,19,46,19,22.2,86.682
2024,5,NOR,2,HARD,20,47,20,20.4,86.683
2024,5,NOR,2,HARD,21,48,21,18.6,86.772
2024,5,NOR,2,HARD,22,49,22,16.8,86.986
2024,5,NOR,2,HARD,23,50,23,15.0,86.942
2024,5,NOR,2,HARD,24,51,24,13.2,86.987
2024,5,NOR,2,HARD,25,52,25,11.4,86.992
2024,5,NOR,2,HARD,26,53,26,9.6,87.033
2024,5,NOR,2,HARD,27,54,27,7.8,87.291
2024,5,NOR,2,HARD,28,55,28,6.0,87.188
2024,5,LEC,1,MEDIUM,1,1,1,103.2,87.075
2024,5,LEC,1,MEDIUM,2,2,2,101.4,87.088
2024,5,LEC,1,MEDIUM,3,3,3,99.6,86.971
2024,5,LEC,1,MEDIUM,4,4,4,97.8,87.259
2024,5,LEC,1,MEDIUM,5,5,5,96.0,87.133
2024,5,LEC,1,MEDIUM,6,6,6,94.2,87.077
2024,5,LEC,1,MEDIUM,7,7,7,92.4,87.066
2024,5,LEC,1,MEDIUM,8,8,8,90.6,87.264
2024,5,LEC,1,MEDIUM,9,9,9,88.8,87.287
2024,5,LEC,1,MEDIUM,10,10,10,87.0,87.332
2024,5,LEC,1,MEDIUM,11,11,11,85.2,87.54
2024,5,LEC,1,MEDIUM,12,12,12,83.4,87.464
2024,5,LEC,1,MEDIUM,13,13,13,81.6,87.444
2024,5,LEC,1,MEDIUM,14,14,14,79.8,87.582
2024,5,LEC,1,MEDIUM,15,15,15,78.0,87.464
2024,5,LEC,1,MEDIUM,16,16,16,76.2,87.69
2024,5,LEC,1,MEDIUM,17,17,17,74.4,87.719
2024,5,LEC,1,MEDIUM,18,18,18,72.6,87.595
2024,5,LEC,1,MEDIUM,19,19,19,70.8,87.735
2024,5,LEC,1,MEDIUM,20,20,20,69.0,87.85
2024,5,LEC,1,MEDIUM,21,21,21,67.2,87.853
2024,5,LEC,1,MEDIUM,22,22,22,65.4,87.902
2024,5,LEC,1,MEDIUM,23,23,23,63.6,87.908
2024,5,LEC,1,MEDIUM,24,24,24,61.8,87.984
2024,5,LEC,1,MEDIUM,25,25,25,60.0,88.006
2024,5,LEC,1,MEDIUM,26,26,26,58.2,88.039
2024,5,LEC,1,MEDIUM,27,27,27,56.4,88.328
2024,5,LEC,2,HARD,1,28,1,54.6,86.071
2024,5,LEC,2,HARD,2,29,2,52.8,86.253
2024,5,LEC,2,HARD,3,30,3,51.0,86.154
2024,5,LEC,2,HARD,4,31,4,49.2,86.17
2024,5,LEC,2,HARD,5,32,5,47.4,86.142
2024,5,LEC,2,HARD,6,33,6,45.6,86.172
2024,5,LEC,2,HARD,7,34,7,43.8,86.332
2024,5,LEC,2,HARD,8,35,8,42.0,86.394
2024,5,LEC,2,HARD,9,36,9,40.2,86.449
2024,5,LEC,2,HARD,10,37,10,38.4,86.32
2024,5,LEC,2,HARD,11,38,11,36.6,86.537
2024,5,LEC,2,HARD,12,39,12,34.8,86.536
2024,5,LEC,2,HARD,13,40,13,33.0,86.62
2024,5,LEC,2,HARD,14,41,14,31.2,86.65
2024,5,LEC,2,HARD,15,42,15,29.4,86.642
2024,5,LEC,2,HARD,16,43,16,27.6,86.724
2024,5,LEC,2,HARD,17,44,17,25.8,86.782
2024,5,LEC,2,HARD,18,45,18,24.0,86.776
2024,5,LEC,2,HARD,19,46,19,22.2,86.896
2024,5,LEC,2,HARD,20,47,20,20.4,87.023
2024,5,LEC,2,HARD,21,48,21,18.6,86.96
2024,5,LEC,2,HARD,22,49,22,16.8,86.95
2024,5,LEC,2,HARD,23,50,23,15.0,87.132
2024,5,LEC,2,HARD,24,51,24,13.2,87.229
2024,5,LEC,2,HARD,25,52,25,11.4,87.224
2024,5,LEC,2,HARD,26,53,26,9.6,87.266
2024,5,LEC,2,HARD,27,54,27,7.8,87.443
2024,5,LEC,2,HARD,28,55,28,6.0,87.31
2024,5,SAI,1,MEDIUM,1,1,1,103.2,86.984
2024,5,SAI,1,MEDIUM,2,2,2,101.4,87.116
2024,5,SAI,1,MEDIUM,3,3,3,99.6,87.059
2024,5,SAI,1,MEDIUM,4,4,4,97.8,87.025
2024,5,SAI,1,MEDIUM,5,5,5,96.0,87.029
2024,5,SAI,1,MEDIUM,6,6,6,94.2,87.257
2024,5,SAI,1,MEDIUM,7,7,7,92.4,87.258
2024,5,SAI,1,MEDIUM,8,8,8,90.6,87.338
2024,5,SAI,1,MEDIUM,9,9,9,88.8,87.324
2024,5,SAI,1,MEDIUM,10,10,10,87.0,87.448
2024,5,SAI,1,MEDIUM,11,11,11,85.2,87.398
2024,5,SAI,1,MEDIUM,12,12,12,83.4,87.38
2024,5,SAI,1,MEDIUM,13,13,13,81.6,87.476
2024,5,SAI,1,MEDIUM,14,14,14,79.8,87.591
2024,5,SAI,1,MEDIUM,15,15,15,78.0,87.473
2024,5,SAI,1,MEDIUM,16,16,16,76.2,87.681
2024,5,SAI,1,MEDIUM,17,17,17,74.4,87.783
2024,5,SAI,1,MEDIUM,18,18,18,72.6,87.723
2024,5,SAI,1,MEDIUM,19,19,19,70.8,87.709
2024,5,SAI,1,MEDIUM,20,20,20,69.0,87.839
2024,5,SAI,1,MEDIUM,21,21,21,67.2,87.846
2024,5,SAI,1,MEDIUM,22,22,22,65.4,87.904
2024,5,SAI,1,MEDIUM,23,23,23,63.6,88.066
2024,5,SAI,1,MEDIUM,24,24,24,61.8,88.114
2024,5,SAI,1,MEDIUM,25,25,25,60.0,88.221
2024,5,SAI,1,MEDIUM,26,26,26,58.2,88.26
2024,5,SAI,1,MEDIUM,27,27,27,56.4,88.239
2024,5,SAI,2,HARD,1,28,1,54.6,86.171
2024,5,SAI,2,HARD,2,29,2,52.8,86.143
2024,5,SAI,2,HARD,3,30,3,51.0,86.226
2024,5,SAI,2,HARD,4,31,4,49.2,86.356
2024,5,SAI,2,HARD,5,32,5,47.4,86.374
2024,5,SAI,2,HARD,6,33,6,45.6,86.327
2024,5,SAI,2,HARD,7,34,7,43.8,86.323
2024,5,SAI,2,HARD,8,35,8,42.0,86.487
2024,5,SAI,2,HARD,9,36,9,40.2,86.518
2024,5,SAI,2,HARD,10,37,10,38.4,86.568
2024,5,SAI,2,HARD,11,38,11,36.6,86.526
2024,5,SAI,2,HARD,12,39,12,34.8,86.661
2024,5,SAI,2,HARD,13,40,13,33.0,86.644
2024,5,SAI,2,HARD,14,41,14,31.2,86.772
2024,5,SAI,2,HARD,15,42,15,29.4,86.625
2024,5,SAI,2,HARD,16,43,16,27.6,86.945
2024,5,SAI,2,HARD,17,44,17,25.8,86.896
2024,5,SAI,2,HARD,18,45,18,24.0,86.885
2024,5,SAI,2,HARD,19,46,19,22.2,86.905
2024,5,SAI,2,HARD,20,47,20,20.4,87.049
2024,5,SAI,2,HARD,21,48,21,18.6,87.013
2024,5,SAI,2,HARD,22,49,22,16.8,87.184
2024,5,SAI,2,HARD,23,50,23,15.0,87.11
2024,5,SAI,2,HARD,24,51,24,13.2,87.196
2024,5,SAI,2,HARD,25,52,25,11.4,87.187
2024,5,SAI,2,HARD,26,53,26,9.6,87.285
2024,5,SAI,2,HARD,27,54,27,7.8,87.2
2024,5,SAI,2,HARD,28,55,28,6.0,87.352
2024,5,RUS,1,MEDIUM,1,1,1,103.2,87.136
2024,5,RUS,1,MEDIUM,2,2,2,101.4,87.164
2024,5,RUS,1,MEDIUM,3,3,3,99.6,87.159
2024,5,RUS,1,MEDIUM,4,4,4,97.8,87.27
2024,5,RUS,1,MEDIUM,5,5,5,96.0,87.165
2024,5,RUS,1,MEDIUM,6,6,6,94.2,87.337
2024,5,RUS,1,MEDIUM,7,7,7,92.4,87.418
2024,5,RUS,1,MEDIUM,8,8,8,90.6,87.496
2024,5,RUS,1,MEDIUM,9,9,9,88.8,87.481
2024,5,RUS,1,MEDIUM,10,10,10,87.0,87.5
2024,5,RUS,1,MEDIUM,11,11,11,85.2,87.576
2024,5,RUS,1,MEDIUM,12,12,12,83.4,87.402
2024,5,RUS,1,MEDIUM,13,13,13,81.6,87.732
2024,5,RUS,1,MEDIUM,14,14,14,79.8,87.667
2024,5,RUS,1,MEDIUM,15,15,15,78.0,87.869
2024,5,RUS,1,MEDIUM,16,16,16,76.2,87.691
2024,5,RUS,1,MEDIUM,17,17,17,74.4,87.793
2024,5,RUS,1,MEDIUM,18,18,18,72.6,87.866
2024,5,RUS,1,MEDIUM,19,19,19,70.8,87.952
2024,5,RUS,1,MEDIUM,20,20,20,69.0,88.106
2024,5,RUS,1,MEDIUM,21,21,21,67.2,87.985
2024,5,RUS,1,MEDIUM,22,22,22,65.4,88.188
2024,5,RUS,1,MEDIUM,23,23,23,63.6,88.079
2024,5,RUS,1,MEDIUM,24,24,24,61.8,88.261
2024,5,RUS,1,MEDIUM,25,25,25,60.0,88.365
2024,5,RUS,1,MEDIUM,26,26,26,58.2,88.215
2024,5,RUS,1,MEDIUM,27,27,27,56.4,88.132
2024,5,RUS,2,HARD,1,28,1,54.6,86.245
2024,5,RUS,2,HARD,2,29,2,52.8,86.242
2024,5,RUS,2,HARD,3,30,3,51.0,86.371
2024,5,RUS,2,HARD,4,31,4,49.2,86.227
2024,5,RUS,2,HARD,5,32,5,47.4,86.454
2024,5,RUS,2,HARD,6,33,6,45.6,86.349
2024,5,RUS,2,HARD,7,34,7,43.8,86.511
2024,5,RUS,2,HARD,8,35,8,42.0,86.458
2024,5,RUS,2,HARD,9,36,9,40.2,86.477
2024,5,RUS,2,HARD,10,37,10,38.4,86.648
2024,5,RUS,2,HARD,11,38,11,36.6,86.485
2024,5,RUS,2,HARD,12,39,12,34.8,86.677
2024,5,RUS,2,HARD,13,40,13,33.0,86.783
2024,5,RUS,2,HARD,14,41,14,31.2,86.937
2024,5,RUS,2,HARD,15,42,15,29.4,86.823
2024,5,RUS,2,HARD,16,43,16,27.6,86.833
2024,5,RUS,2,HARD,17,44,17,25.8,86.947
2024,5,RUS,2,HARD,18,45,18,24.0,87.008
2024,5,RUS,2,HARD,19,46,19,22.2,87.077
2024,5,RUS,2,HARD,20,47,20,20.4,87.118
2024,5,RUS,2,HARD,21,48,21,18.6,87.036
2024,5,RUS,2,HARD,22,49,22,16.8,87.18
2024,5,RUS,2,HARD,23,50,23,15.0,87.189
2024,5,RUS,2,HARD,24,51,24,13.2,87.189
2024,5,RUS,2,HARD,25,52,25,11.4,87.316
2024,5,RUS,2,HARD,26,53,26,9.6,87.356
2024,5,RUS,2,HARD,27,54,27,7.8,87.431
2024,5,RUS,2,HARD,28,55,28,6.0,87.442
2024,6,VER,1,MEDIUM,1,1,1,103.2,86.746
2024,6,VER,1,MEDIUM,2,2,2,101.4,86.662
2024,6,VER,1,MEDIUM,3,3,3,99.6,86.587
2024,6,VER,1,MEDIUM,4,4,4,97.8,86.703
2024,6,VER,1,MEDIUM,5,5,5,96.0,86.684
2024,6,VER,1,MEDIUM,6,6,6,94.2,86.727
2024,6,VER,1,MEDIUM,7,7,7,92.4,86.872
2024,6,VER,1,MEDIUM,8,8,8,90.6,86.902
2024,6,VER,1,MEDIUM,9,9,9,88.8,87.026
2024,6,VER,1,MEDIUM,10,10,10,87.0,86.884
2024,6,VER,1,MEDIUM,11,11,11,85.2,86.943
2024,6,VER,1,MEDIUM,12,12,12,83.4,87.045
2024,6,VER,1,MEDIUM,13,13,13,81.6,87.043
2024,6,VER,1,MEDIUM,14,14,14,79.8,87.057
2024,6,VER,1,MEDIUM,15,15,15,78.0,87.257
2024,6,VER,1,MEDIUM,16,16,16,76.2,87.204
2024,6,VER,1,MEDIUM,17,17,17,74.4,87.416
2024,6,VER,1,MEDIUM,18,18,18,72.6,87.282
2024,6,VER,1,MEDIUM,19,19,19,70.8,87.352
2024,6,VER,1,MEDIUM,20,20,20,69.0,87.307
2024,6,VER,1,MEDIUM,21,21,21,67.2,87.274
2024,6,VER,1,MEDIUM,22,22,22,65.4,87.631
2024,6,VER,1,MEDIUM,23,23,23,63.6,87.703
2024,6,VER,1,MEDIUM,24,24,24,61.8,87.699
2024,6,VER,1,MEDIUM,25,25,25,60.0,87.652
2024,6,VER,1,MEDIUM,26,26,26,58.2,87.647
2024,6,VER,1,MEDIUM,27,27,27,56.4,87.784
2024,6,VER,2,HARD,1,28,1,54.6,85.651
2024,6,VER,2,HARD,2,29,2,52.8,85.602
2024,6,VER,2,HARD,3,30,3,51.0,85.798
2024,6,VER,2,HARD,4,31,4,49.2,85.849
2024,6,VER,2,HARD,5,32,5,47.4,85.809
2024,6,VER,2,HARD,6,33,6,45.6,85.899
2024,6,VER,2,HARD,7,34,7,43.8,85.95
2024,6,VER,2,HARD,8,35,8,42.0,85.872
2024,6,VER,2,HARD,9,36,9,40.2,86.127
2024,6,VER,2,HARD,10,37,10,38.4,86.008
2024,6,VER,2,HARD,11,38,11,36.6,86.034
2024,6,VER,2,HARD,12,39,12,34.8,86.166
2024,6,VER,2,HARD,13,40,13,33.0,86.148
2024,6,VER,2,HARD,14,41,14,31.2,86.294
2024,6,VER,2,HARD,15,42,15,29.4,86.162
2024,6,VER,2,HARD,16,43,16,27.6,86.259
2024,6,VER,2,HARD,17,44,17,25.8,86.417
2024,6,VER,2,HARD,18,45,18,24.0,86.323
2024,6,VER,2,HARD,19,46,19,22.2,86.415
2024,6,VER,2,HARD,20,47,20,20.4,86.426
2024,6,VER,2,HARD,21,48,21,18.6,86.682
2024,6,VER,2,HARD,22,49,22,16.8,86.717
2024,6,VER,2,HARD,23,50,23,15.0,86.59
2024,6,VER,2,HARD,24,51,24,13.2,86.794
2024,6,VER,2,HARD,25,52,25,11.4,86.693
2024,6,VER,2,HARD,26,53,26,9.6,86.925
2024,6,VER,2,HARD,27,54,27,7.8,86.825
2024,6,VER,2,HARD,28,55,28,6.0,86.871
2024,6,LEC,1,MEDIUM,1,1,1,103.2,86.688
2024,6,LEC,1,MEDIUM,2,2,2,101.4,86.699
2024,6,LEC,1,MEDIUM,3,3,3,99.6,86.779
2024,6,LEC,1,MEDIUM,4,4,4,97.8,86.901
2024,6,LEC,1,MEDIUM,5,5,5,96.0,86.741
2024,6,LEC,1,MEDIUM,6,6,6,94.2,86.873
2024,6,LEC,1,MEDIUM,7,7,7,92.4,86.845
2024,6,LEC,1,MEDIUM,8,8,8,90.6,86.866
2024,6,LEC,1,MEDIUM,9,9,9,88.8,86.923
2024,6,LEC,1,MEDIUM,10,10,10,87.0,86.964
2024,6,LEC,1,MEDIUM,11,11,11,85.2,86.9
2024,6,LEC,1,MEDIUM,12,12,12,83.4,87.08
2024,6,LEC,1,MEDIUM,13,13,13,81.6,87.095
2024,6,LEC,1,MEDIUM,14,14,14,79.8,87.039
2024,6,LEC,1,MEDIUM,15,15,15,78.0,87.334
2024,6,LEC,1,MEDIUM,16,16,16,76.2,87.313
2024,6,LEC,1,MEDIUM,17,17,17,74.4,87.427
2024,6,LEC,1,MEDIUM,18,18,18,72.6,87.468
2024,6,LEC,1,MEDIUM,19,19,19,70.8,87.451
2024,6,LEC,1,MEDIUM,20,20,20,69.0,87.448
2024,6,LEC,1,MEDIUM,21,21,21,67.2,87.399
2024,6,LEC,1,MEDIUM,22,22,22,65.4,87.521
2024,6,LEC,1,MEDIUM,23,23,23,63.6,87.682
2024,6,LEC,1,MEDIUM,24,24,24,61.8,87.703
2024,6,LEC,1,MEDIUM,25,25,25,60.0,87.698
2024,6,LEC,1,MEDIUM,26,26,26,58.2,87.688
2024,6,LEC,1,MEDIUM,27,27,27,56.4,87.786
2024,6,LEC,2,HARD,1,28,1,54.6,85.948
2024,6,LEC,2,HARD,2,29,2,52.8,85.888
2024,6,LEC,2,HARD,3,30,3,51.0,85.974
2024,6,LEC,2,HARD,4,31,4,49.2,85.864
2024,6,LEC,2,HARD,5,32,5,47.4,85.911
2024,6,LEC,2,HARD,6,33,6,45.6,86.055
2024,6,LEC,2,HARD,7,34,7,43.8,85.999
2024,6,LEC,2,HARD,8,35,8,42.0,86.026
2024,6,LEC,2,HARD,9,36,9,40.2,86.178
2024,6,LEC,2,HARD,10,37,10,38.4,86.05
2024,6,LEC,2,HARD,11,38,11,36.6,86.247
2024,6,LEC,2,HARD,12,39,12,34.8,86.17
2024,6,LEC,2,HARD,13,40,13,33.0,86.342
2024,6,LEC,2,HARD,14,41,14,31.2,86.252
2024,6,LEC,2,HARD,15,42,15,29.4,86.408
2024,6,LEC,2,HARD,16,43,16,27.6,86.511
2024,6,LEC,2,HARD,17,44,17,25.8,86.505
2024,6,LEC,2,HARD,18,45,18,24.0,86.543
2024,6,LEC,2,HARD,19,46,19,22.2,86.549
2024,6,LEC,2,HARD,20,47,20,20.4,86.52
2024,6,LEC,2,HARD,21,48,21,18.6,86.617
2024,6,LEC,2,HARD,22,49,22,16.8,86.687
2024,6,LEC,2,HARD,23,50,23,15.0,86.765
2024,6,LEC,2,HARD,24,51,24,13.2,86.839
2024,6,LEC,2,HARD,25,52,25,11.4,86.747
2024,6,LEC,2,HARD,26,53,26,9.6,87.072
2024,6,LEC,2,HARD,27,54,27,7.8,86.907
2024,6,LEC,2,HARD,28,55,28,6.0,86.922
2024,6,SAI,1,MEDIUM,1,1,1,103.2,86.833
2024,6,SAI,1,MEDIUM,2,2,2,101.4,86.728
2024,6,SAI,1,MEDIUM,3,3,3,99.6,86.704
2024,6,SAI,1,MEDIUM,4,4,4,97.8,86.881
2024,6,SAI,1,MEDIUM,5,5,5,96.0,86.727
2024,6,SAI,1,MEDIUM,6,6,6,94.2,86.891
2024,6,SAI,1,MEDIUM,7,7,7,92.4,87.033
2024,6,SAI,1,MEDIUM,8,8,8,90.6,86.925
2024,6,SAI,1,MEDIUM,9,9,9,88.8,87.123
2024,6,SAI,1,MEDIUM,10,10,10,87.0,87.036
2024,6,SAI,1,MEDIUM,11,11,11,85.2,87.215
2024,6,SAI,1,MEDIUM,12,12,12,83.4,87.33
2024,6,SAI,1,MEDIUM,13,13,13,81.6,87.375
2024,6,SAI,1,MEDIUM,14,14,14,79.8,87.293
2024,6,SAI,1,MEDIUM,15,15,15,78.0,87.273
2024,6,SAI,1,MEDIUM,16,16,16,76.2,87.439
2024,6,SAI,1,MEDIUM,17,17,17,74.4,87.393
2024,6,SAI,1,MEDIUM,18,18,18,72.6,87.614
2024,6,SAI,1,MEDIUM,19,19,19,70.8,87.53
2024,6,SAI,1,MEDIUM,20,20,20,69.0,87.556
2024,6,SAI,1,MEDIUM,21,21,21,67.2,87.561
2024,6,SAI,1,MEDIUM,22,22,22,65.4,87.664
2024,6,SAI,1,MEDIUM,23,23,23,63.6,87.839
2024,6,SAI,1,MEDIUM,24,24,24,61.8,87.757
2024,6,SAI,1,MEDIUM,25,25,25,60.0,87.853
2024,6,SAI,1,MEDIUM,26,26,26,58.2,87.974
2024,6,SAI,1,MEDIUM,27,27,27,56.4,87.785
2024,6,SAI,2,HARD,1,28,1,54.6,85.962
2024,6,SAI,2,HARD,2,29,2,52.8,85.938
2024,6,SAI,2,HARD,3,30,3,51.0,85.848
2024,6,SAI,2,HARD,4,31,4,49.2,85.985
2024,6,SAI,2,HARD,5,32,5,47.4,85.945
2024,6,SAI,2,HARD,6,33,6,45.6,85.969
2024,6,SAI,2,HARD,7,34,7,43.8,86.093
2024,6,SAI,2,HARD,8,35,8,42.0,86.216
2024,6,SAI,2,HARD,9,36,9,40.2,86.116
2024,6,SAI,2,HARD,10,37,10,38.4,86.25
2024,6,SAI,2,HARD,11,38,11,36.6,86.31
2024,6,SAI,2,HARD,12,39,12,34.8,86.275
2024,6,SAI,2,HARD,13,40,13,33.0,86.34
2024,6,SAI,2,HARD,14,41,14,31.2,86.282
2024,6,SAI,2,HARD,15,42,15,29.4,86.414
2024,6,SAI,2,HARD,16,43,16,27.6,86.366
2024,6,SAI,2,HARD,17,44,17,25.8,86.463
2024,6,SAI,2,HARD,18,45,18,24.0,86.499
2024,6,SAI,2,HARD,19,46,19,22.2,86.697
2024,6,SAI,2,HARD,20,47,20,20.4,86.639
2024,6,SAI,2,HARD,21,48,21,18.6,86.701
2024,6,SAI,2,HARD,22,49,22,16.8,86.786
2024,6,SAI,2,HARD,23,50,23,15.0,87.056
2024,6,SAI,2,HARD,24,51,24,13.2,86.788
2024,6,SAI,2,HARD,25,52,25,11.4,87.0
2024,6,SAI,2,HARD,26,53,26,9.6,86.966
2024,6,SAI,2,HARD,27,54,27,7.8,86.971
2024,6,SAI,2,HARD,28,55,28,6.0,87.069
2024,6,PER,1,MEDIUM,1,1,1,103.2,86.761
2024,6,PER,1,MEDIUM,2,2,2,101.4,86.887
2024,6,PER,1,MEDIUM,3,3,3,99.6,86.919
2024,6,PER,1,MEDIUM,4,4,4,97.8,86.828
2024,6,PER,1,MEDIUM,5,5,5,96.0,86.897
2024,6,PER,1,MEDIUM,6,6,6,94.2,86.823
2024,6,PER,1,MEDIUM,7,7,7,92.4,87.238
2024,6,PER,1,MEDIUM,8,8,8,90.6,87.061
2024,6,PER,1,MEDIUM,9,9,9,88.8,87.087
2024,6,PER,1,MEDIUM,10,10,10,87.0,87.159
2024,6,PER,1,MEDIUM,11,11,11,85.2,87.336
2024,6,PER,1,MEDIUM,12,12,12,83.4,87.39
2024,6,PER,1,MEDIUM,13,13,13,81.6,87.449
2024,6,PER,1,MEDIUM,14,14,14,79.8,87.334
2024,6,PER,1,MEDIUM,15,15,15,78.0,87.456
2024,6,PER,1,MEDIUM,16,16,16,76.2,87.38
2024,6,PER,1,MEDIUM,17,17,17,74.4,87.578
2024,6,PER,1,MEDIUM,18,18,18,72.6,87.523
2024,6,PER,1,MEDIUM,19,19,19,70.8,87.589
2024,6,PER,1,MEDIUM,20,20,20,69.0,87.692
2024,6,PER,1,MEDIUM,21,21,21,67.2,87.768
2024,6,PER,1,MEDIUM,22,22,22,65.4,87.833
2024,6,PER,1,MEDIUM,23,23,23,63.6,87.737
2024,6,PER,1,MEDIUM,24,24,24,61.8,87.938
2024,6,PER,1,MEDIUM,25,25,25,60.0,87.995
2024,6,PER,1,MEDIUM,26,26,26,58.2,87.902
2024,6,PER,1,MEDIUM,27,27,27,56.4,87.932
2024,6,PER,2,HARD,1,28,1,54.6,85.946
2024,6,PER,2,HARD,2,29,2,52.8,85.898
2024,6,PER,2,HARD,3,30,3,51.0,85.984
2024,6,PER,2,HARD,4,31,4,49.2,86.137
2024,6,PER,2,HARD,5,32,5,47.4,85.996
2024,6,PER,2,HARD,6,33,6,45.6,86.146
2024,6,PER,2,HARD,7,34,7,43.8,86.198
2024,6,PER,2,HARD,8,35,8,42.0,86.217
2024,6,PER,2,HARD,9,36,9,40.2,86.296
2024,6,PER,2,HARD,10,37,10,38.4,86.262
2024,6,PER,2,HARD,11,38,11,36.6,86.297
2024,6,PER,2,HARD,12,39,12,34.8,86.369
2024,6,PER,2,HARD,13,40,13,33.0,86.493
2024,6,PER,2,HARD,14,41,14,31.2,86.418
2024,6,PER,2,HARD,15,42,15,29.4,86.499
2024,6,PER,2,HARD,16,43,16,27.6,86.49
2024,6,PER,2,HARD,17,44,17,25.8,86.519
2024,6,PER,2,HARD,18,45,18,24.0,86.585
2024,6,PER,2,HARD,19,46,19,22.2,86.664
2024,6,PER,2,HARD,20,47,20,20.4,86.747
2024,6,PER,2,HARD,21,48,21,18.6,86.768
2024,6,PER,2,HARD,22,49,22,16.8,86.766
2024,6,PER,2,HARD,23,50,23,15.0,86.867
2024,6,PER,2,HARD,24,51,24,13.2,87.045
2024,6,PER,2,HARD,25,52,25,11.4,87.066
2024,6,PER,2,HARD,26,53,26,9.6,87.144
2024,6,PER,2,HARD,27,54,27,7.8,87.051
2024,6,PER,2,HARD,28,55,28,6.0,87.207
2024,6,NOR,1,MEDIUM,1,1,1,103.2,86.933
2024,6,NOR,1,MEDIUM,2,2,2,101.4,86.847
2024,6,NOR,1,MEDIUM,3,3,3,99.6,86.941
2024,6,NOR,1,MEDIUM,4,4,4,97.8,86.81
2024,6,NOR,1,MEDIUM,5,5,5,96.0,87.071
2024,6,NOR,1,MEDIUM,6,6,6,94.2,87.161
2024,6,NOR,1,MEDIUM,7,7,7,92.4,87.085
2024,6,NOR,1,MEDIUM,8,8,8,90.6,87.248
2024,6,NOR,1,MEDIUM,9,9,9,88.8,87.203
2024,6,NOR,1,MEDIUM,10,10,10,87.0,87.153
2024,6,NOR,1,MEDIUM,11,11,11,85.2,87.278
2024,6,NOR,1,MEDIUM,12,12,12,83.4,87.406
2024,6,NOR,1,MEDIUM,13,13,13,81.6,87.327
2024,6,NOR,1,MEDIUM,14,14,14,79.8,87.434
2024,6,NOR,1,MEDIUM,15,15,15,78.0,87.495
2024,6,NOR,1,MEDIUM,16,16,16,76.2,87.662
2024,6,NOR,1,MEDIUM,17,17,17,74.4,87.606
2024,6,NOR,1,MEDIUM,18,18,18,72.6,87.608
2024,6,NOR,1,MEDIUM,19,19,19,70.8,87.762
2024,6,NOR,1,MEDIUM,20,20,20,69.0,87.727
2024,6,NOR,1,MEDIUM,21,21,21,67.2,87.833
2024,6,NOR,1,MEDIUM,22,22,22,65.4,88.041
2024,6,NOR,1,MEDIUM,23,23,23,63.6,87.969
2024,6,NOR,1,MEDIUM,24,24,24,61.8,88.011
2024,6,NOR,1,MEDIUM,25,25,25,60.0,88.002
2024,6,NOR,1,MEDIUM,26,26,26,58.2,87.905
2024,6,NOR,1,MEDIUM,27,27,27,56.4,88.105
2024,6,NOR,2,HARD,1,28,1,54.6,85.969
2024,6,NOR,2,HARD,2,29,2,52.8,86.271
2024,6,NOR,2,HARD,3,30,3,51.0,86.158
2024,6,NOR,2,HARD,4,31,4,49.2,85.969
2024,6,NOR,2,HARD,5,32,5,47.4,86.179
2024,6,NOR,2,HARD,6,33,6,45.6,86.281
2024,6,NOR,2,HARD,7,34,7,43.8,86.278
2024,6,NOR,2,HARD,8,35,8,42.0,86.2
2024,6,NOR,2,HARD,9,36,9,40.2,86.473
2024,6,NOR,2,HARD,10,37,10,38.4,86.417
2024,6,NOR,2,HARD,11,38,11,36.6,86.33
2024,6,NOR,2,HARD,12,39,12,34.8,86.611
2024,6,NOR,2,HARD,13,40,13,33.0,86.642
2024,6,NOR,2,HARD,14,41,14,31.2,86.558
2024,6,NOR,2,HARD,15,42,15,29.4,86.648
2024,6,NOR,2,HARD,16,43,16,27.6,86.55
2024,6,NOR,2,HARD,17,44,17,25.8,86.619
2024,6,NOR,2,HARD,18,45,18,24.0,86.721
2024,6,NOR,2,HARD,19,46,19,22.2,86.868
2024,6,NOR,2,HARD,20,47,20,20.4,86.746
2024,6,NOR,2,HARD,21,48,21,18.6,86.858
2024,6,NOR,2,HARD,22,49,22,16.8,87.064
2024,6,NOR,2,HARD,23,50,23,15.0,87.07
2024,6,NOR,2,HARD,24,51,24,13.2,87.12
2024,6,NOR,2,HARD,25,52,25,11.4,87.117
2024,6,NOR,2,HARD,26,53,26,9.6,87.123
2024,6,NOR,2,HARD,27,54,27,7.8,87.089
2024,6,NOR,2,HARD,28,55,28,6.0,87.352
2024,6,HAM,1,MEDIUM,1,1,1,103.2,87.303
2024,6,HAM,1,MEDIUM,2,2,2,101.4,87.185
2024,6,HAM,1,MEDIUM,3,3,3,99.6,87.184
2024,6,HAM,1,MEDIUM,4,4,4,97.8,87.148
2024,6,HAM,1,MEDIUM,5,5,5,96.0,87.422
2024,6,HAM,1,MEDIUM,6,6,6,94.2,87.311
2024,6,HAM,1,MEDIUM,7,7,7,92.4,87.347
2024,6,HAM,1,MEDIUM,8,8,8,90.6,87.332
2024,6,HAM,1,MEDIUM,9,9,9,88.8,87.433
2024,6,HAM,1,MEDIUM,10,10,10,87.0,87.524
2024,6,HAM,1,MEDIUM,11,11,11,85.2,87.62
2024,6,HAM,1,MEDIUM,12,12,12,83.4,87.529
2024,6,HAM,1,MEDIUM,13,13,13,81.6,87.666
2024,6,HAM,1,MEDIUM,14,14,14,79.8,87.73
2024,6,HAM,1,MEDIUM,15,15,15,78.0,87.717
2024,6,HAM,1,MEDIUM,16,16,16,76.2,87.641
2024,6,HAM,1,MEDIUM,17,17,17,74.4,87.801
2024,6,HAM,1,MEDIUM,18,18,18,72.6,87.814
2024,6,HAM,1,MEDIUM,19,19,19,70.8,87.955
2024,6,HAM,1,MEDIUM,20,20,20,69.0,87.971
2024,6,HAM,1,MEDIUM,21,21,21,67.2,87.738
2024,6,HAM,1,MEDIUM,22,22,22,65.4,88.159
2024,6,HAM,1,MEDIUM,23,23,23,63.6,88.217
2024,6,HAM,1,MEDIUM,24,24,24,61.8,88.172
2024,6,HAM,1,MEDIUM,25,25,25,60.0,88.291
2024,6,HAM,1,MEDIUM,26,26,26,58.2,88.442
2024,6,HAM,1,MEDIUM,27,27,27,56.4,88.304
2024,6,HAM,2,HARD,1,28,1,54.6,86.438
2024,6,HAM,2,HARD,2,29,2,52.8,86.339
2024,6,HAM,2,HARD,3,30,3,51.0,86.273
2024,6,HAM,2,HARD,4,31,4,49.2,86.374
2024,6,HAM,2,HARD,5,32,5,47.4,86.487
2024,6,HAM,2,HARD,6,33,6,45.6,86.433
2024,6,HAM,2,HARD,7,34,7,43.8,86.448
2024,6,HAM,2,HARD,8,35,8,42.0,86.496
2024,6,HAM,2,HARD,9,36,9,40.2,86.549
2024,6,HAM,2,HARD,10,37,10,38.4,86.477
2024,6,HAM,2,HARD,11,38,11,36.6,86.694
2024,6,HAM,2,HARD,12,39,12,34.8,86.661
2024,6,HAM,2,HARD,13,40,13,33.0,86.719
2024,6,HAM,2,HARD,14,41,14,31.2,86.699
2024,6,HAM,2,HARD,15,42,15,29.4,86.818
2024,6,HAM,2,HARD,16,43,16,27.6,86.872
2024,6,HAM,2,HARD,17,44,17,25.8,86.817
2024,6,HAM,2,HARD,18,45,18,24.0,86.953
2024,6,HAM,2,HARD,19,46,19,22.2,87.019
2024,6,HAM,2,HARD,20,47,20,20.4,87.117
2024,6,HAM,2,HARD,21,48,21,18.6,87.134
2024,6,HAM,2,HARD,22,49,22,16.8,87.144
2024,6,HAM,2,HARD,23,50,23,15.0,87.158
2024,6,HAM,2,HARD,24,51,24,13.2,87.332
2024,6,HAM,2,HARD,25,52,25,11.4,87.487
2024,6,HAM,2,HARD,26,53,26,9.6,87.314
2024,6,HAM,2,HARD,27,54,27,7.8,87.472
2024,6,HAM,2,HARD,28,55,28,6.0,87.527
2024,7,VER,1,MEDIUM,1,1,1,103.2,86.534
2024,7,VER,1,MEDIUM,2,2,2,101.4,86.634
2024,7,VER,1,MEDIUM,3,3,3,99.6,86.657
2024,7,VER,1,MEDIUM,4,4,4,97.8,86.784
2024,7,VER,1,MEDIUM,5,5,5,96.0,86.65
2024,7,VER,1,MEDIUM,6,6,6,94.2,86.802
2024,7,VER,1,MEDIUM,7,7,7,92.4,86.832
2024,7,VER,1,MEDIUM,8,8,8,90.6,86.931
2024,7,VER,1,MEDIUM,9,9,9,88.8,86.829
2024,7,VER,1,MEDIUM,10,10,10,87.0,86.945
2024,7,VER,1,MEDIUM,11,11,11,85.2,86.95
2024,7,VER,1,MEDIUM,12,12,12,83.4,87.095
2024,7,VER,1,MEDIUM,13,13,13,81.6,87.229
2024,7,VER,1,MEDIUM,14,14,14,79.8,87.014
2024,7,VER,1,MEDIUM,15,15,15,78.0,87.269
2024,7,VER,1,MEDIUM,16,16,16,76.2,87.105
2024,7,VER,1,MEDIUM,17,17,17,74.4,87.183
2024,7,VER,1,MEDIUM,18,18,18,72.6,87.302
2024,7,VER,1,MEDIUM,19,19,19,70.8,87.322
2024,7,VER,1,MEDIUM,20,20,20,69.0,87.432
2024,7,VER,1,MEDIUM,21,21,21,67.2,87.431
2024,7,VER,1,MEDIUM,22,22,22,65.4,87.484
2024,7,VER,1,MEDIUM,23,23,23,63.6,87.476
2024,7,VER,1,MEDIUM,24,24,24,61.8,87.723
2024,7,VER,1,MEDIUM,25,25,25,60.0,87.758
2024,7,VER,1,MEDIUM,26,26,26,58.2,87.691
2024,7,VER,1,MEDIUM,27,27,27,56.4,87.696
2024,7,VER,2,HARD,1,28,1,54.6,85.548
2024,7,VER,2,HARD,2,29,2,52.8,85.705
2024,7,VER,2,HARD,3,30,3,51.0,85.679
2024,7,VER,2,HARD,4,31,4,49.2,85.842
2024,7,VER,2,HARD,5,32,5,47.4,85.776
2024,7,VER,2,HARD,6,33,6,45.6,85.867
2024,7,VER,2,HARD,7,34,7,43.8,85.944
2024,7,VER,2,HARD,8,35,8,42.0,85.878
2024,7,VER,2,HARD,9,36,9,40.2,85.987
2024,7,VER,2,HARD,10,37,10,38.4,85.993
2024,7,VER,2,HARD,11,38,11,36.6,86.175
2024,7,VER,2,HARD,12,39,12,34.8,86.257
2024,7,VER,2,HARD,13,40,13,33.0,86.048
2024,7,VER,2,HARD,14,41,14,31.2,86.258
2024,7,VER,2,HARD,15,42,15,29.4,86.209
2024,7,VER,2,HARD,16,43,16,27.6,86.358
2024,7,VER,2,HARD,17,44,17,25.8,86.385
2024,7,VER,2,HARD,18,45,18,24.0,86.431
2024,7,VER,2,HARD,19,46,19,22.2,86.389
2024,7,VER,2,HARD,20,47,20,20.4,86.552
2024,7,VER,2,HARD,21,48,21,18.6,86.546
2024,7,VER,2,HARD,22,49,22,16.8,86.388
2024,7,VER,2,HARD,23,50,23,15.0,86.673
2024,7,VER,2,HARD,24,51,24,13.2,86.642
2024,7,VER,2,HARD,25,52,25,11.4,86.789
2024,7,VER,2,HARD,26,53,26,9.6,86.799
2024,7,VER,2,HARD,27,54,27,7.8,86.665
2024,7,VER,2,HARD,28,55,28,6.0,86.934
2024,7,NOR,1,MEDIUM,1,1,1,103.2,86.572
2024,7,NOR,1,MEDIUM,2,2,2,101.4,86.653
2024,7,NOR,1,MEDIUM,3,3,3,99.6,86.555
2024,7,NOR,1,MEDIUM,4,4,4,97.8,86.776
2024,7,NOR,1,MEDIUM,5,5,5,96.0,86.779
2024,7,NOR,1,MEDIUM,6,6,6,94.2,86.97
2024,7,NOR,1,MEDIUM,7,7,7,92.4,86.855
2024,7,NOR,1,MEDIUM,8,8,8,90.6,87.001
2024,7,NOR,1,MEDIUM,9,9,9,88.8,86.858
2024,7,NOR,1,MEDIUM,10,10,10,87.0,87.032
2024,7,NOR,1,MEDIUM,11,11,11,85.2,87.109
2024,7,NOR,1,MEDIUM,12,12,12,83.4,87.229
2024,7,NOR,1,MEDIUM,13,13,13,81.6,87.091
2024,7,NOR,1,MEDIUM,14,14,14,79.8,87.161
2024,7,NOR,1,MEDIUM,15,15,15,78.0,87.168
2024,7,NOR,1,MEDIUM,16,16,16,76.2,87.303
2024,7,NOR,1,MEDIUM,17,17,17,74.4,87.37
2024,7,NOR,1,MEDIUM,18,18,18,72.6,87.301
2024,7,NOR,1,MEDIUM,19,19,19,70.8,87.566
2024,7,NOR,1,MEDIUM,20,20,20,69.0,87.438
2024,7,NOR,1,MEDIUM,21,21,21,67.2,87.47
2024,7,NOR,1,MEDIUM,22,22,22,65.4,87.603
2024,7,NOR,1,MEDIUM,23,23,23,63.6,87.613
2024,7,NOR,1,MEDIUM,24,24,24,61.8,87.764
2024,7,NOR,1,MEDIUM,25,25,25,60.0,87.86
2024,7,NOR,1,MEDIUM,26,26,26,58.2,87.893
2024,7,NOR,1,MEDIUM,27,27,27,56.4,87.984
2024,7,NOR,2,HARD,1,28,1,54.6,85.75
2024,7,NOR,2,HARD,2,29,2,52.8,85.709
2024,7,NOR,2,HARD,3,30,3,51.0,85.847
2024,7,NOR,2,HARD,4,31,4,49.2,85.747
2024,7,NOR,2,HARD,5,32,5,47.4,85.88
2024,7,NOR,2,HARD,6,33,6,45.6,86.011
2024,7,NOR,2,HARD,7,34,7,43.8,86.01
2024,7,NOR,2,HARD,8,35,8,42.0,85.963
2024,7,NOR,2,HARD,9,36,9,40.2,86.196
2024,7,NOR,2,HARD,10,37,10,38.4,86.175
2024,7,NOR,2,HARD,11,38,11,36.6,86.141
2024,7,NOR,2,HARD,12,39,12,34.8,86.241
2024,7,NOR,2,HARD,13,40,13,33.0,86.295
2024,7,NOR,2,HARD,14,41,14,31.2,86.294
2024,7,NOR,2,HARD,15,42,15,29.4,86.346
2024,7,NOR,2,HARD,16,43,16,27.6,86.379
2024,7,NOR,2,HARD,17,44,17,25.8,86.268
2024,7,NOR,2,HARD,18,45,18,24.0,86.521
2024,7,NOR,2,HARD,19,46,19,22.2,86.599
2024,7,NOR,2,HARD,20,47,20,20.4,86.589
2024,7,NOR,2,HARD,21,48,21,18.6,86.613
2024,7,NOR,2,HARD,22,49,22,16.8,86.701
2024,7,NOR,2,HARD,23,50,23,15.0,86.755
2024,7,NOR,2,HARD,24,51,24,13.2,86.702
2024,7,NOR,2,HARD,25,52,25,11.4,86.756
2024,7,NOR,2,HARD,26,53,26,9.6,86.802
2024,7,NOR,2,HARD,27,54,27,7.8,86.905
2024,7,NOR,2,HARD,28,55,28,6.0,86.936
2024,7,LEC,1,MEDIUM,1,1,1,103.2,86.737
2024,7,LEC,1,MEDIUM,2,2,2,101.4,86.753
2024,7,LEC,1,MEDIUM,3,3,3,99.6,86.736
2024,7,LEC,1,MEDIUM,4,4,4,97.8,86.85
2024,7,LEC,1,MEDIUM,5,5,5,96.0,86.87
2024,7,LEC,1,MEDIUM,6,6,6,94.2,86.87
2024,7,LEC,1,MEDIUM,7,7,7,92.4,87.208
2024,7,LEC,1,MEDIUM,8,8,8,90.6,87.021
2024,7,LEC,1,MEDIUM,9,9,9,88.8,87.125
2024,7,LEC,1,MEDIUM,10,10,10,87.0,87.136
2024,7,LEC,1,MEDIUM,11,11,11,85.2,87.17
2024,7,LEC,1,MEDIUM,12,12,12,83.4,87.112
2024,7,LEC,1,MEDIUM,13,13,13,81.6,87.282
2024,7,LEC,1,MEDIUM,14,14,14,79.8,87.369
2024,7,LEC,1,MEDIUM,15,15,15,78.0,87.298
2024,7,LEC,1,MEDIUM,16,16,16,76.2,87.397
2024,7,LEC,1,MEDIUM,17,17,17,74.4,87.25
2024,7,LEC,1,MEDIUM,18,18,18,72.6,87.415
2024,7,LEC,1,MEDIUM,19,19,19,70.8,87.505
2024,7,LEC,1,MEDIUM,20,20,20,69.0,87.608
2024,7,LEC,1,MEDIUM,21,21,21,67.2,87.517
2024,7,LEC,1,MEDIUM,22,22,22,65.4,87.537
2024,7,LEC,1,MEDIUM,23,23,23,63.6,87.783
2024,7,LEC,1,MEDIUM,24,24,24,61.8,87.734
2024,7,LEC,1,MEDIUM,25,25,25,60.0,87.75
2024,7,LEC,1,MEDIUM,26,26,26,58.2,87.963
2024,7,LEC,1,MEDIUM,27,27,27,56.4,87.979
2024,7,LEC,2,HARD,1,28,1,54.6,85.905
2024,7,LEC,2,HARD,2,29,2,52.8,85.895
2024,7,LEC,2,HARD,3,30,3,51.0,85.658
2024,7,LEC,2,HARD,4,31,4,49.2,85.93
2024,7,LEC,2,HARD,5,32,5,47.4,86.034
2024,7,LEC,2,HARD,6,33,6,45.6,86.037
2024,7,LEC,2,HARD,7,34,7,43.8,86.203
2024,7,LEC,2,HARD,8,35,8,42.0,86.008
2024,7,LEC,2,HARD,9,36,9,40.2,86.052
2024,7,LEC,2,HARD,10,37,10,38.4,86.082
2024,7,LEC,2,HARD,11,38,11,36.6,86.327
2024,7,LEC,2,HARD,12,39,12,34.8,86.415
2024,7,LEC,2,HARD,13,40,13,33.0,86.278
2024,7,LEC,2,HARD,14,41,14,31.2,86.466
2024,7,LEC,2,HARD,15,42,15,29.4,86.449
2024,7,LEC,2,HARD,16,43,16,27.6,86.56
2024,7,LEC,2,HARD,17,44,17,25.8,86.566
2024,7,LEC,2,HARD,18,45,18,24.0,86.601
2024,7,LEC,2,HARD,19,46,19,22.2,86.607
2024,7,LEC,2,HARD,20,47,20,20.4,86.698
2024,7,LEC,2,HARD,21,48,21,18.6,86.711
2024,7,LEC,2,HARD,22,49,22,16.8,86.724
2024,7,LEC,2,HARD,23,50,23,15.0,86.802
2024,7,LEC,2,HARD,24,51,24,13.2,86.94
2024,7,LEC,2,HARD,25,52,25,11.4,86.825
2024,7,LEC,2,HARD,26,53,26,9.6,87.037
2024,7,LEC,2,HARD,27,54,27,7.8,87.092
2024,7,LEC,2,HARD,28,55,28,6.0,87.038
2024,7,SAI,1,MEDIUM,1,1,1,103.2,86.775
2024,7,SAI,1,MEDIUM,2,2,2,101.4,86.737
2024,7,SAI,1,MEDIUM,3,3,3,99.6,86.755
2024,7,SAI,1,MEDIUM,4,4,4,97.8,87.017
2024,7,SAI,1,MEDIUM,5,5,5,96.0,86.845
2024,7,SAI,1,MEDIUM,6,6,6,94.2,87.05
2024,7,SAI,1,MEDIUM,7,7,7,92.4,87.135
2024,7,SAI,1,MEDIUM,8,8,8,90.6,87.226
2024,7,SAI,1,MEDIUM,9,9,9,88.8,87.152
2024,7,SAI,1,MEDIUM,10,10,10,87.0,87.211
2024,7,SAI,1,MEDIUM,11,11,11,85.2,87.283
2024,7,SAI,1,MEDIUM,12,12,12,83.4,87.428
2024,7,SAI,1,MEDIUM,13,13,13,81.6,87.348
2024,7,SAI,1,MEDIUM,14,14,14,79.8,87.352
2024,7,SAI,1,MEDIUM,15,15,15,78.0,87.582
2024,7,SAI,1,MEDIUM,16,16,16,76.2,87.276
2024,7,SAI,1,MEDIUM,17,17,17,74.4,87.466
2024,7,SAI,1,MEDIUM,18,18,18,72.6,87.522
2024,7,SAI,1,MEDIUM,19,19,19,70.8,87.513
2024,7,SAI,1,MEDIUM,20,20,20,69.0,87.61
2024,7,SAI,1,MEDIUM,21,21,21,67.2,87.573
2024,7,SAI,1,MEDIUM,22,22,22,65.4,87.647
2024,7,SAI,1,MEDIUM,23,23,23,63.6,87.779
2024,7,SAI,1,MEDIUM,24,24,24,61.8,87.911
2024,7,SAI,1,MEDIUM,25,25,25,60.0,88.056
2024,7,SAI,1,MEDIUM,26,26,26,58.2,87.892
2024,7,SAI,1,MEDIUM,27,27,27,56.4,88.056
2024,7,SAI,2,HARD,1,28,1,54.6,85.912
2024,7,SAI,2,HARD,2,29,2,52.8,85.95
2024,7,SAI,2,HARD,3,30,3,51.0,85.961
2024,7,SAI,2,HARD,4,31,4,49.2,85.98
2024,7,SAI,2,HARD,5,32,5,47.4,86.004
2024,7,SAI,2,HARD,6,33,6,45.6,86.077
2024,7,SAI,2,HARD,7,34,7,43.8,86.297
2024,7,SAI,2,HARD,8,35,8,42.0,86.252
2024,7,SAI,2,HARD,9,36,9,40.2,86.16
2024,7,SAI,2,HARD,10,37,10,38.4,86.406
2024,7,SAI,2,HARD,11,38,11,36.6,86.326
2024,7,SAI,2,HARD,12,39,12,34.8,86.471
2024,7,SAI,2,HARD,13,40,13,33.0,86.344
2024,7,SAI,2,HARD,14,41,14,31.2,86.352
2024,7,SAI,2,HARD,15,42,15,29.4,86.347
2024,7,SAI,2,HARD,16,43,16,27.6,86.46
2024,7,SAI,2,HARD,17,44,17,25.8,86.571
2024,7,SAI,2,HARD,18,45,18,24.0,86.853
2024,7,SAI,2,HARD,19,46,19,22.2,86.648
2024,7,SAI,2,HARD,20,47,20,20.4,86.74
2024,7,SAI,2,HARD,21,48,21,18.6,86.856
2024,7,SAI,2,HARD,22,49,22,16.8,86.785
2024,7,SAI,2,HARD,23,50,23,15.0,86.829
2024,7,SAI,2,HARD,24,51,24,13.2,86.979
2024,7,SAI,2,HARD,25,52,25,11.4,86.948
2024,7,SAI,2,HARD,26,53,26,9.6,86.899
2024,7,SAI,2,HARD,27,54,27,7.8,87.117
2024,7,SAI,2,HARD,28,55,28,6.0,87.129
2024,7,PIA,1,MEDIUM,1,1,1,103.2,87.035
2024,7,PIA,1,MEDIUM,2,2,2,101.4,87.097
2024,7,PIA,1,MEDIUM,3,3,3,99.6,87.136
2024,7,PIA,1,MEDIUM,4,4,4,97.8,87.026
2024,7,PIA,1,MEDIUM,5,5,5,96.0,87.058
2024,7,PIA,1,MEDIUM,6,6,6,94.2,87.119
2024,7,PIA,1,MEDIUM,7,7,7,92.4,87.007
2024,7,PIA,1,MEDIUM,8,8,8,90.6,87.147
2024,7,PIA,1,MEDIUM,9,9,9,88.8,87.219
2024,7,PIA,1,MEDIUM,10,10,10,87.0,87.227
2024,7,PIA,1,MEDIUM,11,11,11,85.2,87.491
2024,7,PIA,1,MEDIUM,12,12,12,83.4,87.224
2024,7,PIA,1,MEDIUM,13,13,13,81.6,87.244
2024,7,PIA,1,MEDIUM,14,14,14,79.8,87.434
2024,7,PIA,1,MEDIUM,15,15,15,78.0,87.589
2024,7,PIA,1,MEDIUM,16,16,16,76.2,87.454
2024,7,PIA,1,MEDIUM,17,17,17,74.4,87.59
2024,7,PIA,1,MEDIUM,18,18,18,72.6,87.631
2024,7,PIA,1,MEDIUM,19,19,19,70.8,87.785
2024,7,PIA,1,MEDIUM,20,20,20,69.0,87.752
2024,7,PIA,1,MEDIUM,21,21,21,67.2,87.838
2024,7,PIA,1,MEDIUM,22,22,22,65.4,87.876
2024,7,PIA,1,MEDIUM,23,23,23,63.6,87.776
2024,7,PIA,1,MEDIUM,24,24,24,61.8,87.823
2024,7,PIA,1,MEDIUM,25,25,25,60.0,88.007
2024,7,PIA,1,MEDIUM,26,26,26,58.2,87.957
2024,7,PIA,1,MEDIUM,27,27,27,56.4,88.008
2024,7,PIA,2,HARD,1,28,1,54.6,85.984
2024,7,PIA,2,HARD,2,29,2,52.8,86.053
2024,7,PIA,2,HARD,3,30,3,51.0,86.083
2024,7,PIA,2,HARD,4,31,4,49.2,86.171
2024,7,PIA,2,HARD,5,32,5,47.4,86.205
2024,7,PIA,2,HARD,6,33,6,45.6,86.225
2024,7,PIA,2,HARD,7,34,7,43.8,86.306
2024,7,PIA,2,HARD,8,35,8,42.0,86.337
2024,7,PIA,2,HARD,9,36,9,40.2,86.301
2024,7,PIA,2,HARD,10,37,10,38.4,86.187
2024,7,PIA,2,HARD,11,38,11,36.6,86.428
2024,7,PIA,2,HARD,12,39,12,34.8,86.369
2024,7,PIA,2,HARD,13,40,13,33.0,86.612
2024,7,PIA,2,HARD,14,41,14,31.2,86.48
2024,7,PIA,2,HARD,15,42,15,29.4,86.663
2024,7,PIA,2,HARD,16,43,16,27.6,86.7
2024,7,PIA,2,HARD,17,44,17,25.8,86.742
2024,7,PIA,2,HARD,18,45,18,24.0,86.714
2024,7,PIA,2,HARD,19,46,19,22.2,86.966
2024,7,PIA,2,HARD,20,47,20,20.4,86.836
2024,7,PIA,2,HARD,21,48,21,18.6,86.907
2024,7,PIA,2,HARD,22,49,22,16.8,86.79
2024,7,PIA,2,HARD,23,50,23,15.0,86.957
2024,7,PIA,2,HARD,24,51,24,13.2,87.117
2024,7,PIA,2,HARD,25,52,25,11.4,87.065
2024,7,PIA,2,HARD,26,53,26,9.6,87.158
2024,7,PIA,2,HARD,27,54,27,7.8,87.165
2024,7,PIA,2,HARD,28,55,28,6.0,87.275
2024,7,HAM,1,MEDIUM,1,1,1,103.2,87.242
2024,7,HAM,1,MEDIUM,2,2,2,101.4,87.129
2024,7,HAM,1,MEDIUM,3,3,3,99.6,87.343
2024,7,HAM,1,MEDIUM,4,4,4,97.8,87.119
2024,7,HAM,1,MEDIUM,5,5,5,96.0,87.273
2024,7,HAM,1,MEDIUM,6,6,6,94.2,87.414
2024,7,HAM,1,MEDIUM,7,7,7,92.4,87.494
2024,7,HAM,1,MEDIUM,8,8,8,90.6,87.351
2024,7,HAM,1,MEDIUM,9,9,9,88.8,87.461
2024,7,HAM,1,MEDIUM,10,10,10,87.0,87.554
2024,7,HAM,1,MEDIUM,11,11,11,85.2,87.355
2024,7,HAM,1,MEDIUM,12,12,12,83.4,87.561
2024,7,HAM,1,MEDIUM,13,13,13,81.6,87.619
2024,7,HAM,1,MEDIUM,14,14,14,79.8,87.611
2024,7,HAM,1,MEDIUM,15,15,15,78.0,87.707
2024,7,HAM,1,MEDIUM,16,16,16,76.2,87.816
2024,7,HAM,1,MEDIUM,17,17,17,74.4,87.847
2024,7,HAM,1,MEDIUM,18,18,18,72.6,87.745
2024,7,HAM,1,MEDIUM,19,19,19,70.8,87.847
2024,7,HAM,1,MEDIUM,20,20,20,69.0,88.008
2024,7,HAM,1,MEDIUM,21,21,21,67.2,88.111
2024,7,HAM,1,MEDIUM,22,22,22,65.4,87.987
2024,7,HAM,1,MEDIUM,23,23,23,63.6,88.174
2024,7,HAM,1,MEDIUM,24,24,24,61.8,88.128
2024,7,HAM,1,MEDIUM,25,25,25,60.0,88.3
2024,7,HAM,1,MEDIUM,26,26,26,58.2,88.295
2024,7,HAM,1,MEDIUM,27,27,27,56.4,88.341
2024,7,HAM,2,HARD,1,28,1,54.6,86.111
2024,7,HAM,2,HARD,2,29,2,52.8,86.238
2024,7,HAM,2,HARD,3,30,3,51.0,86.363
2024,7,HAM,2,HARD,4,31,4,49.2,86.324
2024,7,HAM,2,HARD,5,32,5,47.4,86.34
2024,7,HAM,2,HARD,6,33,6,45.6,86.484
2024,7,HAM,2,HARD,7,34,7,43.8,86.559
2024,7,HAM,2,HARD,8,35,8,42.0,86.397
2024,7,HAM,2,HARD,9,36,9,40.2,86.535
2024,7,HAM,2,HARD,10,37,10,38.4,86.719
2024,7,HAM,2,HARD,11,38,11,36.6,86.647
2024,7,HAM,2,HARD,12,39,12,34.8,86.662
2024,7,HAM,2,HARD,13,40,13,33.0,86.632
2024,7,HAM,2,HARD,14,41,14,31.2,86.711
2024,7,HAM,2,HARD,15,42,15,29.4,86.908
2024,7,HAM,2,HARD,16,43,16,27.6,86.936
2024,7,HAM,2,HARD,17,44,17,25.8,86.941
2024,7,HAM,2,HARD,18,45,18,24.0,87.022
2024,7,HAM,2,HARD,19,46,19,22.2,87.194
2024,7,HAM,2,HARD,20,47,20,20.4,87.036
2024,7,HAM,2,HARD,21,48,21,18.6,87.196
2024,7,HAM,2,HARD,22,49,22,16.8,87.193
2024,7,HAM,2,HARD,23,50,23,15.0,87.134
2024,7,HAM,2,HARD,24,51,24,13.2,87.213
2024,7,HAM,2,HARD,25,52,25,11.4,87.467
2024,7,HAM,2,HARD,26,53,26,9.6,87.456
2024,7,HAM,2,HARD,27,54,27,7.8,87.519
2024,7,HAM,2,HARD,28,55,28,6.0,87.304
2024,8,LEC,1,MEDIUM,1,1,1,103.2,86.711
2024,8,LEC,1,MEDIUM,2,2,2,101.4,86.57
2024,8,LEC,1,MEDIUM,3,3,3,99.6,86.683
2024,8,LEC,1,MEDIUM,4,4,4,97.8,86.714
2024,8,LEC,1,MEDIUM,5,5,5,96.0,86.794
2024,8,LEC,1,MEDIUM,6,6,6,94.2,86.75
2024,8,LEC,1,MEDIUM,7,7,7,92.4,86.838
2024,8,LEC,1,MEDIUM,8,8,8,90.6,86.854
2024,8,LEC,1,MEDIUM,9,9,9,88.8,87.032
2024,8,LEC,1,MEDIUM,10,10,10,87.0,86.999
2024,8,LEC,1,MEDIUM,11,11,11,85.2,86.852
2024,8,LEC,1,MEDIUM,12,12,12,83.4,86.972
2024,8,LEC,1,MEDIUM,13,13,13,81.6,87.079
2024,8,LEC,1,MEDIUM,14,14,14,79.8,87.163
2024,8,LEC,1,MEDIUM,15,15,15,78.0,87.142
2024,8,LEC,1,MEDIUM,16,16,16,76.2,87.284
2024,8,LEC,1,MEDIUM,17,17,17,74.4,87.204
2024,8,LEC,1,MEDIUM,18,18,18,72.6,87.232
2024,8,LEC,1,MEDIUM,19,19,19,70.8,87.186
2024,8,LEC,1,MEDIUM,20,20,20,69.0,87.526
2024,8,LEC,1,MEDIUM,21,21,21,67.2,87.417
2024,8,LEC,1,MEDIUM,22,22,22,65.4,87.501
2024,8,LEC,1,MEDIUM,23,23,23,63.6,87.599
2024,8,LEC,1,MEDIUM,24,24,24,61.8,87.43
2024,8,LEC,1,MEDIUM,25,25,25,60.0,87.635
2024,8,LEC,1,MEDIUM,26,26,26,58.2,87.7
2024,8,LEC,1,MEDIUM,27,27,27,56.4,87.717
2024,8,LEC,2,HARD,1,28,1,54.6,85.767
2024,8,LEC,2,HARD,2,29,2,52.8,85.761
2024,8,LEC,2,HARD,3,30,3,51.0,85.892
2024,8,LEC,2,HARD,4,31,4,49.2,85.699
2024,8,LEC,2,HARD,5,32,5,47.4,85.852
2024,8,LEC,2,HARD,6,33,6,45.6,85.913
2024,8,LEC,2,HARD,7,34,7,43.8,85.917
2024,8,LEC,2,HARD,8,35,8,42.0,86.047
2024,8,LEC,2,HARD,9,36,9,40.2,86.003
2024,8,LEC,2,HARD,10,37,10,38.4,85.922
2024,8,LEC,2,HARD,11,38,11,36.6,86.1
2024,8,LEC,2,HARD,12,39,12,34.8,86.137
2024,8,LEC,2,HARD,13,40,13,33.0,86.273
2024,8,LEC,2,HARD,14,41,14,31.2,86.26
2024,8,LEC,2,HARD,15,42,15,29.4,86.388
2024,8,LEC,2,HARD,16,43,16,27.6,86.131
2024,8,LEC,2,HARD,17,44,17,25.8,86.304
2024,8,LEC,2,HARD,18,45,18,24.0,86.394
2024,8,LEC,2,HARD,19,46,19,22.2,86.44
2024,8,LEC,2,HARD,20,47,20,20.4,86.556
2024,8,LEC,2,HARD,21,48,21,18.6,86.687
2024,8,LEC,2,HARD,22,49,22,16.8,86.632
2024,8,LEC,2,HARD,23,50,23,15.0,86.693
2024,8,LEC,2,HARD,24,51,24,13.2,86.717
2024,8,LEC,2,HARD,25,52,25,11.4,86.909
2024,8,LEC,2,HARD,26,53,26,9.6,86.748
2024,8,LEC,2,HARD,27,54,27,7.8,86.992
2024,8,LEC,2,HARD,28,55,28,6.0,86.87
2024,8,PIA,1,MEDIUM,1,1,1,103.2,86.667
2024,8,PIA,1,MEDIUM,2,2,2,101.4,86.669
2024,8,PIA,1,MEDIUM,3,3,3,99.6,86.643
2024,8,PIA,1,MEDIUM,4,4,4,97.8,86.794
2024,8,PIA,1,MEDIUM,5,5,5,96.0,86.904
2024,8,PIA,1,MEDIUM,6,6,6,94.2,86.842
2024,8,PIA,1,MEDIUM,7,7,7,92.4,86.808
2024,8,PIA,1,MEDIUM,8,8,8,90.6,86.922
2024,8,PIA,1,MEDIUM,9,9,9,88.8,87.032
2024,8,PIA,1,MEDIUM,10,10,10,87.0,87.103
2024,8,PIA,1,MEDIUM,11,11,11,85.2,86.913
2024,8,PIA,1,MEDIUM,12,12,12,83.4,87.128
2024,8,PIA,1,MEDIUM,13,13,13,81.6,87.135
2024,8,PIA,1,MEDIUM,14,14,14,79.8,87.228
2024,8,PIA,1,MEDIUM,15,15,15,78.0,87.245
2024,8,PIA,1,MEDIUM,16,16,16,76.2,87.171
2024,8,PIA,1,MEDIUM,17,17,17,74.4,87.488
2024,8,PIA,1,MEDIUM,18,18,18,72.6,87.341
2024,8,PIA,1,MEDIUM,19,19,19,70.8,87.53
2024,8,PIA,1,MEDIUM,20,20,20,69.0,87.463
2024,8,PIA,1,MEDIUM,21,21,21,67.2,87.603
2024,8,PIA,1,MEDIUM,22,22,22,65.4,87.54
2024,8,PIA,1,MEDIUM,23,23,23,63.6,87.681
2024,8,PIA,1,MEDIUM,24,24,24,61.8,87.825
2024,8,PIA,1,MEDIUM,25,25,25,60.0,87.705
2024,8,PIA,1,MEDIUM,26,26,26,58.2,87.852
2024,8,PIA,1,MEDIUM,27,27,27,56.4,87.732
2024,8,PIA,2,HARD,1,28,1,54.6,85.817
2024,8,PIA,2,HARD,2,29,2,52.8,85.887
2024,8,PIA,2,HARD,3,30,3,51.0,85.714
2024,8,PIA,2,HARD,4,31,4,49.2,85.903
2024,8,PIA,2,HARD,5,32,5,47.4,85.926
2024,8,PIA,2,HARD,6,33,6,45.6,85.867
2024,8,PIA,2,HARD,7,34,7,43.8,86.02
2024,8,PIA,2,HARD,8,35,8,42.0,86.095
2024,8,PIA,2,HARD,9,36,9,40.2,86.041
2024,8,PIA,2,HARD,10,37,10,38.4,86.059
2024,8,PIA,2,HARD,11,38,11,36.6,86.139
2024,8,PIA,2,HARD,12,39,12,34.8,86.255
2024,8,PIA,2,HARD,13,40,13,33.0,86.327
2024,8,PIA,2,HARD,14,41,14,31.2,86.287
2024,8,PIA,2,HARD,15,42,15,29.4,86.36
2024,8,PIA,2,HARD,16,43,16,27.6,86.399
2024,8,PIA,2,HARD,17,44,17,25.8,86.486
2024,8,PIA,2,HARD,18,45,18,24.0,86.498
2024,8,PIA,2,HARD,19,46,19,22.2,86.565
2024,8,PIA,2,HARD,20,47,20,20.4,86.438
2024,8,PIA,2,HARD,21,48,21,18.6,86.79
2024,8,PIA,2,HARD,22,49,22,16.8,86.603
2024,8,PIA,2,HARD,23,50,23,15.0,86.837
2024,8,PIA,2,HARD,24,51,24,13.2,86.948
2024,8,PIA,2,HARD,25,52,25,11.4,86.769
2024,8,PIA,2,HARD,26,53,26,9.6,86.965
2024,8,PIA,2,HARD,27,54,27,7.8,86.908
2024,8,PIA,2,HARD,28,55,28,6.0,86.833
2024,8,SAI,1,MEDIUM,1,1,1,103.2,86.666
2024,8,SAI,1,MEDIUM,2,2,2,101.4,86.668
2024,8,SAI,1,MEDIUM,3,3,3,99.6,86.796
2024,8,SAI,1,MEDIUM,4,4,4,97.8,86.738
2024,8,SAI,1,MEDIUM,5,5,5,96.0,86.967
2024,8,SAI,1,MEDIUM,6,6,6,94.2,86.797
2024,8,SAI,1,MEDIUM,7,7,7,92.4,87.009
2024,8,SAI,1,MEDIUM,8,8,8,90.6,86.98
2024,8,SAI,1,MEDIUM,9,9,9,88.8,87.146
2024,8,SAI,1,MEDIUM,10,10,10,87.0,87.138
2024,8,SAI,1,MEDIUM,11,11,11,85.2,87.202
2024,8,SAI,1,MEDIUM,12,12,12,83.4,87.236
2024,8,SAI,1,MEDIUM,13,13,13,81.6,87.197
2024,8,SAI,1,MEDIUM,14,14,14,79.8,87.254
2024,8,SAI,1,MEDIUM,15,15,15,78.0,87.205
2024,8,SAI,1,MEDIUM,16,16,16,76.2,87.41
2024,8,SAI,1,MEDIUM,17,17,17,74.4,87.461
2024,8,SAI,1,MEDIUM,18,18,18,72.6,87.365
2024,8,SAI,1,MEDIUM,19,19,19,70.8,87.538
2024,8,SAI,1,MEDIUM,20,20,20,69.0,87.675
2024,8,SAI,1,MEDIUM,21,21,21,67.2,87.523
2024,8,SAI,1,MEDIUM,22,22,22,65.4,87.589
2024,8,SAI,1,MEDIUM,23,23,23,63.6,87.712
2024,8,SAI,1,MEDIUM,24,24,24,61.8,87.669
2024,8,SAI,1,MEDIUM,25,25,25,60.0,87.768
2024,8,SAI,1,MEDIUM,26,26,26,58.2,87.829
2024,8,SAI,1,MEDIUM,27,27,27,56.4,87.816
2024,8,SAI,2,HARD,1,28,1,54.6,86.009
2024,8,SAI,2,HARD,2,29,2,52.8,85.849
2024,8,SAI,2,HARD,3,30,3,51.0,85.948
2024,8,SAI,2,HARD,4,31,4,49.2,85.872
2024,8,SAI,2,HARD,5,32,5,47.4,86.031
2024,8,SAI,2,HARD,6,33,6,45.6,85.897
2024,8,SAI,2,HARD,7,34,7,43.8,86.146
2024,8,SAI,2,HARD,8,35,8,42.0,86.218
2024,8,SAI,2,HARD,9,36,9,40.2,86.213
2024,8,SAI,2,HARD,10,37,10,38.4,86.209
2024,8,SAI,2,HARD,11,38,11,36.6,86.219
2024,8,SAI,2,HARD,12,39,12,34.8,86.194
2024,8,SAI,2,HARD,13,40,13,33.0,86.466
2024,8,SAI,2,HARD,14,41,14,31.2,86.434
2024,8,SAI,2,HARD,15,42,15,29.4,86.351
2024,8,SAI,2,HARD,16,43,16,27.6,86.329
2024,8,SAI,2,HARD,17,44,17,25.8,86.47
2024,8,SAI,2,HARD,18,45,18,24.0,86.572
2024,8,SAI,2,HARD,19,46,19,22.2,86.508
2024,8,SAI,2,HARD,20,47,20,20.4,86.682
2024,8,SAI,2,HARD,21,48,21,18.6,86.657
2024,8,SAI,2,HARD,22,49,22,16.8,86.86
2024,8,SAI,2,HARD,23,50,23,15.0,86.904
2024,8,SAI,2,HARD,24,51,24,13.2,86.653
2024,8,SAI,2,HARD,25,52,25,11.4,86.919
2024,8,SAI,2,HARD,26,53,26,9.6,87.055
2024,8,SAI,2,HARD,27,54,27,7.8,87.069
2024,8,SAI,2,HARD,28,55,28,6.0,87.031
2024,8,NOR,1,MEDIUM,1,1,1,103.2,86.986
2024,8,NOR,1,MEDIUM,2,2,2,101.4,86.725
2024,8,NOR,1,MEDIUM,3,3,3,99.6,86.915
2024,8,NOR,1,MEDIUM,4,4,4,97.8,86.84
2024,8,NOR,1,MEDIUM,5,5,5,96.0,87.031
2024,8,NOR,1,MEDIUM,6,6,6,94.2,86.97
2024,8,NOR,1,MEDIUM,7,7,7,92.4,87.143
2024,8,NOR,1,MEDIUM,8,8,8,90.6,87.042
2024,8,NOR,1,MEDIUM,9,9,9,88.8,86.971
2024,8,NOR,1,MEDIUM,10,10,10,87.0,87.26
2024,8,NOR,1,MEDIUM,11,11,11,85.2,87.368
2024,8,NOR,1,MEDIUM,12,12,12,83.4,87.297
2024,8,NOR,1,MEDIUM,13,13,13,81.6,87.309
2024,8,NOR,1,MEDIUM,14,14,14,79.8,87.372
2024,8,NOR,1,MEDIUM,15,15,15,78.0,87.52
2024,8,NOR,1,MEDIUM,16,16,16,76.2,87.344
2024,8,NOR,1,MEDIUM,17,17,17,74.4,87.392
2024,8,NOR,1,MEDIUM,18,18,18,72.6,87.674
2024,8,NOR,1,MEDIUM,19,19,19,70.8,87.827
2024,8,NOR,1,MEDIUM,20,20,20,69.0,87.625
2024,8,NOR,1,MEDIUM,21,21,21,67.2,87.683
2024,8,NOR,1,MEDIUM,22,22,22,65.4,87.8
2024,8,NOR,1,MEDIUM,23,23,23,63.6,87.821
2024,8,NOR,1,MEDIUM,24,24,24,61.8,88.0
2024,8,NOR,1,MEDIUM,25,25,25,60.0,87.845
2024,8,NOR,1,MEDIUM,26,26,26,58.2,88.054
2024,8,NOR,1,MEDIUM,27,27,27,56.4,87.996
2024,8,NOR,2,HARD,1,28,1,54.6,85.917
2024,8,NOR,2,HARD,2,29,2,52.8,85.959
2024,8,NOR,2,HARD,3,30,3,51.0,86.125
2024,8,NOR,2,HARD,4,31,4,49.2,86.178
2024,8,NOR,2,HARD,5,32,5,47.4,86.154
2024,8,NOR,2,HARD,6,33,6,45.6,86.186
2024,8,NOR,2,HARD,7,34,7,43.8,86.248
2024,8,NOR,2,HARD,8,35,8,42.0,86.148
2024,8,NOR,2,HARD,9,36,9,40.2,86.332
2024,8,NOR,2,HARD,10,37,10,38.4,86.179
2024,8,NOR,2,HARD,11,38,11,36.6,86.327
2024,8,NOR,2,HARD,12,39,12,34.8,86.344
2024,8,NOR,2,HARD,13,40,13,33.0,86.482
2024,8,NOR,2,HARD,14,41,14,31.2,86.509
2024,8,NOR,2,HARD,15,42,15,29.4,86.477
2024,8,NOR,2,HARD,16,43,16,27.6,86.55
2024,8,NOR,2,HARD,17,44,17,25.8,86.694
2024,8,NOR,2,HARD,18,45,18,24.0,86.731
2024,8,NOR,2,HARD,19,46,19,22.2,86.631
2024,8,NOR,2,HARD,20,47,20,20.4,86.663
2024,8,NOR,2,HARD,21,48,21,18.6,86.904
2024,8,NOR,2,HARD,22,49,22,16.8,86.864
2024,8,NOR,2,HARD,23,50,23,15.0,87.114
2024,8,NOR,2,HARD,24,51,24,13.2,86.923
2024,8,NOR,2,HARD,25,52,25,11.4,86.996
2024,8,NOR,2,HARD,26,53,26,9.6,87.101
2024,8,NOR,2,HARD,27,54,27,7.8,87.187
2024,8,NOR,2,HARD,28,55,28,6.0,87.034
2024,8,RUS,1,MEDIUM,1,1,1,103.2,86.911
2024,8,RUS,1,MEDIUM,2,2,2,101.4,86.904
2024,8,RUS,1,MEDIUM,3,3,3,99.6,86.999
2024,8,RUS,1,MEDIUM,4,4,4,97.8,86.969
2024,8,RUS,1,MEDIUM,5,5,5,96.0,87.165
2024,8,RUS,1,MEDIUM,6,6,6,94.2,87.168
2024,8,RUS,1,MEDIUM,7,7,7,92.4,87.005
2024,8,RUS,1,MEDIUM,8,8,8,90.6,87.082
2024,8,RUS,1,MEDIUM,9,9,9,88.8,87.167
2024,8,RUS,1,MEDIUM,10,10,10,87.0,87.278
2024,8,RUS,1,MEDIUM,11,11,11,85.2,87.297
2024,8,RUS,1,MEDIUM,12,12,12,83.4,87.208
2024,8,RUS,1,MEDIUM,13,13,13,81.6,87.467
2024,8,RUS,1,MEDIUM,14,14,14,79.8,87.508
2024,8,RUS,1,MEDIUM,15,15,15,78.0,87.565
2024,8,RUS,1,MEDIUM,16,16,16,76.2,87.614
2024,8,RUS,1,MEDIUM,17,17,17,74.4,87.543
2024,8,RUS,1,MEDIUM,18,18,18,72.6,87.62
2024,8,RUS,1,MEDIUM,19,19,19,70.8,87.527
2024,8,RUS,1,MEDIUM,20,20,20,69.0,87.751
2024,8,RUS,1,MEDIUM,21,21,21,67.2,87.891
2024,8,RUS,1,MEDIUM,22,22,22,65.4,87.72
2024,8,RUS,1,MEDIUM,23,23,23,63.6,87.929
2024,8,RUS,1,MEDIUM,24,24,24,61.8,87.836
2024,8,RUS,1,MEDIUM,25,25,25,60.0,88.049
2024,8,RUS,1,MEDIUM,26,26,26,58.2,88.074
2024,8,RUS,1,MEDIUM,27,27,27,56.4,88.116
2024,8,RUS,2,HARD,1,28,1,54.6,85.954
2024,8,RUS,2,HARD,2,29,2,52.8,85.99
2024,8,RUS,2,HARD,3,30,3,51.0,86.156
2024,8,RUS,2,HARD,4,31,4,49.2,86.051
2024,8,RUS,2,HARD,5,32,5,47.4,86.191
2024,8,RUS,2,HARD,6,33,6,45.6,86.177
2024,8,RUS,2,HARD,7,34,7,43.8,86.228
2024,8,RUS,2,HARD,8,35,8,42.0,86.279
2024,8,RUS,2,HARD,9,36,9,40.2,86.307
2024,8,RUS,2,HARD,10,37,10,38.4,86.322
2024,8,RUS,2,HARD,11,38,11,36.6,86.311
2024,8,RUS,2,HARD,12,39,12,34.8,86.317
2024,8,RUS,2,HARD,13,40,13,33.0,86.471
2024,8,RUS,2,HARD,14,41,14,31.2,86.609
2024,8,RUS,2,HARD,15,42,15,29.4,86.646
2024,8,RUS,2,HARD,16,43,16,27.6,86.638
2024,8,RUS,2,HARD,17,44,17,25.8,86.776
2024,8,RUS,2,HARD,18,45,18,24.0,86.679
2024,8,RUS,2,HARD,19,46,19,22.2,86.844
2024,8,RUS,2,HARD,20,47,20,20.4,86.938
2024,8,RUS,2,HARD,21,48,21,18.6,86.952
2024,8,RUS,2,HARD,22,49,22,16.8,86.96
2024,8,RUS,2,HARD,23,50,23,15.0,86.916
2024,8,RUS,2,HARD,24,51,24,13.2,86.981
2024,8,RUS,2,HARD,25,52,25,11.4,86.961
2024,8,RUS,2,HARD,26,53,26,9.6,87.223
2024,8,RUS,2,HARD,27,54,27,7.8,87.062
2024,8,RUS,2,HARD,28,55,28,6.0,87.284
2024,8,VER,1,MEDIUM,1,1,1,103.2,86.948
2024,8,VER,1,MEDIUM,2,2,2,101.4,87.021
2024,8,VER,1,MEDIUM,3,3,3,99.6,87.123
2024,8,VER,1,MEDIUM,4,4,4,97.8,87.185
2024,8,VER,1,MEDIUM,5,5,5,96.0,87.189
2024,8,VER,1,MEDIUM,6,6,6,94.2,87.143
2024,8,VER,1,MEDIUM,7,7,7,92.4,87.198
2024,8,VER,1,MEDIUM,8,8,8,90.6,87.203
2024,8,VER,1,MEDIUM,9,9,9,88.8,87.354
2024,8,VER,1,MEDIUM,10,10,10,87.0,87.467
2024,8,VER,1,MEDIUM,11,11,11,85.2,87.437
2024,8,VER,1,MEDIUM,12,12,12,83.4,87.524
2024,8,VER,1,MEDIUM,13,13,13,81.6,87.49
2024,8,VER,1,MEDIUM,14,14,14,79.8,87.524
2024,8,VER,1,MEDIUM,15,15,15,78.0,87.506
2024,8,VER,1,MEDIUM,16,16,16,76.2,87.676
2024,8,VER,1,MEDIUM,17,17,17,74.4,87.592
2024,8,VER,1,MEDIUM,18,18,18,72.6,87.595
2024,8,VER,1,MEDIUM,19,19,19,70.8,87.646
2024,8,VER,1,MEDIUM,20,20,20,69.0,87.752
2024,8,VER,1,MEDIUM,21,21,21,67.2,87.945
2024,8,VER,1,MEDIUM,22,22,22,65.4,87.975
2024,8,VER,1,MEDIUM,23,23,23,63.6,87.975
2024,8,VER,1,MEDIUM,24,24,24,61.8,87.998
2024,8,VER,1,MEDIUM,25,25,25,60.0,87.943
2024,8,VER,1,MEDIUM,26,26,26,58.2,88.125
2024,8,VER,1,MEDIUM,27,27,27,56.4,88.128
2024,8,VER,2,HARD,1,28,1,54.6,85.929
2024,8,VER,2,HARD,2,29,2,52.8,86.25
2024,8,VER,2,HARD,3,30,3,51.0,86.213
2024,8,VER,2,HARD,4,31,4,49.2,86.095
2024,8,VER,2,HARD,5,32,5,47.4,86.22
2024,8,VER,2,HARD,6,33,6,45.6,86.182
2024,8,VER,2,HARD,7,34,7,43.8,86.362
2024,8,VER,2,HARD,8,35,8,42.0,86.265
2024,8,VER,2,HARD,9,36,9,40.2,86.543
2024,8,VER,2,HARD,10,37,10,38.4,86.525
2024,8,VER,2,HARD,11,38,11,36.6,86.393
2024,8,VER,2,HARD,12,39,12,34.8,86.587
2024,8,VER,2,HARD,13,40,13,33.0,86.57
2024,8,VER,2,HARD,14,41,14,31.2,86.587
2024,8,VER,2,HARD,15,42,15,29.4,86.65
2024,8,VER,2,HARD,16,43,16,27.6,86.718
2024,8,VER,2,HARD,17,44,17,25.8,86.747
2024,8,VER,2,HARD,18,45,18,24.0,86.764
2024,8,VER,2,HARD,19,46,19,22.2,86.878
2024,8,VER,2,HARD,20,47,20,20.4,86.818
2024,8,VER,2,HARD,21,48,21,18.6,86.944
2024,8,VER,2,HARD,22,49,22,16.8,86.979
2024,8,VER,2,HARD,23,50,23,15.0,87.015
2024,8,VER,2,HARD,24,51,24,13.2,87.049
2024,8,VER,2,HARD,25,52,25,11.4,87.177
2024,8,VER,2,HARD,26,53,26,9.6,87.325
2024,8,VER,2,HARD,27,54,27,7.8,87.218
2024,8,VER,2,HARD,28,55,28,6.0,87.322
2024,9,RUS,1,MEDIUM,1,1,1,103.2,86.632
2024,9,RUS,1,MEDIUM,2,2,2,101.4,86.712
2024,9,RUS,1,MEDIUM,3,3,3,99.6,86.661
2024,9,RUS,1,MEDIUM,4,4,4,97.8,86.529
2024,9,RUS,1,MEDIUM,5,5,5,96.0,86.771
2024,9,RUS,1,MEDIUM,6,6,6,94.2,86.895
2024,9,RUS,1,MEDIUM,7,7,7,92.4,86.943
2024,9,RUS,1,MEDIUM,8,8,8,90.6,86.921
2024,9,RUS,1,MEDIUM,9,9,9,88.8,86.996
2024,9,RUS,1,MEDIUM,10,10,10,87.0,86.818
2024,9,RUS,1,MEDIUM,11,11,11,85.2,86.982
2024,9,RUS,1,MEDIUM,12,12,12,83.4,86.936
2024,9,RUS,1,MEDIUM,13,13,13,81.6,87.083
2024,9,RUS,1,MEDIUM,14,14,14,79.8,87.193
2024,9,RUS,1,MEDIUM,15,15,15,78.0,87.166
2024,9,RUS,1,MEDIUM,16,16,16,76.2,87.136
2024,9,RUS,1,MEDIUM,17,17,17,74.4,87.375
2024,9,RUS,1,MEDIUM,18,18,18,72.6,87.346
2024,9,RUS,1,MEDIUM,19,19,19,70.8,87.254
2024,9,RUS,1,MEDIUM,20,20,20,69.0,87.409
2024,9,RUS,1,MEDIUM,21,21,21,67.2,87.362
2024,9,RUS,1,MEDIUM,22,22,22,65.4,87.445
2024,9,RUS,1,MEDIUM,23,23,23,63.6,87.594
2024,9,RUS,1,MEDIUM,24,24,24,61.8,87.564
2024,9,RUS,1,MEDIUM,25,25,25,60.0,87.646
2024,9,RUS,1,MEDIUM,26,26,26,58.2,87.801
2024,9,RUS,1,MEDIUM,27,27,27,56.4,87.868
2024,9,RUS,2,HARD,1,28,1,54.6,85.717
2024,9,RUS,2,HARD,2,29,2,52.8,85.653
2024,9,RUS,2,HARD,3,30,3,51.0,85.762
2024,9,RUS,2,HARD,4,31,4,49.2,85.912
2024,9,RUS,2,HARD,5,32,5,47.4,85.804
2024,9,RUS,2,HARD,6,33,6,45.6,85.81
2024,9,RUS,2,HARD,7,34,7,43.8,85.95
2024,9,RUS,2,HARD,8,35,8,42.0,85.945
2024,9,RUS,2,HARD,9,36,9,40.2,86.037
2024,9,RUS,2,HARD,10,37,10,38.4,86.139
2024,9,RUS,2,HARD,11,38,11,36.6,86.124
2024,9,RUS,2,HARD,12,39,12,34.8,86.03
2024,9,RUS,2,HARD,13,40,13,33.0,86.383
2024,9,RUS,2,HARD,14,41,14,31.2,86.231
2024,9,RUS,2,HARD,15,42,15,29.4,86.344
2024,9,RUS,2,HARD,16,43,16,27.6,86.296
2024,9,RUS,2,HARD,17,44,17,25.8,86.193
2024,9,RUS,2,HARD,18,45,18,24.0,86.409
2024,9,RUS,2,HARD,19,46,19,22.2,86.446
2024,9,RUS,2,HARD,20,47,20,20.4,86.504
2024,9,RUS,2,HARD,21,48,21,18.6,86.512
2024,9,RUS,2,HARD,22,49,22,16.8,86.747
2024,9,RUS,2,HARD,23,50,23,15.0,86.579
2024,9,RUS,2,HARD,24,51,24,13.2,86.762
2024,9,RUS,2,HARD,25,52,25,11.4,86.768
2024,9,RUS,2,HARD,26,53,26,9.6,86.896
2024,9,RUS,2,HARD,27,54,27,7.8,86.765
2024,9,RUS,2,HARD,28,55,28,6.0,87.046
2024,9,VER,1,MEDIUM,1,1,1,103.2,86.681
2024,9,VER,1,MEDIUM,2,2,2,101.4,86.583
2024,9,VER,1,MEDIUM,3,3,3,99.6,86.754
2024,9,VER,1,MEDIUM,4,4,4,97.8,86.894
2024,9,VER,1,MEDIUM,5,5,5,96.0,86.733
2024,9,VER,1,MEDIUM,6,6,6,94.2,86.82
2024,9,VER,1,MEDIUM,7,7,7,92.4,86.962
2024,9,VER,1,MEDIUM,8,8,8,90.6,86.863
2024,9,VER,1,MEDIUM,9,9,9,88.8,87.04
2024,9,VER,1,MEDIUM,10,10,10,87.0,86.847
2024,9,VER,1,MEDIUM,11,11,11,85.2,87.052
2024,9,VER,1,MEDIUM,12,12,12,83.4,87.09
2024,9,VER,1,MEDIUM,13,13,13,81.6,87.148
2024,9,VER,1,MEDIUM,14,14,14,79.8,87.232
2024,9,VER,1,MEDIUM,15,15,15,78.0,87.121
2024,9,VER,1,MEDIUM,16,16,16,76.2,87.224
2024,9,VER,1,MEDIUM,17,17,17,74.4,87.384
2024,9,VER,1,MEDIUM,18,18,18,72.6,87.39
2024,9,VER,1,MEDIUM,19,19,19,70.8,87.368
2024,9,VER,1,MEDIUM,20,20,20,69.0,87.559
2024,9,VER,1,MEDIUM,21,21,21,67.2,87.552
2024,9,VER,1,MEDIUM,22,22,22,65.4,87.517
2024,9,VER,1,MEDIUM,23,23,23,63.6,87.704
2024,9,VER,1,MEDIUM,24,24,24,61.8,87.806
2024,9,VER,1,MEDIUM,25,25,25,60.0,87.839
2024,9,VER,1,MEDIUM,26,26,26,58.2,87.947
2024,9,VER,1,MEDIUM,27,27,27,56.4,87.966
2024,9,VER,2,HARD,1,28,1,54.6,85.737
2024,9,VER,2,HARD,2,29,2,52.8,85.765
2024,9,VER,2,HARD,3,30,3,51.0,85.814
2024,9,VER,2,HARD,4,31,4,49.2,86.087
2024,9,VER,2,HARD,5,32,5,47.4,85.891
2024,9,VER,2,HARD,6,33,6,45.6,85.897
2024,9,VER,2,HARD,7,34,7,43.8,86.129
2024,9,VER,2,HARD,8,35,8,42.0,85.969
2024,9,VER,2,HARD,9,36,9,40.2,86.135
2024,9,VER,2,HARD,10,37,10,38.4,86.088
2024,9,VER,2,HARD,11,38,11,36.6,86.13
2024,9,VER,2,HARD,12,39,12,34.8,86.253
2024,9,VER,2,HARD,13,40,13,33.0,86.373
2024,9,VER,2,HARD,14,41,14,31.2,86.365
2024,9,VER,2,HARD,15,42,15,29.4,86.208
2024,9,VER,2,HARD,16,43,16,27.6,86.445
2024,9,VER,2,HARD,17,44,17,25.8,86.358
2024,9,VER,2,HARD,18,45,18,24.0,86.539
2024,9,VER,2,HARD,19,46,19,22.2,86.627
2024,9,VER,2,HARD,20,47,20,20.4,86.826
2024,9,VER,2,HARD,21,48,21,18.6,86.666
2024,9,VER,2,HARD,22,49,22,16.8,86.53
2024,9,VER,2,HARD,23,50,23,15.0,86.647
2024,9,VER,2,HARD,24,51,24,13.2,86.719
2024,9,VER,2,HARD,25,52,25,11.4,86.731
2024,9,VER,2,HARD,26,53,26,9.6,86.776
2024,9,VER,2,HARD,27,54,27,7.8,86.899
2024,9,VER,2,HARD,28,55,28,6.0,86.879
2024,9,NOR,1,MEDIUM,1,1,1,103.2,86.764
2024,9,NOR,1,MEDIUM,2,2,2,101.4,86.716
2024,9,NOR,1,MEDIUM,3,3,3,99.6,86.698
2024,9,NOR,1,MEDIUM,4,4,4,97.8,86.805
2024,9,NOR,1,MEDIUM,5,5,5,96.0,86.855
2024,9,NOR,1,MEDIUM,6,6,6,94.2,87.021
2024,9,NOR,1,MEDIUM,7,7,7,92.4,86.895
2024,9,NOR,1,MEDIUM,8,8,8,90.6,86.955
2024,9,NOR,1,MEDIUM,9,9,9,88.8,87.02
2024,9,NOR,1,MEDIUM,10,10,10,87.0,86.995
2024,9,NOR,1,MEDIUM,11,11,11,85.2,87.255
2024,9,NOR,1,MEDIUM,12,12,12,83.4,87.285
2024,9,NOR,1,MEDIUM,13,13,13,81.6,87.17
2024,9,NOR,1,MEDIUM,14,14,14,79.8,87.222
2024,9,NOR,1,MEDIUM,15,15,15,78.0,87.251
2024,9,NOR,1,MEDIUM,16,16,16,76.2,87.176
2024,9,NOR,1,MEDIUM,17,17,17,74.4,87.485
2024,9,NOR,1,MEDIUM,18,18,18,72.6,87.445
2024,9,NOR,1,MEDIUM,19,19,19,70.8,87.539
2024,9,NOR,1,MEDIUM,20,20,20,69.0,87.52
2024,9,NOR,1,MEDIUM,21,21,21,67.2,87.686
2024,9,NOR,1,MEDIUM,22,22,22,65.4,87.674
2024,9,NOR,1,MEDIUM,23,23,23,63.6,87.704
2024,9,NOR,1,MEDIUM,24,24,24,61.8,87.8
2024,9,NOR,1,MEDIUM,25,25,25,60.0,87.908
2024,9,NOR,1,MEDIUM,26,26,26,58.2,87.858
2024,9,NOR,1,MEDIUM,27,27,27,56.4,87.913
2024,9,NOR,2,HARD,1,28,1,54.6,85.946
2024,9,NOR,2,HARD,2,29,2,52.8,85.852
2024,9,NOR,2,HARD,3,30,3,51.0,85.882
2024,9,NOR,2,HARD,4,31,4,49.2,86.042
2024,9,NOR,2,HARD,5,32,5,47.4,86.059
2024,9,NOR,2,HARD,6,33,6,45.6,86.046
2024,9,NOR,2,HARD,7,34,7,43.8,85.968
2024,9,NOR,2,HARD,8,35,8,42.0,86.007
2024,9,NOR,2,HARD,9,36,9,40.2,86.145
2024,9,NOR,2,HARD,10,37,10,38.4,86.183
2024,9,NOR,2,HARD,11,38,11,36.6,86.3
2024,9,NOR,2,HARD,12,39,12,34.8,86.163
2024,9,NOR,2,HARD,13,40,13,33.0,86.237
2024,9,NOR,2,HARD,14,41,14,31.2,86.342
2024,9,NOR,2,HARD,15,42,15,29.4,86.343
2024,9,NOR,2,HARD,16,43,16,27.6,86.609
2024,9,NOR,2,HARD,17,44,17,25.8,86.511
2024,9,NOR,2,HARD,18,45,18,24.0,86.494
2024,9,NOR,2,HARD,19,46,19,22.2,86.598
2024,9,NOR,2,HARD,20,47,20,20.4,86.773
2024,9,NOR,2,HARD,21,48,21,18.6,86.766
2024,9,NOR,2,HARD,22,49,22,16.8,86.713
2024,9,NOR,2,HARD,23,50,23,15.0,86.711
2024,9,NOR,2,HARD,24,51,24,13.2,87.108
2024,9,NOR,2,HARD,25,52,25,11.4,86.939
2024,9,NOR,2,HARD,26,53,26,9.6,86.984
2024,9,NOR,2,HARD,27,54,27,7.8,87.09
2024,9,NOR,2,HARD,28,55,28,6.0,87.218
2024,9,PIA,1,MEDIUM,1,1,1,103.2,86.921
2024,9,PIA,1,MEDIUM,2,2,2,101.4,86.797
2024,9,PIA,1,MEDIUM,3,3,3,99.6,86.832
2024,9,PIA,1,MEDIUM,4,4,4,97.8,86.951
2024,9,PIA,1,MEDIUM,5,5,5,96.0,87.015
2024,9,PIA,1,MEDIUM,6,6,6,94.2,86.928
2024,9,PIA,1,MEDIUM,7,7,7,92.4,87.027
2024,9,PIA,1,MEDIUM,8,8,8,90.6,87.045
2024,9,PIA,1,MEDIUM,9,9,9,88.8,87.434
2024,9,PIA,1,MEDIUM,10,10,10,87.0,87.061
2024,9,PIA,1,MEDIUM,11,11,11,85.2,87.162
2024,9,PIA,1,MEDIUM,12,12,12,83.4,87.157
2024,9,PIA,1,MEDIUM,13,13,13,81.6,87.405
2024,9,PIA,1,MEDIUM,14,14,14,79.8,87.381
2024,9,PIA,1,MEDIUM,15,15,15,78.0,87.464
2024,9,PIA,1,MEDIUM,16,16,16,76.2,87.526
2024,9,PIA,1,MEDIUM,17,17,17,74.4,87.656
2024,9,PIA,1,MEDIUM,18,18,18,72.6,87.48
2024,9,PIA,1,MEDIUM,19,19,19,70.8,87.585
2024,9,PIA,1,MEDIUM,20,20,20,69.0,87.584
2024,9,PIA,1,MEDIUM,21,21,21,67.2,87.659
2024,9,PIA,1,MEDIUM,22,22,22,65.4,87.655
2024,9,PIA,1,MEDIUM,23,23,23,63.6,87.789
2024,9,PIA,1,MEDIUM,24,24,24,61.8,87.902
2024,9,PIA,1,MEDIUM,25,25,25,60.0,87.945
2024,9,PIA,1,MEDIUM,26,26,26,58.2,87.807
2024,9,PIA,1,MEDIUM,27,27,27,56.4,87.96
2024,9,PIA,2,HARD,1,28,1,54.6,85.966
2024,9,PIA,2,HARD,2,29,2,52.8,86.072
2024,9,PIA,2,HARD,3,30,3,51.0,86.117
2024,9,PIA,2,HARD,4,31,4,49.2,86.002
2024,9,PIA,2,HARD,5,32,5,47.4,86.168
2024,9,PIA,2,HARD,6,33,6,45.6,86.141
2024,9,PIA,2,HARD,7,34,7,43.8,86.132
2024,9,PIA,2,HARD,8,35,8,42.0,86.143
2024,9,PIA,2,HARD,9,36,9,40.2,86.289
2024,9,PIA,2,HARD,10,37,10,38.4,86.345
2024,9,PIA,2,HARD,11,38,11,36.6,86.212
2024,9,PIA,2,HARD,12,39,12,34.8,86.357
2024,9,PIA,2,HARD,13,40,13,33.0,86.334
2024,9,PIA,2,HARD,14,41,14,31.2,86.437
2024,9,PIA,2,HARD,15,42,15,29.4,86.594
2024,9,PIA,2,HARD,16,43,16,27.6,86.635
2024,9,PIA,2,HARD,17,44,17,25.8,86.65
2024,9,PIA,2,HARD,18,45,18,24.0,86.703
2024,9,PIA,2,HARD,19,46,19,22.2,86.678
2024,9,PIA,2,HARD,20,47,20,20.4,86.852
2024,9,PIA,2,HARD,21,48,21,18.6,86.795
2024,9,PIA,2,HARD,22,49,22,16.8,86.925
2024,9,PIA,2,HARD,23,50,23,15.0,86.854
2024,9,PIA,2,HARD,24,51,24,13.2,86.994
2024,9,PIA,2,HARD,25,52,25,11.4,87.015
2024,9,PIA,2,HARD,26,53,26,9.6,86.988
2024,9,PIA,2,HARD,27,54,27,7.8,87.256
2024,9,PIA,2,HARD,28,55,28,6.0,87.125
2024,9,ALO,1,MEDIUM,1,1,1,103.2,87.006
2024,9,ALO,1,MEDIUM,2,2,2,101.4,86.993
2024,9,ALO,1,MEDIUM,3,3,3,99.6,87.065
2024,9,ALO,1,MEDIUM,4,4,4,97.8,87.082
2024,9,ALO,1,MEDIUM,5,5,5,96.0,87.262
2024,9,ALO,1,MEDIUM,6,6,6,94.2,87.236
2024,9,ALO,1,MEDIUM,7,7,7,92.4,87.178
2024,9,ALO,1,MEDIUM,8,8,8,90.6,87.297
2024,9,ALO,1,MEDIUM,9,9,9,88.8,87.359
2024,9,ALO,1,MEDIUM,10,10,10,87.0,87.359
2024,9,ALO,1,MEDIUM,11,11,11,85.2,87.365
2024,9,ALO,1,MEDIUM,12,12,12,83.4,87.397
2024,9,ALO,1,MEDIUM,13,13,13,81.6,87.413
2024,9,ALO,1,MEDIUM,14,14,14,79.8,87.461
2024,9,ALO,1,MEDIUM,15,15,15,78.0,87.605
2024,9,ALO,1,MEDIUM,16,16,16,76.2,87.574
2024,9,ALO,1,MEDIUM,17,17,17,74.4,87.71
2024,9,ALO,1,MEDIUM,18,18,18,72.6,87.65
2024,9,ALO,1,MEDIUM,19,19,19,70.8,87.674
2024,9,ALO,1,MEDIUM,20,20,20,69.0,87.814
2024,9,ALO,1,MEDIUM,21,21,21,67.2,87.741
2024,9,ALO,1,MEDIUM,22,22,22,65.4,87.951
2024,9,ALO,1,MEDIUM,23,23,23,63.6,87.758
2024,9,ALO,1,MEDIUM,24,24,24,61.8,88.074
2024,9,ALO,1,MEDIUM,25,25,25,60.0,88.127
2024,9,ALO,1,MEDIUM,26,26,26,58.2,87.978
2024,9,ALO,1,MEDIUM,27,27,27,56.4,88.11
2024,9,ALO,2,HARD,1,28,1,54.6,86.143
2024,9,ALO,2,HARD,2,29,2,52.8,86.259
2024,9,ALO,2,HARD,3,30,3,51.0,86.106
2024,9,ALO,2,HARD,4,31,4,49.2,86.326
2024,9,ALO,2,HARD,5,32,5,47.4,86.331
2024,9,ALO,2,HARD,6,33,6,45.6,86.195
2024,9,ALO,2,HARD,7,34,7,43.8,86.333
2024,9,ALO,2,HARD,8,35,8,42.0,86.333
2024,9,ALO,2,HARD,9,36,9,40.2,86.453
2024,9,ALO,2,HARD,10,37,10,38.4,86.498
2024,9,ALO,2,HARD,11,38,11,36.6,86.441
2024,9,ALO,2,HARD,12,39,12,34.8,86.506
2024,9,ALO,2,HARD,13,40,13,33.0,86.575
2024,9,ALO,2,HARD,14,41,14,31.2,86.55
2024,9,ALO,2,HARD,15,42,15,29.4,86.656
2024,9,ALO,2,HARD,16,43,16,27.6,86.633
2024,9,ALO,2,HARD,17,44,17,25.8,86.681
2024,9,ALO,2,HARD,18,45,18,24.0,86.774
2024,9,ALO,2,HARD,19,46,19,22.2,86.845
2024,9,ALO,2,HARD,20,47,20,20.4,86.854
2024,9,ALO,2,HARD,21,48,21,18.6,87.08
2024,9,ALO,2,HARD,22,49,22,16.8,86.986
2024,9,ALO,2,HARD,23,50,23,15.0,87.034
2024,9,ALO,2,HARD,24,51,24,13.2,87.156
2024,9,ALO,2,HARD,25,52,25,11.4,87.067
2024,9,ALO,2,HARD,26,53,26,9.6,87.267
2024,9,ALO,2,HARD,27,54,27,7.8,87.264
2024,9,ALO,2,HARD,28,55,28,6.0,87.441
2024,9,HAM,1,MEDIUM,1,1,1,103.2,87.077
2024,9,HAM,1,MEDIUM,2,2,2,101.4,86.974
2024,9,HAM,1,MEDIUM,3,3,3,99.6,87.18
2024,9,HAM,1,MEDIUM,4,4,4,97.8,87.027
2024,9,HAM,1,MEDIUM,5,5,5,96.0,87.191
2024,9,HAM,1,MEDIUM,6,6,6,94.2,87.141
2024,9,HAM,1,MEDIUM,7,7,7,92.4,87.304
2024,9,HAM,1,MEDIUM,8,8,8,90.6,87.281
2024,9,HAM,1,MEDIUM,9,9,9,88.8,87.361
2024,9,HAM,1,MEDIUM,10,10,10,87.0,87.587
2024,9,HAM,1,MEDIUM,11,11,11,85.2,87.323
2024,9,HAM,1,MEDIUM,12,12,12,83.4,87.639
2024,9,HAM,1,MEDIUM,13,13,13,81.6,87.687
2024,9,HAM,1,MEDIUM,14,14,14,79.8,87.59
2024,9,HAM,1,MEDIUM,15,15,15,78.0,87.591
2024,9,HAM,1,MEDIUM,16,16,16,76.2,87.741
2024,9,HAM,1,MEDIUM,17,17,17,74.4,87.824
2024,9,HAM,1,MEDIUM,18,18,18,72.6,87.735
2024,9,HAM,1,MEDIUM,19,19,19,70.8,87.901
2024,9,HAM,1,MEDIUM,20,20,20,69.0,87.921
2024,9,HAM,1,MEDIUM,21,21,21,67.2,88.052
2024,9,HAM,1,MEDIUM,22,22,22,65.4,87.984
2024,9,HAM,1,MEDIUM,23,23,23,63.6,88.068
2024,9,HAM,1,MEDIUM,24,24,24,61.8,88.201
2024,9,HAM,1,MEDIUM,25,25,25,60.0,88.191
2024,9,HAM,1,MEDIUM,26,26,26,58.2,88.354
2024,9,HAM,1,MEDIUM,27,27,27,56.4,88.25
2024,9,HAM,2,HARD,1,28,1,54.6,86.11
2024,9,HAM,2,HARD,2,29,2,52.8,86.348
2024,9,HAM,2,HARD,3,30,3,51.0,86.162
2024,9,HAM,2,HARD,4,31,4,49.2,86.398
2024,9,HAM,2,HARD,5,32,5,47.4,86.293
2024,9,HAM,2,HARD,6,33,6,45.6,86.48
2024,9,HAM,2,HARD,7,34,7,43.8,86.308
2024,9,HAM,2,HARD,8,35,8,42.0,86.401
2024,9,HAM,2,HARD,9,36,9,40.2,86.485
2024,9,HAM,2,HARD,10,37,10,38.4,86.553
2024,9,HAM,2,HARD,11,38,11,36.6,86.576
2024,9,HAM,2,HARD,12,39,12,34.8,86.736
2024,9,HAM,2,HARD,13,40,13,33.0,86.737
2024,9,HAM,2,HARD,14,41,14,31.2,86.62
2024,9,HAM,2,HARD,15,42,15,29.4,86.991
2024,9,HAM,2,HARD,16,43,16,27.6,86.852
2024,9,HAM,2,HARD,17,44,17,25.8,86.819
2024,9,HAM,2,HARD,18,45,18,24.0,86.818
2024,9,HAM,2,HARD,19,46,19,22.2,87.07
2024,9,HAM,2,HARD,20,47,20,20.4,86.968
2024,9,HAM,2,HARD,21,48,21,18.6,87.156
2024,9,HAM,2,HARD,22,49,22,16.8,87.109
2024,9,HAM,2,HARD,23,50,23,15.0,87.24
2024,9,HAM,2,HARD,24,51,24,13.2,87.232
2024,9,HAM,2,HARD,25,52,25,11.4,87.295
2024,9,HAM,2,HARD,26,53,26,9.6,87.26
2024,9,HAM,2,HARD,27,54,27,7.8,87.526
2024,9,HAM,2,HARD,28,55,28,6.0,87.366
2024,10,NOR,1,MEDIUM,1,1,1,103.2,86.586
2024,10,NOR,1,MEDIUM,2,2,2,101.4,86.684
2024,10,NOR,1,MEDIUM,3,3,3,99.6,86.586
2024,10,NOR,1,MEDIUM,4,4,4,97.8,86.579
2024,10,NOR,1,MEDIUM,5,5,5,96.0,86.622
2024,10,NOR,1,MEDIUM,6,6,6,94.2,86.779
2024,10,NOR,1,MEDIUM,7,7,7,92.4,86.818
2024,10,NOR,1,MEDIUM,8,8,8,90.6,86.837
2024,10,NOR,1,MEDIUM,9,9,9,88.8,86.757
2024,10,NOR,1,MEDIUM,10,10,10,87.0,86.877
2024,10,NOR,1,MEDIUM,11,11,11,85.2,86.954
2024,10,NOR,1,MEDIUM,12,12,12,83.4,87.012
2024,10,NOR,1,MEDIUM,13,13,13,81.6,87.158
2024,10,NOR,1,MEDIUM,14,14,14,79.8,87.29
2024,10,NOR,1,MEDIUM,15,15,15,78.0,87.193
2024,10,NOR,1,MEDIUM,16,16,16,76.2,87.111
2024,10,NOR,1,MEDIUM,17,17,17,74.4,87.333
2024,10,NOR,1,MEDIUM,18,18,18,72.6,87.262
2024,10,NOR,1,MEDIUM,19,19,19,70.8,87.429
2024,10,NOR,1,MEDIUM,20,20,20,69.0,87.438
2024,10,NOR,1,MEDIUM,21,21,21,67.2,87.464
2024,10,NOR,1,MEDIUM,22,22,22,65.4,87.583
2024,10,NOR,1,MEDIUM,23,23,23,63.6,87.49
2024,10,NOR,1,MEDIUM,24,24,24,61.8,87.65
2024,10,NOR,1,MEDIUM,25,25,25,60.0,87.767
2024,10,NOR,1,MEDIUM,26,26,26,58.2,87.733
2024,10,NOR,1,MEDIUM,27,27,27,56.4,87.641
2024,10,NOR,2,HARD,1,28,1,54.6,85.825
2024,10,NOR,2,HARD,2,29,2,52.8,85.803
2024,10,NOR,2,HARD,3,30,3,51.0,85.742
2024,10,NOR,2,HARD,4,31,4,49.2,85.78
2024,10,NOR,2,HARD,5,32,5,47.4,85.938
2024,10,NOR,2,HARD,6,33,6,45.6,85.919
2024,10,NOR,2,HARD,7,34,7,43.8,85.886
2024,10,NOR,2,HARD,8,35,8,42.0,85.982
2024,10,NOR,2,HARD,9,36,9,40.2,86.001
2024,10,NOR,2,HARD,10,37,10,38.4,86.007
2024,10,NOR,2,HARD,11,38,11,36.6,86.091
2024,10,NOR,2,HARD,12,39,12,34.8,86.033
2024,10,NOR,2,HARD,13,40,13,33.0,86.163
2024,10,NOR,2,HARD,14,41,14,31.2,86.196
2024,10,NOR,2,HARD,15,42,15,29.4,86.402
2024,10,NOR,2,HARD,16,43,16,27.6,86.318
2024,10,NOR,2,HARD,17,44,17,25.8,86.559
2024,10,NOR,2,HARD,18,45,18,24.0,86.221
2024,10,NOR,2,HARD,19,46,19,22.2,86.498
2024,10,NOR,2,HARD,20,47,20,20.4,86.645
2024,10,NOR,2,HARD,21,48,21,18.6,86.468
2024,10,NOR,2,HARD,22,49,22,16.8,86.658
2024,10,NOR,2,HARD,23,50,23,15.0,86.699
2024,10,NOR,2,HARD,24,51,24,13.2,86.686
2024,10,NOR,2,HARD,25,52,25,11.4,86.697
2024,10,NOR,2,HARD,26,53,26,9.6,86.722
2024,10,NOR,2,HARD,27,54,27,7.8,86.836
2024,10,NOR,2,HARD,28,55,28,6.0,86.848
2024,10,VER,1,MEDIUM,1,1,1,103.2,86.711
2024,10,VER,1,MEDIUM,2,2,2,101.4,86.739
2024,10,VER,1,MEDIUM,3,3,3,99.6,86.636
2024,10,VER,1,MEDIUM,4,4,4,97.8,86.7
2024,10,VER,1,MEDIUM,5,5,5,96.0,86.787
2024,10,VER,1,MEDIUM,6,6,6,94.2,86.839
2024,10,VER,1,MEDIUM,7,7,7,92.4,86.855
2024,10,VER,1,MEDIUM,8,8,8,90.6,87.035
2024,10,VER,1,MEDIUM,9,9,9,88.8,86.93
2024,10,VER,1,MEDIUM,10,10,10,87.0,86.915
2024,10,VER,1,MEDIUM,11,11,11,85.2,87.143
2024,10,VER,1,MEDIUM,12,12,12,83.4,87.02
2024,10,VER,1,MEDIUM,13,13,13,81.6,87.171
2024,10,VER,1,MEDIUM,14,14,14,79.8,87.196
2024,10,VER,1,MEDIUM,15,15,15,78.0,87.261
2024,10,VER,1,MEDIUM,16,16,16,76.2,87.104
2024,10,VER,1,MEDIUM,17,17,17,74.4,87.377
2024,10,VER,1,MEDIUM,18,18,18,72.6,87.371
2024,10,VER,1,MEDIUM,19,19,19,70.8,87.482
2024,10,VER,1,MEDIUM,20,20,20,69.0,87.407
2024,10,VER,1,MEDIUM,21,21,21,67.2,87.549
2024,10,VER,1,MEDIUM,22,22,22,65.4,87.419
2024,10,VER,1,MEDIUM,23,23,23,63.6,87.531
2024,10,VER,1,MEDIUM,24,24,24,61.8,87.616
2024,10,VER,1,MEDIUM,25,25,25,60.0,87.603
2024,10,VER,1,MEDIUM,26,26,26,58.2,87.805
2024,10,VER,1,MEDIUM,27,27,27,56.4,87.91
2024,10,VER,2,HARD,1,28,1,54.6,85.704
2024,10,VER,2,HARD,2,29,2,52.8,85.809
2024,10,VER,2,HARD,3,30,3,51.0,85.909
2024,10,VER,2,HARD,4,31,4,49.2,85.727
2024,10,VER,2,HARD,5,32,5,47.4,85.818
2024,10,VER,2,HARD,6,33,6,45.6,85.948
2024,10,VER,2,HARD,7,34,7,43.8,85.975
2024,10,VER,2,HARD,8,35,8,42.0,85.947
2024,10,VER,2,HARD,9,36,9,40.2,86.022
2024,10,VER,2,HARD,10,37,10,38.4,86.107
2024,10,VER,2,HARD,11,38,11,36.6,86.232
2024,10,VER,2,HARD,12,39,12,34.8,86.126
2024,10,VER,2,HARD,13,40,13,33.0,86.261
2024,10,VER,2,HARD,14,41,14,31.2,86.315
2024,10,VER,2,HARD,15,42,15,29.4,86.331
2024,10,VER,2,HARD,16,43,16,27.6,86.473
2024,10,VER,2,HARD,17,44,17,25.8,86.308
2024,10,VER,2,HARD,18,45,18,24.0,86.581
2024,10,VER,2,HARD,19,46,19,22.2,86.619
2024,10,VER,2,HARD,20,47,20,20.4,86.629
2024,10,VER,2,HARD,21,48,21,18.6,86.819
2024,10,VER,2,HARD,22,49,22,16.8,86.743
2024,10,VER,2,HARD,23,50,23,15.0,86.599
2024,10,VER,2,HARD,24,51,24,13.2,86.857
2024,10,VER,2,HARD,25,52,25,11.4,86.897
2024,10,VER,2,HARD,26,53,26,9.6,86.923
2024,10,VER,2,HARD,27,54,27,7.8,87.015
2024,10,VER,2,HARD,28,55,28,6.0,86.896
2024,10,HAM,1,MEDIUM,1,1,1,103.2,86.887
2024,10,HAM,1,MEDIUM,2,2,2,101.4,86.855
2024,10,HAM,1,MEDIUM,3,3,3,99.6,86.757
2024,10,HAM,1,MEDIUM,4,4,4,97.8,86.962
2024,10,HAM,1,MEDIUM,5,5,5,96.0,86.779
2024,10,HAM,1,MEDIUM,6,6,6,94.2,86.934
2024,10,HAM,1,MEDIUM,7,7,7,92.4,87.004
2024,10,HAM,1,MEDIUM,8,8,8,90.6,86.993
2024,10,HAM,1,MEDIUM,9,9,9,88.8,87.148
2024,10,HAM,1,MEDIUM,10,10,10,87.0,87.113
2024,10,HAM,1,MEDIUM,11,11,11,85.2,87.159
2024,10,HAM,1,MEDIUM,12,12,12,83.4,87.207
2024,10,HAM,1,MEDIUM,13,13,13,81.6,87.284
2024,10,HAM,1,MEDIUM,14,14,14,79.8,87.18
2024,10,HAM,1,MEDIUM,15,15,15,78.0,87.458
2024,10,HAM,1,MEDIUM,16,16,16,76.2,87.346
2024,10,HAM,1,MEDIUM,17,17,17,74.4,87.295
2024,10,HAM,1,MEDIUM,18,18,18,72.6,87.613
2024,10,HAM,1,MEDIUM,19,19,19,70.8,87.611
2024,10,HAM,1,MEDIUM,20,20,20,69.0,87.598
2024,10,HAM,1,MEDIUM,21,21,21,67.2,87.584
2024,10,HAM,1,MEDIUM,22,22,22,65.4,87.804
2024,10,HAM,1,MEDIUM,23,23,23,63.6,87.662
2024,10,HAM,1,MEDIUM,24,24,24,61.8,87.658
2024,10,HAM,1,MEDIUM,25,25,25,60.0,87.781
2024,10,HAM,1,MEDIUM,26,26,26,58.2,87.962
2024,10,HAM,1,MEDIUM,27,27,27,56.4,87.86
2024,10,HAM,2,HARD,1,28,1,54.6,86.014
2024,10,HAM,2,HARD,2,29,2,52.8,85.787
2024,10,HAM,2,HARD,3,30,3,51.0,85.957
2024,10,HAM,2,HARD,4,31,4,49.2,85.867
2024,10,HAM,2,HARD,5,32,5,47.4,85.963
2024,10,HAM,2,HARD,6,33,6,45.6,86.13
2024,10,HAM,2,HARD,7,34,7,43.8,86.03
2024,10,HAM,2,HARD,8,35,8,42.0,86.142
2024,10,HAM,2,HARD,9,36,9,40.2,86.164
2024,10,HAM,2,HARD,10,37,10,38.4,86.269
2024,10,HAM,2,HARD,11,38,11,36.6,86.277
2024,10,HAM,2,HARD,12,39,12,34.8,86.393
2024,10,HAM,2,HARD,13,40,13,33.0,86.194
2024,10,HAM,2,HARD,14,41,14,31.2,86.479
2024,10,HAM,2,HARD,15,42,15,29.4,86.364
2024,10,HAM,2,HARD,16,43,16,27.6,86.495
2024,10,HAM,2,HARD,17,44,17,25.8,86.531
2024,10,HAM,2,HARD,18,45,18,24.0,86.727
2024,10,HAM,2,HARD,19,46,19,22.2,86.74
2024,10,HAM,2,HARD,20,47,20,20.4,86.548
2024,10,HAM,2,HARD,21,48,21,18.6,86.689
2024,10,HAM,2,HARD,22,49,22,16.8,86.886
2024,10,HAM,2,HARD,23,50,23,15.0,86.829
2024,10,HAM,2,HARD,24,51,24,13.2,86.835
2024,10,HAM,2,HARD,25,52,25,11.4,86.841
2024,10,HAM,2,HARD,26,53,26,9.6,86.998
2024,10,HAM,2,HARD,27,54,27,7.8,87.139
2024,10,HAM,2,HARD,28,55,28,6.0,87.109
2024,10,RUS,1,MEDIUM,1,1,1,103.2,86.571
2024,10,RUS,1,MEDIUM,2,2,2,101.4,86.912
2024,10,RUS,1,MEDIUM,3,3,3,99.6,86.748
2024,10,RUS,1,MEDIUM,4,4,4,97.8,86.815
2024,10,RUS,1,MEDIUM,5,5,5,96.0,87.017
2024,10,RUS,1,MEDIUM,6,6,6,94.2,87.003
2024,10,RUS,1,MEDIUM,7,7,7,92.4,87.149
2024,10,RUS,1,MEDIUM,8,8,8,90.6,87.071
2024,10,RUS,1,MEDIUM,9,9,9,88.8,87.081
2024,10,RUS,1,MEDIUM,10,10,10,87.0,87.163
2024,10,RUS,1,MEDIUM,11,11,11,85.2,87.102
2024,10,RUS,1,MEDIUM,12,12,12,83.4,87.226
2024,10,RUS,1,MEDIUM,13,13,13,81.6,87.274
2024,10,RUS,1,MEDIUM,14,14,14,79.8,87.393
2024,10,RUS,1,MEDIUM,15,15,15,78.0,87.45
2024,10,RUS,1,MEDIUM,16,16,16,76.2,87.457
2024,10,RUS,1,MEDIUM,17,17,17,74.4,87.595
2024,10,RUS,1,MEDIUM,18,18,18,72.6,87.5
2024,10,RUS,1,MEDIUM,19,19,19,70.8,87.609
2024,10,RUS,1,MEDIUM,20,20,20,69.0,87.471
2024,10,RUS,1,MEDIUM,21,21,21,67.2,87.834
2024,10,RUS,1,MEDIUM,22,22,22,65.4,87.809
2024,10,RUS,1,MEDIUM,23,23,23,63.6,87.75
2024,10,RUS,1,MEDIUM,24,24,24,61.8,87.772
2024,10,RUS,1,MEDIUM,25,25,25,60.0,87.873
2024,10,RUS,1,MEDIUM,26,26,26,58.2,87.894
2024,10,RUS,1,MEDIUM,27,27,27,56.4,88.014
2024,10,RUS,2,HARD,1,28,1,54.6,85.993
2024,10,RUS,2,HARD,2,29,2,52.8,86.132
2024,10,RUS,2,HARD,3,30,3,51.0,85.802
2024,10,RUS,2,HARD,4,31,4,49.2,85.982
2024,10,RUS,2,HARD,5,32,5,47.4,85.934
2024,10,RUS,2,HARD,6,33,6,45.6,86.314
2024,10,RUS,2,HARD,7,34,7,43.8,86.027
2024,10,RUS,2,HARD,8,35,8,42.0,86.134
2024,10,RUS,2,HARD,9,36,9,40.2,86.164
2024,10,RUS,2,HARD,10,37,10,38.4,86.234
2024,10,RUS,2,HARD,11,38,11,36.6,86.238
2024,10,RUS,2,HARD,12,39,12,34.8,86.362
2024,10,RUS,2,HARD,13,40,13,33.0,86.487
2024,10,RUS,2,HARD,14,41,14,31.2,86.557
2024,10,RUS,2,HARD,15,42,15,29.4,86.436
2024,10,RUS,2,HARD,16,43,16,27.6,86.552
2024,10,RUS,2,HARD,17,44,17,25.8,86.485
2024,10,RUS,2,HARD,18,45,18,24.0,86.67
2024,10,RUS,2,HARD,19,46,19,22.2,86.706
2024,10,RUS,2,HARD,20,47,20,20.4,86.705
2024,10,RUS,2,HARD,21,48,21,18.6,86.826
2024,10,RUS,2,HARD,22,49,22,16.8,86.931
2024,10,RUS,2,HARD,23,50,23,15.0,86.956
2024,10,RUS,2,HARD,24,51,24,13.2,86.986
2024,10,RUS,2,HARD,25,52,25,11.4,86.993
2024,10,RUS,2,HARD,26,53,26,9.6,87.137
2024,10,RUS,2,HARD,27,54,27,7.8,87.305
2024,10,RUS,2,HARD,28,55,28,6.0,87.256
2024,10,LEC,1,MEDIUM,1,1,1,103.2,86.813
2024,10,LEC,1,MEDIUM,2,2,2,101.4,86.929
2024,10,LEC,1,MEDIUM,3,3,3,99.6,87.006
2024,10,LEC,1,MEDIUM,4,4,4,97.8,87.159
2024,10,LEC,1,MEDIUM,5,5,5,96.0,86.906
2024,10,LEC,1,MEDIUM,6,6,6,94.2,86.985
2024,10,LEC,1,MEDIUM,7,7,7,92.4,87.167
2024,10,LEC,1,MEDIUM,8,8,8,90.6,87.21
2024,10,LEC,1,MEDIUM,9,9,9,88.8,87.125
2024,10,LEC,1,MEDIUM,10,10,10,87.0,87.317
2024,10,LEC,1,MEDIUM,11,11,11,85.2,87.297
2024,10,LEC,1,MEDIUM,12,12,12,83.4,87.292
2024,10,LEC,1,MEDIUM,13,13,13,81.6,87.448
2024,10,LEC,1,MEDIUM,14,14,14,79.8,87.458
2024,10,LEC,1,MEDIUM,15,15,15,78.0,87.43
2024,10,LEC,1,MEDIUM,16,16,16,76.2,87.579
2024,10,LEC,1,MEDIUM,17,17,17,74.4,87.67
2024,10,LEC,1,MEDIUM,18,18,18,72.6,87.453
2024,10,LEC,1,MEDIUM,19,19,19,70.8,87.771
2024,10,LEC,1,MEDIUM,20,20,20,69.0,87.829
2024,10,LEC,1,MEDIUM,21,21,21,67.2,87.694
2024,10,LEC,1,MEDIUM,22,22,22,65.4,87.8
2024,10,LEC,1,MEDIUM,23,23,23,63.6,87.877
2024,10,LEC,1,MEDIUM,24,24,24,61.8,87.926
2024,10,LEC,1,MEDIUM,25,25,25,60.0,87.992
2024,10,LEC,1,MEDIUM,26,26,26,58.2,87.976
2024,10,LEC,1,MEDIUM,27,27,27,56.4,88.073
2024,10,LEC,2,HARD,1,28,1,54.6,86.065
2024,10,LEC,2,HARD,2,29,2,52.8,85.97
2024,10,LEC,2,HARD,3,30,3,51.0,86.119
2024,10,LEC,2,HARD,4,31,4,49.2,86.282
2024,10,LEC,2,HARD,5,32,5,47.4,86.273
2024,10,LEC,2,HARD,6,33,6,45.6,86.261
2024,10,LEC,2,HARD,7,34,7,43.8,86.262
2024,10,LEC,2,HARD,8,35,8,42.0,86.165
2024,10,LEC,2,HARD,9,36,9,40.2,86.235
2024,10,LEC,2,HARD,10,37,10,38.4,86.251
2024,10,LEC,2,HARD,11,38,11,36.6,86.403
2024,10,LEC,2,HARD,12,39,12,34.8,86.355
2024,10,LEC,2,HARD,13,40,13,33.0,86.551
2024,10,LEC,2,HARD,14,41,14,31.2,86.543
2024,10,LEC,2,HARD,15,42,15,29.4,86.537
2024,10,LEC,2,HARD,16,43,16,27.6,86.767
2024,10,LEC,2,HARD,17,44,17,25.8,86.713
2024,10,LEC,2,HARD,18,45,18,24.0,86.737
2024,10,LEC,2,HARD,19,46,19,22.2,86.841
2024,10,LEC,2,HARD,20,47,20,20.4,86.847
2024,10,LEC,2,HARD,21,48,21,18.6,86.989
2024,10,LEC,2,HARD,22,49,22,16.8,86.864
2024,10,LEC,2,HARD,23,50,23,15.0,86.992
2024,10,LEC,2,HARD,24,51,24,13.2,87.028
2024,10,LEC,2,HARD,25,52,25,11.4,86.98
2024,10,LEC,2,HARD,26,53,26,9.6,87.152
2024,10,LEC,2,HARD,27,54,27,7.8,87.125
2024,10,LEC,2,HARD,28,55,28,6.0,87.186
2024,10,SAI,1,MEDIUM,1,1,1,103.2,87.195
2024,10,SAI,1,MEDIUM,2,2,2,101.4,87.074
2024,10,SAI,1,MEDIUM,3,3,3,99.6,87.155
2024,10,SAI,1,MEDIUM,4,4,4,97.8,87.062
2024,10,SAI,1,MEDIUM,5,5,5,96.0,87.111
2024,10,SAI,1,MEDIUM,6,6,6,94.2,87.159
2024,10,SAI,1,MEDIUM,7,7,7,92.4,87.245
2024,10,SAI,1,MEDIUM,8,8,8,90.6,87.293
2024,10,SAI,1,MEDIUM,9,9,9,88.8,87.289
2024,10,SAI,1,MEDIUM,10,10,10,87.0,87.43
2024,10,SAI,1,MEDIUM,11,11,11,85.2,87.492
2024,10,SAI,1,MEDIUM,12,12,12,83.4,87.379
2024,10,SAI,1,MEDIUM,13,13,13,81.6,87.381
2024,10,SAI,1,MEDIUM,14,14,14,79.8,87.438
2024,10,SAI,1,MEDIUM,15,15,15,78.0,87.56
2024,10,SAI,1,MEDIUM,16,16,16,76.2,87.56
2024,10,SAI,1,MEDIUM,17,17,17,74.4,87.741
2024,10,SAI,1,MEDIUM,18,18,18,72.6,87.848
2024,10,SAI,1,MEDIUM,19,19,19,70.8,87.764
2024,10,SAI,1,MEDIUM,20,20,20,69.0,87.837
2024,10,SAI,1,MEDIUM,21,21,21,67.2,87.983
2024,10,SAI,1,MEDIUM,22,22,22,65.4,87.87
2024,10,SAI,1,MEDIUM,23,23,23,63.6,87.931
2024,10,SAI,1,MEDIUM,24,24,24,61.8,87.958
2024,10,SAI,1,MEDIUM,25,25,25,60.0,88.138
2024,10,SAI,1,MEDIUM,26,26,26,58.2,88.094
2024,10,SAI,1,MEDIUM,27,27,27,56.4,88.152
2024,10,SAI,2,HARD,1,28,1,54.6,86.218
2024,10,SAI,2,HARD,2,29,2,52.8,86.034
2024,10,SAI,2,HARD,3,30,3,51.0,86.127
2024,10,SAI,2,HARD,4,31,4,49.2,86.125
2024,10,SAI,2,HARD,5,32,5,47.4,86.253
2024,10,SAI,2,HARD,6,33,6,45.6,86.311
2024,10,SAI,2,HARD,7,34,7,43.8,86.362
2024,10,SAI,2,HARD,8,35,8,42.0,86.268
2024,10,SAI,2,HARD,9,36,9,40.2,86.413
2024,10,SAI,2,HARD,10,37,10,38.4,86.305
2024,10,SAI,2,HARD,11,38,11,36.6,86.495
2024,10,SAI,2,HARD,12,39,12,34.8,86.605
2024,10,SAI,2,HARD,13,40,13,33.0,86.517
2024,10,SAI,2,HARD,14,41,14,31.2,86.586
2024,10,SAI,2,HARD,15,42,15,29.4,86.717
2024,10,SAI,2,HARD,16,43,16,27.6,86.574
2024,10,SAI,2,HARD,17,44,17,25.8,86.909
2024,10,SAI,2,HARD,18,45,18,24.0,86.652
2024,10,SAI,2,HARD,19,46,19,22.2,86.832
2024,10,SAI,2,HARD,20,47,20,20.4,87.063
2024,10,SAI,2,HARD,21,48,21,18.6,86.909
2024,10,SAI,2,HARD,22,49,22,16.8,87.043
2024,10,SAI,2,HARD,23,50,23,15.0,87.121
2024,10,SAI,2,HARD,24,51,24,13.2,87.125
2024,10,SAI,2,HARD,25,52,25,11.4,87.106
2024,10,SAI,2,HARD,26,53,26,9.6,87.256
2024,10,SAI,2,HARD,27,54,27,7.8,87.177
2024,10,SAI,2,HARD,28,55,28,6.0,87.374
2024,11,VER,1,MEDIUM,1,1,1,103.2,86.741
2024,11,VER,1,MEDIUM,2,2,2,101.4,86.638
2024,11,VER,1,MEDIUM,3,3,3,99.6,86.708
2024,11,VER,1,MEDIUM,4,4,4,97.8,86.698
2024,11,VER,1,MEDIUM,5,5,5,96.0,86.724
2024,11,VER,1,MEDIUM,6,6,6,94.2,86.839
2024,11,VER,1,MEDIUM,7,7,7,92.4,86.921
2024,11,VER,1,MEDIUM,8,8,8,90.6,86.74
2024,11,VER,1,MEDIUM,9,9,9,88.8,86.772
2024,11,VER,1,MEDIUM,10,10,10,87.0,86.918
2024,11,VER,1,MEDIUM,11,11,11,85.2,87.083
2024,11,VER,1,MEDIUM,12,12,12,83.4,86.924
2024,11,VER,1,MEDIUM,13,13,13,81.6,87.174
2024,11,VER,1,MEDIUM,14,14,14,79.8,87.187
2024,11,VER,1,MEDIUM,15,15,15,78.0,87.238
2024,11,VER,1,MEDIUM,16,16,16,76.2,87.177
2024,11,VER,1,MEDIUM,17,17,17,74.4,87.398
2024,11,VER,1,MEDIUM,18,18,18,72.6,87.385
2024,11,VER,1,MEDIUM,19,19,19,70.8,87.339
2024,11,VER,1,MEDIUM,20,20,20,69.0,87.297
2024,11,VER,1,MEDIUM,21,21,21,67.2,87.37
2024,11,VER,1,MEDIUM,22,22,22,65.4,87.58
2024,11,VER,1,MEDIUM,23,23,23,63.6,87.521
2024,11,VER,1,MEDIUM,24,24,24,61.8,87.692
2024,11,VER,1,MEDIUM,25,25,25,60.0,87.778
2024,11,VER,1,MEDIUM,26,26,26,58.2,87.619
2024,11,VER,1,MEDIUM,27,27,27,56.4,87.747
2024,11,VER,2,HARD,1,28,1,54.6,85.868
2024,11,VER,2,HARD,2,29,2,52.8,85.848
2024,11,VER,2,HARD,3,30,3,51.0,85.668
2024,11,VER,2,HARD,4,31,4,49.2,85.934
2024,11,VER,2,HARD,5,32,5,47.4,85.766
2024,11,VER,2,HARD,6,33,6,45.6,85.894
2024,11,VER,2,HARD,7,34,7,43.8,85.812
2024,11,VER,2,HARD,8,35,8,42.0,85.96
2024,11,VER,2,HARD,9,36,9,40.2,85.825
2024,11,VER,2,HARD,10,37,10,38.4,86.0
2024,11,VER,2,HARD,11,38,11,36.6,86.108
2024,11,VER,2,HARD,12,39,12,34.8,86.234
2024,11,VER,2,HARD,13,40,13,33.0,86.121
2024,11,VER,2,HARD,14,41,14,31.2,86.192
2024,11,VER,2,HARD,15,42,15,29.4,86.343
2024,11,VER,2,HARD,16,43,16,27.6,86.293
2024,11,VER,2,HARD,17,44,17,25.8,86.528
2024,11,VER,2,HARD,18,45,18,24.0,86.361
2024,11,VER,2,HARD,19,46,19,22.2,86.376
2024,11,VER,2,HARD,20,47,20,20.4,86.581
2024,11,VER,2,HARD,21,48,21,18.6,86.608
2024,11,VER,2,HARD,22,49,22,16.8,86.603
2024,11,VER,2,HARD,23,50,23,15.0,86.738
2024,11,VER,2,HARD,24,51,24,13.2,86.785
2024,11,VER,2,HARD,25,52,25,11.4,86.809
2024,11,VER,2,HARD,26,53,26,9.6,86.854
2024,11,VER,2,HARD,27,54,27,7.8,86.881
2024,11,VER,2,HARD,28,55,28,6.0,86.772
2024,11,RUS,1,MEDIUM,1,1,1,103.2,86.803
2024,11,RUS,1,MEDIUM,2,2,2,101.4,86.797
2024,11,RUS,1,MEDIUM,3,3,3,99.6,86.645
2024,11,RUS,1,MEDIUM,4,4,4,97.8,86.952
2024,11,RUS,1,MEDIUM,5,5,5,96.0,86.829
2024,11,RUS,1,MEDIUM,6,6,6,94.2,86.837
2024,11,RUS,1,MEDIUM,7,7,7,92.4,86.86
2024,11,RUS,1,MEDIUM,8,8,8,90.6,87.1
2024,11,RUS,1,MEDIUM,9,9,9,88.8,87.085
2024,11,RUS,1,MEDIUM,10,10,10,87.0,87.158
2024,11,RUS,1,MEDIUM,11,11,11,85.2,87.037
2024,11,RUS,1,MEDIUM,12,12,12,83.4,87.331
2024,11,RUS,1,MEDIUM,13,13,13,81.6,87.105
2024,11,RUS,1,MEDIUM,14,14,14,79.8,87.313
2024,11,RUS,1,MEDIUM,15,15,15,78.0,87.215
2024,11,RUS,1,MEDIUM,16,16,16,76.2,87.354
2024,11,RUS,1,MEDIUM,17,17,17,74.4,87.538
2024,11,RUS,1,MEDIUM,18,18,18,72.6,87.356
2024,11,RUS,1,MEDIUM,19,19,19,70.8,87.518
2024,11,RUS,1,MEDIUM,20,20,20,69.0,87.418
2024,11,RUS,1,MEDIUM,21,21,21,67.2,87.49
2024,11,RUS,1,MEDIUM,22,22,22,65.4,87.836
2024,11,RUS,1,MEDIUM,23,23,23,63.6,87.837
2024,11,RUS,1,MEDIUM,24,24,24,61.8,87.797
2024,11,RUS,1,MEDIUM,25,25,25,60.0,87.71
2024,11,RUS,1,MEDIUM,26,26,26,58.2,88.035
2024,11,RUS,1,MEDIUM,27,27,27,56.4,87.778
2024,11,RUS,2,HARD,1,28,1,54.6,85.941
2024,11,RUS,2,HARD,2,29,2,52.8,85.915
2024,11,RUS,2,HARD,3,30,3,51.0,85.925
2024,11,RUS,2,HARD,4,31,4,49.2,86.094
2024,11,RUS,2,HARD,5,32,5,47.4,86.095
2024,11,RUS,2,HARD,6,33,6,45.6,86.059
2024,11,RUS,2,HARD,7,34,7,43.8,86.033
2024,11,RUS,2,HARD,8,35,8,42.0,86.306
2024,11,RUS,2,HARD,9,36,9,40.2,86.2
2024,11,RUS,2,HARD,10,37,10,38.4,86.251
2024,11,RUS,2,HARD,11,38,11,36.6,86.22
2024,11,RUS,2,HARD,12,39,12,34.8,86.39
2024,11,RUS,2,HARD,13,40,13,33.0,86.099
2024,11,RUS,2,HARD,14,41,14,31.2,86.359
2024,11,RUS,2,HARD,15,42,15,29.4,86.495
2024,11,RUS,2,HARD,16,43,16,27.6,86.483
2024,11,RUS,2,HARD,17,44,17,25.8,86.405
2024,11,RUS,2,HARD,18,45,18,24.0,86.601
2024,11,RUS,2,HARD,19,46,19,22.2,86.678
2024,11,RUS,2,HARD,20,47,20,20.4,86.708
2024,11,RUS,2,HARD,21,48,21,18.6,86.65
2024,11,RUS,2,HARD,22,49,22,16.8,86.752
2024,11,RUS,2,HARD,23,50,23,15.0,86.949
2024,11,RUS,2,HARD,24,51,24,13.2,86.919
2024,11,RUS,2,HARD,25,52,25,11.4,86.911
2024,11,RUS,2,HARD,26,53,26,9.6,86.96
2024,11,RUS,2,HARD,27,54,27,7.8,87.113
2024,11,RUS,2,HARD,28,55,28,6.0,86.995
2024,11,SAI,1,MEDIUM,1,1,1,103.2,86.848
2024,11,SAI,1,MEDIUM,2,2,2,101.4,86.872
2024,11,SAI,1,MEDIUM,3,3,3,99.6,86.884
2024,11,SAI,1,MEDIUM,4,4,4,97.8,87.026
2024,11,SAI,1,MEDIUM,5,5,5,96.0,86.982
2024,11,SAI,1,MEDIUM,6,6,6,94.2,87.106
2024,11,SAI,1,MEDIUM,7,7,7,92.4,86.997
2024,11,SAI,1,MEDIUM,8,8,8,90.6,87.01
2024,11,SAI,1,MEDIUM,9,9,9,88.8,87.19
2024,11,SAI,1,MEDIUM,10,10,10,87.0,87.096
2024,11,SAI,1,MEDIUM,11,11,11,85.2,87.247
2024,11,SAI,1,MEDIUM,12,12,12,83.4,87.176
2024,11,SAI,1,MEDIUM,13,13,13,81.6,87.431
2024,11,SAI,1,MEDIUM,14,14,14,79.8,87.253
2024,11,SAI,1,MEDIUM,15,15,15,78.0,87.613
2024,11,SAI,1,MEDIUM,16,16,16,76.2,87.363
2024,11,SAI,1,MEDIUM,17,17,17,74.4,87.511
2024,11,SAI,1,MEDIUM,18,18,18,72.6,87.548
2024,11,SAI,1,MEDIUM,19,19,19,70.8,87.535
2024,11,SAI,1,MEDIUM,20,20,20,69.0,87.606
2024,11,SAI,1,MEDIUM,21,21,21,67.2,87.656
2024,11,SAI,1,MEDIUM,22,22,22,65.4,87.94
2024,11,SAI,1,MEDIUM,23,23,23,63.6,87.707
2024,11,SAI,1,MEDIUM,24,24,24,61.8,87.8
2024,11,SAI,1,MEDIUM,25,25,25,60.0,87.77
2024,11,SAI,1,MEDIUM,26,26,26,58.2,88.076
2024,11,SAI,1,MEDIUM,27,27,27,56.4,87.907
2024,11,SAI,2,HARD,1,28,1,54.6,85.978
2024,11,SAI,2,HARD,2,29,2,52.8,85.909
2024,11,SAI,2,HARD,3,30,3,51.0,86.039
2024,11,SAI,2,HARD,4,31,4,49.2,86.05
2024,11,SAI,2,HARD,5,32,5,47.4,85.949
2024,11,SAI,2,HARD,6,33,6,45.6,85.986
2024,11,SAI,2,HARD,7,34,7,43.8,86.134
2024,11,SAI,2,HARD,8,35,8,42.0,86.301
2024,11,SAI,2,HARD,9,36,9,40.2,86.226
2024,11,SAI,2,HARD,10,37,10,38.4,86.303
2024,11,SAI,2,HARD,11,38,11,36.6,86.502
2024,11,SAI,2,HARD,12,39,12,34.8,86.364
2024,11,SAI,2,HARD,13,40,13,33.0,86.358
2024,11,SAI,2,HARD,14,41,14,31.2,86.498
2024,11,SAI,2,HARD,15,42,15,29.4,86.686
2024,11,SAI,2,HARD,16,43,16,27.6,86.563
2024,11,SAI,2,HARD,17,44,17,25.8,86.59
2024,11,SAI,2,HARD,18,45,18,24.0,86.743
2024,11,SAI,2,HARD,19,46,19,22.2,86.771
2024,11,SAI,2,HARD,20,47,20,20.4,86.631
2024,11,SAI,2,HARD,21,48,21,18.6,86.774
2024,11,SAI,2,HARD,22,49,22,16.8,86.898
2024,11,SAI,2,HARD,23,50,23,15.0,86.815
2024,11,SAI,2,HARD,24,51,24,13.2,86.87
2024,11,SAI,2,HARD,25,52,25,11.4,87.035
2024,11,SAI,2,HARD,26,53,26,9.6,87.229
2024,11,SAI,2,HARD,27,54,27,7.8,87.212
2024,11,SAI,2,HARD,28,55,28,6.0,87.0
2024,11,HAM,1,MEDIUM,1,1,1,103.2,86.898
2024,11,HAM,1,MEDIUM,2,2,2,101.4,87.032
2024,11,HAM,1,MEDIUM,3,3,3,99.6,86.944
2024,11,HAM,1,MEDIUM,4,4,4,97.8,87.041
2024,11,HAM,1,MEDIUM,5,5,5,96.0,86.995
2024,11,HAM,1,MEDIUM,6,6,6,94.2,87.246
2024,11,HAM,1,MEDIUM,7,7,7,92.4,87.127
2024,11,HAM,1,MEDIUM,8,8,8,90.6,87.277
2024,11,HAM,1,MEDIUM,9,9,9,88.8,87.349
2024,11,HAM,1,MEDIUM,10,10,10,87.0,87.213
2024,11,HAM,1,MEDIUM,11,11,11,85.2,87.401
2024,11,HAM,1,MEDIUM,12,12,12,83.4,87.292
2024,11,HAM,1,MEDIUM,13,13,13,81.6,87.391
2024,11,HAM,1,MEDIUM,14,14,14,79.8,87.572
2024,11,HAM,1,MEDIUM,15,15,15,78.0,87.547
2024,11,HAM,1,MEDIUM,16,16,16,76.2,87.487
2024,11,HAM,1,MEDIUM,17,17,17,74.4,87.532
2024,11,HAM,1,MEDIUM,18,18,18,72.6,87.525
2024,11,HAM,1,MEDIUM,19,19,19,70.8,87.695
2024,11,HAM,1,MEDIUM,20,20,20,69.0,87.791
2024,11,HAM,1,MEDIUM,21,21,21,67.2,87.706
2024,11,HAM,1,MEDIUM,22,22,22,65.4,87.81
2024,11,HAM,1,MEDIUM,23,23,23,63.6,87.873
2024,11,HAM,1,MEDIUM,24,24,24,61.8,87.84
2024,11,HAM,1,MEDIUM,25,25,25,60.0,88.014
2024,11,HAM,1,MEDIUM,26,26,26,58.2,87.985
2024,11,HAM,1,MEDIUM,27,27,27,56.4,88.09
2024,11,HAM,2,HARD,1,28,1,54.6,86.086
2024,11,HAM,2,HARD,2,29,2,52.8,85.972
2024,11,HAM,2,HARD,3,30,3,51.0,86.097
2024,11,HAM,2,HARD,4,31,4,49.2,86.164
2024,11,HAM,2,HARD,5,32,5,47.4,86.184
2024,11,HAM,2,HARD,6,33,6,45.6,86.082
2024,11,HAM,2,HARD,7,34,7,43.8,86.145
2024,11,HAM,2,HARD,8,35,8,42.0,86.236
2024,11,HAM,2,HARD,9,36,9,40.2,86.488
2024,11,HAM,2,HARD,10,37,10,38.4,86.33
2024,11,HAM,2,HARD,11,38,11,36.6,86.515
2024,11,HAM,2,HARD,12,39,12,34.8,86.433
2024,11,HAM,2,HARD,13,40,13,33.0,86.512
2024,11,HAM,2,HARD,14,41,14,31.2,86.653
2024,11,HAM,2,HARD,15,42,15,29.4,86.663
2024,11,HAM,2,HARD,16,43,16,27.6,86.679
2024,11,HAM,2,HARD,17,44,17,25.8,86.58
2024,11,HAM,2,HARD,18,45,18,24.0,86.847
2024,11,HAM,2,HARD,19,46,19,22.2,86.761
2024,11,HAM,2,HARD,20,47,20,20.4,86.864
2024,11,HAM,2,HARD,21,48,21,18.6,87.001
2024,11,HAM,2,HARD,22,49,22,16.8,86.79
2024,11,HAM,2,HARD,23,50,23,15.0,87.047
2024,11,HAM,2,HARD,24,51,24,13.2,87.071
2024,11,HAM,2,HARD,25,52,25,11.4,87.258
2024,11,HAM,2,HARD,26,53,26,9.6,87.057
2024,11,HAM,2,HARD,27,54,27,7.8,87.048
2024,11,HAM,2,HARD,28,55,28,6.0,87.203
2024,11,PIA,1,MEDIUM,1,1,1,103.2,87.117
2024,11,PIA,1,MEDIUM,2,2,2,101.4,87.018
2024,11,PIA,1,MEDIUM,3,3,3,99.6,87.155
2024,11,PIA,1,MEDIUM,4,4,4,97.8,87.24
2024,11,PIA,1,MEDIUM,5,5,5,96.0,87.069
2024,11,PIA,1,MEDIUM,6,6,6,94.2,87.353
2024,11,PIA,1,MEDIUM,7,7,7,92.4,87.203
2024,11,PIA,1,MEDIUM,8,8,8,90.6,87.252
2024,11,PIA,1,MEDIUM,9,9,9,88.8,87.275
2024,11,PIA,1,MEDIUM,10,10,10,87.0,87.418
2024,11,PIA,1,MEDIUM,11,11,11,85.2,87.5
2024,11,PIA,1,MEDIUM,12,12,12,83.4,87.502
2024,11,PIA,1,MEDIUM,13,13,13,81.6,87.576
2024,11,PIA,1,MEDIUM,14,14,14,79.8,87.454
2024,11,PIA,1,MEDIUM,15,15,15,78.0,87.686
2024,11,PIA,1,MEDIUM,16,16,16,76.2,87.625
2024,11,PIA,1,MEDIUM,17,17,17,74.4,87.894
2024,11,PIA,1,MEDIUM,18,18,18,72.6,87.831
2024,11,PIA,1,MEDIUM,19,19,19,70.8,87.794
2024,11,PIA,1,MEDIUM,20,20,20,69.0,88.004
2024,11,PIA,1,MEDIUM,21,21,21,67.2,87.921
2024,11,PIA,1,MEDIUM,22,22,22,65.4,87.882
2024,11,PIA,1,MEDIUM,23,23,23,63.6,88.07
2024,11,PIA,1,MEDIUM,24,24,24,61.8,88.018
2024,11,PIA,1,MEDIUM,25,25,25,60.0,88.207
2024,11,PIA,1,MEDIUM,26,26,26,58.2,88.27
2024,11,PIA,1,MEDIUM,27,27,27,56.4,88.331
2024,11,PIA,2,HARD,1,28,1,54.6,86.234
2024,11,PIA,2,HARD,2,29,2,52.8,86.361
2024,11,PIA,2,HARD,3,30,3,51.0,86.221
2024,11,PIA,2,HARD,4,31,4,49.2,86.359
2024,11,PIA,2,HARD,5,32,5,47.4,86.25
2024,11,PIA,2,HARD,6,33,6,45.6,86.448
2024,11,PIA,2,HARD,7,34,7,43.8,86.422
2024,11,PIA,2,HARD,8,35,8,42.0,86.572
2024,11,PIA,2,HARD,9,36,9,40.2,86.388
2024,11,PIA,2,HARD,10,37,10,38.4,86.545
2024,11,PIA,2,HARD,11,38,11,36.6,86.617
2024,11,PIA,2,HARD,12,39,12,34.8,86.607
2024,11,PIA,2,HARD,13,40,13,33.0,86.699
2024,11,PIA,2,HARD,14,41,14,31.2,86.602
2024,11,PIA,2,HARD,15,42,15,29.4,86.673
2024,11,PIA,2,HARD,16,43,16,27.6,86.869
2024,11,PIA,2,HARD,17,44,17,25.8,86.742
2024,11,PIA,2,HARD,18,45,18,24.0,86.918
2024,11,PIA,2,HARD,19,46,19,22.2,86.959
2024,11,PIA,2,HARD,20,47,20,20.4,87.056
2024,11,PIA,2,HARD,21,48,21,18.6,87.096
2024,11,PIA,2,HARD,22,49,22,16.8,87.069
2024,11,PIA,2,HARD,23,50,23,15.0,87.248
2024,11,PIA,2,HARD,24,51,24,13.2,87.281
2024,11,PIA,2,HARD,25,52,25,11.4,87.157
2024,11,PIA,2,HARD,26,53,26,9.6,87.303
2024,11,PIA,2,HARD,27,54,27,7.8,87.262
2024,11,PIA,2,HARD,28,55,28,6.0,87.392
2024,11,HUL,1,MEDIUM,1,1,1,103.2,87.186
2024,11,HUL,1,MEDIUM,2,2,2,101.4,87.188
2024,11,HUL,1,MEDIUM,3,3,3,99.6,87.293
2024,11,HUL,1,MEDIUM,4,4,4,97.8,87.298
2024,11,HUL,1,MEDIUM,5,5,5,96.0,87.473
2024,11,HUL,1,MEDIUM,6,6,6,94.2,87.405
2024,11,HUL,1,MEDIUM,7,7,7,92.4,87.561
2024,11,HUL,1,MEDIUM,8,8,8,90.6,87.568
2024,11,HUL,1,MEDIUM,9,9,9,88.8,87.515
2024,11,HUL,1,MEDIUM,10,10,10,87.0,87.538
2024,11,HUL,1,MEDIUM,11,11,11,85.2,87.665
2024,11,HUL,1,MEDIUM,12,12,12,83.4,87.53
2024,11,HUL,1,MEDIUM,13,13,13,81.6,87.812
2024,11,HUL,1,MEDIUM,14,14,14,79.8,87.753
2024,11,HUL,1,MEDIUM,15,15,15,78.0,87.944
2024,11,HUL,1,MEDIUM,16,16,16,76.2,87.946
2024,11,HUL,1,MEDIUM,17,17,17,74.4,87.883
2024,11,HUL,1,MEDIUM,18,18,18,72.6,87.807
2024,11,HUL,1,MEDIUM,19,19,19,70.8,88.01
2024,11,HUL,1,MEDIUM,20,20,20,69.0,88.026
2024,11,HUL,1,MEDIUM,21,21,21,67.2,88.217
2024,11,HUL,1,MEDIUM,22,22,22,65.4,88.12
2024,11,HUL,1,MEDIUM,23,23,23,63.6,88.098
2024,11,HUL,1,MEDIUM,24,24,24,61.8,88.34
2024,11,HUL,1,MEDIUM,25,25,25,60.0,88.329
2024,11,HUL,1,MEDIUM,26,26,26,58.2,88.413
2024,11,HUL,1,MEDIUM,27,27,27,56.4,88.434
2024,11,HUL,2,HARD,1,28,1,54.6,86.365
2024,11,HUL,2,HARD,2,29,2,52.8,86.309
2024,11,HUL,2,HARD,3,30,3,51.0,86.405
2024,11,HUL,2,HARD,4,31,4,49.2,86.486
2024,11,HUL,2,HARD,5,32,5,47.4,86.388
2024,11,HUL,2,HARD,6,33,6,45.6,86.451
2024,11,HUL,2,HARD,7,34,7,43.8,86.519
2024,11,HUL,2,HARD,8,35,8,42.0,86.522
2024,11,HUL,2,HARD,9,36,9,40.2,86.681
2024,11,HUL,2,HARD,10,37,10,38.4,86.766
2024,11,HUL,2,HARD,11,38,11,36.6,86.743
2024,11,HUL,2,HARD,12,39,12,34.8,86.633
2024,11,HUL,2,HARD,13,40,13,33.0,86.84
2024,11,HUL,2,HARD,14,41,14,31.2,86.817
2024,11,HUL,2,HARD,15,42,15,29.4,86.834
2024,11,HUL,2,HARD,16,43,16,27.6,86.981
2024,11,HUL,2,HARD,17,44,17,25.8,87.038
2024,11,HUL,2,HARD,18,45,18,24.0,86.974
2024,11,HUL,2,HARD,19,46,19,22.2,87.071
2024,11,HUL,2,HARD,20,47,20,20.4,87.148
2024,11,HUL,2,HARD,21,48,21,18.6,87.252
2024,11,HUL,2,HARD,22,49,22,16.8,87.276
2024,11,HUL,2,HARD,23,50,23,15.0,87.487
2024,11,HUL,2,HARD,24,51,24,13.2,87.533
2024,11,HUL,2,HARD,25,52,25,11.4,87.356
2024,11,HUL,2,HARD,26,53,26,9.6,87.5
2024,11,HUL,2,HARD,27,54,27,7.8,87.571
2024,11,HUL,2,HARD,28,55,28,6.0,87.739
2024,12,HAM,1,MEDIUM,1,1,1,103.2,86.651
2024,12,HAM,1,MEDIUM,2,2,2,101.4,86.795
2024,12,HAM,1,MEDIUM,3,3,3,99.6,86.619
2024,12,HAM,1,MEDIUM,4,4,4,97.8,86.582
2024,12,HAM,1,MEDIUM,5,5,5,96.0,86.778
2024,12,HAM,1,MEDIUM,6,6,6,94.2,86.866
2024,12,HAM,1,MEDIUM,7,7,7,92.4,86.81
2024,12,HAM,1,MEDIUM,8,8,8,90.6,86.824
2024,12,HAM,1,MEDIUM,9,9,9,88.8,86.895
2024,12,HAM,1,MEDIUM,10,10,10,87.0,86.94
2024,12,HAM,1,MEDIUM,11,11,11,85.2,87.074
2024,12,HAM,1,MEDIUM,12,12,12,83.4,87.178
2024,12,HAM,1,MEDIUM,13,13,13,81.6,87.182
2024,12,HAM,1,MEDIUM,14,14,14,79.8,87.215
2024,12,HAM,1,MEDIUM,15,15,15,78.0,87.16
2024,12,HAM,1,MEDIUM,16,16,16,76.2,87.329
2024,12,HAM,1,MEDIUM,17,17,17,74.4,87.372
2024,12,HAM,1,MEDIUM,18,18,18,72.6,87.414
2024,12,HAM,1,MEDIUM,19,19,19,70.8,87.396
2024,12,HAM,1,MEDIUM,20,20,20,69.0,87.393
2024,12,HAM,1,MEDIUM,21,21,21,67.2,87.525
2024,12,HAM,1,MEDIUM,22,22,22,65.4,87.58
2024,12,HAM,1,MEDIUM,23,23,23,63.6,87.603
2024,12,HAM,1,MEDIUM,24,24,24,61.8,87.764
2024,12,HAM,1,MEDIUM,25,25,25,60.0,87.82
2024,12,HAM,1,MEDIUM,26,26,26,58.2,87.775
2024,12,HAM,2,HARD,1,27,1,56.4,85.738
2024,12,HAM,2,HARD,2,28,2,54.6,85.838
2024,12,HAM,2,HARD,3,29,3,52.8,85.921
2024,12,HAM,2,HARD,4,30,4,51.0,85.821
2024,12,HAM,2,HARD,5,31,5,49.2,85.781
2024,12,HAM,2,HARD,6,32,6,47.4,86.161
2024,12,HAM,2,HARD,7,33,7,45.6,86.008
2024,12,HAM,2,HARD,8,34,8,43.8,86.113
2024,12,HAM,2,HARD,9,35,9,42.0,86.11
2024,12,HAM,2,HARD,10,36,10,40.2,86.197
2024,12,HAM,2,HARD,11,37,11,38.4,86.274
2024,12,HAM,2,HARD,12,38,12,36.6,86.243
2024,12,HAM,2,HARD,13,39,13,34.8,86.185
2024,12,HAM,2,HARD,14,40,14,33.0,86.312
2024,12,HAM,2,HARD,15,41,15,31.2,86.327
2024,12,HAM,2,HARD,16,42,16,29.4,86.471
2024,12,HAM,2,HARD,17,43,17,27.6,86.521
2024,12,HAM,2,HARD,18,44,18,25.8,86.495
2024,12,HAM,2,HARD,19,45,19,24.0,86.62
2024,12,HAM,2,HARD,20,46,20,22.2,86.678
2024,12,HAM,2,HARD,21,47,21,20.4,86.558
2024,12,HAM,2,HARD,22,48,22,18.6,86.739
2024,12,HAM,2,HARD,23,49,23,16.8,86.737
2024,12,HAM,2,HARD,24,50,24,15.0,86.838
2024,12,HAM,2,HARD,25,51,25,13.2,86.777
2024,12,HAM,2,HARD,26,52,26,11.4,86.942
2024,12,NOR,1,MEDIUM,1,1,1,103.2,86.758
2024,12,NOR,1,MEDIUM,2,2,2,101.4,86.771
2024,12,NOR,1,MEDIUM,3,3,3,99.6,86.901
2024,12,NOR,1,MEDIUM,4,4,4,97.8,87.007
2024,12,NOR,1,MEDIUM,5,5,5,96.0,86.667
2024,12,NOR,1,MEDIUM,6,6,6,94.2,86.831
2024,12,NOR,1,MEDIUM,7,7,7,92.4,87.002
2024,12,NOR,1,MEDIUM,8,8,8,90.6,86.935
2024,12,NOR,1,MEDIUM,9,9,9,88.8,87.114
2024,12,NOR,1,MEDIUM,10,10,10,87.0,86.983
2024,12,NOR,1,MEDIUM,11,11,11,85.2,87.066
2024,12,NOR,1,MEDIUM,12,12,12,83.4,87.198
2024,12,NOR,1,MEDIUM,13,13,13,81.6,87.226
2024,12,NOR,1,MEDIUM,14,14,14,79.8,87.274
2024,12,NOR,1,MEDIUM,15,15,15,78.0,87.379
2024,12,NOR,1,MEDIUM,16,16,16,76.2,87.378
2024,12,NOR,1,MEDIUM,17,17,17,74.4,87.464
2024,12,NOR,1,MEDIUM,18,18,18,72.6,87.511
2024,12,NOR,1,MEDIUM,19,19,19,70.8,87.505
2024,12,NOR,1,MEDIUM,20,20,20,69.0,87.613
2024,12,NOR,1,MEDIUM,21,21,21,67.2,87.747
2024,12,NOR,1,MEDIUM,22,22,22,65.4,87.743
2024,12,NOR,1,MEDIUM,23,23,23,63.6,87.682
2024,12,NOR,1,MEDIUM,24,24,24,61.8,87.774
2024,12,NOR,1,MEDIUM,25,25,25,60.0,87.901
2024,12,NOR,1,MEDIUM,26,26,26,58.2,88.032
2024,12,NOR,2,HARD,1,27,1,56.4,85.952
2024,12,NOR,2,HARD,2,28,2,54.6,85.917
2024,12,NOR,2,HARD,3,29,3,52.8,85.923
2024,12,NOR,2,HARD,4,30,4,51.0,86.056
2024,12,NOR,2,HARD,5,31,5,49.2,86.093
2024,12,NOR,2,HARD,6,32,6,47.4,86.113
2024,12,NOR,2,HARD,7,33,7,45.6,86.037
2024,12,NOR,2,HARD,8,34,8,43.8,86.06
2024,12,NOR,2,HARD,9,35,9,42.0,86.215
2024,12,NOR,2,HARD,10,36,10,40.2,86.142
2024,12,NOR,2,HARD,11,37,11,38.4,86.197
2024,12,NOR,2,HARD,12,38,12,36.6,86.264
2024,12,NOR,2,HARD,13,39,13,34.8,86.316
2024,12,NOR,2,HARD,14,40,14,33.0,86.516
2024,12,NOR,2,HARD,15,41,15,31.2,86.425
2024,12,NOR,2,HARD,16,42,16,29.4,86.632
2024,12,NOR,2,HARD,17,43,17,27.6,86.599
2024,12,NOR,2,HARD,18,44,18,25.8,86.65
2024,12,NOR,2,HARD,19,45,19,24.0,86.553
2024,12,NOR,2,HARD,20,46,20,22.2,86.558
2024,12,NOR,2,HARD,21,47,21,20.4,86.927
2024,12,NOR,2,HARD,22,48,22,18.6,86.839
2024,12,NOR,2,HARD,23,49,23,16.8,86.963
2024,12,NOR,2,HARD,24,50,24,15.0,86.842
2024,12,NOR,2,HARD,25,51,25,13.2,87.019
2024,12,NOR,2,HARD,26,52,26,11.4,87.0
2024,12,VER,1,MEDIUM,1,1,1,103.2,86.924
2024,12,VER,1,MEDIUM,2,2,2,101.4,86.939
2024,12,VER,1,MEDIUM,3,3,3,99.6,87.116
2024,12,VER,1,MEDIUM,4,4,4,97.8,86.837
2024,12,VER,1,MEDIUM,5,5,5,96.0,87.025
2024,12,VER,1,MEDIUM,6,6,6,94.2,87.003
2024,12,VER,1,MEDIUM,7,7,7,92.4,86.973
2024,12,VER,1,MEDIUM,8,8,8,90.6,87.127
2024,12,VER,1,MEDIUM,9,9,9,88.8,87.127
2024,12,VER,1,MEDIUM,10,10,10,87.0,87.199
2024,12,VER,1,MEDIUM,11,11,11,85.2,87.227
2024,12,VER,1,MEDIUM,12,12,12,83.4,87.203
2024,12,VER,1,MEDIUM,13,13,13,81.6,87.333
2024,12,VER,1,MEDIUM,14,14,14,79.8,87.373
2024,12,VER,1,MEDIUM,15,15,15,78.0,87.276
2024,12,VER,1,MEDIUM,16,16,16,76.2,87.505
2024,12,VER,1,MEDIUM,17,17,17,74.4,87.502
2024,12,VER,1,MEDIUM,18,18,18,72.6,87.389
2024,12,VER,1,MEDIUM,19,19,19,70.8,87.606
2024,12,VER,1,MEDIUM,20,20,20,69.0,87.649
2024,12,VER,1,MEDIUM,21,21,21,67.2,87.603
2024,12,VER,1,MEDIUM,22,22,22,65.4,87.737
2024,12,VER,1,MEDIUM,23,23,23,63.6,87.752
2024,12,VER,1,MEDIUM,24,24,24,61.8,87.744
2024,12,VER,1,MEDIUM,25,25,25,60.0,87.889
2024,12,VER,1,MEDIUM,26,26,26,58.2,88.004
2024,12,VER,2,HARD,1,27,1,56.4,85.973
2024,12,VER,2,HARD,2,28,2,54.6,85.948
2024,12,VER,2,HARD,3,29,3,52.8,86.204
2024,12,VER,2,HARD,4,30,4,51.0,86.075
2024,12,VER,2,HARD,5,31,5,49.2,86.245
2024,12,VER,2,HARD,6,32,6,47.4,86.104
2024,12,VER,2,HARD,7,33,7,45.6,86.09
2024,12,VER,2,HARD,8,34,8,43.8,86.281
2024,12,VER,2,HARD,9,35,9,42.0,86.328
2024,12,VER,2,HARD,10,36,10,40.2,86.405
2024,12,VER,2,HARD,11,37,11,38.4,86.427
2024,12,VER,2,HARD,12,38,12,36.6,86.388
2024,12,VER,2,HARD,13,39,13,34.8,86.422
2024,12,VER,2,HARD,14,40,14,33.0,86.539
2024,12,VER,2,HARD,15,41,15,31.2,86.554
2024,12,VER,2,HARD,16,42,16,29.4,86.572
2024,12,VER,2,HARD,17,43,17,27.6,86.738
2024,12,VER,2,HARD,18,44,18,25.8,86.637
2024,12,VER,2,HARD,19,45,19,24.0,86.886
2024,12,VER,2,HARD,20,46,20,22.2,86.888
2024,12,VER,2,HARD,21,47,21,20.4,86.88
2024,12,VER,2,HARD,22,48,22,18.6,86.853
2024,12,VER,2,HARD,23,49,23,16.8,86.963
2024,12,VER,2,HARD,24,50,24,15.0,87.014
2024,12,VER,2,HARD,25,51,25,13.2,86.933
2024,12,VER,2,HARD,26,52,26,11.4,87.16
2024,12,PIA,1,MEDIUM,1,1,1,103.2,86.923
2024,12,PIA,1,MEDIUM,2,2,2,101.4,86.876
2024,12,PIA,1,MEDIUM,3,3,3,99.6,86.979
2024,12,PIA,1,MEDIUM,4,4,4,97.8,87.042
2024,12,PIA,1,MEDIUM,5,5,5,96.0,87.05
2024,12,PIA,1,MEDIUM,6,6,6,94.2,87.242
2024,12,PIA,1,MEDIUM,7,7,7,92.4,87.167
2024,12,PIA,1,MEDIUM,8,8,8,90.6,87.169
2024,12,PIA,1,MEDIUM,9,9,9,88.8,87.21
2024,12,PIA,1,MEDIUM,10,10,10,87.0,87.323
2024,12,PIA,1,MEDIUM,11,11,11,85.2,87.157
2024,12,PIA,1,MEDIUM,12,12,12,83.4,87.381
2024,12,PIA,1,MEDIUM,13,13,13,81.6,87.381
2024,12,PIA,1,MEDIUM,14,14,14,79.8,87.265
2024,12,PIA,1,MEDIUM,15,15,15,78.0,87.506
2024,12,PIA,1,MEDIUM,16,16,16,76.2,87.436
2024,12,PIA,1,MEDIUM,17,17,17,74.4,87.648
2024,12,PIA,1,MEDIUM,18,18,18,72.6,87.689
2024,12,PIA,1,MEDIUM,19,19,19,70.8,87.728
2024,12,PIA,1,MEDIUM,20,20,20,69.0,87.701
2024,12,PIA,1,MEDIUM,21,21,21,67.2,87.893
2024,12,PIA,1,MEDIUM,22,22,22,65.4,87.647
2024,12,PIA,1,MEDIUM,23,23,23,63.6,87.895
2024,12,PIA,1,MEDIUM,24,24,24,61.8,87.961
2024,12,PIA,1,MEDIUM,25,25,25,60.0,88.082
2024,12,PIA,1,MEDIUM,26,26,26,58.2,87.991
2024,12,PIA,2,HARD,1,27,1,56.4,85.923
2024,12,PIA,2,HARD,2,28,2,54.6,86.15
2024,12,PIA,2,HARD,3,29,3,52.8,86.197
2024,12,PIA,2,HARD,4,30,4,51.0,85.959
2024,12,PIA,2,HARD,5,31,5,49.2,86.301
2024,12,PIA,2,HARD,6,32,6,47.4,86.21
2024,12,PIA,2,HARD,7,33,7,45.6,86.236
2024,12,PIA,2,HARD,8,34,8,43.8,86.326
2024,12,PIA,2,HARD,9,35,9,42.0,86.364
2024,12,PIA,2,HARD,10,36,10,40.2,86.398
2024,12,PIA,2,HARD,11,37,11,38.4,86.313
2024,12,PIA,2,HARD,12,38,12,36.6,86.448
2024,12,PIA,2,HARD,13,39,13,34.8,86.53
2024,12,PIA,2,HARD,14,40,14,33.0,86.498
2024,12,PIA,2,HARD,15,41,15,31.2,86.707
2024,12,PIA,2,HARD,16,42,16,29.4,86.597
2024,12,PIA,2,HARD,17,43,17,27.6,86.713
2024,12,PIA,2,HARD,18,44,18,25.8,86.924
2024,12,PIA,2,HARD,19,45,19,24.0,86.874
2024,12,PIA,2,HARD,20,46,20,22.2,86.983
2024,12,PIA,2,HARD,21,47,21,20.4,86.946
2024,12,PIA,2,HARD,22,48,22,18.6,86.962
2024,12,PIA,2,HARD,23,49,23,16.8,87.019
2024,12,PIA,2,HARD,24,50,24,15.0,87.305
2024,12,PIA,2,HARD,25,51,25,13.2,87.133
2024,12,PIA,2,HARD,26,52,26,11.4,87.097
2024,12,HUL,1,MEDIUM,1,1,1,103.2,87.033
2024,12,HUL,1,MEDIUM,2,2,2,101.4,86.966
2024,12,HUL,1,MEDIUM,3,3,3,99.6,86.942
2024,12,HUL,1,MEDIUM,4,4,4,97.8,87.089
2024,12,HUL,1,MEDIUM,5,5,5,96.0,87.053
2024,12,HUL,1,MEDIUM,6,6,6,94.2,87.089
2024,12,HUL,1,MEDIUM,7,7,7,92.4,87.097
2024,12,HUL,1,MEDIUM,8,8,8,90.6,87.25
2024,12,HUL,1,MEDIUM,9,9,9,88.8,87.206
2024,12,HUL,1,MEDIUM,10,10,10,87.0,87.46
2024,12,HUL,1,MEDIUM,11,11,11,85.2,87.411
2024,12,HUL,1,MEDIUM,12,12,12,83.4,87.461
2024,12,HUL,1,MEDIUM,13,13,13,81.6,87.319
2024,12,HUL,1,MEDIUM,14,14,14,79.8,87.578
2024,12,HUL,1,MEDIUM,15,15,15,78.0,87.596
2024,12,HUL,1,MEDIUM,16,16,16,76.2,87.542
2024,12,HUL,1,MEDIUM,17,17,17,74.4,87.722
2024,12,HUL,1,MEDIUM,18,18,18,72.6,87.756
2024,12,HUL,1,MEDIUM,19,19,19,70.8,87.789
2024,12,HUL,1,MEDIUM,20,20,20,69.0,87.935
2024,12,HUL,1,MEDIUM,21,21,21,67.2,87.876
2024,12,HUL,1,MEDIUM,22,22,22,65.4,87.808
2024,12,HUL,1,MEDIUM,23,23,23,63.6,87.782
2024,12,HUL,1,MEDIUM,24,24,24,61.8,88.054
2024,12,HUL,1,MEDIUM,25,25,25,60.0,88.09
2024,12,HUL,1,MEDIUM,26,26,26,58.2,88.191
2024,12,HUL,2,HARD,1,27,1,56.4,86.127
2024,12,HUL,2,HARD,2,28,2,54.6,86.241
2024,12,HUL,2,HARD,3,29,3,52.8,86.184
2024,12,HUL,2,HARD,4,30,4,51.0,86.303
2024,12,HUL,2,HARD,5,31,5,49.2,86.401
2024,12,HUL,2,HARD,6,32,6,47.4,86.337
2024,12,HUL,2,HARD,7,33,7,45.6,86.31
2024,12,HUL,2,HARD,8,34,8,43.8,86.381
2024,12,HUL,2,HARD,9,35,9,42.0,86.345
2024,12,HUL,2,HARD,10,36,10,40.2,86.488
2024,12,HUL,2,HARD,11,37,11,38.4,86.612
2024,12,HUL,2,HARD,12,38,12,36.6,86.482
2024,12,HUL,2,HARD,13,39,13,34.8,86.717
2024,12,HUL,2,HARD,14,40,14,33.0,86.662
2024,12,HUL,2,HARD,15,41,15,31.2,86.6
2024,12,HUL,2,HARD,16,42,16,29.4,86.826
2024,12,HUL,2,HARD,17,43,17,27.6,86.783
2024,12,HUL,2,HARD,18,44,18,25.8,86.911
2024,12,HUL,2,HARD,19,45,19,24.0,86.823
2024,12,HUL,2,HARD,20,46,20,22.2,86.817
2024,12,HUL,2,HARD,21,47,21,20.4,86.91
2024,12,HUL,2,HARD,22,48,22,18.6,87.118
2024,12,HUL,2,HARD,23,49,23,16.8,87.19
2024,12,HUL,2,HARD,24,50,24,15.0,87.073
2024,12,HUL,2,HARD,25,51,25,13.2,87.293
2024,12,HUL,2,HARD,26,52,26,11.4,87.19
2024,12,SAI,1,MEDIUM,1,1,1,103.2,87.048
2024,12,SAI,1,MEDIUM,2,2,2,101.4,87.063
2024,12,SAI,1,MEDIUM,3,3,3,99.6,87.094
2024,12,SAI,1,MEDIUM,4,4,4,97.8,87.269
2024,12,SAI,1,MEDIUM,5,5,5,96.0,87.193
2024,12,SAI,1,MEDIUM,6,6,6,94.2,87.241
2024,12,SAI,1,MEDIUM,7,7,7,92.4,87.17
2024,12,SAI,1,MEDIUM,8,8,8,90.6,87.253
2024,12,SAI,1,MEDIUM,9,9,9,88.8,87.391
2024,12,SAI,1,MEDIUM,10,10,10,87.0,87.365
2024,12,SAI,1,MEDIUM,11,11,11,85.2,87.436
2024,12,SAI,1,MEDIUM,12,12,12,83.4,87.539
2024,12,SAI,1,MEDIUM,13,13,13,81.6,87.57
2024,12,SAI,1,MEDIUM,14,14,14,79.8,87.663
2024,12,SAI,1,MEDIUM,15,15,15,78.0,87.743
2024,12,SAI,1,MEDIUM,16,16,16,76.2,87.681
2024,12,SAI,1,MEDIUM,17,17,17,74.4,87.676
2024,12,SAI,1,MEDIUM,18,18,18,72.6,87.788
2024,12,SAI,1,MEDIUM,19,19,19,70.8,87.899
2024,12,SAI,1,MEDIUM,20,20,20,69.0,87.893
2024,12,SAI,1,MEDIUM,21,21,21,67.2,88.097
2024,12,SAI,1,MEDIUM,22,22,22,65.4,87.894
2024,12,SAI,1,MEDIUM,23,23,23,63.6,88.054
2024,12,SAI,1,MEDIUM,24,24,24,61.8,88.201
2024,12,SAI,1,MEDIUM,25,25,25,60.0,88.241
2024,12,SAI,1,MEDIUM,26,26,26,58.2,88.176
2024,12,SAI,2,HARD,1,27,1,56.4,86.223
2024,12,SAI,2,HARD,2,28,2,54.6,86.25
2024,12,SAI,2,HARD,3,29,3,52.8,86.367
2024,12,SAI,2,HARD,4,30,4,51.0,86.271
2024,12,SAI,2,HARD,5,31,5,49.2,86.272
2024,12,SAI,2,HARD,6,32,6,47.4,86.396
2024,12,SAI,2,HARD,7,33,7,45.6,86.525
2024,12,SAI,2,HARD,8,34,8,43.8,86.474
2024,12,SAI,2,HARD,9,35,9,42.0,86.383
2024,12,SAI,2,HARD,10,36,10,40.2,86.546
2024,12,SAI,2,HARD,11,37,11,38.4,86.621
2024,12,SAI,2,HARD,12,38,12,36.6,86.71
2024,12,SAI,2,HARD,13,39,13,34.8,86.709
2024,12,SAI,2,HARD,14,40,14,33.0,86.762
2024,12,SAI,2,HARD,15,41,15,31.2,86.761
2024,12,SAI,2,HARD,16,42,16,29.4,86.692
2024,12,SAI,2,HARD,17,43,17,27.6,86.781
2024,12,SAI,2,HARD,18,44,18,25.8,87.01
2024,12,SAI,2,HARD,19,45,19,24.0,87.041
2024,12,SAI,2,HARD,20,46,20,22.2,86.837
2024,12,SAI,2,HARD,21,47,21,20.4,87.059
2024,12,SAI,2,HARD,22,48,22,18.6,87.013
2024,12,SAI,2,HARD,23,49,23,16.8,87.175
2024,12,SAI,2,HARD,24,50,24,15.0,87.243
2024,12,SAI,2,HARD,25,51,25,13.2,87.333
2024,12,SAI,2,HARD,26,52,26,11.4,87.375
2024,13,NOR,1,MEDIUM,1,1,1,103.2,86.576
2024,13,NOR,1,MEDIUM,2,2,2,101.4,86.611
2024,13,NOR,1,MEDIUM,3,3,3,99.6,86.746
2024,13,NOR,1,MEDIUM,4,4,4,97.8,86.671
2024,13,NOR,1,MEDIUM,5,5,5,96.0,86.733
2024,13,NOR,1,MEDIUM,6,6,6,94.2,86.717
2024,13,NOR,1,MEDIUM,7,7,7,92.4,86.788
2024,13,NOR,1,MEDIUM,8,8,8,90.6,86.834
2024,13,NOR,1,MEDIUM,9,9,9,88.8,86.826
2024,13,NOR,1,MEDIUM,10,10,10,87.0,87.059
2024,13,NOR,1,MEDIUM,11,11,11,85.2,86.95
2024,13,NOR,1,MEDIUM,12,12,12,83.4,86.947
2024,13,NOR,1,MEDIUM,13,13,13,81.6,87.113
2024,13,NOR,1,MEDIUM,14,14,14,79.8,87.11
2024,13,NOR,1,MEDIUM,15,15,15,78.0,87.188
2024,13,NOR,1,MEDIUM,16,16,16,76.2,87.241
2024,13,NOR,1,MEDIUM,17,17,17,74.4,87.32
2024,13,NOR,1,MEDIUM,18,18,18,72.6,87.278
2024,13,NOR,1,MEDIUM,19,19,19,70.8,87.205
2024,13,NOR,1,MEDIUM,20,20,20,69.0,87.541
2024,13,NOR,1,MEDIUM,21,21,21,67.2,87.441
2024,13,NOR,1,MEDIUM,22,22,22,65.4,87.499
2024,13,NOR,1,MEDIUM,23,23,23,63.6,87.591
2024,13,NOR,1,MEDIUM,24,24,24,61.8,87.497
2024,13,NOR,1,MEDIUM,25,25,25,60.0,87.754
2024,13,NOR,1,MEDIUM,26,26,26,58.2,87.857
2024,13,NOR,1,MEDIUM,27,27,27,56.4,87.814
2024,13,NOR,2,HARD,1,28,1,54.6,85.754
2024,13,NOR,2,HARD,2,29,2,52.8,85.69
2024,13,NOR,2,HARD,3,30,3,51.0,85.739
2024,13,NOR,2,HARD,4,31,4,49.2,85.789
2024,13,NOR,2,HARD,5,32,5,47.4,85.775
2024,13,NOR,2,HARD,6,33,6,45.6,85.957
2024,13,NOR,2,HARD,7,34,7,43.8,85.769
2024,13,NOR,2,HARD,8,35,8,42.0,85.902
2024,13,NOR,2,HARD,9,36,9,40.2,86.099
2024,13,NOR,2,HARD,10,37,10,38.4,86.193
2024,13,NOR,2,HARD,11,38,11,36.6,86.175
2024,13,NOR,2,HARD,12,39,12,34.8,86.14
2024,13,NOR,2,HARD,13,40,13,33.0,86.234
2024,13,NOR,2,HARD,14,41,14,31.2,86.233
2024,13,NOR,2,HARD,15,42,15,29.4,86.228
2024,13,NOR,2,HARD,16,43,16,27.6,86.312
2024,13,NOR,2,HARD,17,44,17,25.8,86.459
2024,13,NOR,2,HARD,18,45,18,24.0,86.345
2024,13,NOR,2,HARD,19,46,19,22.2,86.431
2024,13,NOR,2,HARD,20,47,20,20.4,86.512
2024,13,NOR,2,HARD,21,48,21,18.6,86.76
2024,13,NOR,2,HARD,22,49,22,16.8,86.494
2024,13,NOR,2,HARD,23,50,23,15.0,86.707
2024,13,NOR,2,HARD,24,51,24,13.2,86.729
2024,13,NOR,2,HARD,25,52,25,11.4,86.683
2024,13,NOR,2,HARD,26,53,26,9.6,86.858
2024,13,NOR,2,HARD,27,54,27,7.8,86.844
2024,13,NOR,2,HARD,28,55,28,6.0,86.936
2024,13,PIA,1,MEDIUM,1,1,1,103.2,86.726
2024,13,PIA,1,MEDIUM,2,2,2,101.4,86.68
2024,13,PIA,1,MEDIUM,3,3,3,99.6,86.729
2024,13,PIA,1,MEDIUM,4,4,4,97.8,86.738
2024,13,PIA,1,MEDIUM,5,5,5,96.0,86.854
2024,13,PIA,1,MEDIUM,6,6,6,94.2,86.854
2024,13,PIA,1,MEDIUM,7,7,7,92.4,86.779
2024,13,PIA,1,MEDIUM,8,8,8,90.6,86.9
2024,13,PIA,1,MEDIUM,9,9,9,88.8,86.952
2024,13,PIA,1,MEDIUM,10,10,10,87.0,86.922
2024,13,PIA,1,MEDIUM,11,11,11,85.2,87.128
2024,13,PIA,1,MEDIUM,12,12,12,83.4,87.035
2024,13,PIA,1,MEDIUM,13,13,13,81.6,87.108
2024,13,PIA,1,MEDIUM,14,14,14,79.8,87.315
2024,13,PIA,1,MEDIUM,15,15,15,78.0,87.217
2024,13,PIA,1,MEDIUM,16,16,16,76.2,87.3
2024,13,PIA,1,MEDIUM,17,17,17,74.4,87.367
2024,13,PIA,1,MEDIUM,18,18,18,72.6,87.322
2024,13,PIA,1,MEDIUM,19,19,19,70.8,87.475
2024,13,PIA,1,MEDIUM,20,20,20,69.0,87.567
2024,13,PIA,1,MEDIUM,21,21,21,67.2,87.544
2024,13,PIA,1,MEDIUM,22,22,22,65.4,87.555
2024,13,PIA,1,MEDIUM,23,23,23,63.6,87.756
2024,13,PIA,1,MEDIUM,24,24,24,61.8,87.675
2024,13,PIA,1,MEDIUM,25,25,25,60.0,87.762
2024,13,PIA,1,MEDIUM,26,26,26,58.2,87.787
2024,13,PIA,1,MEDIUM,27,27,27,56.4,87.92
2024,13,PIA,2,HARD,1,28,1,54.6,85.774
2024,13,PIA,2,HARD,2,29,2,52.8,85.787
2024,13,PIA,2,HARD,3,30,3,51.0,85.795
2024,13,PIA,2,HARD,4,31,4,49.2,85.889
2024,13,PIA,2,HARD,5,32,5,47.4,85.918
2024,13,PIA,2,HARD,6,33,6,45.6,86.05
2024,13,PIA,2,HARD,7,34,7,43.8,86.05
2024,13,PIA,2,HARD,8,35,8,42.0,85.998
2024,13,PIA,2,HARD,9,36,9,40.2,86.033
2024,13,PIA,2,HARD,10,37,10,38.4,85.917
2024,13,PIA,2,HARD,11,38,11,36.6,86.142
2024,13,PIA,2,HARD,12,39,12,34.8,86.244
2024,13,PIA,2,HARD,13,40,13,33.0,86.374
2024,13,PIA,2,HARD,14,41,14,31.2,86.321
2024,13,PIA,2,HARD,15,42,15,29.4,86.275
2024,13,PIA,2,HARD,16,43,16,27.6,86.375
2024,13,PIA,2,HARD,17,44,17,25.8,86.406
2024,13,PIA,2,HARD,18,45,18,24.0,86.522
2024,13,PIA,2,HARD,19,46,19,22.2,86.48
2024,13,PIA,2,HARD,20,47,20,20.4,86.67
2024,13,PIA,2,HARD,21,48,21,18.6,86.694
2024,13,PIA,2,HARD,22,49,22,16.8,86.719
2024,13,PIA,2,HARD,23,50,23,15.0,86.715
2024,13,PIA,2,HARD,24,51,24,13.2,86.785
2024,13,PIA,2,HARD,25,52,25,11.4,86.773
2024,13,PIA,2,HARD,26,53,26,9.6,86.992
2024,13,PIA,2,HARD,27,54,27,7.8,86.97
2024,13,PIA,2,HARD,28,55,28,6.0,86.877
2024,13,VER,1,MEDIUM,1,1,1,103.2,86.666
2024,13,VER,1,MEDIUM,2,2,2,101.4,86.759
2024,13,VER,1,MEDIUM,3,3,3,99.6,86.866
2024,13,VER,1,MEDIUM,4,4,4,97.8,86.934
2024,13,VER,1,MEDIUM,5,5,5,96.0,86.955
2024,13,VER,1,MEDIUM,6,6,6,94.2,86.881
2024,13,VER,1,MEDIUM,7,7,7,92.4,87.0
2024,13,VER,1,MEDIUM,8,8,8,90.6,87.001
2024,13,VER,1,MEDIUM,9,9,9,88.8,87.038
2024,13,VER,1,MEDIUM,10,10,10,87.0,87.184
2024,13,VER,1,MEDIUM,11,11,11,85.2,87.172
2024,13,VER,1,MEDIUM,12,12,12,83.4,87.241
2024,13,VER,1,MEDIUM,13,13,13,81.6,87.29
2024,13,VER,1,MEDIUM,14,14,14,79.8,87.082
2024,13,VER,1,MEDIUM,15,15,15,78.0,87.323
2024,13,VER,1,MEDIUM,16,16,16,76.2,87.415
2024,13,VER,1,MEDIUM,17,17,17,74.4,87.35
2024,13,VER,1,MEDIUM,18,18,18,72.6,87.545
2024,13,VER,1,MEDIUM,19,19,19,70.8,87.462
2024,13,VER,1,MEDIUM,20,20,20,69.0,87.706
2024,13,VER,1,MEDIUM,21,21,21,67.2,87.768
2024,13,VER,1,MEDIUM,22,22,22,65.4,87.676
2024,13,VER,1,MEDIUM,23,23,23,63.6,87.743
2024,13,VER,1,MEDIUM,24,24,24,61.8,87.9
2024,13,VER,1,MEDIUM,25,25,25,60.0,87.837
2024,13,VER,1,MEDIUM,26,26,26,58.2,87.93
2024,13,VER,1,MEDIUM,27,27,27,56.4,87.903
2024,13,VER,2,HARD,1,28,1,54.6,85.855
2024,13,VER,2,HARD,2,29,2,52.8,85.884
2024,13,VER,2,HARD,3,30,3,51.0,85.762
2024,13,VER,2,HARD,4,31,4,49.2,85.925
2024,13,VER,2,HARD,5,32,5,47.4,85.92
2024,13,VER,2,HARD,6,33,6,45.6,86.033
2024,13,VER,2,HARD,7,34,7,43.8,86.035
2024,13,VER,2,HARD,8,35,8,42.0,86.203
2024,13,VER,2,HARD,9,36,9,40.2,86.059
2024,13,VER,2,HARD,10,37,10,38.4,86.198
2024,13,VER,2,HARD,11,38,11,36.6,86.287
2024,13,VER,2,HARD,12,39,12,34.8,86.255
2024,13,VER,2,HARD,13,40,13,33.0,86.237
2024,13,VER,2,HARD,14,41,14,31.2,86.382
2024,13,VER,2,HARD,15,42,15,29.4,86.532
2024,13,VER,2,HARD,16,43,16,27.6,86.568
2024,13,VER,2,HARD,17,44,17,25.8,86.34
2024,13,VER,2,HARD,18,45,18,24.0,86.659
2024,13,VER,2,HARD,19,46,19,22.2,86.577
2024,13,VER,2,HARD,20,47,20,20.4,86.779
2024,13,VER,2,HARD,21,48,21,18.6,86.796
2024,13,VER,2,HARD,22,49,22,16.8,86.582
2024,13,VER,2,HARD,23,50,23,15.0,86.891
2024,13,VER,2,HARD,24,51,24,13.2,86.85
2024,13,VER,2,HARD,25,52,25,11.4,86.833
2024,13,VER,2,HARD,26,53,26,9.6,86.969
2024,13,VER,2,HARD,27,54,27,7.8,86.943
2024,13,VER,2,HARD,28,55,28,6.0,87.054
2024,13,SAI,1,MEDIUM,1,1,1,103.2,86.877
2024,13,SAI,1,MEDIUM,2,2,2,101.4,86.745
2024,13,SAI,1,MEDIUM,3,3,3,99.6,86.796
2024,13,SAI,1,MEDIUM,4,4,4,97.8,87.063
2024,13,SAI,1,MEDIUM,5,5,5,96.0,87.077
2024,13,SAI,1,MEDIUM,6,6,6,94.2,87.173
2024,13,SAI,1,MEDIUM,7,7,7,92.4,87.169
2024,13,SAI,1,MEDIUM,8,8,8,90.6,87.126
2024,13,SAI,1,MEDIUM,9,9,9,88.8,87.176
2024,13,SAI,1,MEDIUM,10,10,10,87.0,87.156
2024,13,SAI,1,MEDIUM,11,11,11,85.2,87.312
2024,13,SAI,1,MEDIUM,12,12,12,83.4,87.329
2024,13,SAI,1,MEDIUM,13,13,13,81.6,87.247
2024,13,SAI,1,MEDIUM,14,14,14,79.8,87.358
2024,13,SAI,1,MEDIUM,15,15,15,78.0,87.504
2024,13,SAI,1,MEDIUM,16,16,16,76.2,87.45
2024,13,SAI,1,MEDIUM,17,17,17,74.4,87.554
2024,13,SAI,1,MEDIUM,18,18,18,72.6,87.565
2024,13,SAI,1,MEDIUM,19,19,19,70.8,87.679
2024,13,SAI,1,MEDIUM,20,20,20,69.0,87.61
2024,13,SAI,1,MEDIUM,21,21,21,67.2,87.671
2024,13,SAI,1,MEDIUM,22,22,22,65.4,87.765
2024,13,SAI,1,MEDIUM,23,23,23,63.6,87.686
2024,13,SAI,1,MEDIUM,24,24,24,61.8,87.791
2024,13,SAI,1,MEDIUM,25,25,25,60.0,87.874
2024,13,SAI,1,MEDIUM,26,26,26,58.2,87.852
2024,13,SAI,1,MEDIUM,27,27,27,56.4,88.097
2024,13,SAI,2,HARD,1,28,1,54.6,85.919
2024,13,SAI,2,HARD,2,29,2,52.8,85.899
2024,13,SAI,2,HARD,3,30,3,51.0,86.003
2024,13,SAI,2,HARD,4,31,4,49.2,85.952
2024,13,SAI,2,HARD,5,32,5,47.4,86.023
2024,13,SAI,2,HARD,6,33,6,45.6,86.144
2024,13,SAI,2,HARD,7,34,7,43.8,86.142
2024,13,SAI,2,HARD,8,35,8,42.0,86.276
2024,13,SAI,2,HARD,9,36,9,40.2,86.182
2024,13,SAI,2,HARD,10,37,10,38.4,86.286
2024,13,SAI,2,HARD,11,38,11,36.6,86.164
2024,13,SAI,2,HARD,12,39,12,34.8,86.43
2024,13,SAI,2,HARD,13,40,13,33.0,86.448
2024,13,SAI,2,HARD,14,41,14,31.2,86.61
2024,13,SAI,2,HARD,15,42,15,29.4,86.528
2024,13,SAI,2,HARD,16,43,16,27.6,86.509
2024,13,SAI,2,HARD,17,44,17,25.8,86.653
2024,13,SAI,2,HARD,18,45,18,24.0,86.678
2024,13,SAI,2,HARD,19,46,19,22.2,86.662
2024,13,SAI,2,HARD,20,47,20,20.4,86.758
2024,13,SAI,2,HARD,21,48,21,18.6,86.789
2024,13,SAI,2,HARD,22,49,22,16.8,86.876
2024,13,SAI,2,HARD,23,50,23,15.0,86.877
2024,13,SAI,2,HARD,24,51,24,13.2,86.946
2024,13,SAI,2,HARD,25,52,25,11.4,86.929
2024,13,SAI,2,HARD,26,53,26,9.6,86.988
2024,13,SAI,2,HARD,27,54,27,7.8,87.162
2024,13,SAI,2,HARD,28,55,28,6.0,87.147
2024,13,HAM,1,MEDIUM,1,1,1,103.2,86.952
2024,13,HAM,1,MEDIUM,2,2,2,101.4,86.873
2024,13,HAM,1,MEDIUM,3,3,3,99.6,87.083
2024,13,HAM,1,MEDIUM,4,4,4,97.8,87.049
2024,13,HAM,1,MEDIUM,5,5,5,96.0,87.143
2024,13,HAM,1,MEDIUM,6,6,6,94.2,87.134
2024,13,HAM,1,MEDIUM,7,7,7,92.4,86.98
2024,13,HAM,1,MEDIUM,8,8,8,90.6,87.083
2024,13,HAM,1,MEDIUM,9,9,9,88.8,87.131
2024,13,HAM,1,MEDIUM,10,10,10,87.0,87.246
2024,13,HAM,1,MEDIUM,11,11,11,85.2,87.323
2024,13,HAM,1,MEDIUM,12,12,12,83.4,87.417
2024,13,HAM,1,MEDIUM,13,13,13,81.6,87.366
2024,13,HAM,1,MEDIUM,14,14,14,79.8,87.562
2024,13,HAM,1,MEDIUM,15,15,15,78.0,87.609
2024,13,HAM,1,MEDIUM,16,16,16,76.2,87.588
2024,13,HAM,1,MEDIUM,17,17,17,74.4,87.535
2024,13,HAM,1,MEDIUM,18,18,18,72.6,87.58
2024,13,HAM,1,MEDIUM,19,19,19,70.8,87.768
2024,13,HAM,1,MEDIUM,20,20,20,69.0,87.802
2024,13,HAM,1,MEDIUM,21,21,21,67.2,87.691
2024,13,HAM,1,MEDIUM,22,22,22,65.4,87.729
2024,13,HAM,1,MEDIUM,23,23,23,63.6,87.987
2024,13,HAM,1,MEDIUM,24,24,24,61.8,87.964
2024,13,HAM,1,MEDIUM,25,25,25,60.0,88.021
2024,13,HAM,1,MEDIUM,26,26,26,58.2,87.88
2024,13,HAM,1,MEDIUM,27,27,27,56.4,88.074
2024,13,HAM,2,HARD,1,28,1,54.6,86.099
2024,13,HAM,2,HARD,2,29,2,52.8,86.127
2024,13,HAM,2,HARD,3,30,3,51.0,86.129
2024,13,HAM,2,HARD,4,31,4,49.2,86.184
2024,13,HAM,2,HARD,5,32,5,47.4,86.154
2024,13,HAM,2,HARD,6,33,6,45.6,86.294
2024,13,HAM,2,HARD,7,34,7,43.8,86.201
2024,13,HAM,2,HARD,8,35,8,42.0,86.346
2024,13,HAM,2,HARD,9,36,9,40.2,86.336
2024,13,HAM,2,HARD,10,37,10,38.4,86.334
2024,13,HAM,2,HARD,11,38,11,36.6,86.372
2024,13,HAM,2,HARD,12,39,12,34.8,86.366
2024,13,HAM,2,HARD,13,40,13,33.0,86.492
2024,13,HAM,2,HARD,14,41,14,31.2,86.481
2024,13,HAM,2,HARD,15,42,15,29.4,86.594
2024,13,HAM,2,HARD,16,43,16,27.6,86.755
2024,13,HAM,2,HARD,17,44,17,25.8,86.811
2024,13,HAM,2,HARD,18,45,18,24.0,86.64
2024,13,HAM,2,HARD,19,46,19,22.2,86.782
2024,13,HAM,2,HARD,20,47,20,20.4,86.676
2024,13,HAM,2,HARD,21,48,21,18.6,86.874
2024,13,HAM,2,HARD,22,49,22,16.8,86.966
2024,13,HAM,2,HARD,23,50,23,15.0,87.083
2024,13,HAM,2,HARD,24,51,24,13.2,87.038
2024,13,HAM,2,HARD,25,52,25,11.4,87.087
2024,13,HAM,2,HARD,26,53,26,9.6,87.16
2024,13,HAM,2,HARD,27,54,27,7.8,87.201
2024,13,HAM,2,HARD,28,55,28,6.0,87.352
2024,13,LEC,1,MEDIUM,1,1,1,103.2,87.065
2024,13,LEC,1,MEDIUM,2,2,2,101.4,87.015
2024,13,LEC,1,MEDIUM,3,3,3,99.6,87.077
2024,13,LEC,1,MEDIUM,4,4,4,97.8,87.117
2024,13,LEC,1,MEDIUM,5,5,5,96.0,87.158
2024,13,LEC,1,MEDIUM,6,6,6,94.2,87.128
2024,13,LEC,1,MEDIUM,7,7,7,92.4,87.279
2024,13,LEC,1,MEDIUM,8,8,8,90.6,87.197
2024,13,LEC,1,MEDIUM,9,9,9,88.8,87.289
2024,13,LEC,1,MEDIUM,10,10,10,87.0,87.289
2024,13,LEC,1,MEDIUM,11,11,11,85.2,87.414
2024,13,LEC,1,MEDIUM,12,12,12,83.4,87.429
2024,13,LEC,1,MEDIUM,13,13,13,81.6,87.695
2024,13,LEC,1,MEDIUM,14,14,14,79.8,87.499
2024,13,LEC,1,MEDIUM,15,15,15,78.0,87.698
2024,13,LEC,1,MEDIUM,16,16,16,76.2,87.529
2024,13,LEC,1,MEDIUM,17,17,17,74.4,87.792
2024,13,LEC,1,MEDIUM,18,18,18,72.6,87.738
2024,13,LEC,1,MEDIUM,19,19,19,70.8,87.693
2024,13,LEC,1,MEDIUM,20,20,20,69.0,87.763
2024,13,LEC,1,MEDIUM,21,21,21,67.2,87.722
2024,13,LEC,1,MEDIUM,22,22,22,65.4,87.868
2024,13,LEC,1,MEDIUM,23,23,23,63.6,88.046
2024,13,LEC,1,MEDIUM,24,24,24,61.8,88.089
2024,13,LEC,1,MEDIUM,25,25,25,60.0,88.064
2024,13,LEC,1,MEDIUM,26,26,26,58.2,88.05
2024,13,LEC,1,MEDIUM,27,27,27,56.4,88.118
2024,13,LEC,2,HARD,1,28,1,54.6,86.09
2024,13,LEC,2,HARD,2,29,2,52.8,86.091
2024,13,LEC,2,HARD,3,30,3,51.0,86.282
2024,13,LEC,2,HARD,4,31,4,49.2,86.167
2024,13,LEC,2,HARD,5,32,5,47.4,86.254
2024,13,LEC,2,HARD,6,33,6,45.6,86.326
2024,13,LEC,2,HARD,7,34,7,43.8,86.259
2024,13,LEC,2,HARD,8,35,8,42.0,86.42
2024,13,LEC,2,HARD,9,36,9,40.2,86.317
2024,13,LEC,2,HARD,10,37,10,38.4,86.347
2024,13,LEC,2,HARD,11,38,11,36.6,86.465
2024,13,LEC,2,HARD,12,39,12,34.8,86.697
2024,13,LEC,2,HARD,13,40,13,33.0,86.645
2024,13,LEC,2,HARD,14,41,14,31.2,86.811
2024,13,LEC,2,HARD,15,42,15,29.4,86.777
2024,13,LEC,2,HARD,16,43,16,27.6,86.701
2024,13,LEC,2,HARD,17,44,17,25.8,86.741
2024,13,LEC,2,HARD,18,45,18,24.0,86.822
2024,13,LEC,2,HARD,19,46,19,22.2,86.805
2024,13,LEC,2,HARD,20,47,20,20.4,86.717
2024,13,LEC,2,HARD,21,48,21,18.6,86.888
2024,13,LEC,2,HARD,22,49,22,16.8,86.954
2024,13,LEC,2,HARD,23,50,23,15.0,86.933
2024,13,LEC,2,HARD,24,51,24,13.2,87.105
2024,13,LEC,2,HARD,25,52,25,11.4,87.19
2024,13,LEC,2,HARD,26,53,26,9.6,87.069
2024,13,LEC,2,HARD,27,54,27,7.8,87.245
2024,13,LEC,2,HARD,28,55,28,6.0,87.349
2024,14,LEC,1,MEDIUM,1,1,1,103.2,86.697
2024,14,LEC,1,MEDIUM,2,2,2,101.4,86.544
2024,14,LEC,1,MEDIUM,3,3,3,99.6,86.606
2024,14,LEC,1,MEDIUM,4,4,4,97.8,86.536
2024,14,LEC,1,MEDIUM,5,5,5,96.0,86.825
2024,14,LEC,1,MEDIUM,6,6,6,94.2,86.85
2024,14,LEC,1,MEDIUM,7,7,7,92.4,86.733
2024,14,LEC,1,MEDIUM,8,8,8,90.6,86.874
2024,14,LEC,1,MEDIUM,9,9,9,88.8,86.784
2024,14,LEC,1,MEDIUM,10,10,10,87.0,87.038
2024,14,LEC,1,MEDIUM,11,11,11,85.2,87.022
2024,14,LEC,1,MEDIUM,12,12,12,83.4,86.956
2024,14,LEC,1,MEDIUM,13,13,13,81.6,87.063
2024,14,LEC,1,MEDIUM,14,14,14,79.8,87.275
2024,14,LEC,1,MEDIUM,15,15,15,78.0,87.318
2024,14,LEC,1,MEDIUM,16,16,16,76.2,87.182
2024,14,LEC,1,MEDIUM,17,17,17,74.4,87.223
2024,14,LEC,1,MEDIUM,18,18,18,72.6,87.226
2024,14,LEC,1,MEDIUM,19,19,19,70.8,87.161
2024,14,LEC,1,MEDIUM,20,20,20,69.0,87.472
2024,14,LEC,1,MEDIUM,21,21,21,67.2,87.5
2024,14,LEC,1,MEDIUM,22,22,22,65.4,87.445
2024,14,LEC,2,HARD,1,23,1,63.6,85.913
2024,14,LEC,2,HARD,2,24,2,61.8,85.879
2024,14,LEC,2,HARD,3,25,3,60.0,85.937
2024,14,LEC,2,HARD,4,26,4,58.2,85.96
2024,14,LEC,2,HARD,5,27,5,56.4,85.816
2024,14,LEC,2,HARD,6,28,6,54.6,85.913
2024,14,LEC,2,HARD,7,29,7,52.8,86.18
2024,14,LEC,2,HARD,8,30,8,51.0,86.311
2024,14,LEC,2,HARD,9,31,9,49.2,86.119
2024,14,LEC,2,HARD,10,32,10,47.4,86.254
2024,14,LEC,2,HARD,11,33,11,45.6,86.183
2024,14,LEC,2,HARD,12,34,12,43.8,86.202
2024,14,LEC,2,HARD,13,35,13,42.0,86.245
2024,14,LEC,2,HARD,14,36,14,40.2,86.388
2024,14,LEC,2,HARD,15,37,15,38.4,86.477
2024,14,LEC,2,HARD,16,38,16,36.6,86.59
2024,14,LEC,2,HARD,17,39,17,34.8,86.554
2024,14,LEC,2,HARD,18,40,18,33.0,86.573
2024,14,LEC,2,HARD,19,41,19,31.2,86.665
2024,14,LEC,2,HARD,20,42,20,29.4,86.666
2024,14,LEC,2,HARD,21,43,21,27.6,86.667
2024,14,LEC,2,HARD,22,44,22,25.8,86.86
2024,14,HAM,1,MEDIUM,1,1,1,103.2,86.681
2024,14,HAM,1,MEDIUM,2,2,2,101.4,86.75
2024,14,HAM,1,MEDIUM,3,3,3,99.6,86.792
2024,14,HAM,1,MEDIUM,4,4,4,97.8,86.932
2024,14,HAM,1,MEDIUM,5,5,5,96.0,86.855
2024,14,HAM,1,MEDIUM,6,6,6,94.2,86.786
2024,14,HAM,1,MEDIUM,7,7,7,92.4,86.835
2024,14,HAM,1,MEDIUM,8,8,8,90.6,87.121
2024,14,HAM,1,MEDIUM,9,9,9,88.8,87.161
2024,14,HAM,1,MEDIUM,10,10,10,87.0,87.054
2024,14,HAM,1,MEDIUM,11,11,11,85.2,87.193
2024,14,HAM,1,MEDIUM,12,12,12,83.4,87.092
2024,14,HAM,1,MEDIUM,13,13,13,81.6,87.156
2024,14,HAM,1,MEDIUM,14,14,14,79.8,87.232
2024,14,HAM,1,MEDIUM,15,15,15,78.0,87.341
2024,14,HAM,1,MEDIUM,16,16,16,76.2,87.318
2024,14,HAM,1,MEDIUM,17,17,17,74.4,87.385
2024,14,HAM,1,MEDIUM,18,18,18,72.6,87.549
2024,14,HAM,1,MEDIUM,19,19,19,70.8,87.57
2024,14,HAM,1,MEDIUM,20,20,20,69.0,87.54
2024,14,HAM,1,MEDIUM,21,21,21,67.2,87.547
2024,14,HAM,1,MEDIUM,22,22,22,65.4,87.693
2024,14,HAM,2,HARD,1,23,1,63.6,86.027
2024,14,HAM,2,HARD,2,24,2,61.8,86.032
2024,14,HAM,2,HARD,3,25,3,60.0,86.163
2024,14,HAM,2,HARD,4,26,4,58.2,86.261
2024,14,HAM,2,HARD,5,27,5,56.4,86.06
2024,14,HAM,2,HARD,6,28,6,54.6,85.982
2024,14,HAM,2,HARD,7,29,7,52.8,86.122
2024,14,HAM,2,HARD,8,30,8,51.0,86.205
2024,14,HAM,2,HARD,9,31,9,49.2,86.341
2024,14,HAM,2,HARD,10,32,10,47.4,86.367
2024,14,HAM,2,HARD,11,33,11,45.6,86.319
2024,14,HAM,2,HARD,12,34,12,43.8,86.463
2024,14,HAM,2,HARD,13,35,13,42.0,86.603
2024,14,HAM,2,HARD,14,36,14,40.2,86.673
2024,14,HAM,2,HARD,15,37,15,38.4,86.606
2024,14,HAM,2,HARD,16,38,16,36.6,86.57
2024,14,HAM,2,HARD,17,39,17,34.8,86.609
2024,14,HAM,2,HARD,18,40,18,33.0,86.699
2024,14,HAM,2,HARD,19,41,19,31.2,86.895
2024,14,HAM,2,HARD,20,42,20,29.4,86.892
2024,14,HAM,2,HARD,21,43,21,27.6,86.887
2024,14,HAM,2,HARD,22,44,22,25.8,86.712
2024,14,NOR,1,MEDIUM,1,1,1,103.2,86.771
2024,14,NOR,1,MEDIUM,2,2,2,101.4,86.856
2024,14,NOR,1,MEDIUM,3,3,3,99.6,86.941
2024,14,NOR,1,MEDIUM,4,4,4,97.8,87.09
2024,14,NOR,1,MEDIUM,5,5,5,96.0,86.981
2024,14,NOR,1,MEDIUM,6,6,6,94.2,86.945
2024,14,NOR,1,MEDIUM,7,7,7,92.4,87.07
2024,14,NOR,1,MEDIUM,8,8,8,90.6,86.999
2024,14,NOR,1,MEDIUM,9,9,9,88.8,86.995
2024,14,NOR,1,MEDIUM,10,10,10,87.0,87.175
2024,14,NOR,1,MEDIUM,11,11,11,85.2,87.075
2024,14,NOR,1,MEDIUM,12,12,12,83.4,87.265
2024,14,NOR,1,MEDIUM,13,13,13,81.6,87.431
2024,14,NOR,1,MEDIUM,14,14,14,79.8,87.389
2024,14,NOR,1,MEDIUM,15,15,15,78.0,87.481
2024,14,NOR,1,MEDIUM,16,16,16,76.2,87.46
2024,14,NOR,1,MEDIUM,17,17,17,74.4,87.509
2024,14,NOR,1,MEDIUM,18,18,18,72.6,87.642
2024,14,NOR,1,MEDIUM,19,19,19,70.8,87.593
2024,14,NOR,1,MEDIUM,20,20,20,69.0,87.636
2024,14,NOR,1,MEDIUM,21,21,21,67.2,87.768
2024,14,NOR,1,MEDIUM,22,22,22,65.4,87.909
2024,14,NOR,2,HARD,1,23,1,63.6,86.096
2024,14,NOR,2,HARD,2,24,2,61.8,86.121
2024,14,NOR,2,HARD,3,25,3,60.0,86.155
2024,14,NOR,2,HARD,4,26,4,58.2,86.265
2024,14,NOR,2,HARD,5,27,5,56.4,86.274
2024,14,NOR,2,HARD,6,28,6,54.6,86.347
2024,14,NOR,2,HARD,7,29,7,52.8,86.33
2024,14,NOR,2,HARD,8,30,8,51.0,86.379
2024,14,NOR,2,HARD,9,31,9,49.2,86.415
2024,14,NOR,2,HARD,10,32,10,47.4,86.438
2024,14,NOR,2,HARD,11,33,11,45.6,86.55
2024,14,NOR,2,HARD,12,34,12,43.8,86.427
2024,14,NOR,2,HARD,13,35,13,42.0,86.558
2024,14,NOR,2,HARD,14,36,14,40.2,86.733
2024,14,NOR,2,HARD,15,37,15,38.4,86.64
2024,14,NOR,2,HARD,16,38,16,36.6,86.648
2024,14,NOR,2,HARD,17,39,17,34.8,86.882
2024,14,NOR,2,HARD,18,40,18,33.0,86.792
2024,14,NOR,2,HARD,19,41,19,31.2,86.858
2024,14,NOR,2,HARD,20,42,20,29.4,87.086
2024,14,NOR,2,HARD,21,43,21,27.6,86.999
2024,14,NOR,2,HARD,22,44,22,25.8,86.976
2024,14,PIA,1,MEDIUM,1,1,1,103.2,86.911
2024,14,PIA,1,MEDIUM,2,2,2,101.4,86.904
2024,14,PIA,1,MEDIUM,3,3,3,99.6,87.064
2024,14,PIA,1,MEDIUM,4,4,4,97.8,86.969
2024,14,PIA,1,MEDIUM,5,5,5,96.0,86.967
2024,14,PIA,1,MEDIUM,6,6,6,94.2,87.019
2024,14,PIA,1,MEDIUM,7,7,7,92.4,87.31
2024,14,PIA,1,MEDIUM,8,8,8,90.6,87.142
2024,14,PIA,1,MEDIUM,9,9,9,88.8,87.241
2024,14,PIA,1,MEDIUM,10,10,10,87.0,87.23
2024,14,PIA,1,MEDIUM,11,11,11,85.2,87.291
2024,14,PIA,1,MEDIUM,12,12,12,83.4,87.331
2024,14,PIA,1,MEDIUM,13,13,13,81.6,87.477
2024,14,PIA,1,MEDIUM,14,14,14,79.8,87.513
2024,14,PIA,1,MEDIUM,15,15,15,78.0,87.573
2024,14,PIA,1,MEDIUM,16,16,16,76.2,87.738
2024,14,PIA,1,MEDIUM,17,17,17,74.4,87.634
2024,14,PIA,1,MEDIUM,18,18,18,72.6,87.61
2024,14,PIA,1,MEDIUM,19,19,19,70.8,87.708
2024,14,PIA,1,MEDIUM,20,20,20,69.0,87.789
2024,14,PIA,1,MEDIUM,21,21,21,67.2,87.659
2024,14,PIA,1,MEDIUM,22,22,22,65.4,87.735
2024,14,PIA,2,HARD,1,23,1,63.6,86.226
2024,14,PIA,2,HARD,2,24,2,61.8,86.187
2024,14,PIA,2,HARD,3,25,3,60.0,86.238
2024,14,PIA,2,HARD,4,26,4,58.2,86.202
2024,14,PIA,2,HARD,5,27,5,56.4,86.323
2024,14,PIA,2,HARD,6,28,6,54.6,86.255
2024,14,PIA,2,HARD,7,29,7,52.8,86.504
2024,14,PIA,2,HARD,8,30,8,51.0,86.494
2024,14,PIA,2,HARD,9,31,9,49.2,86.409
2024,14,PIA,2,HARD,10,32,10,47.4,86.585
2024,14,PIA,2,HARD,11,33,11,45.6,86.458
2024,14,PIA,2,HARD,12,34,12,43.8,86.559
2024,14,PIA,2,HARD,13,35,13,42.0,86.711
2024,14,PIA,2,HARD,14,36,14,40.2,86.796
2024,14,PIA,2,HARD,15,37,15,38.4,86.659
2024,14,PIA,2,HARD,16,38,16,36.6,86.792
2024,14,PIA,2,HARD,17,39,17,34.8,86.778
2024,14,PIA,2,HARD,18,40,18,33.0,86.92
2024,14,PIA,2,HARD,19,41,19,31.2,86.889
2024,14,PIA,2,HARD,20,42,20,29.4,86.856
2024,14,PIA,2,HARD,21,43,21,27.6,87.036
2024,14,PIA,2,HARD,22,44,22,25.8,87.063
2024,14,SAI,1,MEDIUM,1,1,1,103.2,86.995
2024,14,SAI,1,MEDIUM,2,2,2,101.4,87.198
2024,14,SAI,1,MEDIUM,3,3,3,99.6,87.186
2024,14,SAI,1,MEDIUM,4,4,4,97.8,87.165
2024,14,SAI,1,MEDIUM,5,5,5,96.0,87.159
2024,14,SAI,1,MEDIUM,6,6,6,94.2,87.228
2024,14,SAI,1,MEDIUM,7,7,7,92.4,87.301
2024,14,SAI,1,MEDIUM,8,8,8,90.6,87.287
2024,14,SAI,1,MEDIUM,9,9,9,88.8,87.345
2024,14,SAI,1,MEDIUM,10,10,10,87.0,87.378
2024,14,SAI,1,MEDIUM,11,11,11,85.2,87.485
2024,14,SAI,1,MEDIUM,12,12,12,83.4,87.468
2024,14,SAI,1,MEDIUM,13,13,13,81.6,87.532
2024,14,SAI,1,MEDIUM,14,14,14,79.8,87.474
2024,14,SAI,1,MEDIUM,15,15,15,78.0,87.648
2024,14,SAI,1,MEDIUM,16,16,16,76.2,87.645
2024,14,SAI,1,MEDIUM,17,17,17,74.4,87.782
2024,14,SAI,1,MEDIUM,18,18,18,72.6,87.742
2024,14,SAI,1,MEDIUM,19,19,19,70.8,88.004
2024,14,SAI,1,MEDIUM,20,20,20,69.0,88.029
2024,14,SAI,1,MEDIUM,21,21,21,67.2,87.902
2024,14,SAI,1,MEDIUM,22,22,22,65.4,88.003
2024,14,SAI,2,HARD,1,23,1,63.6,86.454
2024,14,SAI,2,HARD,2,24,2,61.8,86.34
2024,14,SAI,2,HARD,3,25,3,60.0,86.477
2024,14,SAI,2,HARD,4,26,4,58.2,86.457
2024,14,SAI,2,HARD,5,27,5,56.4,86.493
2024,14,SAI,2,HARD,6,28,6,54.6,86.611
2024,14,SAI,2,HARD,7,29,7,52.8,86.508
2024,14,SAI,2,HARD,8,30,8,51.0,86.676
2024,14,SAI,2,HARD,9,31,9,49.2,86.749
2024,14,SAI,2,HARD,10,32,10,47.4,86.685
2024,14,SAI,2,HARD,11,33,11,45.6,86.636
2024,14,SAI,2,HARD,12,34,12,43.8,86.775
2024,14,SAI,2,HARD,13,35,13,42.0,86.808
2024,14,SAI,2,HARD,14,36,14,40.2,86.821
2024,14,SAI,2,HARD,15,37,15,38.4,86.957
2024,14,SAI,2,HARD,16,38,16,36.6,86.96
2024,14,SAI,2,HARD,17,39,17,34.8,87.176
2024,14,SAI,2,HARD,18,40,18,33.0,87.168
2024,14,SAI,2,HARD,19,41,19,31.2,87.066
2024,14,SAI,2,HARD,20,42,20,29.4,87.165
2024,14,SAI,2,HARD,21,43,21,27.6,87.323
2024,14,SAI,2,HARD,22,44,22,25.8,87.377
2024,14,VER,1,MEDIUM,1,1,1,103.2,87.414
2024,14,VER,1,MEDIUM,2,2,2,101.4,87.305
2024,14,VER,1,MEDIUM,3,3,3,99.6,87.351
2024,14,VER,1,MEDIUM,4,4,4,97.8,87.633
2024,14,VER,1,MEDIUM,5,5,5,96.0,87.525
2024,14,VER,1,MEDIUM,6,6,6,94.2,87.441
2024,14,VER,1,MEDIUM,7,7,7,92.4,87.53
2024,14,VER,1,MEDIUM,8,8,8,90.6,87.718
2024,14,VER,1,MEDIUM,9,9,9,88.8,87.734
2024,14,VER,1,MEDIUM,10,10,10,87.0,87.729
2024,14,VER,1,MEDIUM,11,11,11,85.2,87.727
2024,14,VER,1,MEDIUM,12,12,12,83.4,87.939
2024,14,VER,1,MEDIUM,13,13,13,81.6,87.957
2024,14,VER,1,MEDIUM,14,14,14,79.8,87.992
2024,14,VER,1,MEDIUM,15,15,15,78.0,88.032
2024,14,VER,1,MEDIUM,16,16,16,76.2,88.006
2024,14,VER,1,MEDIUM,17,17,17,74.4,88.24
2024,14,VER,1,MEDIUM,18,18,18,72.6,88.062
2024,14,VER,1,MEDIUM,19,19,19,70.8,88.15
2024,14,VER,1,MEDIUM,20,20,20,69.0,88.173
2024,14,VER,1,MEDIUM,21,21,21,67.2,88.227
2024,14,VER,1,MEDIUM,22,22,22,65.4,88.221
2024,14,VER,2,HARD,1,23,1,63.6,86.608
2024,14,VER,2,HARD,2,24,2,61.8,86.759
2024,14,VER,2,HARD,3,25,3,60.0,86.792
2024,14,VER,2,HARD,4,26,4,58.2,86.758
2024,14,VER,2,HARD,5,27,5,56.4,86.918
2024,14,VER,2,HARD,6,28,6,54.6,86.873
2024,14,VER,2,HARD,7,29,7,52.8,86.887
2024,14,VER,2,HARD,8,30,8,51.0,86.88
2024,14,VER,2,HARD,9,31,9,49.2,87.011
2024,14,VER,2,HARD,10,32,10,47.4,87.042
2024,14,VER,2,HARD,11,33,11,45.6,87.1
2024,14,VER,2,HARD,12,34,12,43.8,87.098
2024,14,VER,2,HARD,13,35,13,42.0,87.19
2024,14,VER,2,HARD,14,36,14,40.2,87.047
2024,14,VER,2,HARD,15,37,15,38.4,87.19
2024,14,VER,2,HARD,16,38,16,36.6,87.199
2024,14,VER,2,HARD,17,39,17,34.8,87.391
2024,14,VER,2,HARD,18,40,18,33.0,87.592
2024,14,VER,2,HARD,19,41,19,31.2,87.53
2024,14,VER,2,HARD,20,42,20,29.4,87.453
2024,14,VER,2,HARD,21,43,21,27.6,87.456
2024,14,VER,2,HARD,22,44,22,25.8,87.664
2024,15,NOR,1,MEDIUM,1,1,1,103.2,86.594
2024,15,NOR,1,MEDIUM,2,2,2,101.4,86.654
2024,15,NOR,1,MEDIUM,3,3,3,99.6,86.75
2024,15,NOR,1,MEDIUM,4,4,4,97.8,86.554
2024,15,NOR,1,MEDIUM,5,5,5,96.0,86.817
2024,15,NOR,1,MEDIUM,6,6,6,94.2,86.638
2024,15,NOR,1,MEDIUM,7,7,7,92.4,86.683
2024,15,NOR,1,MEDIUM,8,8,8,90.6,86.737
2024,15,NOR,1,MEDIUM,9,9,9,88.8,86.901
2024,15,NOR,1,MEDIUM,10,10,10,87.0,87.015
2024,15,NOR,1,MEDIUM,11,11,11,85.2,86.85
2024,15,NOR,1,MEDIUM,12,12,12,83.4,87.009
2024,15,NOR,1,MEDIUM,13,13,13,81.6,86.867
2024,15,NOR,1,MEDIUM,14,14,14,79.8,87.134
2024,15,NOR,1,MEDIUM,15,15,15,78.0,87.232
2024,15,NOR,1,MEDIUM,16,16,16,76.2,87.258
2024,15,NOR,1,MEDIUM,17,17,17,74.4,87.261
2024,15,NOR,1,MEDIUM,18,18,18,72.6,87.301
2024,15,NOR,1,MEDIUM,19,19,19,70.8,87.387
2024,15,NOR,1,MEDIUM,20,20,20,69.0,87.423
2024,15,NOR,1,MEDIUM,21,21,21,67.2,87.404
2024,15,NOR,1,MEDIUM,22,22,22,65.4,87.518
2024,15,NOR,1,MEDIUM,23,23,23,63.6,87.582
2024,15,NOR,1,MEDIUM,24,24,24,61.8,87.575
2024,15,NOR,1,MEDIUM,25,25,25,60.0,87.611
2024,15,NOR,1,MEDIUM,26,26,26,58.2,87.778
2024,15,NOR,1,MEDIUM,27,27,27,56.4,87.737
2024,15,NOR,2,HARD,1,28,1,54.6,85.75
2024,15,NOR,2,HARD,2,29,2,52.8,85.791
2024,15,NOR,2,HARD,3,30,3,51.0,85.772
2024,15,NOR,2,HARD,4,31,4,49.2,85.807
2024,15,NOR,2,HARD,5,32,5,47.4,85.871
2024,15,NOR,2,HARD,6,33,6,45.6,85.906
2024,15,NOR,2,HARD,7,34,7,43.8,85.962
2024,15,NOR,2,HARD,8,35,8,42.0,85.921
2024,15,NOR,2,HARD,9,36,9,40.2,85.97
2024,15,NOR,2,HARD,10,37,10,38.4,86.021
2024,15,NOR,2,HARD,11,38,11,36.6,86.027
2024,15,NOR,2,HARD,12,39,12,34.8,86.025
2024,15,NOR,2,HARD,13,40,13,33.0,86.214
2024,15,NOR,2,HARD,14,41,14,31.2,86.304
2024,15,NOR,2,HARD,15,42,15,29.4,86.342
2024,15,NOR,2,HARD,16,43,16,27.6,86.393
2024,15,NOR,2,HARD,17,44,17,25.8,86.371
2024,15,NOR,2,HARD,18,45,18,24.0,86.37
2024,15,NOR,2,HARD,19,46,19,22.2,86.478
2024,15,NOR,2,HARD,20,47,20,20.4,86.405
2024,15,NOR,2,HARD,21,48,21,18.6,86.666
2024,15,NOR,2,HARD,22,49,22,16.8,86.649
2024,15,NOR,2,HARD,23,50,23,15.0,86.888
2024,15,NOR,2,HARD,24,51,24,13.2,86.68
2024,15,NOR,2,HARD,25,52,25,11.4,86.694
2024,15,NOR,2,HARD,26,53,26,9.6,86.739
2024,15,NOR,2,HARD,27,54,27,7.8,86.839
2024,15,NOR,2,HARD,28,55,28,6.0,87.053
2024,15,VER,1,MEDIUM,1,1,1,103.2,86.526
2024,15,VER,1,MEDIUM,2,2,2,101.4,86.849
2024,15,VER,1,MEDIUM,3,3,3,99.6,86.696
2024,15,VER,1,MEDIUM,4,4,4,97.8,86.862
2024,15,VER,1,MEDIUM,5,5,5,96.0,86.901
2024,15,VER,1,MEDIUM,6,6,6,94.2,86.828
2024,15,VER,1,MEDIUM,7,7,7,92.4,86.936
2024,15,VER,1,MEDIUM,8,8,8,90.6,86.816
2024,15,VER,1,MEDIUM,9,9,9,88.8,86.955
2024,15,VER,1,MEDIUM,10,10,10,87.0,87.08
2024,15,VER,1,MEDIUM,11,11,11,85.2,87.16
2024,15,VER,1,MEDIUM,12,12,12,83.4,87.061
2024,15,VER,1,MEDIUM,13,13,13,81.6,87.09
2024,15,VER,1,MEDIUM,14,14,14,79.8,87.087
2024,15,VER,1,MEDIUM,15,15,15,78.0,87.138
2024,15,VER,1,MEDIUM,16,16,16,76.2,87.194
2024,15,VER,1,MEDIUM,17,17,17,74.4,87.328
2024,15,VER,1,MEDIUM,18,18,18,72.6,87.477
2024,15,VER,1,MEDIUM,19,19,19,70.8,87.353
2024,15,VER,1,MEDIUM,20,20,20,69.0,87.495
2024,15,VER,1,MEDIUM,21,21,21,67.2,87.672
2024,15,VER,1,MEDIUM,22,22,22,65.4,87.627
2024,15,VER,1,MEDIUM,23,23,23,63.6,87.598
2024,15,VER,1,MEDIUM,24,24,24,61.8,87.636
2024,15,VER,1,MEDIUM,25,25,25,60.0,87.528
2024,15,VER,1,MEDIUM,26,26,26,58.2,87.991
2024,15,VER,1,MEDIUM,27,27,27,56.4,87.814
2024,15,VER,2,HARD,1,28,1,54.6,85.806
2024,15,VER,2,HARD,2,29,2,52.8,85.811
2024,15,VER,2,HARD,3,30,3,51.0,85.878
2024,15,VER,2,HARD,4,31,4,49.2,85.874
2024,15,VER,2,HARD,5,32,5,47.4,86.048
2024,15,VER,2,HARD,6,33,6,45.6,86.037
2024,15,VER,2,HARD,7,34,7,43.8,85.946
2024,15,VER,2,HARD,8,35,8,42.0,86.088
2024,15,VER,2,HARD,9,36,9,40.2,86.078
2024,15,VER,2,HARD,10,37,10,38.4,86.203
2024,15,VER,2,HARD,11,38,11,36.6,86.152
2024,15,VER,2,HARD,12,39,12,34.8,86.282
2024,15,VER,2,HARD,13,40,13,33.0,86.271
2024,15,VER,2,HARD,14,41,14,31.2,86.291
2024,15,VER,2,HARD,15,42,15,29.4,86.417
2024,15,VER,2,HARD,16,43,16,27.6,86.315
2024,15,VER,2,HARD,17,44,17,25.8,86.468
2024,15,VER,2,HARD,18,45,18,24.0,86.623
2024,15,VER,2,HARD,19,46,19,22.2,86.571
2024,15,VER,2,HARD,20,47,20,20.4,86.582
2024,15,VER,2,HARD,21,48,21,18.6,86.674
2024,15,VER,2,HARD,22,49,22,16.8,86.656
2024,15,VER,2,HARD,23,50,23,15.0,86.651
2024,15,VER,2,HARD,24,51,24,13.2,86.837
2024,15,VER,2,HARD,25,52,25,11.4,86.873
2024,15,VER,2,HARD,26,53,26,9.6,86.975
2024,15,VER,2,HARD,27,54,27,7.8,86.968
2024,15,VER,2,HARD,28,55,28,6.0,87.047
2024,15,PIA,1,MEDIUM,1,1,1,103.2,86.739
2024,15,PIA,1,MEDIUM,2,2,2,101.4,86.744
2024,15,PIA,1,MEDIUM,3,3,3,99.6,86.794
2024,15,PIA,1,MEDIUM,4,4,4,97.8,86.953
2024,15,PIA,1,MEDIUM,5,5,5,96.0,86.937
2024,15,PIA,1,MEDIUM,6,6,6,94.2,86.817
2024,15,PIA,1,MEDIUM,7,7,7,92.4,86.941
2024,15,PIA,1,MEDIUM,8,8,8,90.6,86.994
2024,15,PIA,1,MEDIUM,9,9,9,88.8,86.969
2024,15,PIA,1,MEDIUM,10,10,10,87.0,87.044
2024,15,PIA,1,MEDIUM,11,11,11,85.2,87.016
2024,15,PIA,1,MEDIUM,12,12,12,83.4,87.276
2024,15,PIA,1,MEDIUM,13,13,13,81.6,87.069
2024,15,PIA,1,MEDIUM,14,14,14,79.8,87.319
2024,15,PIA,1,MEDIUM,15,15,15,78.0,87.39
2024,15,PIA,1,MEDIUM,16,16,16,76.2,87.423
2024,15,PIA,1,MEDIUM,17,17,17,74.4,87.342
2024,15,PIA,1,MEDIUM,18,18,18,72.6,87.505
2024,15,PIA,1,MEDIUM,19,19,19,70.8,87.608
2024,15,PIA,1,MEDIUM,20,20,20,69.0,87.602
2024,15,PIA,1,MEDIUM,21,21,21,67.2,87.631
2024,15,PIA,1,MEDIUM,22,22,22,65.4,87.743
2024,15,PIA,1,MEDIUM,23,23,23,63.6,87.715
2024,15,PIA,1,MEDIUM,24,24,24,61.8,87.824
2024,15,PIA,1,MEDIUM,25,25,25,60.0,87.905
2024,15,PIA,1,MEDIUM,26,26,26,58.2,87.839
2024,15,PIA,1,MEDIUM,27,27,27,56.4,87.804
2024,15,PIA,2,HARD,1,28,1,54.6,85.954
2024,15,PIA,2,HARD,2,29,2,52.8,85.886
2024,15,PIA,2,HARD,3,30,3,51.0,85.956
2024,15,PIA,2,HARD,4,31,4,49.2,86.113
2024,15,PIA,2,HARD,5,32,5,47.4,85.971
2024,15,PIA,2,HARD,6,33,6,45.6,86.035
2024,15,PIA,2,HARD,7,34,7,43.8,86.02
2024,15,PIA,2,HARD,8,35,8,42.0,86.269
2024,15,PIA,2,HARD,9,36,9,40.2,86.181
2024,15,PIA,2,HARD,10,37,10,38.4,86.143
2024,15,PIA,2,HARD,11,38,11,36.6,86.238
2024,15,PIA,2,HARD,12,39,12,34.8,86.297
2024,15,PIA,2,HARD,13,40,13,33.0,86.302
2024,15,PIA,2,HARD,14,41,14,31.2,86.371
2024,15,PIA,2,HARD,15,42,15,29.4,86.469
2024,15,PIA,2,HARD,16,43,16,27.6,86.633
2024,15,PIA,2,HARD,17,44,17,25.8,86.661
2024,15,PIA,2,HARD,18,45,18,24.0,86.562
2024,15,PIA,2,HARD,19,46,19,22.2,86.677
2024,15,PIA,2,HARD,20,47,20,20.4,86.743
2024,15,PIA,2,HARD,21,48,21,18.6,86.78
2024,15,PIA,2,HARD,22,49,22,16.8,86.693
2024,15,PIA,2,HARD,23,50,23,15.0,86.764
2024,15,PIA,2,HARD,24,51,24,13.2,86.811
2024,15,PIA,2,HARD,25,52,25,11.4,86.893
2024,15,PIA,2,HARD,26,53,26,9.6,86.946
2024,15,PIA,2,HARD,27,54,27,7.8,86.986
2024,15,PIA,2,HARD,28,55,28,6.0,87.005
2024,15,PER,1,MEDIUM,1,1,1,103.2,86.742
2024,15,PER,1,MEDIUM,2,2,2,101.4,86.94
2024,15,PER,1,MEDIUM,3,3,3,99.6,86.994
2024,15,PER,1,MEDIUM,4,4,4,97.8,87.132
2024,15,PER,1,MEDIUM,5,5,5,96.0,86.897
2024,15,PER,1,MEDIUM,6,6,6,94.2,87.124
2024,15,PER,1,MEDIUM,7,7,7,92.4,87.215
2024,15,PER,1,MEDIUM,8,8,8,90.6,87.254
2024,15,PER,1,MEDIUM,9,9,9,88.8,87.211
2024,15,PER,1,MEDIUM,10,10,10,87.0,87.258
2024,15,PER,1,MEDIUM,11,11,11,85.2,87.352
2024,15,PER,1,MEDIUM,12,12,12,83.4,87.482
2024,15,PER,1,MEDIUM,13,13,13,81.6,87.24
2024,15,PER,1,MEDIUM,14,14,14,79.8,87.369
2024,15,PER,1,MEDIUM,15,15,15,78.0,87.521
2024,15,PER,1,MEDIUM,16,16,16,76.2,87.423
2024,15,PER,1,MEDIUM,17,17,17,74.4,87.514
2024,15,PER,1,MEDIUM,18,18,18,72.6,87.648
2024,15,PER,1,MEDIUM,19,19,19,70.8,87.687
2024,15,PER,1,MEDIUM,20,20,20,69.0,87.801
2024,15,PER,1,MEDIUM,21,21,21,67.2,87.84
2024,15,PER,1,MEDIUM,22,22,22,65.4,87.834
2024,15,PER,1,MEDIUM,23,23,23,63.6,87.859
2024,15,PER,1,MEDIUM,24,24,24,61.8,88.077
2024,15,PER,1,MEDIUM,25,25,25,60.0,87.864
2024,15,PER,1,MEDIUM,26,26,26,58.2,88.146
2024,15,PER,1,MEDIUM,27,27,27,56.4,88.171
2024,15,PER,2,HARD,1,28,1,54.6,86.116
2024,15,PER,2,HARD,2,29,2,52.8,86.098
2024,15,PER,2,HARD,3,30,3,51.0,86.136
2024,15,PER,2,HARD,4,31,4,49.2,86.215
2024,15,PER,2,HARD,5,32,5,47.4,86.146
2024,15,PER,2,HARD,6,33,6,45.6,86.2
2024,15,PER,2,HARD,7,34,7,43.8,86.168
2024,15,PER,2,HARD,8,35,8,42.0,86.288
2024,15,PER,2,HARD,9,36,9,40.2,86.338
2024,15,PER,2,HARD,10,37,10,38.4,86.522
2024,15,PER,2,HARD,11,38,11,36.6,86.427
2024,15,PER,2,HARD,12,39,12,34.8,86.528
2024,15,PER,2,HARD,13,40,13,33.0,86.394
2024,15,PER,2,HARD,14,41,14,31.2,86.599
2024,15,PER,2,HARD,15,42,15,29.4,86.778
2024,15,PER,2,HARD,16,43,16,27.6,86.736
2024,15,PER,2,HARD,17,44,17,25.8,86.628
2024,15,PER,2,HARD,18,45,18,24.0,86.799
2024,15,PER,2,HARD,19,46,19,22.2,86.701
2024,15,PER,2,HARD,20,47,20,20.4,86.683
2024,15,PER,2,HARD,21,48,21,18.6,86.836
2024,15,PER,2,HARD,22,49,22,16.8,86.861
2024,15,PER,2,HARD,23,50,23,15.0,86.984
2024,15,PER,2,HARD,24,51,24,13.2,87.033
2024,15,PER,2,HARD,25,52,25,11.4,87.048
2024,15,PER,2,HARD,26,53,26,9.6,87.1
2024,15,PER,2,HARD,27,54,27,7.8,87.147
2024,15,PER,2,HARD,28,55,28,6.0,87.227
2024,15,LEC,1,MEDIUM,1,1,1,103.2,86.869
2024,15,LEC,1,MEDIUM,2,2,2,101.4,86.958
2024,15,LEC,1,MEDIUM,3,3,3,99.6,87.213
2024,15,LEC,1,MEDIUM,4,4,4,97.8,87.072
2024,15,LEC,1,MEDIUM,5,5,5,96.0,87.245
2024,15,LEC,1,MEDIUM,6,6,6,94.2,87.216
2024,15,LEC,1,MEDIUM,7,7,7,92.4,87.191
2024,15,LEC,1,MEDIUM,8,8,8,90.6,87.177
2024,15,LEC,1,MEDIUM,9,9,9,88.8,87.328
2024,15,LEC,1,MEDIUM,10,10,10,87.0,87.424
2024,15,LEC,1,MEDIUM,11,11,11,85.2,87.451
2024,15,LEC,1,MEDIUM,12,12,12,83.4,87.337
2024,15,LEC,1,MEDIUM,13,13,13,81.6,87.456
2024,15,LEC,1,MEDIUM,14,14,14,79.8,87.465
2024,15,LEC,1,MEDIUM,15,15,15,78.0,87.594
2024,15,LEC,1,MEDIUM,16,16,16,76.2,87.498
2024,15,LEC,1,MEDIUM,17,17,17,74.4,87.736
2024,15,LEC,1,MEDIUM,18,18,18,72.6,87.631
2024,15,LEC,1,MEDIUM,19,19,19,70.8,87.685
2024,15,LEC,1,MEDIUM,20,20,20,69.0,87.819
2024,15,LEC,1,MEDIUM,21,21,21,67.2,87.863
2024,15,LEC,1,MEDIUM,22,22,22,65.4,87.872
2024,15,LEC,1,MEDIUM,23,23,23,63.6,87.901
2024,15,LEC,1,MEDIUM,24,24,24,61.8,88.053
2024,15,LEC,1,MEDIUM,25,25,25,60.0,88.085
2024,15,LEC,1,MEDIUM,26,26,26,58.2,88.349
2024,15,LEC,1,MEDIUM,27,27,27,56.4,88.156
2024,15,LEC,2,HARD,1,28,1,54.6,86.19
2024,15,LEC,2,HARD,2,29,2,52.8,86.155
2024,15,LEC,2,HARD,3,30,3,51.0,86.08
2024,15,LEC,2,HARD,4,31,4,49.2,85.931
2024,15,LEC,2,HARD,5,32,5,47.4,86.122
2024,15,LEC,2,HARD,6,33,6,45.6,86.285
2024,15,LEC,2,HARD,7,34,7,43.8,86.376
2024,15,LEC,2,HARD,8,35,8,42.0,86.364
2024,15,LEC,2,HARD,9,36,9,40.2,86.548
2024,15,LEC,2,HARD,10,37,10,38.4,86.526
2024,15,LEC,2,HARD,11,38,11,36.6,86.567
2024,15,LEC,2,HARD,12,39,12,34.8,86.574
2024,15,LEC,2,HARD,13,40,13,33.0,86.6
2024,15,LEC,2,HARD,14,41,14,31.2,86.626
2024,15,LEC,2,HARD,15,42,15,29.4,86.629
2024,15,LEC,2,HARD,16,43,16,27.6,86.669
2024,15,LEC,2,HARD,17,44,17,25.8,86.572
2024,15,LEC,2,HARD,18,45,18,24.0,86.826
2024,15,LEC,2,HARD,19,46,19,22.2,86.828
2024,15,LEC,2,HARD,20,47,20,20.4,86.968
2024,15,LEC,2,HARD,21,48,21,18.6,87.056
2024,15,LEC,2,HARD,22,49,22,16.8,87.029
2024,15,LEC,2,HARD,23,50,23,15.0,87.06
2024,15,LEC,2,HARD,24,51,24,13.2,87.105
2024,15,LEC,2,HARD,25,52,25,11.4,87.256
2024,15,LEC,2,HARD,26,53,26,9.6,87.021
2024,15,LEC,2,HARD,27,54,27,7.8,87.247
2024,15,LEC,2,HARD,28,55,28,6.0,87.545
2024,15,SAI,1,MEDIUM,1,1,1,103.2,87.315
2024,15,SAI,1,MEDIUM,2,2,2,101.4,87.343
2024,15,SAI,1,MEDIUM,3,3,3,99.6,87.408
2024,15,SAI,1,MEDIUM,4,4,4,97.8,87.328
2024,15,SAI,1,MEDIUM,5,5,5,96.0,87.228
2024,15,SAI,1,MEDIUM,6,6,6,94.2,87.535
2024,15,SAI,1,MEDIUM,7,7,7,92.4,87.581
2024,15,SAI,1,MEDIUM,8,8,8,90.6,87.459
2024,15,SAI,1,MEDIUM,9,9,9,88.8,87.561
2024,15,SAI,1,MEDIUM,10,10,10,87.0,87.651
2024,15,SAI,1,MEDIUM,11,11,11,85.2,87.708
2024,15,SAI,1,MEDIUM,12,12,12,83.4,87.808
2024,15,SAI,1,MEDIUM,13,13,13,81.6,87.786
2024,15,SAI,1,MEDIUM,14,14,14,79.8,87.756
2024,15,SAI,1,MEDIUM,15,15,15,78.0,87.897
2024,15,SAI,1,MEDIUM,16,16,16,76.2,87.841
2024,15,SAI,1,MEDIUM,17,17,17,74.4,87.905
2024,15,SAI,1,MEDIUM,18,18,18,72.6,87.837
2024,15,SAI,1,MEDIUM,19,19,19,70.8,88.079
2024,15,SAI,1,MEDIUM,20,20,20,69.0,88.153
2024,15,SAI,1,MEDIUM,21,21,21,67.2,88.106
2024,15,SAI,1,MEDIUM,22,22,22,65.4,88.152
2024,15,SAI,1,MEDIUM,23,23,23,63.6,88.428
2024,15,SAI,1,MEDIUM,24,24,24,61.8,88.193
2024,15,SAI,1,MEDIUM,25,25,25,60.0,88.21
2024,15,SAI,1,MEDIUM,26,26,26,58.2,88.416
2024,15,SAI,1,MEDIUM,27,27,27,56.4,88.534
2024,15,SAI,2,HARD,1,28,1,54.6,86.488
2024,15,SAI,2,HARD,2,29,2,52.8,86.479
2024,15,SAI,2,HARD,3,30,3,51.0,86.575
2024,15,SAI,2,HARD,4,31,4,49.2,86.524
2024,15,SAI,2,HARD,5,32,5,47.4,86.586
2024,15,SAI,2,HARD,6,33,6,45.6,86.817
2024,15,SAI,2,HARD,7,34,7,43.8,86.662
2024,15,SAI,2,HARD,8,35,8,42.0,86.554
2024,15,SAI,2,HARD,9,36,9,40.2,86.739
2024,15,SAI,2,HARD,10,37,10,38.4,86.838
2024,15,SAI,2,HARD,11,38,11,36.6,86.765
2024,15,SAI,2,HARD,12,39,12,34.8,86.701
2024,15,SAI,2,HARD,13,40,13,33.0,86.791
2024,15,SAI,2,HARD,14,41,14,31.2,86.937
2024,15,SAI,2,HARD,15,42,15,29.4,87.118
2024,15,SAI,2,HARD,16,43,16,27.6,86.991
2024,15,SAI,2,HARD,17,44,17,25.8,87.062
2024,15,SAI,2,HARD,18,45,18,24.0,87.224
2024,15,SAI,2,HARD,19,46,19,22.2,87.087
2024,15,SAI,2,HARD,20,47,20,20.4,87.285
2024,15,SAI,2,HARD,21,48,21,18.6,87.147
2024,15,SAI,2,HARD,22,49,22,16.8,87.336
2024,15,SAI,2,HARD,23,50,23,15.0,87.565
2024,15,SAI,2,HARD,24,51,24,13.2,87.324
2024,15,SAI,2,HARD,25,52,25,11.4,87.437
2024,15,SAI,2,HARD,26,53,26,9.6,87.586
2024,15,SAI,2,HARD,27,54,27,7.8,87.68
2024,15,SAI,2,HARD,28,55,28,6.0,87.516
2024,16,NOR,1,MEDIUM,1,1,1,103.2,86.593
2024,16,NOR,1,MEDIUM,2,2,2,101.4,86.748
2024,16,NOR,1,MEDIUM,3,3,3,99.6,86.719
2024,16,NOR,1,MEDIUM,4,4,4,97.8,86.749
2024,16,NOR,1,MEDIUM,5,5,5,96.0,86.826
2024,16,NOR,1,MEDIUM,6,6,6,94.2,86.703
2024,16,NOR,1,MEDIUM,7,7,7,92.4,86.769
2024,16,NOR,1,MEDIUM,8,8,8,90.6,86.937
2024,16,NOR,1,MEDIUM,9,9,9,88.8,86.882
2024,16,NOR,1,MEDIUM,10,10,10,87.0,86.966
2024,16,NOR,1,MEDIUM,11,11,11,85.2,86.876
2024,16,NOR,1,MEDIUM,12,12,12,83.4,86.995
2024,16,NOR,1,MEDIUM,13,13,13,81.6,87.063
2024,16,NOR,1,MEDIUM,14,14,14,79.8,87.06
2024,16,NOR,1,MEDIUM,15,15,15,78.0,87.22
2024,16,NOR,1,MEDIUM,16,16,16,76.2,87.224
2024,16,NOR,1,MEDIUM,17,17,17,74.4,87.179
2024,16,NOR,1,MEDIUM,18,18,18,72.6,87.43
2024,16,NOR,1,MEDIUM,19,19,19,70.8,87.334
2024,16,NOR,1,MEDIUM,20,20,20,69.0,87.371
2024,16,NOR,1,MEDIUM,21,21,21,67.2,87.355
2024,16,NOR,1,MEDIUM,22,22,22,65.4,87.437
2024,16,NOR,1,MEDIUM,23,23,23,63.6,87.604
2024,16,NOR,1,MEDIUM,24,24,24,61.8,87.647
2024,16,NOR,1,MEDIUM,25,25,25,60.0,87.676
2024,16,NOR,1,MEDIUM,26,26,26,58.2,87.776
2024,16,NOR,2,HARD,1,27,1,56.4,85.736
2024,16,NOR,2,HARD,2,28,2,54.6,85.84
2024,16,NOR,2,HARD,3,29,3,52.8,85.93
2024,16,NOR,2,HARD,4,30,4,51.0,85.89
2024,16,NOR,2,HARD,5,31,5,49.2,85.852
2024,16,NOR,2,HARD,6,32,6,47.4,85.744
2024,16,NOR,2,HARD,7,33,7,45.6,85.96
2024,16,NOR,2,HARD,8,34,8,43.8,85.896
2024,16,NOR,2,HARD,9,35,9,42.0,86.1
2024,16,NOR,2,HARD,10,36,10,40.2,86.114
2024,16,NOR,2,HARD,11,37,11,38.4,86.066
2024,16,NOR,2,HARD,12,38,12,36.6,86.172
2024,16,NOR,2,HARD,13,39,13,34.8,86.127
2024,16,NOR,2,HARD,14,40,14,33.0,86.395
2024,16,NOR,2,HARD,15,41,15,31.2,86.433
2024,16,NOR,2,HARD,16,42,16,29.4,86.375
2024,16,NOR,2,HARD,17,43,17,27.6,86.337
2024,16,NOR,2,HARD,18,44,18,25.8,86.503
2024,16,NOR,2,HARD,19,45,19,24.0,86.495
2024,16,NOR,2,HARD,20,46,20,22.2,86.629
2024,16,NOR,2,HARD,21,47,21,20.4,86.497
2024,16,NOR,2,HARD,22,48,22,18.6,86.648
2024,16,NOR,2,HARD,23,49,23,16.8,86.657
2024,16,NOR,2,HARD,24,50,24,15.0,86.733
2024,16,NOR,2,HARD,25,51,25,13.2,86.936
2024,16,NOR,2,HARD,26,52,26,11.4,86.881
2024,16,NOR,2,HARD,27,53,27,9.6,86.956
2024,16,PIA,1,MEDIUM,1,1,1,103.2,86.722
2024,16,PIA,1,MEDIUM,2,2,2,101.4,86.722
2024,16,PIA,1,MEDIUM,3,3,3,99.6,86.601
2024,16,PIA,1,MEDIUM,4,4,4,97.8,86.853
2024,16,PIA,1,MEDIUM,5,5,5,96.0,86.967
2024,16,PIA,1,MEDIUM,6,6,6,94.2,86.934
2024,16,PIA,1,MEDIUM,7,7,7,92.4,86.945
2024,16,PIA,1,MEDIUM,8,8,8,90.6,86.795
2024,16,PIA,1,MEDIUM,9,9,9,88.8,86.852
2024,16,PIA,1,MEDIUM,10,10,10,87.0,86.838
2024,16,PIA,1,MEDIUM,11,11,11,85.2,87.043
2024,16,PIA,1,MEDIUM,12,12,12,83.4,86.986
2024,16,PIA,1,MEDIUM,13,13,13,81.6,87.166
2024,16,PIA,1,MEDIUM,14,14,14,79.8,87.094
2024,16,PIA,1,MEDIUM,15,15,15,78.0,87.26
2024,16,PIA,1,MEDIUM,16,16,16,76.2,87.374
2024,16,PIA,1,MEDIUM,17,17,17,74.4,87.378
2024,16,PIA,1,MEDIUM,18,18,18,72.6,87.621
2024,16,PIA,1,MEDIUM,19,19,19,70.8,87.355
2024,16,PIA,1,MEDIUM,20,20,20,69.0,87.491
2024,16,PIA,1,MEDIUM,21,21,21,67.2,87.366
2024,16,PIA,1,MEDIUM,22,22,22,65.4,87.54
2024,16,PIA,1,MEDIUM,23,23,23,63.6,87.71
2024,16,PIA,1,MEDIUM,24,24,24,61.8,87.698
2024,16,PIA,1,MEDIUM,25,25,25,60.0,87.791
2024,16,PIA,1,MEDIUM,26,26,26,58.2,87.737
2024,16,PIA,2,HARD,1,27,1,56.4,85.874
2024,16,PIA,2,HARD,2,28,2,54.6,85.996
2024,16,PIA,2,HARD,3,29,3,52.8,85.977
2024,16,PIA,2,HARD,4,30,4,51.0,85.953
2024,16,PIA,2,HARD,5,31,5,49.2,85.923
2024,16,PIA,2,HARD,6,32,6,47.4,86.081
2024,16,PIA,2,HARD,7,33,7,45.6,86.013
2024,16,PIA,2,HARD,8,34,8,43.8,85.923
2024,16,PIA,2,HARD,9,35,9,42.0,86.046
2024,16,PIA,2,HARD,10,36,10,40.2,86.121
2024,16,PIA,2,HARD,11,37,11,38.4,86.213
2024,16,PIA,2,HARD,12,38,12,36.6,86.325
2024,16,PIA,2,HARD,13,39,13,34.8,86.321
2024,16,PIA,2,HARD,14,40,14,33.0,86.408
2024,16,PIA,2,HARD,15,41,15,31.2,86.502
2024,16,PIA,2,HARD,16,42,16,29.4,86.436
2024,16,PIA,2,HARD,17,43,17,27.6,86.573
2024,16,PIA,2,HARD,18,44,18,25.8,86.645
2024,16,PIA,2,HARD,19,45,19,24.0,86.661
2024,16,PIA,2,HARD,20,46,20,22.2,86.596
2024,16,PIA,2,HARD,21,47,21,20.4,86.682
2024,16,PIA,2,HARD,22,48,22,18.6,86.777
2024,16,PIA,2,HARD,23,49,23,16.8,86.716
2024,16,PIA,2,HARD,24,50,24,15.0,86.882
2024,16,PIA,2,HARD,25,51,25,13.2,86.801
2024,16,PIA,2,HARD,26,52,26,11.4,86.913
2024,16,PIA,2,HARD,27,53,27,9.6,86.901
2024,16,LEC,1,MEDIUM,1,1,1,103.2,86.874
2024,16,LEC,1,MEDIUM,2,2,2,101.4,86.753
2024,16,LEC,1,MEDIUM,3,3,3,99.6,86.871
2024,16,LEC,1,MEDIUM,4,4,4,97.8,87.036
2024,16,LEC,1,MEDIUM,5,5,5,96.0,86.927
2024,16,LEC,1,MEDIUM,6,6,6,94.2,87.053
2024,16,LEC,1,MEDIUM,7,7,7,92.4,87.065
2024,16,LEC,1,MEDIUM,8,8,8,90.6,87.128
2024,16,LEC,1,MEDIUM,9,9,9,88.8,87.195
2024,16,LEC,1,MEDIUM,10,10,10,87.0,87.183
2024,16,LEC,1,MEDIUM,11,11,11,85.2,87.149
2024,16,LEC,1,MEDIUM,12,12,12,83.4,87.303
2024,16,LEC,1,MEDIUM,13,13,13,81.6,87.274
2024,16,LEC,1,MEDIUM,14,14,14,79.8,87.291
2024,16,LEC,1,MEDIUM,15,15,15,78.0,87.385
2024,16,LEC,1,MEDIUM,16,16,16,76.2,87.457
2024,16,LEC,1,MEDIUM,17,17,17,74.4,87.471
2024,16,LEC,1,MEDIUM,18,18,18,72.6,87.641
2024,16,LEC,1,MEDIUM,19,19,19,70.8,87.529
2024,16,LEC,1,MEDIUM,20,20,20,69.0,87.554
2024,16,LEC,1,MEDIUM,21,21,21,67.2,87.66
2024,16,LEC,1,MEDIUM,22,22,22,65.4,87.863
2024,16,LEC,1,MEDIUM,23,23,23,63.6,87.74
2024,16,LEC,1,MEDIUM,24,24,24,61.8,87.911
2024,16,LEC,1,MEDIUM,25,25,25,60.0,88.016
2024,16,LEC,1,MEDIUM,26,26,26,58.2,87.989
2024,16,LEC,2,HARD,1,27,1,56.4,86.006
2024,16,LEC,2,HARD,2,28,2,54.6,85.845
2024,16,LEC,2,HARD,3,29,3,52.8,86.037
2024,16,LEC,2,HARD,4,30,4,51.0,86.216
2024,16,LEC,2,HARD,5,31,5,49.2,86.116
2024,16,LEC,2,HARD,6,32,6,47.4,86.229
2024,16,LEC,2,HARD,7,33,7,45.6,86.248
2024,16,LEC,2,HARD,8,34,8,43.8,86.165
2024,16,LEC,2,HARD,9,35,9,42.0,86.209
2024,16,LEC,2,HARD,10,36,10,40.2,86.159
2024,16,LEC,2,HARD,11,37,11,38.4,86.481
2024,16,LEC,2,HARD,12,38,12,36.6,86.47
2024,16,LEC,2,HARD,13,39,13,34.8,86.505
2024,16,LEC,2,HARD,14,40,14,33.0,86.537
2024,16,LEC,2,HARD,15,41,15,31.2,86.486
2024,16,LEC,2,HARD,16,42,16,29.4,86.556
2024,16,LEC,2,HARD,17,43,17,27.6,86.784
2024,16,LEC,2,HARD,18,44,18,25.8,86.607
2024,16,LEC,2,HARD,19,45,19,24.0,86.745
2024,16,LEC,2,HARD,20,46,20,22.2,86.816
2024,16,LEC,2,HARD,21,47,21,20.4,86.83
2024,16,LEC,2,HARD,22,48,22,18.6,86.766
2024,16,LEC,2,HARD,23,49,23,16.8,87.002
2024,16,LEC,2,HARD,24,50,24,15.0,86.99
2024,16,LEC,2,HARD,25,51,25,13.2,87.076
2024,16,LEC,2,HARD,26,52,26,11.4,87.011
2024,16,LEC,2,HARD,27,53,27,9.6,87.245
2024,16,SAI,1,MEDIUM,1,1,1,103.2,86.927
2024,16,SAI,1,MEDIUM,2,2,2,101.4,86.948
2024,16,SAI,1,MEDIUM,3,3,3,99.6,87.088
2024,16,SAI,1,MEDIUM,4,4,4,97.8,86.928
2024,16,SAI,1,MEDIUM,5,5,5,96.0,87.109
2024,16,SAI,1,MEDIUM,6,6,6,94.2,87.182
2024,16,SAI,1,MEDIUM,7,7,7,92.4,87.226
2024,16,SAI,1,MEDIUM,8,8,8,90.6,87.184
2024,16,SAI,1,MEDIUM,9,9,9,88.8,87.372
2024,16,SAI,1,MEDIUM,10,10,10,87.0,87.311
2024,16,SAI,1,MEDIUM,11,11,11,85.2,87.096
2024,16,SAI,1,MEDIUM,12,12,12,83.4,87.328
2024,16,SAI,1,MEDIUM,13,13,13,81.6,87.382
2024,16,SAI,1,MEDIUM,14,14,14,79.8,87.284
2024,16,SAI,1,MEDIUM,15,15,15,78.0,87.615
2024,16,SAI,1,MEDIUM,16,16,16,76.2,87.624
2024,16,SAI,1,MEDIUM,17,17,17,74.4,87.471
2024,16,SAI,1,MEDIUM,18,18,18,72.6,87.661
2024,16,SAI,1,MEDIUM,19,19,19,70.8,87.633
2024,16,SAI,1,MEDIUM,20,20,20,69.0,87.765
2024,16,SAI,1,MEDIUM,21,21,21,67.2,87.688
2024,16,SAI,1,MEDIUM,22,22,22,65.4,87.983
2024,16,SAI,1,MEDIUM,23,23,23,63.6,87.867
2024,16,SAI,1,MEDIUM,24,24,24,61.8,87.947
2024,16,SAI,1,MEDIUM,25,25,25,60.0,87.898
2024,16,SAI,1,MEDIUM,26,26,26,58.2,88.117
2024,16,SAI,2,HARD,1,27,1,56.4,86.083
2024,16,SAI,2,HARD,2,28,2,54.6,86.096
2024,16,SAI,2,HARD,3,29,3,52.8,86.25
2024,16,SAI,2,HARD,4,30,4,51.0,86.101
2024,16,SAI,2,HARD,5,31,5,49.2,86.093
2024,16,SAI,2,HARD,6,32,6,47.4,86.269
2024,16,SAI,2,HARD,7,33,7,45.6,86.316
2024,16,SAI,2,HARD,8,34,8,43.8,86.333
2024,16,SAI,2,HARD,9,35,9,42.0,86.482
2024,16,SAI,2,HARD,10,36,10,40.2,86.38
2024,16,SAI,2,HARD,11,37,11,38.4,86.525
2024,16,SAI,2,HARD,12,38,12,36.6,86.39
2024,16,SAI,2,HARD,13,39,13,34.8,86.427
2024,16,SAI,2,HARD,14,40,14,33.0,86.592
2024,16,SAI,2,HARD,15,41,15,31.2,86.639
2024,16,SAI,2,HARD,16,42,16,29.4,86.602
2024,16,SAI,2,HARD,17,43,17,27.6,86.889
2024,16,SAI,2,HARD,18,44,18,25.8,86.716
2024,16,SAI,2,HARD,19,45,19,24.0,86.828
2024,16,SAI,2,HARD,20,46,20,22.2,86.766
2024,16,SAI,2,HARD,21,47,21,20.4,86.916
2024,16,SAI,2,HARD,22,48,22,18.6,87.062
2024,16,SAI,2,HARD,23,49,23,16.8,86.884
2024,16,SAI,2,HARD,24,50,24,15.0,87.066
2024,16,SAI,2,HARD,25,51,25,13.2,86.987
2024,16,SAI,2,HARD,26,52,26,11.4,87.283
2024,16,SAI,2,HARD,27,53,27,9.6,87.237
2024,16,HAM,1,MEDIUM,1,1,1,103.2,86.933
2024,16,HAM,1,MEDIUM,2,2,2,101.4,87.048
2024,16,HAM,1,MEDIUM,3,3,3,99.6,87.049
2024,16,HAM,1,MEDIUM,4,4,4,97.8,87.09
2024,16,HAM,1,MEDIUM,5,5,5,96.0,87.271
2024,16,HAM,1,MEDIUM,6,6,6,94.2,87.267
2024,16,HAM,1,MEDIUM,7,7,7,92.4,87.21
2024,16,HAM,1,MEDIUM,8,8,8,90.6,87.204
2024,16,HAM,1,MEDIUM,9,9,9,88.8,87.362
2024,16,HAM,1,MEDIUM,10,10,10,87.0,87.359
2024,16,HAM,1,MEDIUM,11,11,11,85.2,87.397
2024,16,HAM,1,MEDIUM,12,12,12,83.4,87.349
2024,16,HAM,1,MEDIUM,13,13,13,81.6,87.551
2024,16,HAM,1,MEDIUM,14,14,14,79.8,87.41
2024,16,HAM,1,MEDIUM,15,15,15,78.0,87.546
2024,16,HAM,1,MEDIUM,16,16,16,76.2,87.586
2024,16,HAM,1,MEDIUM,17,17,17,74.4,87.779
2024,16,HAM,1,MEDIUM,18,18,18,72.6,87.692
2024,16,HAM,1,MEDIUM,19,19,19,70.8,87.728
2024,16,HAM,1,MEDIUM,20,20,20,69.0,87.772
2024,16,HAM,1,MEDIUM,21,21,21,67.2,87.884
2024,16,HAM,1,MEDIUM,22,22,22,65.4,87.877
2024,16,HAM,1,MEDIUM,23,23,23,63.6,88.097
2024,16,HAM,1,MEDIUM,24,24,24,61.8,88.156
2024,16,HAM,1,MEDIUM,25,25,25,60.0,88.08
2024,16,HAM,1,MEDIUM,26,26,26,58.2,88.164
2024,16,HAM,2,HARD,1,27,1,56.4,86.29
2024,16,HAM,2,HARD,2,28,2,54.6,86.203
2024,16,HAM,2,HARD,3,29,3,52.8,86.283
2024,16,HAM,2,HARD,4,30,4,51.0,86.267
2024,16,HAM,2,HARD,5,31,5,49.2,86.311
2024,16,HAM,2,HARD,6,32,6,47.4,86.221
2024,16,HAM,2,HARD,7,33,7,45.6,86.208
2024,16,HAM,2,HARD,8,34,8,43.8,86.464
2024,16,HAM,2,HARD,9,35,9,42.0,86.402
2024,16,HAM,2,HARD,10,36,10,40.2,86.559
2024,16,HAM,2,HARD,11,37,11,38.4,86.502
2024,16,HAM,2,HARD,12,38,12,36.6,86.541
2024,16,HAM,2,HARD,13,39,13,34.8,86.408
2024,16,HAM,2,HARD,14,40,14,33.0,86.634
2024,16,HAM,2,HARD,15,41,15,31.2,86.632
2024,16,HAM,2,HARD,16,42,16,29.4,86.723
2024,16,HAM,2,HARD,17,43,17,27.6,86.885
2024,16,HAM,2,HARD,18,44,18,25.8,86.757
2024,16,HAM,2,HARD,19,45,19,24.0,86.859
2024,16,HAM,2,HARD,20,46,20,22.2,86.93
2024,16,HAM,2,HARD,21,47,21,20.4,87.05
2024,16,HAM,2,HARD,22,48,22,18.6,87.089
2024,16,HAM,2,HARD,23,49,23,16.8,87.121
2024,16,HAM,2,HARD,24,50,24,15.0,87.239
2024,16,HAM,2,HARD,25,51,25,13.2,87.311
2024,16,HAM,2,HARD,26,52,26,11.4,87.293
2024,16,HAM,2,HARD,27,53,27,9.6,87.2
2024,16,VER,1,MEDIUM,1,1,1,103.2,86.984
2024,16,VER,1,MEDIUM,2,2,2,101.4,86.994
2024,16,VER,1,MEDIUM,3,3,3,99.6,87.154
2024,16,VER,1,MEDIUM,4,4,4,97.8,87.232
2024,16,VER,1,MEDIUM,5,5,5,96.0,87.03
2024,16,VER,1,MEDIUM,6,6,6,94.2,87.257
2024,16,VER,1,MEDIUM,7,7,7,92.4,87.276
2024,16,VER,1,MEDIUM,8,8,8,90.6,87.267
2024,16,VER,1,MEDIUM,9,9,9,88.8,87.479
2024,16,VER,1,MEDIUM,10,10,10,87.0,87.429
2024,16,VER,1,MEDIUM,11,11,11,85.2,87.467
2024,16,VER,1,MEDIUM,12,12,12,83.4,87.544
2024,16,VER,1,MEDIUM,13,13,13,81.6,87.528
2024,16,VER,1,MEDIUM,14,14,14,79.8,87.444
2024,16,VER,1,MEDIUM,15,15,15,78.0,87.684
2024,16,VER,1,MEDIUM,16,16,16,76.2,87.745
2024,16,VER,1,MEDIUM,17,17,17,74.4,87.712
2024,16,VER,1,MEDIUM,18,18,18,72.6,87.829
2024,16,VER,1,MEDIUM,19,19,19,70.8,87.836
2024,16,VER,1,MEDIUM,20,20,20,69.0,87.854
2024,16,VER,1,MEDIUM,21,21,21,67.2,87.916
2024,16,VER,1,MEDIUM,22,22,22,65.4,87.986
2024,16,VER,1,MEDIUM,23,23,23,63.6,88.101
2024,16,VER,1,MEDIUM,24,24,24,61.8,88.177
2024,16,VER,1,MEDIUM,25,25,25,60.0,88.194
2024,16,VER,1,MEDIUM,26,26,26,58.2,88.246
2024,16,VER,2,HARD,1,27,1,56.4,86.09
2024,16,VER,2,HARD,2,28,2,54.6,86.134
2024,16,VER,2,HARD,3,29,3,52.8,86.327
2024,16,VER,2,HARD,4,30,4,51.0,86.22
2024,16,VER,2,HARD,5,31,5,49.2,86.391
2024,16,VER,2,HARD,6,32,6,47.4,86.399
2024,16,VER,2,HARD,7,33,7,45.6,86.506
2024,16,VER,2,HARD,8,34,8,43.8,86.486
2024,16,VER,2,HARD,9,35,9,42.0,86.586
2024,16,VER,2,HARD,10,36,10,40.2,86.633
2024,16,VER,2,HARD,11,37,11,38.4,86.491
2024,16,VER,2,HARD,12,38,12,36.6,86.733
2024,16,VER,2,HARD,13,39,13,34.8,86.773
2024,16,VER,2,HARD,14,40,14,33.0,86.694
2024,16,VER,2,HARD,15,41,15,31.2,86.919
2024,16,VER,2,HARD,16,42,16,29.4,86.756
2024,16,VER,2,HARD,17,43,17,27.6,86.799
2024,16,VER,2,HARD,18,44,18,25.8,87.008
2024,16,VER,2,HARD,19,45,19,24.0,86.978
2024,16,VER,2,HARD,20,46,20,22.2,87.12
2024,16,VER,2,HARD,21,47,21,20.4,87.21
2024,16,VER,2,HARD,22,48,22,18.6,87.106
2024,16,VER,2,HARD,23,49,23,16.8,87.139
2024,16,VER,2,HARD,24,50,24,15.0,87.171
2024,16,VER,2,HARD,25,51,25,13.2,87.296
2024,16,VER,2,HARD,26,52,26,11.4,87.364
2024,16,VER,2,HARD,27,53,27,9.6,87.409
2024,17,LEC,1,MEDIUM,1,1,1,103.2,86.533
2024,17,LEC,1,MEDIUM,2,2,2,101.4,86.717
2024,17,LEC,1,MEDIUM,3,3,3,99.6,86.627
2024,17,LEC,1,MEDIUM,4,4,4,97.8,86.673
2024,17,LEC,1,MEDIUM,5,5,5,96.0,86.664
2024,17,LEC,1,MEDIUM,6,6,6,94.2,86.75
2024,17,LEC,1,MEDIUM,7,7,7,92.4,86.826
2024,17,LEC,1,MEDIUM,8,8,8,90.6,86.879
2024,17,LEC,1,MEDIUM,9,9,9,88.8,86.969
2024,17,LEC,1,MEDIUM,10,10,10,87.0,86.879
2024,17,LEC,1,MEDIUM,11,11,11,85.2,87.038
2024,17,LEC,1,MEDIUM,12,12,12,83.4,86.959
2024,17,LEC,1,MEDIUM,13,13,13,81.6,86.981
2024,17,LEC,1,MEDIUM,14,14,14,79.8,87.064
2024,17,LEC,1,MEDIUM,15,15,15,78.0,87.227
2024,17,LEC,1,MEDIUM,16,16,16,76.2,87.11
2024,17,LEC,1,MEDIUM,17,17,17,74.4,87.269
2024,17,LEC,1,MEDIUM,18,18,18,72.6,87.279
2024,17,LEC,1,MEDIUM,19,19,19,70.8,87.315
2024,17,LEC,1,MEDIUM,20,20,20,69.0,87.49
2024,17,LEC,1,MEDIUM,21,21,21,67.2,87.577
2024,17,LEC,1,MEDIUM,22,22,22,65.4,87.556
2024,17,LEC,1,MEDIUM,23,23,23,63.6,87.432
2024,17,LEC,1,MEDIUM,24,24,24,61.8,87.513
2024,17,LEC,1,MEDIUM,25,25,25,60.0,87.659
2024,17,LEC,2,HARD,1,26,1,58.2,85.7
2024,17,LEC,2,HARD,2,27,2,56.4,85.878
2024,17,LEC,2,HARD,3,28,3,54.6,85.856
2024,17,LEC,2,HARD,4,29,4,52.8,85.775
2024,17,LEC,2,HARD,5,30,5,51.0,85.932
2024,17,LEC,2,HARD,6,31,6,49.2,85.878
2024,17,LEC,2,HARD,7,32,7,47.4,85.918
2024,17,LEC,2,HARD,8,33,8,45.6,85.832
2024,17,LEC,2,HARD,9,34,9,43.8,85.987
2024,17,LEC,2,HARD,10,35,10,42.0,86.282
2024,17,LEC,2,HARD,11,36,11,40.2,86.111
2024,17,LEC,2,HARD,12,37,12,38.4,86.089
2024,17,LEC,2,HARD,13,38,13,36.6,86.306
2024,17,LEC,2,HARD,14,39,14,34.8,86.285
2024,17,LEC,2,HARD,15,40,15,33.0,86.363
2024,17,LEC,2,HARD,16,41,16,31.2,86.422
2024,17,LEC,2,HARD,17,42,17,29.4,86.487
2024,17,LEC,2,HARD,18,43,18,27.6,86.513
2024,17,LEC,2,HARD,19,44,19,25.8,86.56
2024,17,LEC,2,HARD,20,45,20,24.0,86.569
2024,17,LEC,2,HARD,21,46,21,22.2,86.74
2024,17,LEC,2,HARD,22,47,22,20.4,86.658
2024,17,LEC,2,HARD,23,48,23,18.6,86.781
2024,17,LEC,2,HARD,24,49,24,16.8,86.757
2024,17,LEC,2,HARD,25,50,25,15.0,86.754
2024,17,LEC,2,HARD,26,51,26,13.2,86.814
2024,17,PIA,1,MEDIUM,1,1,1,103.2,86.633
2024,17,PIA,1,MEDIUM,2,2,2,101.4,86.793
2024,17,PIA,1,MEDIUM,3,3,3,99.6,86.794
2024,17,PIA,1,MEDIUM,4,4,4,97.8,86.721
2024,17,PIA,1,MEDIUM,5,5,5,96.0,86.808
2024,17,PIA,1,MEDIUM,6,6,6,94.2,86.838
2024,17,PIA,1,MEDIUM,7,7,7,92.4,86.976
2024,17,PIA,1,MEDIUM,8,8,8,90.6,87.056
2024,17,PIA,1,MEDIUM,9,9,9,88.8,86.901
2024,17,PIA,1,MEDIUM,10,10,10,87.0,87.008
2024,17,PIA,1,MEDIUM,11,11,11,85.2,86.966
2024,17,PIA,1,MEDIUM,12,12,12,83.4,87.063
2024,17,PIA,1,MEDIUM,13,13,13,81.6,87.207
2024,17,PIA,1,MEDIUM,14,14,14,79.8,87.087
2024,17,PIA,1,MEDIUM,15,15,15,78.0,87.243
2024,17,PIA,1,MEDIUM,16,16,16,76.2,87.387
2024,17,PIA,1,MEDIUM,17,17,17,74.4,87.412
2024,17,PIA,1,MEDIUM,18,18,18,72.6,87.323
2024,17,PIA,1,MEDIUM,19,19,19,70.8,87.336
2024,17,PIA,1,MEDIUM,20,20,20,69.0,87.494
2024,17,PIA,1,MEDIUM,21,21,21,67.2,87.517
2024,17,PIA,1,MEDIUM,22,22,22,65.4,87.558
2024,17,PIA,1,MEDIUM,23,23,23,63.6,87.489
2024,17,PIA,1,MEDIUM,24,24,24,61.8,87.763
2024,17,PIA,1,MEDIUM,25,25,25,60.0,87.671
2024,17,PIA,2,HARD,1,26,1,58.2,85.808
2024,17,PIA,2,HARD,2,27,2,56.4,85.95
2024,17,PIA,2,HARD,3,28,3,54.6,86.034
2024,17,PIA,2,HARD,4,29,4,52.8,85.891
2024,17,PIA,2,HARD,5,30,5,51.0,85.975
2024,17,PIA,2,HARD,6,31,6,49.2,86.107
2024,17,PIA,2,HARD,7,32,7,47.4,86.019
2024,17,PIA,2,HARD,8,33,8,45.6,86.055
2024,17,PIA,2,HARD,9,34,9,43.8,86.121
2024,17,PIA,2,HARD,10,35,10,42.0,86.311
2024,17,PIA,2,HARD,11,36,11,40.2,86.163
2024,17,PIA,2,HARD,12,37,12,38.4,86.315
2024,17,PIA,2,HARD,13,38,13,36.6,86.367
2024,17,PIA,2,HARD,14,39,14,34.8,86.425
2024,17,PIA,2,HARD,15,40,15,33.0,86.433
2024,17,PIA,2,HARD,16,41,16,31.2,86.496
2024,17,PIA,2,HARD,17,42,17,29.4,86.424
2024,17,PIA,2,HARD,18,43,18,27.6,86.572
2024,17,PIA,2,HARD,19,44,19,25.8,86.68
2024,17,PIA,2,HARD,20,45,20,24.0,86.635
2024,17,PIA,2,HARD,21,46,21,22.2,86.76
2024,17,PIA,2,HARD,22,47,22,20.4,86.785
2024,17,PIA,2,HARD,23,48,23,18.6,86.842
2024,17,PIA,2,HARD,24,49,24,16.8,86.853
2024,17,PIA,2,HARD,25,50,25,15.0,86.938
2024,17,PIA,2,HARD,26,51,26,13.2,86.943
2024,17,RUS,1,MEDIUM,1,1,1,103.2,86.828
2024,17,RUS,1,MEDIUM,2,2,2,101.4,86.969
2024,17,RUS,1,MEDIUM,3,3,3,99.6,86.805
2024,17,RUS,1,MEDIUM,4,4,4,97.8,87.192
2024,17,RUS,1,MEDIUM,5,5,5,96.0,86.923
2024,17,RUS,1,MEDIUM,6,6,6,94.2,87.059
2024,17,RUS,1,MEDIUM,7,7,7,92.4,87.116
2024,17,RUS,1,MEDIUM,8,8,8,90.6,87.136
2024,17,RUS,1,MEDIUM,9,9,9,88.8,87.275
2024,17,RUS,1,MEDIUM,10,10,10,87.0,87.393
2024,17,RUS,1,MEDIUM,11,11,11,85.2,87.284
2024,17,RUS,1,MEDIUM,12,12,12,83.4,87.366
2024,17,RUS,1,MEDIUM,13,13,13,81.6,87.428
2024,17,RUS,1,MEDIUM,14,14,14,79.8,87.566
2024,17,RUS,1,MEDIUM,15,15,15,78.0,87.617
2024,17,RUS,1,MEDIUM,16,16,16,76.2,87.704
2024,17,RUS,1,MEDIUM,17,17,17,74.4,87.588
2024,17,RUS,1,MEDIUM,18,18,18,72.6,87.597
2024,17,RUS,1,MEDIUM,19,19,19,70.8,87.56
2024,17,RUS,1,MEDIUM,20,20,20,69.0,87.63
2024,17,RUS,1,MEDIUM,21,21,21,67.2,87.898
2024,17,RUS,1,MEDIUM,22,22,22,65.4,87.902
2024,17,RUS,1,MEDIUM,23,23,23,63.6,87.901
2024,17,RUS,1,MEDIUM,24,24,24,61.8,87.833
2024,17,RUS,1,MEDIUM,25,25,25,60.0,87.984
2024,17,RUS,2,HARD,1,26,1,58.2,86.236
2024,17,RUS,2,HARD,2,27,2,56.4,86.133
2024,17,RUS,2,HARD,3,28,3,54.6,86.062
2024,17,RUS,2,HARD,4,29,4,52.8,86.14
2024,17,RUS,2,HARD,5,30,5,51.0,86.223
2024,17,RUS,2,HARD,6,31,6,49.2,86.334
2024,17,RUS,2,HARD,7,32,7,47.4,86.161
2024,17,RUS,2,HARD,8,33,8,45.6,86.418
2024,17,RUS,2,HARD,9,34,9,43.8,86.398
2024,17,RUS,2,HARD,10,35,10,42.0,86.348
2024,17,RUS,2,HARD,11,36,11,40.2,86.437
2024,17,RUS,2,HARD,12,37,12,38.4,86.734
2024,17,RUS,2,HARD,13,38,13,36.6,86.484
2024,17,RUS,2,HARD,14,39,14,34.8,86.526
2024,17,RUS,2,HARD,15,40,15,33.0,86.701
2024,17,RUS,2,HARD,16,41,16,31.2,86.756
2024,17,RUS,2,HARD,17,42,17,29.4,86.547
2024,17,RUS,2,HARD,18,43,18,27.6,86.812
2024,17,RUS,2,HARD,19,44,19,25.8,86.911
2024,17,RUS,2,HARD,20,45,20,24.0,86.917
2024,17,RUS,2,HARD,21,46,21,22.2,86.928
2024,17,RUS,2,HARD,22,47,22,20.4,87.043
2024,17,RUS,2,HARD,23,48,23,18.6,87.019
2024,17,RUS,2,HARD,24,49,24,16.8,87.149
2024,17,RUS,2,HARD,25,50,25,15.0,87.18
2024,17,RUS,2,HARD,26,51,26,13.2,87.242
2024,17,VER,1,MEDIUM,1,1,1,103.2,87.08
2024,17,VER,1,MEDIUM,2,2,2,101.4,87.068
2024,17,VER,1,MEDIUM,3,3,3,99.6,87.155
2024,17,VER,1,MEDIUM,4,4,4,97.8,87.109
2024,17,VER,1,MEDIUM,5,5,5,96.0,87.003
2024,17,VER,1,MEDIUM,6,6,6,94.2,87.163
2024,17,VER,1,MEDIUM,7,7,7,92.4,87.251
2024,17,VER,1,MEDIUM,8,8,8,90.6,87.256
2024,17,VER,1,MEDIUM,9,9,9,88.8,87.299
2024,17,VER,1,MEDIUM,10,10,10,87.0,87.448
2024,17,VER,1,MEDIUM,11,11,11,85.2,87.442
2024,17,VER,1,MEDIUM,12,12,12,83.4,87.343
2024,17,VER,1,MEDIUM,13,13,13,81.6,87.434
2024,17,VER,1,MEDIUM,14,14,14,79.8,87.586
2024,17,VER,1,MEDIUM,15,15,15,78.0,87.606
2024,17,VER,1,MEDIUM,16,16,16,76.2,87.78
2024,17,VER,1,MEDIUM,17,17,17,74.4,87.691
2024,17,VER,1,MEDIUM,18,18,18,72.6,87.622
2024,17,VER,1,MEDIUM,19,19,19,70.8,87.705
2024,17,VER,1,MEDIUM,20,20,20,69.0,87.816
2024,17,VER,1,MEDIUM,21,21,21,67.2,87.772
2024,17,VER,1,MEDIUM,22,22,22,65.4,87.906
2024,17,VER,1,MEDIUM,23,23,23,63.6,87.962
2024,17,VER,1,MEDIUM,24,24,24,61.8,87.97
2024,17,VER,1,MEDIUM,25,25,25,60.0,88.075
2024,17,VER,2,HARD,1,26,1,58.2,86.331
2024,17,VER,2,HARD,2,27,2,56.4,86.221
2024,17,VER,2,HARD,3,28,3,54.6,86.314
2024,17,VER,2,HARD,4,29,4,52.8,86.23
2024,17,VER,2,HARD,5,30,5,51.0,86.227
2024,17,VER,2,HARD,6,31,6,49.2,86.461
2024,17,VER,2,HARD,7,32,7,47.4,86.314
2024,17,VER,2,HARD,8,33,8,45.6,86.472
2024,17,VER,2,HARD,9,34,9,43.8,86.505
2024,17,VER,2,HARD,10,35,10,42.0,86.381
2024,17,VER,2,HARD,11,36,11,40.2,86.549
2024,17,VER,2,HARD,12,37,12,38.4,86.508
2024,17,VER,2,HARD,13,38,13,36.6,86.73
2024,17,VER,2,HARD,14,39,14,34.8,86.733
2024,17,VER,2,HARD,15,40,15,33.0,86.794
2024,17,VER,2,HARD,16,41,16,31.2,86.769
2024,17,VER,2,HARD,17,42,17,29.4,86.691
2024,17,VER,2,HARD,18,43,18,27.6,86.896
2024,17,VER,2,HARD,19,44,19,25.8,86.977
2024,17,VER,2,HARD,20,45,20,24.0,87.019
2024,17,VER,2,HARD,21,46,21,22.2,87.165
2024,17,VER,2,HARD,22,47,22,20.4,87.03
2024,17,VER,2,HARD,23,48,23,18.6,87.146
2024,17,VER,2,HARD,24,49,24,16.8,87.159
2024,17,VER,2,HARD,25,50,25,15.0,87.22
2024,17,VER,2,HARD,26,51,26,13.2,87.209
2024,17,ALO,1,MEDIUM,1,1,1,103.2,86.968
2024,17,ALO,1,MEDIUM,2,2,2,101.4,87.174
2024,17,ALO,1,MEDIUM,3,3,3,99.6,87.259
2024,17,ALO,1,MEDIUM,4,4,4,97.8,87.278
2024,17,ALO,1,MEDIUM,5,5,5,96.0,87.263
2024,17,ALO,1,MEDIUM,6,6,6,94.2,87.186
2024,17,ALO,1,MEDIUM,7,7,7,92.4,87.275
2024,17,ALO,1,MEDIUM,8,8,8,90.6,87.396
2024,17,ALO,1,MEDIUM,9,9,9,88.8,87.414
2024,17,ALO,1,MEDIUM,10,10,10,87.0,87.407
2024,17,ALO,1,MEDIUM,11,11,11,85.2,87.342
2024,17,ALO,1,MEDIUM,12,12,12,83.4,87.365
2024,17,ALO,1,MEDIUM,13,13,13,81.6,87.609
2024,17,ALO,1,MEDIUM,14,14,14,79.8,87.582
2024,17,ALO,1,MEDIUM,15,15,15,78.0,87.589
2024,17,ALO,1,MEDIUM,16,16,16,76.2,87.658
2024,17,ALO,1,MEDIUM,17,17,17,74.4,87.607
2024,17,ALO,1,MEDIUM,18,18,18,72.6,87.687
2024,17,ALO,1,MEDIUM,19,19,19,70.8,87.832
2024,17,ALO,1,MEDIUM,20,20,20,69.0,87.977
2024,17,ALO,1,MEDIUM,21,21,21,67.2,87.947
2024,17,ALO,1,MEDIUM,22,22,22,65.4,87.864
2024,17,ALO,1,MEDIUM,23,23,23,63.6,88.029
2024,17,ALO,1,MEDIUM,24,24,24,61.8,88.032
2024,17,ALO,1,MEDIUM,25,25,25,60.0,88.276
2024,17,ALO,2,HARD,1,26,1,58.2,86.184
2024,17,ALO,2,HARD,2,27,2,56.4,86.319
2024,17,ALO,2,HARD,3,28,3,54.6,86.285
2024,17,ALO,2,HARD,4,29,4,52.8,86.39
2024,17,ALO,2,HARD,5,30,5,51.0,86.306
2024,17,ALO,2,HARD,6,31,6,49.2,86.396
2024,17,ALO,2,HARD,7,32,7,47.4,86.452
2024,17,ALO,2,HARD,8,33,8,45.6,86.626
2024,17,ALO,2,HARD,9,34,9,43.8,86.54
2024,17,ALO,2,HARD,10,35,10,42.0,86.619
2024,17,ALO,2,HARD,11,36,11,40.2,86.544
2024,17,ALO,2,HARD,12,37,12,38.4,86.697
2024,17,ALO,2,HARD,13,38,13,36.6,86.751
2024,17,ALO,2,HARD,14,39,14,34.8,86.769
2024,17,ALO,2,HARD,15,40,15,33.0,86.79
2024,17,ALO,2,HARD,16,41,16,31.2,86.903
2024,17,ALO,2,HARD,17,42,17,29.4,87.004
2024,17,ALO,2,HARD,18,43,18,27.6,86.974
2024,17,ALO,2,HARD,19,44,19,25.8,86.981
2024,17,ALO,2,HARD,20,45,20,24.0,87.157
2024,17,ALO,2,HARD,21,46,21,22.2,87.075
2024,17,ALO,2,HARD,22,47,22,20.4,87.206
2024,17,ALO,2,HARD,23,48,23,18.6,87.341
2024,17,ALO,2,HARD,24,49,24,16.8,87.214
2024,17,ALO,2,HARD,25,50,25,15.0,87.381
2024,17,ALO,2,HARD,26,51,26,13.2,87.542
2024,17,NOR,1,MEDIUM,1,1,1,103.2,87.656
2024,17,NOR,1,MEDIUM,2,2,2,101.4,87.895
2024,17,NOR,1,MEDIUM,3,3,3,99.6,87.744
2024,17,NOR,1,MEDIUM,4,4,4,97.8,87.816
2024,17,NOR,1,MEDIUM,5,5,5,96.0,87.818
2024,17,NOR,1,MEDIUM,6,6,6,94.2,87.886
2024,17,NOR,1,MEDIUM,7,7,7,92.4,88.003
2024,17,NOR,1,MEDIUM,8,8,8,90.6,87.841
2024,17,NOR,1,MEDIUM,9,9,9,88.8,87.952
2024,17,NOR,1,MEDIUM,10,10,10,87.0,88.138
2024,17,NOR,1,MEDIUM,11,11,11,85.2,88.18
2024,17,NOR,1,MEDIUM,12,12,12,83.4,88.003
2024,17,NOR,1,MEDIUM,13,13,13,81.6,88.222
2024,17,NOR,1,MEDIUM,14,14,14,79.8,88.237
2024,17,NOR,1,MEDIUM,15,15,15,78.0,88.275
2024,17,NOR,1,MEDIUM,16,16,16,76.2,88.338
2024,17,NOR,1,MEDIUM,17,17,17,74.4,88.282
2024,17,NOR,1,MEDIUM,18,18,18,72.6,88.612
2024,17,NOR,1,MEDIUM,19,19,19,70.8,88.509
2024,17,NOR,1,MEDIUM,20,20,20,69.0,88.491
2024,17,NOR,1,MEDIUM,21,21,21,67.2,88.522
2024,17,NOR,1,MEDIUM,22,22,22,65.4,88.818
2024,17,NOR,1,MEDIUM,23,23,23,63.6,88.676
2024,17,NOR,1,MEDIUM,24,24,24,61.8,88.913
2024,17,NOR,1,MEDIUM,25,25,25,60.0,88.861
2024,17,NOR,2,HARD,1,26,1,58.2,86.913
2024,17,NOR,2,HARD,2,27,2,56.4,86.782
2024,17,NOR,2,HARD,3,28,3,54.6,86.88
2024,17,NOR,2,HARD,4,29,4,52.8,86.897
2024,17,NOR,2,HARD,5,30,5,51.0,87.053
2024,17,NOR,2,HARD,6,31,6,49.2,86.985
2024,17,NOR,2,HARD,7,32,7,47.4,87.074
2024,17,NOR,2,HARD,8,33,8,45.6,87.166
2024,17,NOR,2,HARD,9,34,9,43.8,87.173
2024,17,NOR,2,HARD,10,35,10,42.0,87.255
2024,17,NOR,2,HARD,11,36,11,40.2,87.32
2024,17,NOR,2,HARD,12,37,12,38.4,87.255
2024,17,NOR,2,HARD,13,38,13,36.6,87.319
2024,17,NOR,2,HARD,14,39,14,34.8,87.493
2024,17,NOR,2,HARD,15,40,15,33.0,87.452
2024,17,NOR,2,HARD,16,41,16,31.2,87.449
2024,17,NOR,2,HARD,17,42,17,29.4,87.607
2024,17,NOR,2,HARD,18,43,18,27.6,87.675
2024,17,NOR,2,HARD,19,44,19,25.8,87.486
2024,17,NOR,2,HARD,20,45,20,24.0,87.795
2024,17,NOR,2,HARD,21,46,21,22.2,87.67
2024,17,NOR,2,HARD,22,47,22,20.4,87.83
2024,17,NOR,2,HARD,23,48,23,18.6,87.968
2024,17,NOR,2,HARD,24,49,24,16.8,87.847
2024,17,NOR,2,HARD,25,50,25,15.0,88.032
2024,17,NOR,2,HARD,26,51,26,13.2,88.024
2024,18,NOR,1,MEDIUM,1,1,1,103.2,86.54
2024,18,NOR,1,MEDIUM,2,2,2,101.4,86.561
2024,18,NOR,1,MEDIUM,3,3,3,99.6,86.624
2024,18,NOR,1,MEDIUM,4,4,4,97.8,86.568
2024,18,NOR,1,MEDIUM,5,5,5,96.0,86.851
2024,18,NOR,1,MEDIUM,6,6,6,94.2,86.672
2024,18,NOR,1,MEDIUM,7,7,7,92.4,86.749
2024,18,NOR,1,MEDIUM,8,8,8,90.6,86.835
2024,18,NOR,1,MEDIUM,9,9,9,88.8,87.019
2024,18,NOR,1,MEDIUM,10,10,10,87.0,86.988
2024,18,NOR,1,MEDIUM,11,11,11,85.2,87.019
2024,18,NOR,1,MEDIUM,12,12,12,83.4,86.865
2024,18,NOR,1,MEDIUM,13,13,13,81.6,87.127
2024,18,NOR,1,MEDIUM,14,14,14,79.8,86.988
2024,18,NOR,1,MEDIUM,15,15,15,78.0,87.13
2024,18,NOR,1,MEDIUM,16,16,16,76.2,87.265
2024,18,NOR,1,MEDIUM,17,17,17,74.4,87.2
2024,18,NOR,1,MEDIUM,18,18,18,72.6,87.145
2024,18,NOR,1,MEDIUM,19,19,19,70.8,87.298
2024,18,NOR,1,MEDIUM,20,20,20,69.0,87.524
2024,18,NOR,1,MEDIUM,21,21,21,67.2,87.442
2024,18,NOR,1,MEDIUM,22,22,22,65.4,87.491
2024,18,NOR,1,MEDIUM,23,23,23,63.6,87.648
2024,18,NOR,1,MEDIUM,24,24,24,61.8,87.726
2024,18,NOR,1,MEDIUM,25,25,25,60.0,87.543
2024,18,NOR,1,MEDIUM,26,26,26,58.2,87.646
2024,18,NOR,1,MEDIUM,27,27,27,56.4,87.77
2024,18,NOR,2,HARD,1,28,1,54.6,85.824
2024,18,NOR,2,HARD,2,29,2,52.8,85.797
2024,18,NOR,2,HARD,3,30,3,51.0,85.936
2024,18,NOR,2,HARD,4,31,4,49.2,85.856
2024,18,NOR,2,HARD,5,32,5,47.4,85.831
2024,18,NOR,2,HARD,6,33,6,45.6,85.835
2024,18,NOR,2,HARD,7,34,7,43.8,85.828
2024,18,NOR,2,HARD,8,35,8,42.0,85.993
2024,18,NOR,2,HARD,9,36,9,40.2,86.084
2024,18,NOR,2,HARD,10,37,10,38.4,85.9
2024,18,NOR,2,HARD,11,38,11,36.6,86.049
2024,18,NOR,2,HARD,12,39,12,34.8,86.187
2024,18,NOR,2,HARD,13,40,13,33.0,86.241
2024,18,NOR,2,HARD,14,41,14,31.2,86.256
2024,18,NOR,2,HARD,15,42,15,29.4,86.291
2024,18,NOR,2,HARD,16,43,16,27.6,86.281
2024,18,NOR,2,HARD,17,44,17,25.8,86.438
2024,18,NOR,2,HARD,18,45,18,24.0,86.479
2024,18,NOR,2,HARD,19,46,19,22.2,86.427
2024,18,NOR,2,HARD,20,47,20,20.4,86.388
2024,18,NOR,2,HARD,21,48,21,18.6,86.55
2024,18,NOR,2,HARD,22,49,22,16.8,86.776
2024,18,NOR,2,HARD,23,50,23,15.0,86.724
2024,18,NOR,2,HARD,24,51,24,13.2,86.671
2024,18,NOR,2,HARD,25,52,25,11.4,86.713
2024,18,NOR,2,HARD,26,53,26,9.6,86.775
2024,18,NOR,2,HARD,27,54,27,7.8,86.966
2024,18,NOR,2,HARD,28,55,28,6.0,86.934
2024,18,VER,1,MEDIUM,1,1,1,103.2,86.504
2024,18,VER,1,MEDIUM,2,2,2,101.4,86.686
2024,18,VER,1,MEDIUM,3,3,3,99.6,86.727
2024,18,VER,1,MEDIUM,4,4,4,97.8,86.88
2024,18,VER,1,MEDIUM,5,5,5,96.0,86.944
2024,18,VER,1,MEDIUM,6,6,6,94.2,86.776
2024,18,VER,1,MEDIUM,7,7,7,92.4,86.942
2024,18,VER,1,MEDIUM,8,8,8,90.6,87.109
2024,18,VER,1,MEDIUM,9,9,9,88.8,86.972
2024,18,VER,1,MEDIUM,10,10,10,87.0,87.08
2024,18,VER,1,MEDIUM,11,11,11,85.2,87.107
2024,18,VER,1,MEDIUM,12,12,12,83.4,87.11
2024,18,VER,1,MEDIUM,13,13,13,81.6,87.166
2024,18,VER,1,MEDIUM,14,14,14,79.8,87.147
2024,18,VER,1,MEDIUM,15,15,15,78.0,87.32
2024,18,VER,1,MEDIUM,16,16,16,76.2,87.319
2024,18,VER,1,MEDIUM,17,17,17,74.4,87.246
2024,18,VER,1,MEDIUM,18,18,18,72.6,87.395
2024,18,VER,1,MEDIUM,19,19,19,70.8,87.365
2024,18,VER,1,MEDIUM,20,20,20,69.0,87.474
2024,18,VER,1,MEDIUM,21,21,21,67.2,87.699
2024,18,VER,1,MEDIUM,22,22,22,65.4,87.54
2024,18,VER,1,MEDIUM,23,23,23,63.6,87.496
2024,18,VER,1,MEDIUM,24,24,24,61.8,87.726
2024,18,VER,1,MEDIUM,25,25,25,60.0,87.819
2024,18,VER,1,MEDIUM,26,26,26,58.2,87.762
2024,18,VER,1,MEDIUM,27,27,27,56.4,87.815
2024,18,VER,2,HARD,1,28,1,54.6,85.871
2024,18,VER,2,HARD,2,29,2,52.8,85.761
2024,18,VER,2,HARD,3,30,3,51.0,85.85
2024,18,VER,2,HARD,4,31,4,49.2,85.837
2024,18,VER,2,HARD,5,32,5,47.4,86.002
2024,18,VER,2,HARD,6,33,6,45.6,85.983
2024,18,VER,2,HARD,7,34,7,43.8,86.121
2024,18,VER,2,HARD,8,35,8,42.0,86.018
2024,18,VER,2,HARD,9,36,9,40.2,86.02
2024,18,VER,2,HARD,10,37,10,38.4,86.223
2024,18,VER,2,HARD,11,38,11,36.6,86.061
2024,18,VER,2,HARD,12,39,12,34.8,86.326
2024,18,VER,2,HARD,13,40,13,33.0,86.253
2024,18,VER,2,HARD,14,41,14,31.2,86.224
2024,18,VER,2,HARD,15,42,15,29.4,86.267
2024,18,VER,2,HARD,16,43,16,27.6,86.328
2024,18,VER,2,HARD,17,44,17,25.8,86.562
2024,18,VER,2,HARD,18,45,18,24.0,86.642
2024,18,VER,2,HARD,19,46,19,22.2,86.504
2024,18,VER,2,HARD,20,47,20,20.4,86.522
2024,18,VER,2,HARD,21,48,21,18.6,86.65
2024,18,VER,2,HARD,22,49,22,16.8,86.65
2024,18,VER,2,HARD,23,50,23,15.0,86.627
2024,18,VER,2,HARD,24,51,24,13.2,86.621
2024,18,VER,2,HARD,25,52,25,11.4,86.83
2024,18,VER,2,HARD,26,53,26,9.6,86.836
2024,18,VER,2,HARD,27,54,27,7.8,86.971
2024,18,VER,2,HARD,28,55,28,6.0,86.979
2024,18,HAM,1,MEDIUM,1,1,1,103.2,86.779
2024,18,HAM,1,MEDIUM,2,2,2,101.4,86.822
2024,18,HAM,1,MEDIUM,3,3,3,99.6,86.787
2024,18,HAM,1,MEDIUM,4,4,4,97.8,86.922
2024,18,HAM,1,MEDIUM,5,5,5,96.0,86.782
2024,18,HAM,1,MEDIUM,6,6,6,94.2,86.996
2024,18,HAM,1,MEDIUM,7,7,7,92.4,86.881
2024,18,HAM,1,MEDIUM,8,8,8,90.6,86.997
2024,18,HAM,1,MEDIUM,9,9,9,88.8,86.953
2024,18,HAM,1,MEDIUM,10,10,10,87.0,87.107
2024,18,HAM,1,MEDIUM,11,11,11,85.2,87.21
2024,18,HAM,1,MEDIUM,12,12,12,83.4,87.188
2024,18,HAM,1,MEDIUM,13,13,13,81.6,87.107
2024,18,HAM,1,MEDIUM,14,14,14,79.8,87.379
2024,18,HAM,1,MEDIUM,15,15,15,78.0,87.465
2024,18,HAM,1,MEDIUM,16,16,16,76.2,87.38
2024,18,HAM,1,MEDIUM,17,17,17,74.4,87.498
2024,18,HAM,1,MEDIUM,18,18,18,72.6,87.42
2024,18,HAM,1,MEDIUM,19,19,19,70.8,87.486
2024,18,HAM,1,MEDIUM,20,20,20,69.0,87.531
2024,18,HAM,1,MEDIUM,21,21,21,67.2,87.547
2024,18,HAM,1,MEDIUM,22,22,22,65.4,87.685
2024,18,HAM,1,MEDIUM,23,23,23,63.6,87.706
2024,18,HAM,1,MEDIUM,24,24,24,61.8,87.729
2024,18,HAM,1,MEDIUM,25,25,25,60.0,87.785
2024,18,HAM,1,MEDIUM,26,26,26,58.2,87.854
2024,18,HAM,1,MEDIUM,27,27,27,56.4,87.777
2024,18,HAM,2,HARD,1,28,1,54.6,85.908
2024,18,HAM,2,HARD,2,29,2,52.8,85.816
2024,18,HAM,2,HARD,3,30,3,51.0,85.956
2024,18,HAM,2,HARD,4,31,4,49.2,85.975
2024,18,HAM,2,HARD,5,32,5,47.4,86.038
2024,18,HAM,2,HARD,6,33,6,45.6,86.073
2024,18,HAM,2,HARD,7,34,7,43.8,85.909
2024,18,HAM,2,HARD,8,35,8,42.0,86.119
2024,18,HAM,2,HARD,9,36,9,40.2,86.337
2024,18,HAM,2,HARD,10,37,10,38.4,86.24
2024,18,HAM,2,HARD,11,38,11,36.6,86.276
2024,18,HAM,2,HARD,12,39,12,34.8,86.316
2024,18,HAM,2,HARD,13,40,13,33.0,86.421
2024,18,HAM,2,HARD,14,41,14,31.2,86.431
2024,18,HAM,2,HARD,15,42,15,29.4,86.395
2024,18,HAM,2,HARD,16,43,16,27.6,86.438
2024,18,HAM,2,HARD,17,44,17,25.8,86.38
2024,18,HAM,2,HARD,18,45,18,24.0,86.516
2024,18,HAM,2,HARD,19,46,19,22.2,86.612
2024,18,HAM,2,HARD,20,47,20,20.4,86.633
2024,18,HAM,2,HARD,21,48,21,18.6,86.845
2024,18,HAM,2,HARD,22,49,22,16.8,86.722
2024,18,HAM,2,HARD,23,50,23,15.0,86.962
2024,18,HAM,2,HARD,24,51,24,13.2,86.84
2024,18,HAM,2,HARD,25,52,25,11.4,86.957
2024,18,HAM,2,HARD,26,53,26,9.6,87.089
2024,18,HAM,2,HARD,27,54,27,7.8,87.146
2024,18,HAM,2,HARD,28,55,28,6.0,87.2
2024,18,RUS,1,MEDIUM,1,1,1,103.2,86.807
2024,18,RUS,1,MEDIUM,2,2,2,101.4,87.003
2024,18,RUS,1,MEDIUM,3,3,3,99.6,86.928
2024,18,RUS,1,MEDIUM,4,4,4,97.8,86.934
2024,18,RUS,1,MEDIUM,5,5,5,96.0,87.023
2024,18,RUS,1,MEDIUM,6,6,6,94.2,87.006
2024,18,RUS,1,MEDIUM,7,7,7,92.4,87.15
2024,18,RUS,1,MEDIUM,8,8,8,90.6,87.103
2024,18,RUS,1,MEDIUM,9,9,9,88.8,87.09
2024,18,RUS,1,MEDIUM,10,10,10,87.0,86.987
2024,18,RUS,1,MEDIUM,11,11,11,85.2,87.204
2024,18,RUS,1,MEDIUM,12,12,12,83.4,87.227
2024,18,RUS,1,MEDIUM,13,13,13,81.6,87.348
2024,18,RUS,1,MEDIUM,14,14,14,79.8,87.447
2024,18,RUS,1,MEDIUM,15,15,15,78.0,87.399
2024,18,RUS,1,MEDIUM,16,16,16,76.2,87.529
2024,18,RUS,1,MEDIUM,17,17,17,74.4,87.498
2024,18,RUS,1,MEDIUM,18,18,18,72.6,87.492
2024,18,RUS,1,MEDIUM,19,19,19,70.8,87.556
2024,18,RUS,1,MEDIUM,20,20,20,69.0,87.609
2024,18,RUS,1,MEDIUM,21,21,21,67.2,87.667
2024,18,RUS,1,MEDIUM,22,22,22,65.4,87.724
2024,18,RUS,1,MEDIUM,23,23,23,63.6,87.974
2024,18,RUS,1,MEDIUM,24,24,24,61.8,87.944
2024,18,RUS,1,MEDIUM,25,25,25,60.0,87.755
2024,18,RUS,1,MEDIUM,26,26,26,58.2,87.807
2024,18,RUS,1,MEDIUM,27,27,27,56.4,88.034
2024,18,RUS,2,HARD,1,28,1,54.6,86.003
2024,18,RUS,2,HARD,2,29,2,52.8,85.944
2024,18,RUS,2,HARD,3,30,3,51.0,86.027
2024,18,RUS,2,HARD,4,31,4,49.2,86.176
2024,18,RUS,2,HARD,5,32,5,47.4,86.207
2024,18,RUS,2,HARD,6,33,6,45.6,86.109
2024,18,RUS,2,HARD,7,34,7,43.8,86.225
2024,18,RUS,2,HARD,8,35,8,42.0,86.239
2024,18,RUS,2,HARD,9,36,9,40.2,86.178
2024,18,RUS,2,HARD,10,37,10,38.4,86.229
2024,18,RUS,2,HARD,11,38,11,36.6,86.313
2024,18,RUS,2,HARD,12,39,12,34.8,86.47
2024,18,RUS,2,HARD,13,40,13,33.0,86.502
2024,18,RUS,2,HARD,14,41,14,31.2,86.49
2024,18,RUS,2,HARD,15,42,15,29.4,86.579
2024,18,RUS,2,HARD,16,43,16,27.6,86.605
2024,18,RUS,2,HARD,17,44,17,25.8,86.676
2024,18,RUS,2,HARD,18,45,18,24.0,86.681
2024,18,RUS,2,HARD,19,46,19,22.2,86.655
2024,18,RUS,2,HARD,20,47,20,20.4,86.62
2024,18,RUS,2,HARD,21,48,21,18.6,86.875
2024,18,RUS,2,HARD,22,49,22,16.8,86.857
2024,18,RUS,2,HARD,23,50,23,15.0,86.795
2024,18,RUS,2,HARD,24,51,24,13.2,87.115
2024,18,RUS,2,HARD,25,52,25,11.4,86.974
2024,18,RUS,2,HARD,26,53,26,9.6,86.982
2024,18,RUS,2,HARD,27,54,27,7.8,87.133
2024,18,RUS,2,HARD,28,55,28,6.0,87.317
2024,18,PIA,1,MEDIUM,1,1,1,103.2,86.854
2024,18,PIA,1,MEDIUM,2,2,2,101.4,86.965
2024,18,PIA,1,MEDIUM,3,3,3,99.6,86.945
2024,18,PIA,1,MEDIUM,4,4,4,97.8,86.998
2024,18,PIA,1,MEDIUM,5,5,5,96.0,87.146
2024,18,PIA,1,MEDIUM,6,6,6,94.2,87.05
2024,18,PIA,1,MEDIUM,7,7,7,92.4,87.398
2024,18,PIA,1,MEDIUM,8,8,8,90.6,87.09
2024,18,PIA,1,MEDIUM,9,9,9,88.8,87.214
2024,18,PIA,1,MEDIUM,10,10,10,87.0,87.182
2024,18,PIA,1,MEDIUM,11,11,11,85.2,87.299
2024,18,PIA,1,MEDIUM,12,12,12,83.4,87.402
2024,18,PIA,1,MEDIUM,13,13,13,81.6,87.369
2024,18,PIA,1,MEDIUM,14,14,14,79.8,87.51
2024,18,PIA,1,MEDIUM,15,15,15,78.0,87.414
2024,18,PIA,1,MEDIUM,16,16,16,76.2,87.517
2024,18,PIA,1,MEDIUM,17,17,17,74.4,87.611
2024,18,PIA,1,MEDIUM,18,18,18,72.6,87.611
2024,18,PIA,1,MEDIUM,19,19,19,70.8,87.66
2024,18,PIA,1,MEDIUM,20,20,20,69.0,87.827
2024,18,PIA,1,MEDIUM,21,21,21,67.2,87.879
2024,18,PIA,1,MEDIUM,22,22,22,65.4,87.776
2024,18,PIA,1,MEDIUM,23,23,23,63.6,87.952
2024,18,PIA,1,MEDIUM,24,24,24,61.8,87.773
2024,18,PIA,1,MEDIUM,25,25,25,60.0,87.925
2024,18,PIA,1,MEDIUM,26,26,26,58.2,88.038
2024,18,PIA,1,MEDIUM,27,27,27,56.4,88.302
2024,18,PIA,2,HARD,1,28,1,54.6,86.138
2024,18,PIA,2,HARD,2,29,2,52.8,85.97
2024,18,PIA,2,HARD,3,30,3,51.0,86.134
2024,18,PIA,2,HARD,4,31,4,49.2,86.295
2024,18,PIA,2,HARD,5,32,5,47.4,86.234
2024,18,PIA,2,HARD,6,33,6,45.6,86.267
2024,18,PIA,2,HARD,7,34,7,43.8,86.135
2024,18,PIA,2,HARD,8,35,8,42.0,86.25
2024,18,PIA,2,HARD,9,36,9,40.2,86.377
2024,18,PIA,2,HARD,10,37,10,38.4,86.37
2024,18,PIA,2,HARD,11,38,11,36.6,86.515
2024,18,PIA,2,HARD,12,39,12,34.8,86.377
2024,18,PIA,2,HARD,13,40,13,33.0,86.355
2024,18,PIA,2,HARD,14,41,14,31.2,86.594
2024,18,PIA,2,HARD,15,42,15,29.4,86.51
2024,18,PIA,2,HARD,16,43,16,27.6,86.567
2024,18,PIA,2,HARD,17,44,17,25.8,86.665
2024,18,PIA,2,HARD,18,45,18,24.0,86.85
2024,18,PIA,2,HARD,19,46,19,22.2,86.812
2024,18,PIA,2,HARD,20,47,20,20.4,86.728
2024,18,PIA,2,HARD,21,48,21,18.6,87.058
2024,18,PIA,2,HARD,22,49,22,16.8,86.939
2024,18,PIA,2,HARD,23,50,23,15.0,87.07
2024,18,PIA,2,HARD,24,51,24,13.2,87.021
2024,18,PIA,2,HARD,25,52,25,11.4,87.215
2024,18,PIA,2,HARD,26,53,26,9.6,87.247
2024,18,PIA,2,HARD,27,54,27,7.8,87.118
2024,18,PIA,2,HARD,28,55,28,6.0,87.237
2024,18,LEC,1,MEDIUM,1,1,1,103.2,87.421
2024,18,LEC,1,MEDIUM,2,2,2,101.4,87.268
2024,18,LEC,1,MEDIUM,3,3,3,99.6,87.408
2024,18,LEC,1,MEDIUM,4,4,4,97.8,87.244
2024,18,LEC,1,MEDIUM,5,5,5,96.0,87.273
2024,18,LEC,1,MEDIUM,6,6,6,94.2,87.435
2024,18,LEC,1,MEDIUM,7,7,7,92.4,87.401
2024,18,LEC,1,MEDIUM,8,8,8,90.6,87.459
2024,18,LEC,1,MEDIUM,9,9,9,88.8,87.463
2024,18,LEC,1,MEDIUM,10,10,10,87.0,87.515
2024,18,LEC,1,MEDIUM,11,11,11,85.2,87.516
2024,18,LEC,1,MEDIUM,12,12,12,83.4,87.652
2024,18,LEC,1,MEDIUM,13,13,13,81.6,87.681
2024,18,LEC,1,MEDIUM,14,14,14,79.8,87.554
2024,18,LEC,1,MEDIUM,15,15,15,78.0,87.806
2024,18,LEC,1,MEDIUM,16,16,16,76.2,87.964
2024,18,LEC,1,MEDIUM,17,17,17,74.4,88.117
2024,18,LEC,1,MEDIUM,18,18,18,72.6,88.063
2024,18,LEC,1,MEDIUM,19,19,19,70.8,88.017
2024,18,LEC,1,MEDIUM,20,20,20,69.0,87.982
2024,18,LEC,1,MEDIUM,21,21,21,67.2,88.039
2024,18,LEC,1,MEDIUM,22,22,22,65.4,88.172
2024,18,LEC,1,MEDIUM,23,23,23,63.6,88.237
2024,18,LEC,1,MEDIUM,24,24,24,61.8,88.28
2024,18,LEC,1,MEDIUM,25,25,25,60.0,88.239
2024,18,LEC,1,MEDIUM,26,26,26,58.2,88.262
2024,18,LEC,1,MEDIUM,27,27,27,56.4,88.392
2024,18,LEC,2,HARD,1,28,1,54.6,86.405
2024,18,LEC,2,HARD,2,29,2,52.8,86.301
2024,18,LEC,2,HARD,3,30,3,51.0,86.414
2024,18,LEC,2,HARD,4,31,4,49.2,86.288
2024,18,LEC,2,HARD,5,32,5,47.4,86.588
2024,18,LEC,2,HARD,6,33,6,45.6,86.638
2024,18,LEC,2,HARD,7,34,7,43.8,86.602
2024,18,LEC,2,HARD,8,35,8,42.0,86.636
2024,18,LEC,2,HARD,9,36,9,40.2,86.68
2024,18,LEC,2,HARD,10,37,10,38.4,86.74
2024,18,LEC,2,HARD,11,38,11,36.6,86.787
2024,18,LEC,2,HARD,12,39,12,34.8,86.825
2024,18,LEC,2,HARD,13,40,13,33.0,86.641
2024,18,LEC,2,HARD,14,41,14,31.2,86.918
2024,18,LEC,2,HARD,15,42,15,29.4,86.844
2024,18,LEC,2,HARD,16,43,16,27.6,86.773
2024,18,LEC,2,HARD,17,44,17,25.8,86.896
2024,18,LEC,2,HARD,18,45,18,24.0,87.114
2024,18,LEC,2,HARD,19,46,19,22.2,87.134
2024,18,LEC,2,HARD,20,47,20,20.4,87.12
2024,18,LEC,2,HARD,21,48,21,18.6,87.227
2024,18,LEC,2,HARD,22,49,22,16.8,87.255
2024,18,LEC,2,HARD,23,50,23,15.0,87.321
2024,18,LEC,2,HARD,24,51,24,13.2,87.422
2024,18,LEC,2,HARD,25,52,25,11.4,87.34
2024,18,LEC,2,HARD,26,53,26,9.6,87.472
2024,18,LEC,2,HARD,27,54,27,7.8,87.525
2024,18,LEC,2,HARD,28,55,28,6.0,87.526
2024,19,NOR,1,MEDIUM,1,1,1,103.2,86.652
2024,19,NOR,1,MEDIUM,2,2,2,101.4,86.591
2024,19,NOR,1,MEDIUM,3,3,3,99.6,86.596
2024,19,NOR,1,MEDIUM,4,4,4,97.8,86.537
2024,19,NOR,1,MEDIUM,5,5,5,96.0,86.779
2024,19,NOR,1,MEDIUM,6,6,6,94.2,86.735
2024,19,NOR,1,MEDIUM,7,7,7,92.4,86.697
2024,19,NOR,1,MEDIUM,8,8,8,90.6,86.852
2024,19,NOR,1,MEDIUM,9,9,9,88.8,86.973
2024,19,NOR,1,MEDIUM,10,10,10,87.0,86.784
2024,19,NOR,1,MEDIUM,11,11,11,85.2,86.852
2024,19,NOR,1,MEDIUM,12,12,12,83.4,86.965
2024,19,NOR,1,MEDIUM,13,13,13,81.6,86.911
2024,19,NOR,1,MEDIUM,14,14,14,79.8,87.098
2024,19,NOR,1,MEDIUM,15,15,15,78.0,87.134
2024,19,NOR,1,MEDIUM,16,16,16,76.2,87.316
2024,19,NOR,1,MEDIUM,17,17,17,74.4,87.336
2024,19,NOR,1,MEDIUM,18,18,18,72.6,87.455
2024,19,NOR,1,MEDIUM,19,19,19,70.8,87.352
2024,19,NOR,1,MEDIUM,20,20,20,69.0,87.074
2024,19,NOR,1,MEDIUM,21,21,21,67.2,87.498
2024,19,NOR,1,MEDIUM,22,22,22,65.4,87.562
2024,19,NOR,1,MEDIUM,23,23,23,63.6,87.368
2024,19,NOR,1,MEDIUM,24,24,24,61.8,87.62
2024,19,NOR,1,MEDIUM,25,25,25,60.0,87.737
2024,19,NOR,1,MEDIUM,26,26,26,58.2,87.731
2024,19,NOR,1,MEDIUM,27,27,27,56.4,87.709
2024,19,NOR,2,HARD,1,28,1,54.6,85.78
2024,19,NOR,2,HARD,2,29,2,52.8,85.79
2024,19,NOR,2,HARD,3,30,3,51.0,85.839
2024,19,NOR,2,HARD,4,31,4,49.2,85.795
2024,19,NOR,2,HARD,5,32,5,47.4,85.805
2024,19,NOR,2,HARD,6,33,6,45.6,85.914
2024,19,NOR,2,HARD,7,34,7,43.8,85.757
2024,19,NOR,2,HARD,8,35,8,42.0,85.994
2024,19,NOR,2,HARD,9,36,9,40.2,85.978
2024,19,NOR,2,HARD,10,37,10,38.4,86.026
2024,19,NOR,2,HARD,11,38,11,36.6,86.289
2024,19,NOR,2,HARD,12,39,12,34.8,86.287
2024,19,NOR,2,HARD,13,40,13,33.0,86.078
2024,19,NOR,2,HARD,14,41,14,31.2,86.281
2024,19,NOR,2,HARD,15,42,15,29.4,86.191
2024,19,NOR,2,HARD,16,43,16,27.6,86.424
2024,19,NOR,2,HARD,17,44,17,25.8,86.359
2024,19,NOR,2,HARD,18,45,18,24.0,86.461
2024,19,NOR,2,HARD,19,46,19,22.2,86.372
2024,19,NOR,2,HARD,20,47,20,20.4,86.657
2024,19,NOR,2,HARD,21,48,21,18.6,86.601
2024,19,NOR,2,HARD,22,49,22,16.8,86.619
2024,19,NOR,2,HARD,23,50,23,15.0,86.812
2024,19,NOR,2,HARD,24,51,24,13.2,86.913
2024,19,NOR,2,HARD,25,52,25,11.4,86.876
2024,19,NOR,2,HARD,26,53,26,9.6,86.824
2024,19,NOR,2,HARD,27,54,27,7.8,86.842
2024,19,NOR,2,HARD,28,55,28,6.0,86.81
2024,19,VER,1,MEDIUM,1,1,1,103.2,86.695
2024,19,VER,1,MEDIUM,2,2,2,101.4,86.741
2024,19,VER,1,MEDIUM,3,3,3,99.6,86.804
2024,19,VER,1,MEDIUM,4,4,4,97.8,86.843
2024,19,VER,1,MEDIUM,5,5,5,96.0,86.83
2024,19,VER,1,MEDIUM,6,6,6,94.2,86.85
2024,19,VER,1,MEDIUM,7,7,7,92.4,86.914
2024,19,VER,1,MEDIUM,8,8,8,90.6,86.996
2024,19,VER,1,MEDIUM,9,9,9,88.8,86.952
2024,19,VER,1,MEDIUM,10,10,10,87.0,86.966
2024,19,VER,1,MEDIUM,11,11,11,85.2,86.991
2024,19,VER,1,MEDIUM,12,12,12,83.4,87.104
2024,19,VER,1,MEDIUM,13,13,13,81.6,87.098
2024,19,VER,1,MEDIUM,14,14,14,79.8,87.226
2024,19,VER,1,MEDIUM,15,15,15,78.0,87.224
2024,19,VER,1,MEDIUM,16,16,16,76.2,87.204
2024,19,VER,1,MEDIUM,17,17,17,74.4,87.426
2024,19,VER,1,MEDIUM,18,18,18,72.6,87.321
2024,19,VER,1,MEDIUM,19,19,19,70.8,87.419
2024,19,VER,1,MEDIUM,20,20,20,69.0,87.437
2024,19,VER,1,MEDIUM,21,21,21,67.2,87.515
2024,19,VER,1,MEDIUM,22,22,22,65.4,87.51
2024,19,VER,1,MEDIUM,23,23,23,63.6,87.63
2024,19,VER,1,MEDIUM,24,24,24,61.8,87.704
2024,19,VER,1,MEDIUM,25,25,25,60.0,87.673
2024,19,VER,1,MEDIUM,26,26,26,58.2,87.805
2024,19,VER,1,MEDIUM,27,27,27,56.4,87.872
2024,19,VER,2,HARD,1,28,1,54.6,85.711
2024,19,VER,2,HARD,2,29,2,52.8,85.811
2024,19,VER,2,HARD,3,30,3,51.0,85.779
2024,19,VER,2,HARD,4,31,4,49.2,85.997
2024,19,VER,2,HARD,5,32,5,47.4,85.914
2024,19,VER,2,HARD,6,33,6,45.6,85.92
2024,19,VER,2,HARD,7,34,7,43.8,85.99
2024,19,VER,2,HARD,8,35,8,42.0,86.076
2024,19,VER,2,HARD,9,36,9,40.2,86.256
2024,19,VER,2,HARD,10,37,10,38.4,86.196
2024,19,VER,2,HARD,11,38,11,36.6,86.145
2024,19,VER,2,HARD,12,39,12,34.8,86.196
2024,19,VER,2,HARD,13,40,13,33.0,86.257
2024,19,VER,2,HARD,14,41,14,31.2,86.302
2024,19,VER,2,HARD,15,42,15,29.4,86.444
2024,19,VER,2,HARD,16,43,16,27.6,86.376
2024,19,VER,2,HARD,17,44,17,25.8,86.598
2024,19,VER,2,HARD,18,45,18,24.0,86.46
2024,19,VER,2,HARD,19,46,19,22.2,86.408
2024,19,VER,2,HARD,20,47,20,20.4,86.522
2024,19,VER,2,HARD,21,48,21,18.6,86.551
2024,19,VER,2,HARD,22,49,22,16.8,86.638
2024,19,VER,2,HARD,23,50,23,15.0,86.834
2024,19,VER,2,HARD,24,51,24,13.2,86.891
2024,19,VER,2,HARD,25,52,25,11.4,86.735
2024,19,VER,2,HARD,26,53,26,9.6,87.031
2024,19,VER,2,HARD,27,54,27,7.8,87.089
2024,19,VER,2,HARD,28,55,28,6.0,87.22
2024,19,SAI,1,MEDIUM,1,1,1,103.2,86.697
2024,19,SAI,1,MEDIUM,2,2,2,101.4,86.838
2024,19,SAI,1,MEDIUM,3,3,3,99.6,86.687
2024,19,SAI,1,MEDIUM,4,4,4,97.8,86.858
2024,19,SAI,1,MEDIUM,5,5,5,96.0,86.854
2024,19,SAI,1,MEDIUM,6,6,6,94.2,86.861
2024,19,SAI,1,MEDIUM,7,7,7,92.4,86.892
2024,19,SAI,1,MEDIUM,8,8,8,90.6,87.074
2024,19,SAI,1,MEDIUM,9,9,9,88.8,87.08
2024,19,SAI,1,MEDIUM,10,10,10,87.0,87.163
2024,19,SAI,1,MEDIUM,11,11,11,85.2,87.189
2024,19,SAI,1,MEDIUM,12,12,12,83.4,87.289
2024,19,SAI,1,MEDIUM,13,13,13,81.6,87.219
2024,19,SAI,1,MEDIUM,14,14,14,79.8,87.335
2024,19,SAI,1,MEDIUM,15,15,15,78.0,87.432
2024,19,SAI,1,MEDIUM,16,16,16,76.2,87.329
2024,19,SAI,1,MEDIUM,17,17,17,74.4,87.46
2024,19,SAI,1,MEDIUM,18,18,18,72.6,87.489
2024,19,SAI,1,MEDIUM,19,19,19,70.8,87.579
2024,19,SAI,1,MEDIUM,20,20,20,69.0,87.668
2024,19,SAI,1,MEDIUM,21,21,21,67.2,87.635
2024,19,SAI,1,MEDIUM,22,22,22,65.4,87.704
2024,19,SAI,1,MEDIUM,23,23,23,63.6,87.768
2024,19,SAI,1,MEDIUM,24,24,24,61.8,87.661
2024,19,SAI,1,MEDIUM,25,25,25,60.0,87.897
2024,19,SAI,1,MEDIUM,26,26,26,58.2,87.958
2024,19,SAI,1,MEDIUM,27,27,27,56.4,87.912
2024,19,SAI,2,HARD,1,28,1,54.6,85.924
2024,19,SAI,2,HARD,2,29,2,52.8,85.898
2024,19,SAI,2,HARD,3,30,3,51.0,85.806
2024,19,SAI,2,HARD,4,31,4,49.2,85.947
2024,19,SAI,2,HARD,5,32,5,47.4,85.75
2024,19,SAI,2,HARD,6,33,6,45.6,86.017
2024,19,SAI,2,HARD,7,34,7,43.8,86.147
2024,19,SAI,2,HARD,8,35,8,42.0,86.122
2024,19,SAI,2,HARD,9,36,9,40.2,86.112
2024,19,SAI,2,HARD,10,37,10,38.4,86.176
2024,19,SAI,2,HARD,11,38,11,36.6,86.333
2024,19,SAI,2,HARD,12,39,12,34.8,86.211
2024,19,SAI,2,HARD,13,40,13,33.0,86.251
2024,19,SAI,2,HARD,14,41,14,31.2,86.274
2024,19,SAI,2,HARD,15,42,15,29.4,86.52
2024,19,SAI,2,HARD,16,43,16,27.6,86.655
2024,19,SAI,2,HARD,17,44,17,25.8,86.606
2024,19,SAI,2,HARD,18,45,18,24.0,86.378
2024,19,SAI,2,HARD,19,46,19,22.2,86.712
2024,19,SAI,2,HARD,20,47,20,20.4,86.554
2024,19,SAI,2,HARD,21,48,21,18.6,86.706
2024,19,SAI,2,HARD,22,49,22,16.8,86.703
2024,19,SAI,2,HARD,23,50,23,15.0,86.878
2024,19,SAI,2,HARD,24,51,24,13.2,86.853
2024,19,SAI,2,HARD,25,52,25,11.4,86.862
2024,19,SAI,2,HARD,26,53,26,9.6,87.022
2024,19,SAI,2,HARD,27,54,27,7.8,87.102
2024,19,SAI,2,HARD,28,55,28,6.0,87.094
2024,19,LEC,1,MEDIUM,1,1,1,103.2,86.736
2024,19,LEC,1,MEDIUM,2,2,2,101.4,86.946
2024,19,LEC,1,MEDIUM,3,3,3,99.6,86.943
2024,19,LEC,1,MEDIUM,4,4,4,97.8,86.978
2024,19,LEC,1,MEDIUM,5,5,5,96.0,86.955
2024,19,LEC,1,MEDIUM,6,6,6,94.2,86.811
2024,19,LEC,1,MEDIUM,7,7,7,92.4,86.984
2024,19,LEC,1,MEDIUM,8,8,8,90.6,87.095
2024,19,LEC,1,MEDIUM,9,9,9,88.8,87.027
2024,19,LEC,1,MEDIUM,10,10,10,87.0,87.185
2024,19,LEC,1,MEDIUM,11,11,11,85.2,87.287
2024,19,LEC,1,MEDIUM,12,12,12,83.4,87.276
2024,19,LEC,1,MEDIUM,13,13,13,81.6,87.31
2024,19,LEC,1,MEDIUM,14,14,14,79.8,87.505
2024,19,LEC,1,MEDIUM,15,15,15,78.0,87.339
2024,19,LEC,1,MEDIUM,16,16,16,76.2,87.545
2024,19,LEC,1,MEDIUM,17,17,17,74.4,87.386
2024,19,LEC,1,MEDIUM,18,18,18,72.6,87.704
2024,19,LEC,1,MEDIUM,19,19,19,70.8,87.594
2024,19,LEC,1,MEDIUM,20,20,20,69.0,87.74
2024,19,LEC,1,MEDIUM,21,21,21,67.2,87.611
2024,19,LEC,1,MEDIUM,22,22,22,65.4,87.693
2024,19,LEC,1,MEDIUM,23,23,23,63.6,88.096
2024,19,LEC,1,MEDIUM,24,24,24,61.8,87.908
2024,19,LEC,1,MEDIUM,25,25,25,60.0,87.892
2024,19,LEC,1,MEDIUM,26,26,26,58.2,88.041
2024,19,LEC,1,MEDIUM,27,27,27,56.4,88.116
2024,19,LEC,2,HARD,1,28,1,54.6,85.968
2024,19,LEC,2,HARD,2,29,2,52.8,85.95
2024,19,LEC,2,HARD,3,30,3,51.0,86.11
2024,19,LEC,2,HARD,4,31,4,49.2,86.047
2024,19,LEC,2,HARD,5,32,5,47.4,85.993
2024,19,LEC,2,HARD,6,33,6,45.6,86.179
2024,19,LEC,2,HARD,7,34,7,43.8,86.208
2024,19,LEC,2,HARD,8,35,8,42.0,86.234
2024,19,LEC,2,HARD,9,36,9,40.2,86.309
2024,19,LEC,2,HARD,10,37,10,38.4,86.344
2024,19,LEC,2,HARD,11,38,11,36.6,86.4
2024,19,LEC,2,HARD,12,39,12,34.8,86.374
2024,19,LEC,2,HARD,13,40,13,33.0,86.424
2024,19,LEC,2,HARD,14,41,14,31.2,86.626
2024,19,LEC,2,HARD,15,42,15,29.4,86.449
2024,19,LEC,2,HARD,16,43,16,27.6,86.612
2024,19,LEC,2,HARD,17,44,17,25.8,86.535
2024,19,LEC,2,HARD,18,45,18,24.0,86.696
2024,19,LEC,2,HARD,19,46,19,22.2,86.671
2024,19,LEC,2,HARD,20,47,20,20.4,86.8
2024,19,LEC,2,HARD,21,48,21,18.6,86.903
2024,19,LEC,2,HARD,22,49,22,16.8,86.907
2024,19,LEC,2,HARD,23,50,23,15.0,86.874
2024,19,LEC,2,HARD,24,51,24,13.2,86.999
2024,19,LEC,2,HARD,25,52,25,11.4,86.974
2024,19,LEC,2,HARD,26,53,26,9.6,87.185
2024,19,LEC,2,HARD,27,54,27,7.8,87.063
2024,19,LEC,2,HARD,28,55,28,6.0,87.162
2024,19,PIA,1,MEDIUM,1,1,1,103.2,86.9
2024,19,PIA,1,MEDIUM,2,2,2,101.4,86.911
2024,19,PIA,1,MEDIUM,3,3,3,99.6,86.938
2024,19,PIA,1,MEDIUM,4,4,4,97.8,87.048
2024,19,PIA,1,MEDIUM,5,5,5,96.0,87.194
2024,19,PIA,1,MEDIUM,6,6,6,94.2,87.134
2024,19,PIA,1,MEDIUM,7,7,7,92.4,87.157
2024,19,PIA,1,MEDIUM,8,8,8,90.6,87.192
2024,19,PIA,1,MEDIUM,9,9,9,88.8,87.218
2024,19,PIA,1,MEDIUM,10,10,10,87.0,87.182
2024,19,PIA,1,MEDIUM,11,11,11,85.2,87.31
2024,19,PIA,1,MEDIUM,12,12,12,83.4,87.52
2024,19,PIA,1,MEDIUM,13,13,13,81.6,87.262
2024,19,PIA,1,MEDIUM,14,14,14,79.8,87.515
2024,19,PIA,1,MEDIUM,15,15,15,78.0,87.423
2024,19,PIA,1,MEDIUM,16,16,16,76.2,87.557
2024,19,PIA,1,MEDIUM,17,17,17,74.4,87.633
2024,19,PIA,1,MEDIUM,18,18,18,72.6,87.616
2024,19,PIA,1,MEDIUM,19,19,19,70.8,87.741
2024,19,PIA,1,MEDIUM,20,20,20,69.0,87.769
2024,19,PIA,1,MEDIUM,21,21,21,67.2,87.918
2024,19,PIA,1,MEDIUM,22,22,22,65.4,87.797
2024,19,PIA,1,MEDIUM,23,23,23,63.6,87.725
2024,19,PIA,1,MEDIUM,24,24,24,61.8,87.921
2024,19,PIA,1,MEDIUM,25,25,25,60.0,87.949
2024,19,PIA,1,MEDIUM,26,26,26,58.2,87.955
2024,19,PIA,1,MEDIUM,27,27,27,56.4,88.181
2024,19,PIA,2,HARD,1,28,1,54.6,86.135
2024,19,PIA,2,HARD,2,29,2,52.8,86.0
2024,19,PIA,2,HARD,3,30,3,51.0,86.121
2024,19,PIA,2,HARD,4,31,4,49.2,86.252
2024,19,PIA,2,HARD,5,32,5,47.4,86.191
2024,19,PIA,2,HARD,6,33,6,45.6,86.175
2024,19,PIA,2,HARD,7,34,7,43.8,86.22
2024,19,PIA,2,HARD,8,35,8,42.0,86.289
2024,19,PIA,2,HARD,9,36,9,40.2,86.206
2024,19,PIA,2,HARD,10,37,10,38.4,86.449
2024,19,PIA,2,HARD,11,38,11,36.6,86.401
2024,19,PIA,2,HARD,12,39,12,34.8,86.488
2024,19,PIA,2,HARD,13,40,13,33.0,86.523
2024,19,PIA,2,HARD,14,41,14,31.2,86.504
2024,19,PIA,2,HARD,15,42,15,29.4,86.642
2024,19,PIA,2,HARD,16,43,16,27.6,86.586
2024,19,PIA,2,HARD,17,44,17,25.8,86.778
2024,19,PIA,2,HARD,18,45,18,24.0,86.766
2024,19,PIA,2,HARD,19,46,19,22.2,86.903
2024,19,PIA,2,HARD,20,47,20,20.4,86.927
2024,19,PIA,2,HARD,21,48,21,18.6,86.772
2024,19,PIA,2,HARD,22,49,22,16.8,86.922
2024,19,PIA,2,HARD,23,50,23,15.0,87.161
2024,19,PIA,2,HARD,24,51,24,13.2,87.18
2024,19,PIA,2,HARD,25,52,25,11.4,87.154
2024,19,PIA,2,HARD,26,53,26,9.6,87.187
2024,19,PIA,2,HARD,27,54,27,7.8,87.201
2024,19,PIA,2,HARD,28,55,28,6.0,87.166
2024,19,RUS,1,MEDIUM,1,1,1,103.2,88.168
2024,19,RUS,1,MEDIUM,2,2,2,101.4,88.151
2024,19,RUS,1,MEDIUM,3,3,3,99.6,88.19
2024,19,RUS,1,MEDIUM,4,4,4,97.8,88.127
2024,19,RUS,1,MEDIUM,5,5,5,96.0,88.116
2024,19,RUS,1,MEDIUM,6,6,6,94.2,88.239
2024,19,RUS,1,MEDIUM,7,7,7,92.4,88.285
2024,19,RUS,1,MEDIUM,8,8,8,90.6,88.339
2024,19,RUS,1,MEDIUM,9,9,9,88.8,88.448
2024,19,RUS,1,MEDIUM,10,10,10,87.0,88.417
2024,19,RUS,1,MEDIUM,11,11,11,85.2,88.506
2024,19,RUS,1,MEDIUM,12,12,12,83.4,88.578
2024,19,RUS,1,MEDIUM,13,13,13,81.6,88.53
2024,19,RUS,1,MEDIUM,14,14,14,79.8,88.58
2024,19,RUS,1,MEDIUM,15,15,15,78.0,88.658
2024,19,RUS,1,MEDIUM,16,16,16,76.2,88.628
2024,19,RUS,1,MEDIUM,17,17,17,74.4,88.712
2024,19,RUS,1,MEDIUM,18,18,18,72.6,88.924
2024,19,RUS,1,MEDIUM,19,19,19,70.8,88.817
2024,19,RUS,1,MEDIUM,20,20,20,69.0,88.964
2024,19,RUS,1,MEDIUM,21,21,21,67.2,88.92
2024,19,RUS,1,MEDIUM,22,22,22,65.4,89.159
2024,19,RUS,1,MEDIUM,23,23,23,63.6,89.048
2024,19,RUS,1,MEDIUM,24,24,24,61.8,89.161
2024,19,RUS,1,MEDIUM,25,25,25,60.0,89.148
2024,19,RUS,1,MEDIUM,26,26,26,58.2,89.341
2024,19,RUS,1,MEDIUM,27,27,27,56.4,89.474
2024,19,RUS,2,HARD,1,28,1,54.6,87.173
2024,19,RUS,2,HARD,2,29,2,52.8,87.324
2024,19,RUS,2,HARD,3,30,3,51.0,87.315
2024,19,RUS,2,HARD,4,31,4,49.2,87.24
2024,19,RUS,2,HARD,5,32,5,47.4,87.404
2024,19,RUS,2,HARD,6,33,6,45.6,87.393
2024,19,RUS,2,HARD,7,34,7,43.8,87.312
2024,19,RUS,2,HARD,8,35,8,42.0,87.506
2024,19,RUS,2,HARD,9,36,9,40.2,87.472
2024,19,RUS,2,HARD,10,37,10,38.4,87.613
2024,19,RUS,2,HARD,11,38,11,36.6,87.496
2024,19,RUS,2,HARD,12,39,12,34.8,87.554
2024,19,RUS,2,HARD,13,40,13,33.0,87.689
2024,19,RUS,2,HARD,14,41,14,31.2,87.726
2024,19,RUS,2,HARD,15,42,15,29.4,87.709
2024,19,RUS,2,HARD,16,43,16,27.6,87.926
2024,19,RUS,2,HARD,17,44,17,25.8,87.975
2024,19,RUS,2,HARD,18,45,18,24.0,87.921
2024,19,RUS,2,HARD,19,46,19,22.2,88.108
2024,19,RUS,2,HARD,20,47,20,20.4,88.145
2024,19,RUS,2,HARD,21,48,21,18.6,88.094
2024,19,RUS,2,HARD,22,49,22,16.8,87.943
2024,19,RUS,2,HARD,23,50,23,15.0,88.236
2024,19,RUS,2,HARD,24,51,24,13.2,88.13
2024,19,RUS,2,HARD,25,52,25,11.4,88.336
2024,19,RUS,2,HARD,26,53,26,9.6,88.335
2024,19,RUS,2,HARD,27,54,27,7.8,88.404
2024,19,RUS,2,HARD,28,55,28,6.0,88.342
2024,20,SAI,1,MEDIUM,1,1,1,103.2,86.568
2024,20,SAI,1,MEDIUM,2,2,2,101.4,86.447
2024,20,SAI,1,MEDIUM,3,3,3,99.6,86.662
2024,20,SAI,1,MEDIUM,4,4,4,97.8,86.675
2024,20,SAI,1,MEDIUM,5,5,5,96.0,86.627
2024,20,SAI,1,MEDIUM,6,6,6,94.2,86.789
2024,20,SAI,1,MEDIUM,7,7,7,92.4,86.854
2024,20,SAI,1,MEDIUM,8,8,8,90.6,86.86
2024,20,SAI,1,MEDIUM,9,9,9,88.8,86.779
2024,20,SAI,1,MEDIUM,10,10,10,87.0,86.835
2024,20,SAI,1,MEDIUM,11,11,11,85.2,86.936
2024,20,SAI,1,MEDIUM,12,12,12,83.4,86.988
2024,20,SAI,1,MEDIUM,13,13,13,81.6,87.168
2024,20,SAI,1,MEDIUM,14,14,14,79.8,86.979
2024,20,SAI,1,MEDIUM,15,15,15,78.0,87.173
2024,20,SAI,1,MEDIUM,16,16,16,76.2,87.109
2024,20,SAI,1,MEDIUM,17,17,17,74.4,87.278
2024,20,SAI,1,MEDIUM,18,18,18,72.6,87.395
2024,20,SAI,1,MEDIUM,19,19,19,70.8,87.502
2024,20,SAI,1,MEDIUM,20,20,20,69.0,87.299
2024,20,SAI,1,MEDIUM,21,21,21,67.2,87.585
2024,20,SAI,1,MEDIUM,22,22,22,65.4,87.515
2024,20,SAI,1,MEDIUM,23,23,23,63.6,87.482
2024,20,SAI,1,MEDIUM,24,24,24,61.8,87.638
2024,20,SAI,1,MEDIUM,25,25,25,60.0,87.671
2024,20,SAI,1,MEDIUM,26,26,26,58.2,87.73
2024,20,SAI,1,MEDIUM,27,27,27,56.4,87.789
2024,20,SAI,2,HARD,1,28,1,54.6,85.856
2024,20,SAI,2,HARD,2,29,2,52.8,85.579
2024,20,SAI,2,HARD,3,30,3,51.0,85.673
2024,20,SAI,2,HARD,4,31,4,49.2,85.789
2024,20,SAI,2,HARD,5,32,5,47.4,85.694
2024,20,SAI,2,HARD,6,33,6,45.6,85.988
2024,20,SAI,2,HARD,7,34,7,43.8,85.916
2024,20,SAI,2,HARD,8,35,8,42.0,85.922
2024,20,SAI,2,HARD,9,36,9,40.2,85.988
2024,20,SAI,2,HARD,10,37,10,38.4,86.06
2024,20,SAI,2,HARD,11,38,11,36.6,86.122
2024,20,SAI,2,HARD,12,39,12,34.8,86.19
2024,20,SAI,2,HARD,13,40,13,33.0,86.151
2024,20,SAI,2,HARD,14,41,14,31.2,86.248
2024,20,SAI,2,HARD,15,42,15,29.4,86.332
2024,20,SAI,2,HARD,16,43,16,27.6,86.458
2024,20,SAI,2,HARD,17,44,17,25.8,86.421
2024,20,SAI,2,HARD,18,45,18,24.0,86.418
2024,20,SAI,2,HARD,19,46,19,22.2,86.41
2024,20,SAI,2,HARD,20,47,20,20.4,86.488
2024,20,SAI,2,HARD,21,48,21,18.6,86.569
2024,20,SAI,2,HARD,22,49,22,16.8,86.574
2024,20,SAI,2,HARD,23,50,23,15.0,86.743
2024,20,SAI,2,HARD,24,51,24,13.2,86.837
2024,20,SAI,2,HARD,25,52,25,11.4,86.864
2024,20,SAI,2,HARD,26,53,26,9.6,86.855
2024,20,SAI,2,HARD,27,54,27,7.8,86.797
2024,20,SAI,2,HARD,28,55,28,6.0,86.87
2024,20,VER,1,MEDIUM,1,1,1,103.2,86.816
2024,20,VER,1,MEDIUM,2,2,2,101.4,86.863
2024,20,VER,1,MEDIUM,3,3,3,99.6,86.644
2024,20,VER,1,MEDIUM,4,4,4,97.8,86.764
2024,20,VER,1,MEDIUM,5,5,5,96.0,86.842
2024,20,VER,1,MEDIUM,6,6,6,94.2,86.798
2024,20,VER,1,MEDIUM,7,7,7,92.4,86.859
2024,20,VER,1,MEDIUM,8,8,8,90.6,86.956
2024,20,VER,1,MEDIUM,9,9,9,88.8,86.871
2024,20,VER,1,MEDIUM,10,10,10,87.0,87.058
2024,20,VER,1,MEDIUM,11,11,11,85.2,87.137
2024,20,VER,1,MEDIUM,12,12,12,83.4,87.153
2024,20,VER,1,MEDIUM,13,13,13,81.6,87.095
2024,20,VER,1,MEDIUM,14,14,14,79.8,87.143
2024,20,VER,1,MEDIUM,15,15,15,78.0,87.076
2024,20,VER,1,MEDIUM,16,16,16,76.2,87.205
2024,20,VER,1,MEDIUM,17,17,17,74.4,87.309
2024,20,VER,1,MEDIUM,18,18,18,72.6,87.296
2024,20,VER,1,MEDIUM,19,19,19,70.8,87.409
2024,20,VER,1,MEDIUM,20,20,20,69.0,87.414
2024,20,VER,1,MEDIUM,21,21,21,67.2,87.533
2024,20,VER,1,MEDIUM,22,22,22,65.4,87.6
2024,20,VER,1,MEDIUM,23,23,23,63.6,87.562
2024,20,VER,1,MEDIUM,24,24,24,61.8,87.793
2024,20,VER,1,MEDIUM,25,25,25,60.0,87.685
2024,20,VER,1,MEDIUM,26,26,26,58.2,87.854
2024,20,VER,1,MEDIUM,27,27,27,56.4,87.936
2024,20,VER,2,HARD,1,28,1,54.6,85.807
2024,20,VER,2,HARD,2,29,2,52.8,85.848
2024,20,VER,2,HARD,3,30,3,51.0,85.959
2024,20,VER,2,HARD,4,31,4,49.2,85.747
2024,20,VER,2,HARD,5,32,5,47.4,85.926
2024,20,VER,2,HARD,6,33,6,45.6,86.087
2024,20,VER,2,HARD,7,34,7,43.8,85.955
2024,20,VER,2,HARD,8,35,8,42.0,86.158
2024,20,VER,2,HARD,9,36,9,40.2,86.066
2024,20,VER,2,HARD,10,37,10,38.4,86.089
2024,20,VER,2,HARD,11,38,11,36.6,86.142
2024,20,VER,2,HARD,12,39,12,34.8,86.227
2024,20,VER,2,HARD,13,40,13,33.0,86.315
2024,20,VER,2,HARD,14,41,14,31.2,86.361
2024,20,VER,2,HARD,15,42,15,29.4,86.334
2024,20,VER,2,HARD,16,43,16,27.6,86.342
2024,20,VER,2,HARD,17,44,17,25.8,86.442
2024,20,VER,2,HARD,18,45,18,24.0,86.521
2024,20,VER,2,HARD,19,46,19,22.2,86.489
2024,20,VER,2,HARD,20,47,20,20.4,86.536
2024,20,VER,2,HARD,21,48,21,18.6,86.621
2024,20,VER,2,HARD,22,49,22,16.8,86.707
2024,20,VER,2,HARD,23,50,23,15.0,86.737
2024,20,VER,2,HARD,24,51,24,13.2,86.855
2024,20,VER,2,HARD,25,52,25,11.4,87.005
2024,20,VER,2,HARD,26,53,26,9.6,86.902
2024,20,VER,2,HARD,27,54,27,7.8,86.961
2024,20,VER,2,HARD,28,55,28,6.0,86.971
2024,20,NOR,1,MEDIUM,1,1,1,103.2,86.796
2024,20,NOR,1,MEDIUM,2,2,2,101.4,86.853
2024,20,NOR,1,MEDIUM,3,3,3,99.6,86.869
2024,20,NOR,1,MEDIUM,4,4,4,97.8,86.961
2024,20,NOR,1,MEDIUM,5,5,5,96.0,86.88
2024,20,NOR,1,MEDIUM,6,6,6,94.2,87.008
2024,20,NOR,1,MEDIUM,7,7,7,92.4,86.904
2024,20,NOR,1,MEDIUM,8,8,8,90.6,87.144
2024,20,NOR,1,MEDIUM,9,9,9,88.8,87.051
2024,20,NOR,1,MEDIUM,10,10,10,87.0,87.16
2024,20,NOR,1,MEDIUM,11,11,11,85.2,87.264
2024,20,NOR,1,MEDIUM,12,12,12,83.4,87.242
2024,20,NOR,1,MEDIUM,13,13,13,81.6,87.288
2024,20,NOR,1,MEDIUM,14,14,14,79.8,87.307
2024,20,NOR,1,MEDIUM,15,15,15,78.0,87.244
2024,20,NOR,1,MEDIUM,16,16,16,76.2,87.394
2024,20,NOR,1,MEDIUM,17,17,17,74.4,87.545
2024,20,NOR,1,MEDIUM,18,18,18,72.6,87.634
2024,20,NOR,1,MEDIUM,19,19,19,70.8,87.606
2024,20,NOR,1,MEDIUM,20,20,20,69.0,87.613
2024,20,NOR,1,MEDIUM,21,21,21,67.2,87.763
2024,20,NOR,1,MEDIUM,22,22,22,65.4,87.587
2024,20,NOR,1,MEDIUM,23,23,23,63.6,87.631
2024,20,NOR,1,MEDIUM,24,24,24,61.8,87.736
2024,20,NOR,1,MEDIUM,25,25,25,60.0,87.833
2024,20,NOR,1,MEDIUM,26,26,26,58.2,87.915
2024,20,NOR,1,MEDIUM,27,27,27,56.4,87.866
2024,20,NOR,2,HARD,1,28,1,54.6,85.93
2024,20,NOR,2,HARD,2,29,2,52.8,85.885
2024,20,NOR,2,HARD,3,30,3,51.0,85.993
2024,20,NOR,2,HARD,4,31,4,49.2,86.027
2024,20,NOR,2,HARD,5,32,5,47.4,85.93
2024,20,NOR,2,HARD,6,33,6,45.6,86.12
2024,20,NOR,2,HARD,7,34,7,43.8,86.098
2024,20,NOR,2,HARD,8,35,8,42.0,86.036
2024,20,NOR,2,HARD,9,36,9,40.2,86.085
2024,20,NOR,2,HARD,10,37,10,38.4,86.106
2024,20,NOR,2,HARD,11,38,11,36.6,86.198
2024,20,NOR,2,HARD,12,39,12,34.8,86.317
2024,20,NOR,2,HARD,13,40,13,33.0,86.209
2024,20,NOR,2,HARD,14,41,14,31.2,86.441
2024,20,NOR,2,HARD,15,42,15,29.4,86.43
2024,20,NOR,2,HARD,16,43,16,27.6,86.607
2024,20,NOR,2,HARD,17,44,17,25.8,86.538
2024,20,NOR,2,HARD,18,45,18,24.0,86.506
2024,20,NOR,2,HARD,19,46,19,22.2,86.675
2024,20,NOR,2,HARD,20,47,20,20.4,86.735
2024,20,NOR,2,HARD,21,48,21,18.6,86.745
2024,20,NOR,2,HARD,22,49,22,16.8,86.835
2024,20,NOR,2,HARD,23,50,23,15.0,86.899
2024,20,NOR,2,HARD,24,51,24,13.2,86.765
2024,20,NOR,2,HARD,25,52,25,11.4,86.884
2024,20,NOR,2,HARD,26,53,26,9.6,87.047
2024,20,NOR,2,HARD,27,54,27,7.8,87.096
2024,20,NOR,2,HARD,28,55,28,6.0,87.16
2024,20,LEC,1,MEDIUM,1,1,1,103.2,86.826
2024,20,LEC,1,MEDIUM,2,2,2,101.4,86.863
2024,20,LEC,1,MEDIUM,3,3,3,99.6,86.887
2024,20,LEC,1,MEDIUM,4,4,4,97.8,86.896
2024,20,LEC,1,MEDIUM,5,5,5,96.0,87.023
2024,20,LEC,1,MEDIUM,6,6,6,94.2,87.01
2024,20,LEC,1,MEDIUM,7,7,7,92.4,87.123
2024,20,LEC,1,MEDIUM,8,8,8,90.6,87.18
2024,20,LEC,1,MEDIUM,9,9,9,88.8,87.147
2024,20,LEC,1,MEDIUM,10,10,10,87.0,87.197
2024,20,LEC,1,MEDIUM,11,11,11,85.2,87.153
2024,20,LEC,1,MEDIUM,12,12,12,83.4,87.146
2024,20,LEC,1,MEDIUM,13,13,13,81.6,87.284
2024,20,LEC,1,MEDIUM,14,14,14,79.8,87.381
2024,20,LEC,1,MEDIUM,15,15,15,78.0,87.407
2024,20,LEC,1,MEDIUM,16,16,16,76.2,87.355
2024,20,LEC,1,MEDIUM,17,17,17,74.4,87.433
2024,20,LEC,1,MEDIUM,18,18,18,72.6,87.571
2024,20,LEC,1,MEDIUM,19,19,19,70.8,87.608
2024,20,LEC,1,MEDIUM,20,20,20,69.0,87.672
2024,20,LEC,1,MEDIUM,21,21,21,67.2,87.795
2024,20,LEC,1,MEDIUM,22,22,22,65.4,87.685
2024,20,LEC,1,MEDIUM,23,23,23,63.6,87.915
2024,20,LEC,1,MEDIUM,24,24,24,61.8,87.907
2024,20,LEC,1,MEDIUM,25,25,25,60.0,88.011
2024,20,LEC,1,MEDIUM,26,26,26,58.2,87.959
2024,20,LEC,1,MEDIUM,27,27,27,56.4,88.042
2024,20,LEC,2,HARD,1,28,1,54.6,86.018
2024,20,LEC,2,HARD,2,29,2,52.8,85.823
2024,20,LEC,2,HARD,3,30,3,51.0,86.031
2024,20,LEC,2,HARD,4,31,4,49.2,86.151
2024,20,LEC,2,HARD,5,32,5,47.4,86.069
2024,20,LEC,2,HARD,6,33,6,45.6,86.16
2024,20,LEC,2,HARD,7,34,7,43.8,86.252
2024,20,LEC,2,HARD,8,35,8,42.0,86.18
2024,20,LEC,2,HARD,9,36,9,40.2,86.298
2024,20,LEC,2,HARD,10,37,10,38.4,86.384
2024,20,LEC,2,HARD,11,38,11,36.6,86.357
2024,20,LEC,2,HARD,12,39,12,34.8,86.554
2024,20,LEC,2,HARD,13,40,13,33.0,86.277
2024,20,LEC,2,HARD,14,41,14,31.2,86.365
2024,20,LEC,2,HARD,15,42,15,29.4,86.517
2024,20,LEC,2,HARD,16,43,16,27.6,86.575
2024,20,LEC,2,HARD,17,44,17,25.8,86.507
2024,20,LEC,2,HARD,18,45,18,24.0,86.453
2024,20,LEC,2,HARD,19,46,19,22.2,86.614
2024,20,LEC,2,HARD,20,47,20,20.4,86.799
2024,20,LEC,2,HARD,21,48,21,18.6,86.689
2024,20,LEC,2,HARD,22,49,22,16.8,86.999
2024,20,LEC,2,HARD,23,50,23,15.0,86.987
2024,20,LEC,2,HARD,24,51,24,13.2,86.87
2024,20,LEC,2,HARD,25,52,25,11.4,86.994
2024,20,LEC,2,HARD,26,53,26,9.6,87.038
2024,20,LEC,2,HARD,27,54,27,7.8,87.114
2024,20,LEC,2,HARD,28,55,28,6.0,87.111
2024,20,RUS,1,MEDIUM,1,1,1,103.2,86.872
2024,20,RUS,1,MEDIUM,2,2,2,101.4,86.915
2024,20,RUS,1,MEDIUM,3,3,3,99.6,86.794
2024,20,RUS,1,MEDIUM,4,4,4,97.8,86.986
2024,20,RUS,1,MEDIUM,5,5,5,96.0,87.1
2024,20,RUS,1,MEDIUM,6,6,6,94.2,87.086
2024,20,RUS,1,MEDIUM,7,7,7,92.4,87.13
2024,20,RUS,1,MEDIUM,8,8,8,90.6,87.215
2024,20,RUS,1,MEDIUM,9,9,9,88.8,87.186
2024,20,RUS,1,MEDIUM,10,10,10,87.0,87.317
2024,20,RUS,1,MEDIUM,11,11,11,85.2,87.309
2024,20,RUS,1,MEDIUM,12,12,12,83.4,87.417
2024,20,RUS,1,MEDIUM,13,13,13,81.6,87.388
2024,20,RUS,1,MEDIUM,14,14,14,79.8,87.469
2024,20,RUS,1,MEDIUM,15,15,15,78.0,87.403
2024,20,RUS,1,MEDIUM,16,16,16,76.2,87.626
2024,20,RUS,1,MEDIUM,17,17,17,74.4,87.645
2024,20,RUS,1,MEDIUM,18,18,18,72.6,87.691
2024,20,RUS,1,MEDIUM,19,19,19,70.8,87.755
2024,20,RUS,1,MEDIUM,20,20,20,69.0,87.878
2024,20,RUS,1,MEDIUM,21,21,21,67.2,87.713
2024,20,RUS,1,MEDIUM,22,22,22,65.4,87.837
2024,20,RUS,1,MEDIUM,23,23,23,63.6,87.98
2024,20,RUS,1,MEDIUM,24,24,24,61.8,88.089
2024,20,RUS,1,MEDIUM,25,25,25,60.0,87.962
2024,20,RUS,1,MEDIUM,26,26,26,58.2,88.005
2024,20,RUS,1,MEDIUM,27,27,27,56.4,88.167
2024,20,RUS,2,HARD,1,28,1,54.6,85.959
2024,20,RUS,2,HARD,2,29,2,52.8,86.231
2024,20,RUS,2,HARD,3,30,3,51.0,86.145
2024,20,RUS,2,HARD,4,31,4,49.2,86.128
2024,20,RUS,2,HARD,5,32,5,47.4,86.003
2024,20,RUS,2,HARD,6,33,6,45.6,86.245
2024,20,RUS,2,HARD,7,34,7,43.8,86.225
2024,20,RUS,2,HARD,8,35,8,42.0,86.1
2024,20,RUS,2,HARD,9,36,9,40.2,86.294
2024,20,RUS,2,HARD,10,37,10,38.4,86.321
2024,20,RUS,2,HARD,11,38,11,36.6,86.351
2024,20,RUS,2,HARD,12,39,12,34.8,86.533
2024,20,RUS,2,HARD,13,40,13,33.0,86.549
2024,20,RUS,2,HARD,14,41,14,31.2,86.492
2024,20,RUS,2,HARD,15,42,15,29.4,86.628
2024,20,RUS,2,HARD,16,43,16,27.6,86.625
2024,20,RUS,2,HARD,17,44,17,25.8,86.645
2024,20,RUS,2,HARD,18,45,18,24.0,86.789
2024,20,RUS,2,HARD,19,46,19,22.2,86.823
2024,20,RUS,2,HARD,20,47,20,20.4,86.844
2024,20,RUS,2,HARD,21,48,21,18.6,86.982
2024,20,RUS,2,HARD,22,49,22,16.8,86.853
2024,20,RUS,2,HARD,23,50,23,15.0,86.974
2024,20,RUS,2,HARD,24,51,24,13.2,87.08
2024,20,RUS,2,HARD,25,52,25,11.4,87.146
2024,20,RUS,2,HARD,26,53,26,9.6,87.152
2024,20,RUS,2,HARD,27,54,27,7.8,87.143
2024,20,RUS,2,HARD,28,55,28,6.0,87.246
2024,20,HAM,1,MEDIUM,1,1,1,103.2,87.035
2024,20,HAM,1,MEDIUM,2,2,2,101.4,87.016
2024,20,HAM,1,MEDIUM,3,3,3,99.6,87.141
2024,20,HAM,1,MEDIUM,4,4,4,97.8,87.155
2024,20,HAM,1,MEDIUM,5,5,5,96.0,87.074
2024,20,HAM,1,MEDIUM,6,6,6,94.2,87.229
2024,20,HAM,1,MEDIUM,7,7,7,92.4,87.347
2024,20,HAM,1,MEDIUM,8,8,8,90.6,87.314
2024,20,HAM,1,MEDIUM,9,9,9,88.8,87.184
2024,20,HAM,1,MEDIUM,10,10,10,87.0,87.337
2024,20,HAM,1,MEDIUM,11,11,11,85.2,87.316
2024,20,HAM,1,MEDIUM,12,12,12,83.4,87.503
2024,20,HAM,1,MEDIUM,13,13,13,81.6,87.54
2024,20,HAM,1,MEDIUM,14,14,14,79.8,87.613
2024,20,HAM,1,MEDIUM,15,15,15,78.0,87.561
2024,20,HAM,1,MEDIUM,16,16,16,76.2,87.73
2024,20,HAM,1,MEDIUM,17,17,17,74.4,87.688
2024,20,HAM,1,MEDIUM,18,18,18,72.6,87.763
2024,20,HAM,1,MEDIUM,19,19,19,70.8,88.022
2024,20,HAM,1,MEDIUM,20,20,20,69.0,87.775
2024,20,HAM,1,MEDIUM,21,21,21,67.2,87.882
2024,20,HAM,1,MEDIUM,22,22,22,65.4,87.879
2024,20,HAM,1,MEDIUM,23,23,23,63.6,87.937
2024,20,HAM,1,MEDIUM,24,24,24,61.8,88.081
2024,20,HAM,1,MEDIUM,25,25,25,60.0,88.16
2024,20,HAM,1,MEDIUM,26,26,26,58.2,88.099
2024,20,HAM,1,MEDIUM,27,27,27,56.4,88.242
2024,20,HAM,2,HARD,1,28,1,54.6,86.113
2024,20,HAM,2,HARD,2,29,2,52.8,86.144
2024,20,HAM,2,HARD,3,30,3,51.0,86.179
2024,20,HAM,2,HARD,4,31,4,49.2,86.192
2024,20,HAM,2,HARD,5,32,5,47.4,86.211
2024,20,HAM,2,HARD,6,33,6,45.6,86.157
2024,20,HAM,2,HARD,7,34,7,43.8,86.445
2024,20,HAM,2,HARD,8,35,8,42.0,86.184
2024,20,HAM,2,HARD,9,36,9,40.2,86.388
2024,20,HAM,2,HARD,10,37,10,38.4,86.489
2024,20,HAM,2,HARD,11,38,11,36.6,86.401
2024,20,HAM,2,HARD,12,39,12,34.8,86.453
2024,20,HAM,2,HARD,13,40,13,33.0,86.667
2024,20,HAM,2,HARD,14,41,14,31.2,86.654
2024,20,HAM,2,HARD,15,42,15,29.4,86.814
2024,20,HAM,2,HARD,16,43,16,27.6,86.885
2024,20,HAM,2,HARD,17,44,17,25.8,86.724
2024,20,HAM,2,HARD,18,45,18,24.0,86.856
2024,20,HAM,2,HARD,19,46,19,22.2,86.859
2024,20,HAM,2,HARD,20,47,20,20.4,86.808
2024,20,HAM,2,HARD,21,48,21,18.6,86.996
2024,20,HAM,2,HARD,22,49,22,16.8,87.116
2024,20,HAM,2,HARD,23,50,23,15.0,86.87
2024,20,HAM,2,HARD,24,51,24,13.2,87.184
2024,20,HAM,2,HARD,25,52,25,11.4,87.069
2024,20,HAM,2,HARD,26,53,26,9.6,87.309
2024,20,HAM,2,HARD,27,54,27,7.8,87.37
2024,20,HAM,2,HARD,28,55,28,6.0,87.314
2024,21,NOR,1,MEDIUM,1,1,1,103.2,86.58
2024,21,NOR,1,MEDIUM,2,2,2,101.4,86.611
2024,21,NOR,1,MEDIUM,3,3,3,99.6,86.781
2024,21,NOR,1,MEDIUM,4,4,4,97.8,86.647
2024,21,NOR,1,MEDIUM,5,5,5,96.0,86.804
2024,21,NOR,1,MEDIUM,6,6,6,94.2,86.874
2024,21,NOR,1,MEDIUM,7,7,7,92.4,86.826
2024,21,NOR,1,MEDIUM,8,8,8,90.6,86.814
2024,21,NOR,1,MEDIUM,9,9,9,88.8,86.871
2024,21,NOR,1,MEDIUM,10,10,10,87.0,86.88
2024,21,NOR,1,MEDIUM,11,11,11,85.2,87.064
2024,21,NOR,1,MEDIUM,12,12,12,83.4,87.097
2024,21,NOR,1,MEDIUM,13,13,13,81.6,87.146
2024,21,NOR,1,MEDIUM,14,14,14,79.8,86.939
2024,21,NOR,1,MEDIUM,15,15,15,78.0,87.129
2024,21,NOR,1,MEDIUM,16,16,16,76.2,87.154
2024,21,NOR,1,MEDIUM,17,17,17,74.4,87.179
2024,21,NOR,1,MEDIUM,18,18,18,72.6,87.168
2024,21,NOR,1,MEDIUM,19,19,19,70.8,87.442
2024,21,NOR,1,MEDIUM,20,20,20,69.0,87.496
2024,21,NOR,1,MEDIUM,21,21,21,67.2,87.362
2024,21,NOR,1,MEDIUM,22,22,22,65.4,87.429
2024,21,NOR,1,MEDIUM,23,23,23,63.6,87.518
2024,21,NOR,1,MEDIUM,24,24,24,61.8,87.65
2024,21,NOR,1,MEDIUM,25,25,25,60.0,87.705
2024,21,NOR,1,MEDIUM,26,26,26,58.2,87.794
2024,21,NOR,1,MEDIUM,27,27,27,56.4,87.791
2024,21,NOR,2,HARD,1,28,1,54.6,85.712
2024,21,NOR,2,HARD,2,29,2,52.8,85.715
2024,21,NOR,2,HARD,3,30,3,51.0,85.822
2024,21,NOR,2,HARD,4,31,4,49.2,85.718
2024,21,NOR,2,HARD,5,32,5,47.4,85.956
2024,21,NOR,2,HARD,6,33,6,45.6,85.991
2024,21,NOR,2,HARD,7,34,7,43.8,85.893
2024,21,NOR,2,HARD,8,35,8,42.0,86.061
2024,21,NOR,2,HARD,9,36,9,40.2,85.901
2024,21,NOR,2,HARD,10,37,10,38.4,86.025
2024,21,NOR,2,HARD,11,38,11,36.6,86.154
2024,21,NOR,2,HARD,12,39,12,34.8,86.19
2024,21,NOR,2,HARD,13,40,13,33.0,86.224
2024,21,NOR,2,HARD,14,41,14,31.2,86.241
2024,21,NOR,2,HARD,15,42,15,29.4,86.226
2024,21,NOR,2,HARD,16,43,16,27.6,86.436
2024,21,NOR,2,HARD,17,44,17,25.8,86.544
2024,21,NOR,2,HARD,18,45,18,24.0,86.43
2024,21,NOR,2,HARD,19,46,19,22.2,86.401
2024,21,NOR,2,HARD,20,47,20,20.4,86.599
2024,21,NOR,2,HARD,21,48,21,18.6,86.662
2024,21,NOR,2,HARD,22,49,22,16.8,86.757
2024,21,NOR,2,HARD,23,50,23,15.0,86.555
2024,21,NOR,2,HARD,24,51,24,13.2,86.731
2024,21,NOR,2,HARD,25,52,25,11.4,86.716
2024,21,NOR,2,HARD,26,53,26,9.6,86.717
2024,21,NOR,2,HARD,27,54,27,7.8,86.823
2024,21,NOR,2,HARD,28,55,28,6.0,86.963
2024,21,RUS,1,MEDIUM,1,1,1,103.2,86.648
2024,21,RUS,1,MEDIUM,2,2,2,101.4,86.56
2024,21,RUS,1,MEDIUM,3,3,3,99.6,86.859
2024,21,RUS,1,MEDIUM,4,4,4,97.8,86.667
2024,21,RUS,1,MEDIUM,5,5,5,96.0,86.713
2024,21,RUS,1,MEDIUM,6,6,6,94.2,86.871
2024,21,RUS,1,MEDIUM,7,7,7,92.4,86.881
2024,21,RUS,1,MEDIUM,8,8,8,90.6,86.973
2024,21,RUS,1,MEDIUM,9,9,9,88.8,86.871
2024,21,RUS,1,MEDIUM,10,10,10,87.0,87.005
2024,21,RUS,1,MEDIUM,11,11,11,85.2,87.131
2024,21,RUS,1,MEDIUM,12,12,12,83.4,87.02
2024,21,RUS,1,MEDIUM,13,13,13,81.6,87.158
2024,21,RUS,1,MEDIUM,14,14,14,79.8,87.155
2024,21,RUS,1,MEDIUM,15,15,15,78.0,87.335
2024,21,RUS,1,MEDIUM,16,16,16,76.2,87.232
2024,21,RUS,1,MEDIUM,17,17,17,74.4,87.442
2024,21,RUS,1,MEDIUM,18,18,18,72.6,87.207
2024,21,RUS,1,MEDIUM,19,19,19,70.8,87.515
2024,21,RUS,1,MEDIUM,20,20,20,69.0,87.494
2024,21,RUS,1,MEDIUM,21,21,21,67.2,87.609
2024,21,RUS,1,MEDIUM,22,22,22,65.4,87.565
2024,21,RUS,1,MEDIUM,23,23,23,63.6,87.597
2024,21,RUS,1,MEDIUM,24,24,24,61.8,87.694
2024,21,RUS,1,MEDIUM,25,25,25,60.0,87.486
2024,21,RUS,1,MEDIUM,26,26,26,58.2,87.739
2024,21,RUS,1,MEDIUM,27,27,27,56.4,87.904
2024,21,RUS,2,HARD,1,28,1,54.6,85.63
2024,21,RUS,2,HARD,2,29,2,52.8,85.838
2024,21,RUS,2,HARD,3,30,3,51.0,85.818
2024,21,RUS,2,HARD,4,31,4,49.2,85.807
2024,21,RUS,2,HARD,5,32,5,47.4,85.833
2024,21,RUS,2,HARD,6,33,6,45.6,86.058
2024,21,RUS,2,HARD,7,34,7,43.8,86.03
2024,21,RUS,2,HARD,8,35,8,42.0,86.082
2024,21,RUS,2,HARD,9,36,9,40.2,86.143
2024,21,RUS,2,HARD,10,37,10,38.4,86.098
2024,21,RUS,2,HARD,11,38,11,36.6,86.26
2024,21,RUS,2,HARD,12,39,12,34.8,86.194
2024,21,RUS,2,HARD,13,40,13,33.0,86.307
2024,21,RUS,2,HARD,14,41,14,31.2,86.34
2024,21,RUS,2,HARD,15,42,15,29.4,86.402
2024,21,RUS,2,HARD,16,43,16,27.6,86.474
2024,21,RUS,2,HARD,17,44,17,25.8,86.441
2024,21,RUS,2,HARD,18,45,18,24.0,86.51
2024,21,RUS,2,HARD,19,46,19,22.2,86.624
2024,21,RUS,2,HARD,20,47,20,20.4,86.634
2024,21,RUS,2,HARD,21,48,21,18.6,86.76
2024,21,RUS,2,HARD,22,49,22,16.8,86.654
2024,21,RUS,2,HARD,23,50,23,15.0,86.677
2024,21,RUS,2,HARD,24,51,24,13.2,86.908
2024,21,RUS,2,HARD,25,52,25,11.4,86.786
2024,21,RUS,2,HARD,26,53,26,9.6,86.852
2024,21,RUS,2,HARD,27,54,27,7.8,86.9
2024,21,RUS,2,HARD,28,55,28,6.0,86.977
2024,21,OCO,1,MEDIUM,1,1,1,103.2,86.989
2024,21,OCO,1,MEDIUM,2,2,2,101.4,86.921
2024,21,OCO,1,MEDIUM,3,3,3,99.6,86.926
2024,21,OCO,1,MEDIUM,4,4,4,97.8,87.05
2024,21,OCO,1,MEDIUM,5,5,5,96.0,87.014
2024,21,OCO,1,MEDIUM,6,6,6,94.2,87.132
2024,21,OCO,1,MEDIUM,7,7,7,92.4,86.906
2024,21,OCO,1,MEDIUM,8,8,8,90.6,86.955
2024,21,OCO,1,MEDIUM,9,9,9,88.8,87.087
2024,21,OCO,1,MEDIUM,10,10,10,87.0,87.288
2024,21,OCO,1,MEDIUM,11,11,11,85.2,87.221
2024,21,OCO,1,MEDIUM,12,12,12,83.4,87.264
2024,21,OCO,1,MEDIUM,13,13,13,81.6,87.408
2024,21,OCO,1,MEDIUM,14,14,14,79.8,87.343
2024,21,OCO,1,MEDIUM,15,15,15,78.0,87.281
2024,21,OCO,1,MEDIUM,16,16,16,76.2,87.448
2024,21,OCO,1,MEDIUM,17,17,17,74.4,87.418
2024,21,OCO,1,MEDIUM,18,18,18,72.6,87.594
2024,21,OCO,1,MEDIUM,19,19,19,70.8,87.556
2024,21,OCO,1,MEDIUM,20,20,20,69.0,87.706
2024,21,OCO,1,MEDIUM,21,21,21,67.2,87.58
2024,21,OCO,1,MEDIUM,22,22,22,65.4,87.825
2024,21,OCO,1,MEDIUM,23,23,23,63.6,87.774
2024,21,OCO,1,MEDIUM,24,24,24,61.8,87.856
2024,21,OCO,1,MEDIUM,25,25,25,60.0,87.758
2024,21,OCO,1,MEDIUM,26,26,26,58.2,87.955
2024,21,OCO,1,MEDIUM,27,27,27,56.4,87.962
2024,21,OCO,2,HARD,1,28,1,54.6,85.896
2024,21,OCO,2,HARD,2,29,2,52.8,86.007
2024,21,OCO,2,HARD,3,30,3,51.0,85.946
2024,21,OCO,2,HARD,4,31,4,49.2,85.987
2024,21,OCO,2,HARD,5,32,5,47.4,85.999
2024,21,OCO,2,HARD,6,33,6,45.6,86.229
2024,21,OCO,2,HARD,7,34,7,43.8,86.05
2024,21,OCO,2,HARD,8,35,8,42.0,86.23
2024,21,OCO,2,HARD,9,36,9,40.2,86.2
2024,21,OCO,2,HARD,10,37,10,38.4,86.178
2024,21,OCO,2,HARD,11,38,11,36.6,86.337
2024,21,OCO,2,HARD,12,39,12,34.8,86.391
2024,21,OCO,2,HARD,13,40,13,33.0,86.572
2024,21,OCO,2,HARD,14,41,14,31.2,86.465
2024,21,OCO,2,HARD,15,42,15,29.4,86.374
2024,21,OCO,2,HARD,16,43,16,27.6,86.567
2024,21,OCO,2,HARD,17,44,17,25.8,86.75
2024,21,OCO,2,HARD,18,45,18,24.0,86.8
2024,21,OCO,2,HARD,19,46,19,22.2,86.832
2024,21,OCO,2,HARD,20,47,20,20.4,86.715
2024,21,OCO,2,HARD,21,48,21,18.6,86.882
2024,21,OCO,2,HARD,22,49,22,16.8,86.938
2024,21,OCO,2,HARD,23,50,23,15.0,86.914
2024,21,OCO,2,HARD,24,51,24,13.2,86.944
2024,21,OCO,2,HARD,25,52,25,11.4,86.815
2024,21,OCO,2,HARD,26,53,26,9.6,87.054
2024,21,OCO,2,HARD,27,54,27,7.8,87.123
2024,21,OCO,2,HARD,28,55,28,6.0,87.257
2024,21,LEC,1,MEDIUM,1,1,1,103.2,87.126
2024,21,LEC,1,MEDIUM,2,2,2,101.4,87.087
2024,21,LEC,1,MEDIUM,3,3,3,99.6,87.1
2024,21,LEC,1,MEDIUM,4,4,4,97.8,87.148
2024,21,LEC,1,MEDIUM,5,5,5,96.0,87.27
2024,21,LEC,1,MEDIUM,6,6,6,94.2,87.283
2024,21,LEC,1,MEDIUM,7,7,7,92.4,87.301
2024,21,LEC,1,MEDIUM,8,8,8,90.6,87.246
2024,21,LEC,1,MEDIUM,9,9,9,88.8,87.266
2024,21,LEC,1,MEDIUM,10,10,10,87.0,87.485
2024,21,LEC,1,MEDIUM,11,11,11,85.2,87.395
2024,21,LEC,1,MEDIUM,12,12,12,83.4,87.632
2024,21,LEC,1,MEDIUM,13,13,13,81.6,87.382
2024,21,LEC,1,MEDIUM,14,14,14,79.8,87.504
2024,21,LEC,1,MEDIUM,15,15,15,78.0,87.561
2024,21,LEC,1,MEDIUM,16,16,16,76.2,87.596
2024,21,LEC,1,MEDIUM,17,17,17,74.4,87.774
2024,21,LEC,1,MEDIUM,18,18,18,72.6,87.589
2024,21,LEC,1,MEDIUM,19,19,19,70.8,87.698
2024,21,LEC,1,MEDIUM,20,20,20,69.0,87.957
2024,21,LEC,1,MEDIUM,21,21,21,67.2,87.996
2024,21,LEC,1,MEDIUM,22,22,22,65.4,87.855
2024,21,LEC,1,MEDIUM,23,23,23,63.6,87.985
2024,21,LEC,1,MEDIUM,24,24,24,61.8,88.023
2024,21,LEC,1,MEDIUM,25,25,25,60.0,88.056
2024,21,LEC,1,MEDIUM,26,26,26,58.2,88.164
2024,21,LEC,1,MEDIUM,27,27,27,56.4,88.1
2024,21,LEC,2,HARD,1,28,1,54.6,86.129
2024,21,LEC,2,HARD,2,29,2,52.8,86.013
2024,21,LEC,2,HARD,3,30,3,51.0,86.162
2024,21,LEC,2,HARD,4,31,4,49.2,86.208
2024,21,LEC,2,HARD,5,32,5,47.4,86.23
2024,21,LEC,2,HARD,6,33,6,45.6,86.297
2024,21,LEC,2,HARD,7,34,7,43.8,86.357
2024,21,LEC,2,HARD,8,35,8,42.0,86.438
2024,21,LEC,2,HARD,9,36,9,40.2,86.507
2024,21,LEC,2,HARD,10,37,10,38.4,86.521
2024,21,LEC,2,HARD,11,38,11,36.6,86.606
2024,21,LEC,2,HARD,12,39,12,34.8,86.573
2024,21,LEC,2,HARD,13,40,13,33.0,86.621
2024,21,LEC,2,HARD,14,41,14,31.2,86.699
2024,21,LEC,2,HARD,15,42,15,29.4,86.713
2024,21,LEC,2,HARD,16,43,16,27.6,86.837
2024,21,LEC,2,HARD,17,44,17,25.8,86.543
2024,21,LEC,2,HARD,18,45,18,24.0,86.714
2024,21,LEC,2,HARD,19,46,19,22.2,86.928
2024,21,LEC,2,HARD,20,47,20,20.4,86.906
2024,21,LEC,2,HARD,21,48,21,18.6,86.921
2024,21,LEC,2,HARD,22,49,22,16.8,86.999
2024,21,LEC,2,HARD,23,50,23,15.0,87.249
2024,21,LEC,2,HARD,24,51,24,13.2,87.115
2024,21,LEC,2,HARD,25,52,25,11.4,87.056
2024,21,LEC,2,HARD,26,53,26,9.6,87.153
2024,21,LEC,2,HARD,27,54,27,7.8,87.253
2024,21,LEC,2,HARD,28,55,28,6.0,87.214
2024,21,GAS,1,MEDIUM,1,1,1,103.2,87.621
2024,21,GAS,1,MEDIUM,2,2,2,101.4,87.531
2024,21,GAS,1,MEDIUM,3,3,3,99.6,87.679
2024,21,GAS,1,MEDIUM,4,4,4,97.8,87.499
2024,21,GAS,1,MEDIUM,5,5,5,96.0,87.57
2024,21,GAS,1,MEDIUM,6,6,6,94.2,87.605
2024,21,GAS,1,MEDIUM,7,7,7,92.4,87.845
2024,21,GAS,1,MEDIUM,8,8,8,90.6,87.878
2024,21,GAS,1,MEDIUM,9,9,9,88.8,87.835
2024,21,GAS,1,MEDIUM,10,10,10,87.0,87.958
2024,21,GAS,1,MEDIUM,11,11,11,85.2,87.93
2024,21,GAS,1,MEDIUM,12,12,12,83.4,88.057
2024,21,GAS,1,MEDIUM,13,13,13,81.6,88.047
2024,21,GAS,1,MEDIUM,14,14,14,79.8,87.998
2024,21,GAS,1,MEDIUM,15,15,15,78.0,88.164
2024,21,GAS,1,MEDIUM,16,16,16,76.2,88.196
2024,21,GAS,1,MEDIUM,17,17,17,74.4,88.342
2024,21,GAS,1,MEDIUM,18,18,18,72.6,88.181
2024,21,GAS,1,MEDIUM,19,19,19,70.8,88.365
2024,21,GAS,1,MEDIUM,20,20,20,69.0,88.311
2024,21,GAS,1,MEDIUM,21,21,21,67.2,88.545
2024,21,GAS,1,MEDIUM,22,22,22,65.4,88.549
2024,21,GAS,1,MEDIUM,23,23,23,63.6,88.518
2024,21,GAS,1,MEDIUM,24,24,24,61.8,88.466
2024,21,GAS,1,MEDIUM,25,25,25,60.0,88.574
2024,21,GAS,1,MEDIUM,26,26,26,58.2,88.714
2024,21,GAS,1,MEDIUM,27,27,27,56.4,88.686
2024,21,GAS,2,HARD,1,28,1,54.6,86.505
2024,21,GAS,2,HARD,2,29,2,52.8,86.772
2024,21,GAS,2,HARD,3,30,3,51.0,86.753
2024,21,GAS,2,HARD,4,31,4,49.2,86.688
2024,21,GAS,2,HARD,5,32,5,47.4,86.861
2024,21,GAS,2,HARD,6,33,6,45.6,86.922
2024,21,GAS,2,HARD,7,34,7,43.8,86.933
2024,21,GAS,2,HARD,8,35,8,42.0,86.913
2024,21,GAS,2,HARD,9,36,9,40.2,87.038
2024,21,GAS,2,HARD,10,37,10,38.4,86.995
2024,21,GAS,2,HARD,11,38,11,36.6,86.934
2024,21,GAS,2,HARD,12,39,12,34.8,87.018
2024,21,GAS,2,HARD,13,40,13,33.0,87.151
2024,21,GAS,2,HARD,14,41,14,31.2,87.254
2024,21,GAS,2,HARD,15,42,15,29.4,87.262
2024,21,GAS,2,HARD,16,43,16,27.6,87.145
2024,21,GAS,2,HARD,17,44,17,25.8,87.324
2024,21,GAS,2,HARD,18,45,18,24.0,87.201
2024,21,GAS,2,HARD,19,46,19,22.2,87.475
2024,21,GAS,2,HARD,20,47,20,20.4,87.459
2024,21,GAS,2,HARD,21,48,21,18.6,87.684
2024,21,GAS,2,HARD,22,49,22,16.8,87.656
2024,21,GAS,2,HARD,23,50,23,15.0,87.53
2024,21,GAS,2,HARD,24,51,24,13.2,87.505
2024,21,GAS,2,HARD,25,52,25,11.4,87.747
2024,21,GAS,2,HARD,26,53,26,9.6,87.731
2024,21,GAS,2,HARD,27,54,27,7.8,87.852
2024,21,GAS,2,HARD,28,55,28,6.0,87.943
2024,21,VER,1,MEDIUM,1,1,1,103.2,87.852
2024,21,VER,1,MEDIUM,2,2,2,101.4,88.018
2024,21,VER,1,MEDIUM,3,3,3,99.6,87.918
2024,21,VER,1,MEDIUM,4,4,4,97.8,88.052
2024,21,VER,1,MEDIUM,5,5,5,96.0,87.987
2024,21,VER,1,MEDIUM,6,6,6,94.2,87.947
2024,21,VER,1,MEDIUM,7,7,7,92.4,88.025
2024,21,VER,1,MEDIUM,8,8,8,90.6,88.159
2024,21,VER,1,MEDIUM,9,9,9,88.8,88.18
2024,21,VER,1,MEDIUM,10,10,10,87.0,88.092
2024,21,VER,1,MEDIUM,11,11,11,85.2,88.362
2024,21,VER,1,MEDIUM,12,12,12,83.4,88.281
2024,21,VER,1,MEDIUM,13,13,13,81.6,88.398
2024,21,VER,1,MEDIUM,14,14,14,79.8,88.371
2024,21,VER,1,MEDIUM,15,15,15,78.0,88.495
2024,21,VER,1,MEDIUM,16,16,16,76.2,88.636
2024,21,VER,1,MEDIUM,17,17,17,74.4,88.371
2024,21,VER,1,MEDIUM,18,18,18,72.6,88.634
2024,21,VER,1,MEDIUM,19,19,19,70.8,88.701
2024,21,VER,1,MEDIUM,20,20,20,69.0,88.51
2024,21,VER,1,MEDIUM,21,21,21,67.2,88.687
2024,21,VER,1,MEDIUM,22,22,22,65.4,88.873
2024,21,VER,1,MEDIUM,23,23,23,63.6,88.808
2024,21,VER,1,MEDIUM,24,24,24,61.8,88.826
2024,21,VER,1,MEDIUM,25,25,25,60.0,88.826
2024,21,VER,1,MEDIUM,26,26,26,58.2,89.065
2024,21,VER,1,MEDIUM,27,27,27,56.4,89.049
2024,21,VER,2,HARD,1,28,1,54.6,86.892
2024,21,VER,2,HARD,2,29,2,52.8,87.056
2024,21,VER,2,HARD,3,30,3,51.0,86.913
2024,21,VER,2,HARD,4,31,4,49.2,87.03
2024,21,VER,2,HARD,5,32,5,47.4,87.11
2024,21,VER,2,HARD,6,33,6,45.6,87.083
2024,21,VER,2,HARD,7,34,7,43.8,87.042
2024,21,VER,2,HARD,8,35,8,42.0,87.34
2024,21,VER,2,HARD,9,36,9,40.2,87.413
2024,21,VER,2,HARD,10,37,10,38.4,87.278
2024,21,VER,2,HARD,11,38,11,36.6,87.261
2024,21,VER,2,HARD,12,39,12,34.8,87.516
2024,21,VER,2,HARD,13,40,13,33.0,87.5
2024,21,VER,2,HARD,14,41,14,31.2,87.558
2024,21,VER,2,HARD,15,42,15,29.4,87.575
2024,21,VER,2,HARD,16,43,16,27.6,87.607
2024,21,VER,2,HARD,17,44,17,25.8,87.597
2024,21,VER,2,HARD,18,45,18,24.0,87.711
2024,21,VER,2,HARD,19,46,19,22.2,87.66
2024,21,VER,2,HARD,20,47,20,20.4,87.937
2024,21,VER,2,HARD,21,48,21,18.6,87.856
2024,21,VER,2,HARD,22,49,22,16.8,87.932
2024,21,VER,2,HARD,23,50,23,15.0,87.88
2024,21,VER,2,HARD,24,51,24,13.2,88.017
2024,21,VER,2,HARD,25,52,25,11.4,88.077
2024,21,VER,2,HARD,26,53,26,9.6,88.068
2024,21,VER,2,HARD,27,54,27,7.8,88.063
2024,21,VER,2,HARD,28,55,28,6.0,88.364
2024,22,RUS,1,MEDIUM,1,1,1,103.2,86.631
2024,22,RUS,1,MEDIUM,2,2,2,101.4,86.724
2024,22,RUS,1,MEDIUM,3,3,3,99.6,86.596
2024,22,RUS,1,MEDIUM,4,4,4,97.8,86.69
2024,22,RUS,1,MEDIUM,5,5,5,96.0,86.727
2024,22,RUS,1,MEDIUM,6,6,6,94.2,86.764
2024,22,RUS,1,MEDIUM,7,7,7,92.4,86.835
2024,22,RUS,1,MEDIUM,8,8,8,90.6,87.056
2024,22,RUS,1,MEDIUM,9,9,9,88.8,86.885
2024,22,RUS,1,MEDIUM,10,10,10,87.0,86.829
2024,22,RUS,1,MEDIUM,11,11,11,85.2,86.935
2024,22,RUS,1,MEDIUM,12,12,12,83.4,87.039
2024,22,RUS,1,MEDIUM,13,13,13,81.6,87.059
2024,22,RUS,1,MEDIUM,14,14,14,79.8,87.209
2024,22,RUS,1,MEDIUM,15,15,15,78.0,87.222
2024,22,RUS,1,MEDIUM,16,16,16,76.2,87.255
2024,22,RUS,1,MEDIUM,17,17,17,74.4,87.266
2024,22,RUS,1,MEDIUM,18,18,18,72.6,87.317
2024,22,RUS,1,MEDIUM,19,19,19,70.8,87.371
2024,22,RUS,1,MEDIUM,20,20,20,69.0,87.284
2024,22,RUS,1,MEDIUM,21,21,21,67.2,87.408
2024,22,RUS,1,MEDIUM,22,22,22,65.4,87.615
2024,22,RUS,1,MEDIUM,23,23,23,63.6,87.615
2024,22,RUS,1,MEDIUM,24,24,24,61.8,87.545
2024,22,RUS,1,MEDIUM,25,25,25,60.0,87.748
2024,22,RUS,2,HARD,1,26,1,58.2,85.777
2024,22,RUS,2,HARD,2,27,2,56.4,85.76
2024,22,RUS,2,HARD,3,28,3,54.6,85.921
2024,22,RUS,2,HARD,4,29,4,52.8,85.857
2024,22,RUS,2,HARD,5,30,5,51.0,85.9
2024,22,RUS,2,HARD,6,31,6,49.2,85.931
2024,22,RUS,2,HARD,7,32,7,47.4,85.969
2024,22,RUS,2,HARD,8,33,8,45.6,86.039
2024,22,RUS,2,HARD,9,34,9,43.8,86.218
2024,22,RUS,2,HARD,10,35,10,42.0,86.158
2024,22,RUS,2,HARD,11,36,11,40.2,86.06
2024,22,RUS,2,HARD,12,37,12,38.4,86.262
2024,22,RUS,2,HARD,13,38,13,36.6,86.107
2024,22,RUS,2,HARD,14,39,14,34.8,86.295
2024,22,RUS,2,HARD,15,40,15,33.0,86.452
2024,22,RUS,2,HARD,16,41,16,31.2,86.365
2024,22,RUS,2,HARD,17,42,17,29.4,86.414
2024,22,RUS,2,HARD,18,43,18,27.6,86.614
2024,22,RUS,2,HARD,19,44,19,25.8,86.599
2024,22,RUS,2,HARD,20,45,20,24.0,86.566
2024,22,RUS,2,HARD,21,46,21,22.2,86.72
2024,22,RUS,2,HARD,22,47,22,20.4,86.669
2024,22,RUS,2,HARD,23,48,23,18.6,86.641
2024,22,RUS,2,HARD,24,49,24,16.8,86.778
2024,22,RUS,2,HARD,25,50,25,15.0,86.842
2024,22,SAI,1,MEDIUM,1,1,1,103.2,86.818
2024,22,SAI,1,MEDIUM,2,2,2,101.4,86.876
2024,22,SAI,1,MEDIUM,3,3,3,99.6,86.581
2024,22,SAI,1,MEDIUM,4,4,4,97.8,86.794
2024,22,SAI,1,MEDIUM,5,5,5,96.0,86.895
2024,22,SAI,1,MEDIUM,6,6,6,94.2,86.798
2024,22,SAI,1,MEDIUM,7,7,7,92.4,86.808
2024,22,SAI,1,MEDIUM,8,8,8,90.6,86.819
2024,22,SAI,1,MEDIUM,9,9,9,88.8,87.05
2024,22,SAI,1,MEDIUM,10,10,10,87.0,87.02
2024,22,SAI,1,MEDIUM,11,11,11,85.2,87.066
2024,22,SAI,1,MEDIUM,12,12,12,83.4,87.031
2024,22,SAI,1,MEDIUM,13,13,13,81.6,87.164
2024,22,SAI,1,MEDIUM,14,14,14,79.8,87.169
2024,22,SAI,1,MEDIUM,15,15,15,78.0,87.059
2024,22,SAI,1,MEDIUM,16,16,16,76.2,87.336
2024,22,SAI,1,MEDIUM,17,17,17,74.4,87.312
2024,22,SAI,1,MEDIUM,18,18,18,72.6,87.419
2024,22,SAI,1,MEDIUM,19,19,19,70.8,87.621
2024,22,SAI,1,MEDIUM,20,20,20,69.0,87.437
2024,22,SAI,1,MEDIUM,21,21,21,67.2,87.504
2024,22,SAI,1,MEDIUM,22,22,22,65.4,87.635
2024,22,SAI,1,MEDIUM,23,23,23,63.6,87.626
2024,22,SAI,1,MEDIUM,24,24,24,61.8,87.6
2024,22,SAI,1,MEDIUM,25,25,25,60.0,87.899
2024,22,SAI,2,HARD,1,26,1,58.2,85.705
2024,22,SAI,2,HARD,2,27,2,56.4,85.951
2024,22,SAI,2,HARD,3,28,3,54.6,86.031
2024,22,SAI,2,HARD,4,29,4,52.8,86.06
2024,22,SAI,2,HARD,5,30,5,51.0,86.006
2024,22,SAI,2,HARD,6,31,6,49.2,86.008
2024,22,SAI,2,HARD,7,32,7,47.4,86.127
2024,22,SAI,2,HARD,8,33,8,45.6,86.057
2024,22,SAI,2,HARD,9,34,9,43.8,86.005
2024,22,SAI,2,HARD,10,35,10,42.0,86.293
2024,22,SAI,2,HARD,11,36,11,40.2,86.239
2024,22,SAI,2,HARD,12,37,12,38.4,86.313
2024,22,SAI,2,HARD,13,38,13,36.6,86.389
2024,22,SAI,2,HARD,14,39,14,34.8,86.414
2024,22,SAI,2,HARD,15,40,15,33.0,86.369
2024,22,SAI,2,HARD,16,41,16,31.2,86.458
2024,22,SAI,2,HARD,17,42,17,29.4,86.468
2024,22,SAI,2,HARD,18,43,18,27.6,86.557
2024,22,SAI,2,HARD,19,44,19,25.8,86.637
2024,22,SAI,2,HARD,20,45,20,24.0,86.644
2024,22,SAI,2,HARD,21,46,21,22.2,86.734
2024,22,SAI,2,HARD,22,47,22,20.4,86.907
2024,22,SAI,2,HARD,23,48,23,18.6,86.832
2024,22,SAI,2,HARD,24,49,24,16.8,86.86
2024,22,SAI,2,HARD,25,50,25,15.0,86.887
2024,22,LEC,1,MEDIUM,1,1,1,103.2,86.887
2024,22,LEC,1,MEDIUM,2,2,2,101.4,86.712
2024,22,LEC,1,MEDIUM,3,3,3,99.6,86.859
2024,22,LEC,1,MEDIUM,4,4,4,97.8,86.977
2024,22,LEC,1,MEDIUM,5,5,5,96.0,87.003
2024,22,LEC,1,MEDIUM,6,6,6,94.2,87.144
2024,22,LEC,1,MEDIUM,7,7,7,92.4,87.104
2024,22,LEC,1,MEDIUM,8,8,8,90.6,87.034
2024,22,LEC,1,MEDIUM,9,9,9,88.8,87.086
2024,22,LEC,1,MEDIUM,10,10,10,87.0,87.323
2024,22,LEC,1,MEDIUM,11,11,11,85.2,87.047
2024,22,LEC,1,MEDIUM,12,12,12,83.4,87.361
2024,22,LEC,1,MEDIUM,13,13,13,81.6,87.403
2024,22,LEC,1,MEDIUM,14,14,14,79.8,87.297
2024,22,LEC,1,MEDIUM,15,15,15,78.0,87.261
2024,22,LEC,1,MEDIUM,16,16,16,76.2,87.43
2024,22,LEC,1,MEDIUM,17,17,17,74.4,87.542
2024,22,LEC,1,MEDIUM,18,18,18,72.6,87.598
2024,22,LEC,1,MEDIUM,19,19,19,70.8,87.537
2024,22,LEC,1,MEDIUM,20,20,20,69.0,87.766
2024,22,LEC,1,MEDIUM,21,21,21,67.2,87.766
2024,22,LEC,1,MEDIUM,22,22,22,65.4,87.801
2024,22,LEC,1,MEDIUM,23,23,23,63.6,87.836
2024,22,LEC,1,MEDIUM,24,24,24,61.8,87.936
2024,22,LEC,1,MEDIUM,25,25,25,60.0,88.021
2024,22,LEC,2,HARD,1,26,1,58.2,86.082
2024,22,LEC,2,HARD,2,27,2,56.4,86.099
2024,22,LEC,2,HARD,3,28,3,54.6,86.044
2024,22,LEC,2,HARD,4,29,4,52.8,86.086
2024,22,LEC,2,HARD,5,30,5,51.0,86.239
2024,22,LEC,2,HARD,6,31,6,49.2,86.086
2024,22,LEC,2,HARD,7,32,7,47.4,86.09
2024,22,LEC,2,HARD,8,33,8,45.6,86.27
2024,22,LEC,2,HARD,9,34,9,43.8,86.292
2024,22,LEC,2,HARD,10,35,10,42.0,86.386
2024,22,LEC,2,HARD,11,36,11,40.2,86.294
2024,22,LEC,2,HARD,12,37,12,38.4,86.543
2024,22,LEC,2,HARD,13,38,13,36.6,86.397
2024,22,LEC,2,HARD,14,39,14,34.8,86.508
2024,22,LEC,2,HARD,15,40,15,33.0,86.516
2024,22,LEC,2,HARD,16,41,16,31.2,86.671
2024,22,LEC,2,HARD,17,42,17,29.4,86.633
2024,22,LEC,2,HARD,18,43,18,27.6,86.609
2024,22,LEC,2,HARD,19,44,19,25.8,86.733
2024,22,LEC,2,HARD,20,45,20,24.0,86.897
2024,22,LEC,2,HARD,21,46,21,22.2,86.838
2024,22,LEC,2,HARD,22,47,22,20.4,86.907
2024,22,LEC,2,HARD,23,48,23,18.6,86.968
2024,22,LEC,2,HARD,24,49,24,16.8,87.034
2024,22,LEC,2,HARD,25,50,25,15.0,87.143
2024,22,VER,1,MEDIUM,1,1,1,103.2,86.964
2024,22,VER,1,MEDIUM,2,2,2,101.4,86.963
2024,22,VER,1,MEDIUM,3,3,3,99.6,87.126
2024,22,VER,1,MEDIUM,4,4,4,97.8,87.112
2024,22,VER,1,MEDIUM,5,5,5,96.0,86.98
2024,22,VER,1,MEDIUM,6,6,6,94.2,87.136
2024,22,VER,1,MEDIUM,7,7,7,92.4,87.127
2024,22,VER,1,MEDIUM,8,8,8,90.6,87.163
2024,22,VER,1,MEDIUM,9,9,9,88.8,87.12
2024,22,VER,1,MEDIUM,10,10,10,87.0,87.312
2024,22,VER,1,MEDIUM,11,11,11,85.2,87.147
2024,22,VER,1,MEDIUM,12,12,12,83.4,87.435
2024,22,VER,1,MEDIUM,13,13,13,81.6,87.459
2024,22,VER,1,MEDIUM,14,14,14,79.8,87.488
2024,22,VER,1,MEDIUM,15,15,15,78.0,87.464
2024,22,VER,1,MEDIUM,16,16,16,76.2,87.429
2024,22,VER,1,MEDIUM,17,17,17,74.4,87.471
2024,22,VER,1,MEDIUM,18,18,18,72.6,87.692
2024,22,VER,1,MEDIUM,19,19,19,70.8,87.504
2024,22,VER,1,MEDIUM,20,20,20,69.0,87.848
2024,22,VER,1,MEDIUM,21,21,21,67.2,87.732
2024,22,VER,1,MEDIUM,22,22,22,65.4,87.792
2024,22,VER,1,MEDIUM,23,23,23,63.6,87.924
2024,22,VER,1,MEDIUM,24,24,24,61.8,87.92
2024,22,VER,1,MEDIUM,25,25,25,60.0,87.994
2024,22,VER,2,HARD,1,26,1,58.2,86.045
2024,22,VER,2,HARD,2,27,2,56.4,86.02
2024,22,VER,2,HARD,3,28,3,54.6,86.15
2024,22,VER,2,HARD,4,29,4,52.8,86.186
2024,22,VER,2,HARD,5,30,5,51.0,86.164
2024,22,VER,2,HARD,6,31,6,49.2,86.258
2024,22,VER,2,HARD,7,32,7,47.4,86.261
2024,22,VER,2,HARD,8,33,8,45.6,86.338
2024,22,VER,2,HARD,9,34,9,43.8,86.452
2024,22,VER,2,HARD,10,35,10,42.0,86.496
2024,22,VER,2,HARD,11,36,11,40.2,86.528
2024,22,VER,2,HARD,12,37,12,38.4,86.583
2024,22,VER,2,HARD,13,38,13,36.6,86.527
2024,22,VER,2,HARD,14,39,14,34.8,86.6
2024,22,VER,2,HARD,15,40,15,33.0,86.659
2024,22,VER,2,HARD,16,41,16,31.2,86.634
2024,22,VER,2,HARD,17,42,17,29.4,86.785
2024,22,VER,2,HARD,18,43,18,27.6,86.762
2024,22,VER,2,HARD,19,44,19,25.8,86.846
2024,22,VER,2,HARD,20,45,20,24.0,86.932
2024,22,VER,2,HARD,21,46,21,22.2,86.87
2024,22,VER,2,HARD,22,47,22,20.4,87.065
2024,22,VER,2,HARD,23,48,23,18.6,87.018
2024,22,VER,2,HARD,24,49,24,16.8,86.952
2024,22,VER,2,HARD,25,50,25,15.0,87.135
2024,22,NOR,1,MEDIUM,1,1,1,103.2,86.985
2024,22,NOR,1,MEDIUM,2,2,2,101.4,87.006
2024,22,NOR,1,MEDIUM,3,3,3,99.6,86.983
2024,22,NOR,1,MEDIUM,4,4,4,97.8,86.963
2024,22,NOR,1,MEDIUM,5,5,5,96.0,87.112
2024,22,NOR,1,MEDIUM,6,6,6,94.2,87.234
2024,22,NOR,1,MEDIUM,7,7,7,92.4,87.042
2024,22,NOR,1,MEDIUM,8,8,8,90.6,87.249
2024,22,NOR,1,MEDIUM,9,9,9,88.8,87.26
2024,22,NOR,1,MEDIUM,10,10,10,87.0,87.436
2024,22,NOR,1,MEDIUM,11,11,11,85.2,87.306
2024,22,NOR,1,MEDIUM,12,12,12,83.4,87.395
2024,22,NOR,1,MEDIUM,13,13,13,81.6,87.425
2024,22,NOR,1,MEDIUM,14,14,14,79.8,87.484
2024,22,NOR,1,MEDIUM,15,15,15,78.0,87.621
2024,22,NOR,1,MEDIUM,16,16,16,76.2,87.63
2024,22,NOR,1,MEDIUM,17,17,17,74.4,87.614
2024,22,NOR,1,MEDIUM,18,18,18,72.6,87.711
2024,22,NOR,1,MEDIUM,19,19,19,70.8,87.858
2024,22,NOR,1,MEDIUM,20,20,20,69.0,87.808
2024,22,NOR,1,MEDIUM,21,21,21,67.2,87.845
2024,22,NOR,1,MEDIUM,22,22,22,65.4,87.77
2024,22,NOR,1,MEDIUM,23,23,23,63.6,88.007
2024,22,NOR,1,MEDIUM,24,24,24,61.8,87.849
2024,22,NOR,1,MEDIUM,25,25,25,60.0,88.074
2024,22,NOR,2,HARD,1,26,1,58.2,86.157
2024,22,NOR,2,HARD,2,27,2,56.4,86.154
2024,22,NOR,2,HARD,3,28,3,54.6,86.276
2024,22,NOR,2,HARD,4,29,4,52.8,86.285
2024,22,NOR,2,HARD,5,30,5,51.0,86.342
2024,22,NOR,2,HARD,6,31,6,49.2,86.349
2024,22,NOR,2,HARD,7,32,7,47.4,86.339
2024,22,NOR,2,HARD,8,33,8,45.6,86.432
2024,22,NOR,2,HARD,9,34,9,43.8,86.57
2024,22,NOR,2,HARD,10,35,10,42.0,86.536
2024,22,NOR,2,HARD,11,36,11,40.2,86.538
2024,22,NOR,2,HARD,12,37,12,38.4,86.492
2024,22,NOR,2,HARD,13,38,13,36.6,86.652
2024,22,NOR,2,HARD,14,39,14,34.8,86.723
2024,22,NOR,2,HARD,15,40,15,33.0,86.732
2024,22,NOR,2,HARD,16,41,16,31.2,86.639
2024,22,NOR,2,HARD,17,42,17,29.4,87.011
2024,22,NOR,2,HARD,18,43,18,27.6,86.849
2024,22,NOR,2,HARD,19,44,19,25.8,87.063
2024,22,NOR,2,HARD,20,45,20,24.0,86.994
2024,22,NOR,2,HARD,21,46,21,22.2,86.884
2024,22,NOR,2,HARD,22,47,22,20.4,87.058
2024,22,NOR,2,HARD,23,48,23,18.6,87.166
2024,22,NOR,2,HARD,24,49,24,16.8,87.344
2024,22,NOR,2,HARD,25,50,25,15.0,87.371
2024,22,HAM,1,MEDIUM,1,1,1,103.2,87.289
2024,22,HAM,1,MEDIUM,2,2,2,101.4,87.358
2024,22,HAM,1,MEDIUM,3,3,3,99.6,87.267
2024,22,HAM,1,MEDIUM,4,4,4,97.8,87.417
2024,22,HAM,1,MEDIUM,5,5,5,96.0,87.314
2024,22,HAM,1,MEDIUM,6,6,6,94.2,87.532
2024,22,HAM,1,MEDIUM,7,7,7,92.4,87.342
2024,22,HAM,1,MEDIUM,8,8,8,90.6,87.666
2024,22,HAM,1,MEDIUM,9,9,9,88.8,87.577
2024,22,HAM,1,MEDIUM,10,10,10,87.0,87.655
2024,22,HAM,1,MEDIUM,11,11,11,85.2,87.769
2024,22,HAM,1,MEDIUM,12,12,12,83.4,87.639
2024,22,HAM,1,MEDIUM,13,13,13,81.6,87.896
2024,22,HAM,1,MEDIUM,14,14,14,79.8,87.761
2024,22,HAM,1,MEDIUM,15,15,15,78.0,87.798
2024,22,HAM,1,MEDIUM,16,16,16,76.2,87.895
2024,22,HAM,1,MEDIUM,17,17,17,74.4,87.897
2024,22,HAM,1,MEDIUM,18,18,18,72.6,87.942
2024,22,HAM,1,MEDIUM,19,19,19,70.8,88.161
2024,22,HAM,1,MEDIUM,20,20,20,69.0,88.133
2024,22,HAM,1,MEDIUM,21,21,21,67.2,88.121
2024,22,HAM,1,MEDIUM,22,22,22,65.4,88.378
2024,22,HAM,1,MEDIUM,23,23,23,63.6,88.285
2024,22,HAM,1,MEDIUM,24,24,24,61.8,88.353
2024,22,HAM,1,MEDIUM,25,25,25,60.0,88.372
2024,22,HAM,2,HARD,1,26,1,58.2,86.547
2024,22,HAM,2,HARD,2,27,2,56.4,86.536
2024,22,HAM,2,HARD,3,28,3,54.6,86.509
2024,22,HAM,2,HARD,4,29,4,52.8,86.487
2024,22,HAM,2,HARD,5,30,5,51.0,86.446
2024,22,HAM,2,HARD,6,31,6,49.2,86.626
2024,22,HAM,2,HARD,7,32,7,47.4,86.804
2024,22,HAM,2,HARD,8,33,8,45.6,86.751
2024,22,HAM,2,HARD,9,34,9,43.8,86.812
2024,22,HAM,2,HARD,10,35,10,42.0,86.903
2024,22,HAM,2,HARD,11,36,11,40.2,86.863
2024,22,HAM,2,HARD,12,37,12,38.4,86.876
2024,22,HAM,2,HARD,13,38,13,36.6,86.945
2024,22,HAM,2,HARD,14,39,14,34.8,86.895
2024,22,HAM,2,HARD,15,40,15,33.0,87.091
2024,22,HAM,2,HARD,16,41,16,31.2,87.284
2024,22,HAM,2,HARD,17,42,17,29.4,87.21
2024,22,HAM,2,HARD,18,43,18,27.6,87.08
2024,22,HAM,2,HARD,19,44,19,25.8,87.315
2024,22,HAM,2,HARD,20,45,20,24.0,87.422
2024,22,HAM,2,HARD,21,46,21,22.2,87.354
2024,22,HAM,2,HARD,22,47,22,20.4,87.36
2024,22,HAM,2,HARD,23,48,23,18.6,87.351
2024,22,HAM,2,HARD,24,49,24,16.8,87.61
2024,22,HAM,2,HARD,25,50,25,15.0,87.554
2024,23,RUS,1,MEDIUM,1,1,1,103.2,86.596
2024,23,RUS,1,MEDIUM,2,2,2,101.4,86.739
2024,23,RUS,1,MEDIUM,3,3,3,99.6,86.691
2024,23,RUS,1,MEDIUM,4,4,4,97.8,86.641
2024,23,RUS,1,MEDIUM,5,5,5,96.0,86.601
2024,23,RUS,1,MEDIUM,6,6,6,94.2,86.805
2024,23,RUS,1,MEDIUM,7,7,7,92.4,86.746
2024,23,RUS,1,MEDIUM,8,8,8,90.6,86.787
2024,23,RUS,1,MEDIUM,9,9,9,88.8,86.873
2024,23,RUS,1,MEDIUM,10,10,10,87.0,86.882
2024,23,RUS,1,MEDIUM,11,11,11,85.2,87.068
2024,23,RUS,1,MEDIUM,12,12,12,83.4,86.809
2024,23,RUS,1,MEDIUM,13,13,13,81.6,87.106
2024,23,RUS,1,MEDIUM,14,14,14,79.8,87.093
2024,23,RUS,1,MEDIUM,15,15,15,78.0,87.181
2024,23,RUS,1,MEDIUM,16,16,16,76.2,87.112
2024,23,RUS,1,MEDIUM,17,17,17,74.4,87.24
2024,23,RUS,1,MEDIUM,18,18,18,72.6,87.277
2024,23,RUS,1,MEDIUM,19,19,19,70.8,87.42
2024,23,RUS,1,MEDIUM,20,20,20,69.0,87.401
2024,23,RUS,1,MEDIUM,21,21,21,67.2,87.399
2024,23,RUS,1,MEDIUM,22,22,22,65.4,87.494
2024,23,RUS,1,MEDIUM,23,23,23,63.6,87.55
2024,23,RUS,1,MEDIUM,24,24,24,61.8,87.693
2024,23,RUS,1,MEDIUM,25,25,25,60.0,87.751
2024,23,RUS,1,MEDIUM,26,26,26,58.2,87.733
2024,23,RUS,1,MEDIUM,27,27,27,56.4,87.631
2024,23,RUS,2,HARD,1,28,1,54.6,85.833
2024,23,RUS,2,HARD,2,29,2,52.8,85.794
2024,23,RUS,2,HARD,3,30,3,51.0,85.947
2024,23,RUS,2,HARD,4,31,4,49.2,85.787
2024,23,RUS,2,HARD,5,32,5,47.4,85.896
2024,23,RUS,2,HARD,6,33,6,45.6,85.82
2024,23,RUS,2,HARD,7,34,7,43.8,85.965
2024,23,RUS,2,HARD,8,35,8,42.0,86.086
2024,23,RUS,2,HARD,9,36,9,40.2,85.997
2024,23,RUS,2,HARD,10,37,10,38.4,86.021
2024,23,RUS,2,HARD,11,38,11,36.6,86.085
2024,23,RUS,2,HARD,12,39,12,34.8,86.194
2024,23,RUS,2,HARD,13,40,13,33.0,86.218
2024,23,RUS,2,HARD,14,41,14,31.2,86.117
2024,23,RUS,2,HARD,15,42,15,29.4,86.281
2024,23,RUS,2,HARD,16,43,16,27.6,86.302
2024,23,RUS,2,HARD,17,44,17,25.8,86.283
2024,23,RUS,2,HARD,18,45,18,24.0,86.368
2024,23,RUS,2,HARD,19,46,19,22.2,86.331
2024,23,RUS,2,HARD,20,47,20,20.4,86.481
2024,23,RUS,2,HARD,21,48,21,18.6,86.561
2024,23,RUS,2,HARD,22,49,22,16.8,86.647
2024,23,RUS,2,HARD,23,50,23,15.0,86.536
2024,23,RUS,2,HARD,24,51,24,13.2,86.747
2024,23,RUS,2,HARD,25,52,25,11.4,86.838
2024,23,RUS,2,HARD,26,53,26,9.6,86.799
2024,23,RUS,2,HARD,27,54,27,7.8,86.984
2024,23,RUS,2,HARD,28,55,28,6.0,86.869
2024,23,VER,1,MEDIUM,1,1,1,103.2,86.596
2024,23,VER,1,MEDIUM,2,2,2,101.4,86.714
2024,23,VER,1,MEDIUM,3,3,3,99.6,86.765
2024,23,VER,1,MEDIUM,4,4,4,97.8,86.792
2024,23,VER,1,MEDIUM,5,5,5,96.0,86.781
2024,23,VER,1,MEDIUM,6,6,6,94.2,86.873
2024,23,VER,1,MEDIUM,7,7,7,92.4,86.84
2024,23,VER,1,MEDIUM,8,8,8,90.6,86.81
2024,23,VER,1,MEDIUM,9,9,9,88.8,86.956
2024,23,VER,1,MEDIUM,10,10,10,87.0,86.92
2024,23,VER,1,MEDIUM,11,11,11,85.2,86.87
2024,23,VER,1,MEDIUM,12,12,12,83.4,87.284
2024,23,VER,1,MEDIUM,13,13,13,81.6,87.332
2024,23,VER,1,MEDIUM,14,14,14,79.8,87.28
2024,23,VER,1,MEDIUM,15,15,15,78.0,87.248
2024,23,VER,1,MEDIUM,16,16,16,76.2,87.237
2024,23,VER,1,MEDIUM,17,17,17,74.4,87.344
2024,23,VER,1,MEDIUM,18,18,18,72.6,87.625
2024,23,VER,1,MEDIUM,19,19,19,70.8,87.395
2024,23,VER,1,MEDIUM,20,20,20,69.0,87.522
2024,23,VER,1,MEDIUM,21,21,21,67.2,87.57
2024,23,VER,1,MEDIUM,22,22,22,65.4,87.634
2024,23,VER,1,MEDIUM,23,23,23,63.6,87.686
2024,23,VER,1,MEDIUM,24,24,24,61.8,87.78
2024,23,VER,1,MEDIUM,25,25,25,60.0,87.816
2024,23,VER,1,MEDIUM,26,26,26,58.2,87.898
2024,23,VER,1,MEDIUM,27,27,27,56.4,87.685
2024,23,VER,2,HARD,1,28,1,54.6,85.871
2024,23,VER,2,HARD,2,29,2,52.8,85.854
2024,23,VER,2,HARD,3,30,3,51.0,85.926
2024,23,VER,2,HARD,4,31,4,49.2,85.774
2024,23,VER,2,HARD,5,32,5,47.4,85.937
2024,23,VER,2,HARD,6,33,6,45.6,86.027
2024,23,VER,2,HARD,7,34,7,43.8,85.979
2024,23,VER,2,HARD,8,35,8,42.0,86.025
2024,23,VER,2,HARD,9,36,9,40.2,86.137
2024,23,VER,2,HARD,10,37,10,38.4,86.043
2024,23,VER,2,HARD,11,38,11,36.6,86.211
2024,23,VER,2,HARD,12,39,12,34.8,86.111
2024,23,VER,2,HARD,13,40,13,33.0,86.2
2024,23,VER,2,HARD,14,41,14,31.2,86.333
2024,23,VER,2,HARD,15,42,15,29.4,86.32
2024,23,VER,2,HARD,16,43,16,27.6,86.474
2024,23,VER,2,HARD,17,44,17,25.8,86.424
2024,23,VER,2,HARD,18,45,18,24.0,86.455
2024,23,VER,2,HARD,19,46,19,22.2,86.615
2024,23,VER,2,HARD,20,47,20,20.4,86.696
2024,23,VER,2,HARD,21,48,21,18.6,86.741
2024,23,VER,2,HARD,22,49,22,16.8,86.694
2024,23,VER,2,HARD,23,50,23,15.0,86.741
2024,23,VER,2,HARD,24,51,24,13.2,86.797
2024,23,VER,2,HARD,25,52,25,11.4,86.895
2024,23,VER,2,HARD,26,53,26,9.6,86.932
2024,23,VER,2,HARD,27,54,27,7.8,86.876
2024,23,VER,2,HARD,28,55,28,6.0,86.926
2024,23,PIA,1,MEDIUM,1,1,1,103.2,86.751
2024,23,PIA,1,MEDIUM,2,2,2,101.4,86.897
2024,23,PIA,1,MEDIUM,3,3,3,99.6,86.968
2024,23,PIA,1,MEDIUM,4,4,4,97.8,86.936
2024,23,PIA,1,MEDIUM,5,5,5,96.0,87.024
2024,23,PIA,1,MEDIUM,6,6,6,94.2,86.993
2024,23,PIA,1,MEDIUM,7,7,7,92.4,86.992
2024,23,PIA,1,MEDIUM,8,8,8,90.6,87.069
2024,23,PIA,1,MEDIUM,9,9,9,88.8,87.035
2024,23,PIA,1,MEDIUM,10,10,10,87.0,87.13
2024,23,PIA,1,MEDIUM,11,11,11,85.2,87.123
2024,23,PIA,1,MEDIUM,12,12,12,83.4,87.281
2024,23,PIA,1,MEDIUM,13,13,13,81.6,87.348
2024,23,PIA,1,MEDIUM,14,14,14,79.8,87.277
2024,23,PIA,1,MEDIUM,15,15,15,78.0,87.346
2024,23,PIA,1,MEDIUM,16,16,16,76.2,87.465
2024,23,PIA,1,MEDIUM,17,17,17,74.4,87.534
2024,23,PIA,1,MEDIUM,18,18,18,72.6,87.496
2024,23,PIA,1,MEDIUM,19,19,19,70.8,87.545
2024,23,PIA,1,MEDIUM,20,20,20,69.0,87.784
2024,23,PIA,1,MEDIUM,21,21,21,67.2,87.741
2024,23,PIA,1,MEDIUM,22,22,22,65.4,87.69
2024,23,PIA,1,MEDIUM,23,23,23,63.6,87.711
2024,23,PIA,1,MEDIUM,24,24,24,61.8,87.872
2024,23,PIA,1,MEDIUM,25,25,25,60.0,88.039
2024,23,PIA,1,MEDIUM,26,26,26,58.2,88.13
2024,23,PIA,1,MEDIUM,27,27,27,56.4,88.017
2024,23,PIA,2,HARD,1,28,1,54.6,86.014
2024,23,PIA,2,HARD,2,29,2,52.8,86.026
2024,23,PIA,2,HARD,3,30,3,51.0,86.035
2024,23,PIA,2,HARD,4,31,4,49.2,86.02
2024,23,PIA,2,HARD,5,32,5,47.4,86.192
2024,23,PIA,2,HARD,6,33,6,45.6,86.126
2024,23,PIA,2,HARD,7,34,7,43.8,86.074
2024,23,PIA,2,HARD,8,35,8,42.0,86.234
2024,23,PIA,2,HARD,9,36,9,40.2,86.229
2024,23,PIA,2,HARD,10,37,10,38.4,86.384
2024,23,PIA,2,HARD,11,38,11,36.6,86.302
2024,23,PIA,2,HARD,12,39,12,34.8,86.451
2024,23,PIA,2,HARD,13,40,13,33.0,86.442
2024,23,PIA,2,HARD,14,41,14,31.2,86.462
2024,23,PIA,2,HARD,15,42,15,29.4,86.382
2024,23,PIA,2,HARD,16,43,16,27.6,86.659
2024,23,PIA,2,HARD,17,44,17,25.8,86.678
2024,23,PIA,2,HARD,18,45,18,24.0,86.656
2024,23,PIA,2,HARD,19,46,19,22.2,86.716
2024,23,PIA,2,HARD,20,47,20,20.4,86.624
2024,23,PIA,2,HARD,21,48,21,18.6,86.742
2024,23,PIA,2,HARD,22,49,22,16.8,86.902
2024,23,PIA,2,HARD,23,50,23,15.0,86.954
2024,23,PIA,2,HARD,24,51,24,13.2,87.009
2024,23,PIA,2,HARD,25,52,25,11.4,86.906
2024,23,PIA,2,HARD,26,53,26,9.6,86.983
2024,23,PIA,2,HARD,27,54,27,7.8,87.044
2024,23,PIA,2,HARD,28,55,28,6.0,87.122
2024,23,LEC,1,MEDIUM,1,1,1,103.2,86.974
2024,23,LEC,1,MEDIUM,2,2,2,101.4,86.901
2024,23,LEC,1,MEDIUM,3,3,3,99.6,87.064
2024,23,LEC,1,MEDIUM,4,4,4,97.8,87.024
2024,23,LEC,1,MEDIUM,5,5,5,96.0,87.023
2024,23,LEC,1,MEDIUM,6,6,6,94.2,86.972
2024,23,LEC,1,MEDIUM,7,7,7,92.4,87.112
2024,23,LEC,1,MEDIUM,8,8,8,90.6,87.125
2024,23,LEC,1,MEDIUM,9,9,9,88.8,87.115
2024,23,LEC,1,MEDIUM,10,10,10,87.0,87.129
2024,23,LEC,1,MEDIUM,11,11,11,85.2,87.375
2024,23,LEC,1,MEDIUM,12,12,12,83.4,87.31
2024,23,LEC,1,MEDIUM,13,13,13,81.6,87.533
2024,23,LEC,1,MEDIUM,14,14,14,79.8,87.445
2024,23,LEC,1,MEDIUM,15,15,15,78.0,87.53
2024,23,LEC,1,MEDIUM,16,16,16,76.2,87.576
2024,23,LEC,1,MEDIUM,17,17,17,74.4,87.375
2024,23,LEC,1,MEDIUM,18,18,18,72.6,87.638
2024,23,LEC,1,MEDIUM,19,19,19,70.8,87.749
2024,23,LEC,1,MEDIUM,20,20,20,69.0,87.669
2024,23,LEC,1,MEDIUM,21,21,21,67.2,87.883
2024,23,LEC,1,MEDIUM,22,22,22,65.4,87.828
2024,23,LEC,1,MEDIUM,23,23,23,63.6,87.843
2024,23,LEC,1,MEDIUM,24,24,24,61.8,87.838
2024,23,LEC,1,MEDIUM,25,25,25,60.0,88.013
2024,23,LEC,1,MEDIUM,26,26,26,58.2,88.136
2024,23,LEC,1,MEDIUM,27,27,27,56.4,88.194
2024,23,LEC,2,HARD,1,28,1,54.6,86.054
2024,23,LEC,2,HARD,2,29,2,52.8,86.061
2024,23,LEC,2,HARD,3,30,3,51.0,86.165
2024,23,LEC,2,HARD,4,31,4,49.2,86.013
2024,23,LEC,2,HARD,5,32,5,47.4,86.156
2024,23,LEC,2,HARD,6,33,6,45.6,86.143
2024,23,LEC,2,HARD,7,34,7,43.8,86.303
2024,23,LEC,2,HARD,8,35,8,42.0,86.382
2024,23,LEC,2,HARD,9,36,9,40.2,86.339
2024,23,LEC,2,HARD,10,37,10,38.4,86.239
2024,23,LEC,2,HARD,11,38,11,36.6,86.458
2024,23,LEC,2,HARD,12,39,12,34.8,86.502
2024,23,LEC,2,HARD,13,40,13,33.0,86.36
2024,23,LEC,2,HARD,14,41,14,31.2,86.574
2024,23,LEC,2,HARD,15,42,15,29.4,86.489
2024,23,LEC,2,HARD,16,43,16,27.6,86.623
2024,23,LEC,2,HARD,17,44,17,25.8,86.652
2024,23,LEC,2,HARD,18,45,18,24.0,86.746
2024,23,LEC,2,HARD,19,46,19,22.2,86.867
2024,23,LEC,2,HARD,20,47,20,20.4,86.762
2024,23,LEC,2,HARD,21,48,21,18.6,86.939
2024,23,LEC,2,HARD,22,49,22,16.8,87.056
2024,23,LEC,2,HARD,23,50,23,15.0,87.073
2024,23,LEC,2,HARD,24,51,24,13.2,87.063
2024,23,LEC,2,HARD,25,52,25,11.4,86.985
2024,23,LEC,2,HARD,26,53,26,9.6,87.17
2024,23,LEC,2,HARD,27,54,27,7.8,87.256
2024,23,LEC,2,HARD,28,55,28,6.0,87.152
2024,23,SAI,1,MEDIUM,1,1,1,103.2,87.131
2024,23,SAI,1,MEDIUM,2,2,2,101.4,87.198
2024,23,SAI,1,MEDIUM,3,3,3,99.6,87.057
2024,23,SAI,1,MEDIUM,4,4,4,97.8,87.135
2024,23,SAI,1,MEDIUM,5,5,5,96.0,87.03
2024,23,SAI,1,MEDIUM,6,6,6,94.2,87.194
2024,23,SAI,1,MEDIUM,7,7,7,92.4,87.34
2024,23,SAI,1,MEDIUM,8,8,8,90.6,87.28
2024,23,SAI,1,MEDIUM,9,9,9,88.8,87.329
2024,23,SAI,1,MEDIUM,10,10,10,87.0,87.543
2024,23,SAI,1,MEDIUM,11,11,11,85.2,87.393
2024,23,SAI,1,MEDIUM,12,12,12,83.4,87.469
2024,23,SAI,1,MEDIUM,13,13,13,81.6,87.627
2024,23,SAI,1,MEDIUM,14,14,14,79.8,87.647
2024,23,SAI,1,MEDIUM,15,15,15,78.0,87.667
2024,23,SAI,1,MEDIUM,16,16,16,76.2,87.577
2024,23,SAI,1,MEDIUM,17,17,17,74.4,87.782
2024,23,SAI,1,MEDIUM,18,18,18,72.6,87.67
2024,23,SAI,1,MEDIUM,19,19,19,70.8,87.748
2024,23,SAI,1,MEDIUM,20,20,20,69.0,87.858
2024,23,SAI,1,MEDIUM,21,21,21,67.2,87.892
2024,23,SAI,1,MEDIUM,22,22,22,65.4,87.87
2024,23,SAI,1,MEDIUM,23,23,23,63.6,88.188
2024,23,SAI,1,MEDIUM,24,24,24,61.8,88.202
2024,23,SAI,1,MEDIUM,25,25,25,60.0,88.337
2024,23,SAI,1,MEDIUM,26,26,26,58.2,88.279
2024,23,SAI,1,MEDIUM,27,27,27,56.4,88.195
2024,23,SAI,2,HARD,1,28,1,54.6,86.274
2024,23,SAI,2,HARD,2,29,2,52.8,86.236
2024,23,SAI,2,HARD,3,30,3,51.0,86.324
2024,23,SAI,2,HARD,4,31,4,49.2,86.292
2024,23,SAI,2,HARD,5,32,5,47.4,86.306
2024,23,SAI,2,HARD,6,33,6,45.6,86.293
2024,23,SAI,2,HARD,7,34,7,43.8,86.458
2024,23,SAI,2,HARD,8,35,8,42.0,86.45
2024,23,SAI,2,HARD,9,36,9,40.2,86.395
2024,23,SAI,2,HARD,10,37,10,38.4,86.566
2024,23,SAI,2,HARD,11,38,11,36.6,86.464
2024,23,SAI,2,HARD,12,39,12,34.8,86.521
2024,23,SAI,2,HARD,13,40,13,33.0,86.61
2024,23,SAI,2,HARD,14,41,14,31.2,86.791
2024,23,SAI,2,HARD,15,42,15,29.4,86.685
2024,23,SAI,2,HARD,16,43,16,27.6,86.775
2024,23,SAI,2,HARD,17,44,17,25.8,86.796
2024,23,SAI,2,HARD,18,45,18,24.0,86.885
2024,23,SAI,2,HARD,19,46,19,22.2,86.931
2024,23,SAI,2,HARD,20,47,20,20.4,86.991
2024,23,SAI,2,HARD,21,48,21,18.6,86.834
2024,23,SAI,2,HARD,22,49,22,16.8,86.984
2024,23,SAI,2,HARD,23,50,23,15.0,87.094
2024,23,SAI,2,HARD,24,51,24,13.2,87.063
2024,23,SAI,2,HARD,25,52,25,11.4,87.207
2024,23,SAI,2,HARD,26,53,26,9.6,87.241
2024,23,SAI,2,HARD,27,54,27,7.8,87.323
2024,23,SAI,2,HARD,28,55,28,6.0,87.253
2024,23,GAS,1,MEDIUM,1,1,1,103.2,87.462
2024,23,GAS,1,MEDIUM,2,2,2,101.4,87.366
2024,23,GAS,1,MEDIUM,3,3,3,99.6,87.403
2024,23,GAS,1,MEDIUM,4,4,4,97.8,87.506
2024,23,GAS,1,MEDIUM,5,5,5,96.0,87.526
2024,23,GAS,1,MEDIUM,6,6,6,94.2,87.445
2024,23,GAS,1,MEDIUM,7,7,7,92.4,87.67
2024,23,GAS,1,MEDIUM,8,8,8,90.6,87.67
2024,23,GAS,1,MEDIUM,9,9,9,88.8,87.671
2024,23,GAS,1,MEDIUM,10,10,10,87.0,87.781
2024,23,GAS,1,MEDIUM,11,11,11,85.2,87.77
2024,23,GAS,1,MEDIUM,12,12,12,83.4,87.729
2024,23,GAS,1,MEDIUM,13,13,13,81.6,87.766
2024,23,GAS,1,MEDIUM,14,14,14,79.8,88.087
2024,23,GAS,1,MEDIUM,15,15,15,78.0,87.992
2024,23,GAS,1,MEDIUM,16,16,16,76.2,88.045
2024,23,GAS,1,MEDIUM,17,17,17,74.4,88.148
2024,23,GAS,1,MEDIUM,18,18,18,72.6,88.205
2024,23,GAS,1,MEDIUM,19,19,19,70.8,88.141
2024,23,GAS,1,MEDIUM,20,20,20,69.0,88.158
2024,23,GAS,1,MEDIUM,21,21,21,67.2,88.288
2024,23,GAS,1,MEDIUM,22,22,22,65.4,88.285
2024,23,GAS,1,MEDIUM,23,23,23,63.6,88.496
2024,23,GAS,1,MEDIUM,24,24,24,61.8,88.465
2024,23,GAS,1,MEDIUM,25,25,25,60.0,88.519
2024,23,GAS,1,MEDIUM,26,26,26,58.2,88.633
2024,23,GAS,1,MEDIUM,27,27,27,56.4,88.717
2024,23,GAS,2,HARD,1,28,1,54.6,86.628
2024,23,GAS,2,HARD,2,29,2,52.8,86.485
2024,23,GAS,2,HARD,3,30,3,51.0,86.454
2024,23,GAS,2,HARD,4,31,4,49.2,86.621
2024,23,GAS,2,HARD,5,32,5,47.4,86.599
2024,23,GAS,2,HARD,6,33,6,45.6,86.645
2024,23,GAS,2,HARD,7,34,7,43.8,86.873
2024,23,GAS,2,HARD,8,35,8,42.0,86.696
2024,23,GAS,2,HARD,9,36,9,40.2,86.876
2024,23,GAS,2,HARD,10,37,10,38.4,86.786
2024,23,GAS,2,HARD,11,38,11,36.6,86.705
2024,23,GAS,2,HARD,12,39,12,34.8,86.888
2024,23,GAS,2,HARD,13,40,13,33.0,86.849
2024,23,GAS,2,HARD,14,41,14,31.2,87.233
2024,23,GAS,2,HARD,15,42,15,29.4,87.063
2024,23,GAS,2,HARD,16,43,16,27.6,87.132
2024,23,GAS,2,HARD,17,44,17,25.8,87.046
2024,23,GAS,2,HARD,18,45,18,24.0,87.204
2024,23,GAS,2,HARD,19,46,19,22.2,87.297
2024,23,GAS,2,HARD,20,47,20,20.4,87.343
2024,23,GAS,2,HARD,21,48,21,18.6,87.494
2024,23,GAS,2,HARD,22,49,22,16.8,87.481
2024,23,GAS,2,HARD,23,50,23,15.0,87.371
2024,23,GAS,2,HARD,24,51,24,13.2,87.466
2024,23,GAS,2,HARD,25,52,25,11.4,87.561
2024,23,GAS,2,HARD,26,53,26,9.6,87.56
2024,23,GAS,2,HARD,27,54,27,7.8,87.671
2024,23,GAS,2,HARD,28,55,28,6.0,87.713
2024,24,NOR,1,MEDIUM,1,1,1,103.2,86.786
2024,24,NOR,1,MEDIUM,2,2,2,101.4,86.565
2024,24,NOR,1,MEDIUM,3,3,3,99.6,86.861
2024,24,NOR,1,MEDIUM,4,4,4,97.8,86.621
2024,24,NOR,1,MEDIUM,5,5,5,96.0,86.712
2024,24,NOR,1,MEDIUM,6,6,6,94.2,86.705
2024,24,NOR,1,MEDIUM,7,7,7,92.4,86.742
2024,24,NOR,1,MEDIUM,8,8,8,90.6,86.799
2024,24,NOR,1,MEDIUM,9,9,9,88.8,86.95
2024,24,NOR,1,MEDIUM,10,10,10,87.0,86.866
2024,24,NOR,1,MEDIUM,11,11,11,85.2,86.885
2024,24,NOR,1,MEDIUM,12,12,12,83.4,86.933
2024,24,NOR,1,MEDIUM,13,13,13,81.6,87.037
2024,24,NOR,1,MEDIUM,14,14,14,79.8,87.05
2024,24,NOR,1,MEDIUM,15,15,15,78.0,87.165
2024,24,NOR,1,MEDIUM,16,16,16,76.2,87.188
2024,24,NOR,1,MEDIUM,17,17,17,74.4,87.226
2024,24,NOR,1,MEDIUM,18,18,18,72.6,87.32
2024,24,NOR,1,MEDIUM,19,19,19,70.8,87.367
2024,24,NOR,1,MEDIUM,20,20,20,69.0,87.46
2024,24,NOR,1,MEDIUM,21,21,21,67.2,87.543
2024,24,NOR,1,MEDIUM,22,22,22,65.4,87.344
2024,24,NOR,1,MEDIUM,23,23,23,63.6,87.609
2024,24,NOR,1,MEDIUM,24,24,24,61.8,87.733
2024,24,NOR,1,MEDIUM,25,25,25,60.0,87.688
2024,24,NOR,1,MEDIUM,26,26,26,58.2,87.787
2024,24,NOR,1,MEDIUM,27,27,27,56.4,87.894
2024,24,NOR,2,HARD,1,28,1,54.6,85.709
2024,24,NOR,2,HARD,2,29,2,52.8,85.68
2024,24,NOR,2,HARD,3,30,3,51.0,85.804
2024,24,NOR,2,HARD,4,31,4,49.2,85.86
2024,24,NOR,2,HARD,5,32,5,47.4,85.909
2024,24,NOR,2,HARD,6,33,6,45.6,85.888
2024,24,NOR,2,HARD,7,34,7,43.8,85.81
2024,24,NOR,2,HARD,8,35,8,42.0,86.05
2024,24,NOR,2,HARD,9,36,9,40.2,85.932
2024,24,NOR,2,HARD,10,37,10,38.4,85.947
2024,24,NOR,2,HARD,11,38,11,36.6,86.064
2024,24,NOR,2,HARD,12,39,12,34.8,86.145
2024,24,NOR,2,HARD,13,40,13,33.0,86.283
2024,24,NOR,2,HARD,14,41,14,31.2,86.236
2024,24,NOR,2,HARD,15,42,15,29.4,86.207
2024,24,NOR,2,HARD,16,43,16,27.6,86.379
2024,24,NOR,2,HARD,17,44,17,25.8,86.242
2024,24,NOR,2,HARD,18,45,18,24.0,86.294
2024,24,NOR,2,HARD,19,46,19,22.2,86.406
2024,24,NOR,2,HARD,20,47,20,20.4,86.534
2024,24,NOR,2,HARD,21,48,21,18.6,86.588
2024,24,NOR,2,HARD,22,49,22,16.8,86.625
2024,24,NOR,2,HARD,23,50,23,15.0,86.671
2024,24,NOR,2,HARD,24,51,24,13.2,86.758
2024,24,NOR,2,HARD,25,52,25,11.4,86.77
2024,24,NOR,2,HARD,26,53,26,9.6,86.864
2024,24,NOR,2,HARD,27,54,27,7.8,86.787
2024,24,NOR,2,HARD,28,55,28,6.0,86.805
2024,24,SAI,1,MEDIUM,1,1,1,103.2,86.826
2024,24,SAI,1,MEDIUM,2,2,2,101.4,86.817
2024,24,SAI,1,MEDIUM,3,3,3,99.6,86.792
2024,24,SAI,1,MEDIUM,4,4,4,97.8,86.857
2024,24,SAI,1,MEDIUM,5,5,5,96.0,86.803
2024,24,SAI,1,MEDIUM,6,6,6,94.2,86.935
2024,24,SAI,1,MEDIUM,7,7,7,92.4,87.0
2024,24,SAI,1,MEDIUM,8,8,8,90.6,87.074
2024,24,SAI,1,MEDIUM,9,9,9,88.8,87.005
2024,24,SAI,1,MEDIUM,10,10,10,87.0,87.322
2024,24,SAI,1,MEDIUM,11,11,11,85.2,87.018
2024,24,SAI,1,MEDIUM,12,12,12,83.4,87.108
2024,24,SAI,1,MEDIUM,13,13,13,81.6,87.104
2024,24,SAI,1,MEDIUM,14,14,14,79.8,87.262
2024,24,SAI,1,MEDIUM,15,15,15,78.0,87.418
2024,24,SAI,1,MEDIUM,16,16,16,76.2,87.398
2024,24,SAI,1,MEDIUM,17,17,17,74.4,87.382
2024,24,SAI,1,MEDIUM,18,18,18,72.6,87.429
2024,24,SAI,1,MEDIUM,19,19,19,70.8,87.567
2024,24,SAI,1,MEDIUM,20,20,20,69.0,87.542
2024,24,SAI,1,MEDIUM,21,21,21,67.2,87.574
2024,24,SAI,1,MEDIUM,22,22,22,65.4,87.783
2024,24,SAI,1,MEDIUM,23,23,23,63.6,87.63
2024,24,SAI,1,MEDIUM,24,24,24,61.8,87.745
2024,24,SAI,1,MEDIUM,25,25,25,60.0,87.924
2024,24,SAI,1,MEDIUM,26,26,26,58.2,87.923
2024,24,SAI,1,MEDIUM,27,27,27,56.4,87.865
2024,24,SAI,2,HARD,1,28,1,54.6,85.835
2024,24,SAI,2,HARD,2,29,2,52.8,85.954
2024,24,SAI,2,HARD,3,30,3,51.0,85.988
2024,24,SAI,2,HARD,4,31,4,49.2,85.873
2024,24,SAI,2,HARD,5,32,5,47.4,86.033
2024,24,SAI,2,HARD,6,33,6,45.6,86.023
2024,24,SAI,2,HARD,7,34,7,43.8,86.07
2024,24,SAI,2,HARD,8,35,8,42.0,86.023
2024,24,SAI,2,HARD,9,36,9,40.2,86.096
2024,24,SAI,2,HARD,10,37,10,38.4,86.267
2024,24,SAI,2,HARD,11,38,11,36.6,86.295
2024,24,SAI,2,HARD,12,39,12,34.8,86.3
2024,24,SAI,2,HARD,13,40,13,33.0,86.423
2024,24,SAI,2,HARD,14,41,14,31.2,86.467
2024,24,SAI,2,HARD,15,42,15,29.4,86.414
2024,24,SAI,2,HARD,16,43,16,27.6,86.46
2024,24,SAI,2,HARD,17,44,17,25.8,86.481
2024,24,SAI,2,HARD,18,45,18,24.0,86.44
2024,24,SAI,2,HARD,19,46,19,22.2,86.723
2024,24,SAI,2,HARD,20,47,20,20.4,86.765
2024,24,SAI,2,HARD,21,48,21,18.6,86.621
2024,24,SAI,2,HARD,22,49,22,16.8,86.589
2024,24,SAI,2,HARD,23,50,23,15.0,87.081
2024,24,SAI,2,HARD,24,51,24,13.2,86.939
2024,24,SAI,2,HARD,25,52,25,11.4,86.932
2024,24,SAI,2,HARD,26,53,26,9.6,87.135
2024,24,SAI,2,HARD,27,54,27,7.8,87.172
2024,24,SAI,2,HARD,28,55,28,6.0,87.119
2024,24,VER,1,MEDIUM,1,1,1,103.2,86.694
2024,24,VER,1,MEDIUM,2,2,2,101.4,86.909
2024,24,VER,1,MEDIUM,3,3,3,99.6,86.952
2024,24,VER,1,MEDIUM,4,4,4,97.8,86.841
2024,24,VER,1,MEDIUM,5,5,5,96.0,87.139
2024,24,VER,1,MEDIUM,6,6,6,94.2,86.874
2024,24,VER,1,MEDIUM,7,7,7,92.4,87.095
2024,24,VER,1,MEDIUM,8,8,8,90.6,87.04
2024,24,VER,1,MEDIUM,9,9,9,88.8,87.097
2024,24,VER,1,MEDIUM,10,10,10,87.0,87.043
2024,24,VER,1,MEDIUM,11,11,11,85.2,87.18
2024,24,VER,1,MEDIUM,12,12,12,83.4,87.267
2024,24,VER,1,MEDIUM,13,13,13,81.6,87.241
2024,24,VER,1,MEDIUM,14,14,14,79.8,87.405
2024,24,VER,1,MEDIUM,15,15,15,78.0,87.319
2024,24,VER,1,MEDIUM,16,16,16,76.2,87.416
2024,24,VER,1,MEDIUM,17,17,17,74.4,87.466
2024,24,VER,1,MEDIUM,18,18,18,72.6,87.565
2024,24,VER,1,MEDIUM,19,19,19,70.8,87.521
2024,24,VER,1,MEDIUM,20,20,20,69.0,87.722
2024,24,VER,1,MEDIUM,21,21,21,67.2,87.785
2024,24,VER,1,MEDIUM,22,22,22,65.4,87.76
2024,24,VER,1,MEDIUM,23,23,23,63.6,87.682
2024,24,VER,1,MEDIUM,24,24,24,61.8,87.825
2024,24,VER,1,MEDIUM,25,25,25,60.0,87.867
2024,24,VER,1,MEDIUM,26,26,26,58.2,87.944
2024,24,VER,1,MEDIUM,27,27,27,56.4,87.977
2024,24,VER,2,HARD,1,28,1,54.6,86.106
2024,24,VER,2,HARD,2,29,2,52.8,86.008
2024,24,VER,2,HARD,3,30,3,51.0,86.075
2024,24,VER,2,HARD,4,31,4,49.2,86.016
2024,24,VER,2,HARD,5,32,5,47.4,86.106
2024,24,VER,2,HARD,6,33,6,45.6,86.176
2024,24,VER,2,HARD,7,34,7,43.8,86.046
2024,24,VER,2,HARD,8,35,8,42.0,86.22
2024,24,VER,2,HARD,9,36,9,40.2,86.203
2024,24,VER,2,HARD,10,37,10,38.4,86.295
2024,24,VER,2,HARD,11,38,11,36.6,86.27
2024,24,VER,2,HARD,12,39,12,34.8,86.216
2024,24,VER,2,HARD,13,40,13,33.0,86.442
2024,24,VER,2,HARD,14,41,14,31.2,86.451
2024,24,VER,2,HARD,15,42,15,29.4,86.557
2024,24,VER,2,HARD,16,43,16,27.6,86.592
2024,24,VER,2,HARD,17,44,17,25.8,86.688
2024,24,VER,2,HARD,18,45,18,24.0,86.78
2024,24,VER,2,HARD,19,46,19,22.2,86.793
2024,24,VER,2,HARD,20,47,20,20.4,86.778
2024,24,VER,2,HARD,21,48,21,18.6,86.69
2024,24,VER,2,HARD,22,49,22,16.8,86.804
2024,24,VER,2,HARD,23,50,23,15.0,86.96
2024,24,VER,2,HARD,24,51,24,13.2,87.057
2024,24,VER,2,HARD,25,52,25,11.4,87.042
2024,24,VER,2,HARD,26,53,26,9.6,87.177
2024,24,VER,2,HARD,27,54,27,7.8,87.035
2024,24,VER,2,HARD,28,55,28,6.0,87.206
2024,24,RUS,1,MEDIUM,1,1,1,103.2,86.976
2024,24,RUS,1,MEDIUM,2,2,2,101.4,87.031
2024,24,RUS,1,MEDIUM,3,3,3,99.6,87.058
2024,24,RUS,1,MEDIUM,4,4,4,97.8,87.149
2024,24,RUS,1,MEDIUM,5,5,5,96.0,87.114
2024,24,RUS,1,MEDIUM,6,6,6,94.2,87.124
2024,24,RUS,1,MEDIUM,7,7,7,92.4,87.327
2024,24,RUS,1,MEDIUM,8,8,8,90.6,87.197
2024,24,RUS,1,MEDIUM,9,9,9,88.8,87.276
2024,24,RUS,1,MEDIUM,10,10,10,87.0,87.38
2024,24,RUS,1,MEDIUM,11,11,11,85.2,87.358
2024,24,RUS,1,MEDIUM,12,12,12,83.4,87.343
2024,24,RUS,1,MEDIUM,13,13,13,81.6,87.357
2024,24,RUS,1,MEDIUM,14,14,14,79.8,87.532
2024,24,RUS,1,MEDIUM,15,15,15,78.0,87.662
2024,24,RUS,1,MEDIUM,16,16,16,76.2,87.77
2024,24,RUS,1,MEDIUM,17,17,17,74.4,87.697
2024,24,RUS,1,MEDIUM,18,18,18,72.6,87.815
2024,24,RUS,1,MEDIUM,19,19,19,70.8,87.939
2024,24,RUS,1,MEDIUM,20,20,20,69.0,87.979
2024,24,RUS,1,MEDIUM,21,21,21,67.2,87.883
2024,24,RUS,1,MEDIUM,22,22,22,65.4,87.995
2024,24,RUS,1,MEDIUM,23,23,23,63.6,88.006
2024,24,RUS,1,MEDIUM,24,24,24,61.8,88.058
2024,24,RUS,1,MEDIUM,25,25,25,60.0,88.01
2024,24,RUS,1,MEDIUM,26,26,26,58.2,88.052
2024,24,RUS,1,MEDIUM,27,27,27,56.4,88.204
2024,24,RUS,2,HARD,1,28,1,54.6,86.024
2024,24,RUS,2,HARD,2,29,2,52.8,86.098
2024,24,RUS,2,HARD,3,30,3,51.0,86.196
2024,24,RUS,2,HARD,4,31,4,49.2,86.177
2024,24,RUS,2,HARD,5,32,5,47.4,86.268
2024,24,RUS,2,HARD,6,33,6,45.6,86.391
2024,24,RUS,2,HARD,7,34,7,43.8,86.265
2024,24,RUS,2,HARD,8,35,8,42.0,86.375
2024,24,RUS,2,HARD,9,36,9,40.2,86.271
2024,24,RUS,2,HARD,10,37,10,38.4,86.365
2024,24,RUS,2,HARD,11,38,11,36.6,86.614
2024,24,RUS,2,HARD,12,39,12,34.8,86.772
2024,24,RUS,2,HARD,13,40,13,33.0,86.681
2024,24,RUS,2,HARD,14,41,14,31.2,86.636
2024,24,RUS,2,HARD,15,42,15,29.4,86.53
2024,24,RUS,2,HARD,16,43,16,27.6,86.772
2024,24,RUS,2,HARD,17,44,17,25.8,86.89
2024,24,RUS,2,HARD,18,45,18,24.0,86.805
2024,24,RUS,2,HARD,19,46,19,22.2,86.962
2024,24,RUS,2,HARD,20,47,20,20.4,86.933
2024,24,RUS,2,HARD,21,48,21,18.6,86.928
2024,24,RUS,2,HARD,22,49,22,16.8,86.945
2024,24,RUS,2,HARD,23,50,23,15.0,87.173
2024,24,RUS,2,HARD,24,51,24,13.2,87.201
2024,24,RUS,2,HARD,25,52,25,11.4,87.325
2024,24,RUS,2,HARD,26,53,26,9.6,87.091
2024,24,RUS,2,HARD,27,54,27,7.8,87.155
2024,24,RUS,2,HARD,28,55,28,6.0,87.364
2024,24,HAM,1,MEDIUM,1,1,1,103.2,87.886
2024,24,HAM,1,MEDIUM,2,2,2,101.4,87.895
2024,24,HAM,1,MEDIUM,3,3,3,99.6,87.934
2024,24,HAM,1,MEDIUM,4,4,4,97.8,87.881
2024,24,HAM,1,MEDIUM,5,5,5,96.0,87.848
2024,24,HAM,1,MEDIUM,6,6,6,94.2,87.851
2024,24,HAM,1,MEDIUM,7,7,7,92.4,88.025
2024,24,HAM,1,MEDIUM,8,8,8,90.6,88.032
2024,24,HAM,1,MEDIUM,9,9,9,88.8,87.911
2024,24,HAM,1,MEDIUM,10,10,10,87.0,88.116
2024,24,HAM,1,MEDIUM,11,11,11,85.2,88.256
2024,24,HAM,1,MEDIUM,12,12,12,83.4,88.226
2024,24,HAM,1,MEDIUM,13,13,13,81.6,88.221
2024,24,HAM,1,MEDIUM,14,14,14,79.8,88.39
2024,24,HAM,1,MEDIUM,15,15,15,78.0,88.459
2024,24,HAM,1,MEDIUM,16,16,16,76.2,88.369
2024,24,HAM,1,MEDIUM,17,17,17,74.4,88.525
2024,24,HAM,1,MEDIUM,18,18,18,72.6,88.45
2024,24,HAM,1,MEDIUM,19,19,19,70.8,88.548
2024,24,HAM,1,MEDIUM,20,20,20,69.0,88.575
2024,24,HAM,1,MEDIUM,21,21,21,67.2,88.631
2024,24,HAM,1,MEDIUM,22,22,22,65.4,88.801
2024,24,HAM,1,MEDIUM,23,23,23,63.6,88.89
2024,24,HAM,1,MEDIUM,24,24,24,61.8,88.785
2024,24,HAM,1,MEDIUM,25,25,25,60.0,88.876
2024,24,HAM,1,MEDIUM,26,26,26,58.2,88.916
2024,24,HAM,1,MEDIUM,27,27,27,56.4,88.972
2024,24,HAM,2,HARD,1,28,1,54.6,86.98
2024,24,HAM,2,HARD,2,29,2,52.8,86.986
2024,24,HAM,2,HARD,3,30,3,51.0,86.942
2024,24,HAM,2,HARD,4,31,4,49.2,86.881
2024,24,HAM,2,HARD,5,32,5,47.4,86.89
2024,24,HAM,2,HARD,6,33,6,45.6,87.033
2024,24,HAM,2,HARD,7,34,7,43.8,87.124
2024,24,HAM,2,HARD,8,35,8,42.0,87.056
2024,24,HAM,2,HARD,9,36,9,40.2,87.107
2024,24,HAM,2,HARD,10,37,10,38.4,87.244
2024,24,HAM,2,HARD,11,38,11,36.6,87.371
2024,24,HAM,2,HARD,12,39,12,34.8,87.394
2024,24,HAM,2,HARD,13,40,13,33.0,87.265
2024,24,HAM,2,HARD,14,41,14,31.2,87.311
2024,24,HAM,2,HARD,15,42,15,29.4,87.594
2024,24,HAM,2,HARD,16,43,16,27.6,87.66
2024,24,HAM,2,HARD,17,44,17,25.8,87.679
2024,24,HAM,2,HARD,18,45,18,24.0,87.503
2024,24,HAM,2,HARD,19,46,19,22.2,87.735
2024,24,HAM,2,HARD,20,47,20,20.4,87.773
2024,24,HAM,2,HARD,21,48,21,18.6,87.745
2024,24,HAM,2,HARD,22,49,22,16.8,87.858
2024,24,HAM,2,HARD,23,50,23,15.0,87.883
2024,24,HAM,2,HARD,24,51,24,13.2,87.924
2024,24,HAM,2,HARD,25,52,25,11.4,88.025
2024,24,HAM,2,HARD,26,53,26,9.6,88.18
2024,24,HAM,2,HARD,27,54,27,7.8,87.969
2024,24,HAM,2,HARD,28,55,28,6.0,88.139
2024,24,LEC,1,MEDIUM,1,1,1,103.2,88.032
2024,24,LEC,1,MEDIUM,2,2,2,101.4,88.074
2024,24,LEC,1,MEDIUM,3,3,3,99.6,88.032
2024,24,LEC,1,MEDIUM,4,4,4,97.8,88.044
2024,24,LEC,1,MEDIUM,5,5,5,96.0,88.191
2024,24,LEC,1,MEDIUM,6,6,6,94.2,88.195
2024,24,LEC,1,MEDIUM,7,7,7,92.4,88.288
2024,24,LEC,1,MEDIUM,8,8,8,90.6,88.255
2024,24,LEC,1,MEDIUM,9,9,9,88.8,88.253
2024,24,LEC,1,MEDIUM,10,10,10,87.0,88.451
2024,24,LEC,1,MEDIUM,11,11,11,85.2,88.54
2024,24,LEC,1,MEDIUM,12,12,12,83.4,88.447
2024,24,LEC,1,MEDIUM,13,13,13,81.6,88.396
2024,24,LEC,1,MEDIUM,14,14,14,79.8,88.632
2024,24,LEC,1,MEDIUM,15,15,15,78.0,88.613
2024,24,LEC,1,MEDIUM,16,16,16,76.2,88.63
2024,24,LEC,1,MEDIUM,17,17,17,74.4,88.665
2024,24,LEC,1,MEDIUM,18,18,18,72.6,88.802
2024,24,LEC,1,MEDIUM,19,19,19,70.8,88.806
2024,24,LEC,1,MEDIUM,20,20,20,69.0,88.867
2024,24,LEC,1,MEDIUM,21,21,21,67.2,88.897
2024,24,LEC,1,MEDIUM,22,22,22,65.4,88.859
2024,24,LEC,1,MEDIUM,23,23,23,63.6,89.007
2024,24,LEC,1,MEDIUM,24,24,24,61.8,89.182
2024,24,LEC,1,MEDIUM,25,25,25,60.0,89.148
2024,24,LEC,1,MEDIUM,26,26,26,58.2,89.162
2024,24,LEC,1,MEDIUM,27,27,27,56.4,89.226
2024,24,LEC,2,HARD,1,28,1,54.6,87.181
2024,24,LEC,2,HARD,2,29,2,52.8,87.068
2024,24,LEC,2,HARD,3,30,3,51.0,87.184
2024,24,LEC,2,HARD,4,31,4,49.2,87.192
2024,24,LEC,2,HARD,5,32,5,47.4,87.271
2024,24,LEC,2,HARD,6,33,6,45.6,87.339
2024,24,LEC,2,HARD,7,34,7,43.8,87.39
2024,24,LEC,2,HARD,8,35,8,42.0,87.512
2024,24,LEC,2,HARD,9,36,9,40.2,87.388
2024,24,LEC,2,HARD,10,37,10,38.4,87.559
2024,24,LEC,2,HARD,11,38,11,36.6,87.535
2024,24,LEC,2,HARD,12,39,12,34.8,87.49
2024,24,LEC,2,HARD,13,40,13,33.0,87.607
2024,24,LEC,2,HARD,14,41,14,31.2,87.647
2024,24,LEC,2,HARD,15,42,15,29.4,87.712
2024,24,LEC,2,HARD,16,43,16,27.6,87.665
2024,24,LEC,2,HARD,17,44,17,25.8,87.841
2024,24,LEC,2,HARD,18,45,18,24.0,87.925
2024,24,LEC,2,HARD,19,46,19,22.2,87.849
2024,24,LEC,2,HARD,20,47,20,20.4,87.953
2024,24,LEC,2,HARD,21,48,21,18.6,87.978
2024,24,LEC,2,HARD,22,49,22,16.8,87.984
2024,24,LEC,2,HARD,23,50,23,15.0,88.014
2024,24,LEC,2,HARD,24,51,24,13.2,88.094
2024,24,LEC,2,HARD,25,52,25,11.4,88.269
2024,24,LEC,2,HARD,26,53,26,9.6,88.223
2024,24,LEC,2,HARD,27,54,27,7.8,88.198
2024,24,LEC,2,HARD,28,55,28,6.0,88.329
2025,1,NOR,1,MEDIUM,1,1,1,103.2,86.595
2025,1,NOR,1,MEDIUM,2,2,2,101.4,86.615
2025,1,NOR,1,MEDIUM,3,3,3,99.6,86.615
2025,1,NOR,1,MEDIUM,4,4,4,97.8,86.723
2025,1,NOR,1,MEDIUM,5,5,5,96.0,86.778
2025,1,NOR,1,MEDIUM,6,6,6,94.2,86.75
2025,1,NOR,1,MEDIUM,7,7,7,92.4,86.887
2025,1,NOR,1,MEDIUM,8,8,8,90.6,86.879
2025,1,NOR,1,MEDIUM,9,9,9,88.8,86.841
2025,1,NOR,1,MEDIUM,10,10,10,87.0,86.891
2025,1,NOR,1,MEDIUM,11,11,11,85.2,86.926
2025,1,NOR,1,MEDIUM,12,12,12,83.4,87.081
2025,1,NOR,1,MEDIUM,13,13,13,81.6,87.016
2025,1,NOR,1,MEDIUM,14,14,14,79.8,87.177
2025,1,NOR,1,MEDIUM,15,15,15,78.0,87.111
2025,1,NOR,1,MEDIUM,16,16,16,76.2,87.108
2025,1,NOR,1,MEDIUM,17,17,17,74.4,87.234
2025,1,NOR,1,MEDIUM,18,18,18,72.6,87.291
2025,1,NOR,1,MEDIUM,19,19,19,70.8,87.29
2025,1,NOR,1,MEDIUM,20,20,20,69.0,87.371
2025,1,NOR,1,MEDIUM,21,21,21,67.2,87.611
2025,1,NOR,1,MEDIUM,22,22,22,65.4,87.422
2025,1,NOR,1,MEDIUM,23,23,23,63.6,87.64
2025,1,NOR,1,MEDIUM,24,24,24,61.8,87.577
2025,1,NOR,1,MEDIUM,25,25,25,60.0,87.674
2025,1,NOR,1,MEDIUM,26,26,26,58.2,87.741
2025,1,NOR,1,MEDIUM,27,27,27,56.4,87.824
2025,1,NOR,2,HARD,1,28,1,54.6,85.6
2025,1,NOR,2,HARD,2,29,2,52.8,85.705
2025,1,NOR,2,HARD,3,30,3,51.0,85.777
2025,1,NOR,2,HARD,4,31,4,49.2,85.794
2025,1,NOR,2,HARD,5,32,5,47.4,85.802
2025,1,NOR,2,HARD,6,33,6,45.6,85.869
2025,1,NOR,2,HARD,7,34,7,43.8,86.015
2025,1,NOR,2,HARD,8,35,8,42.0,86.032
2025,1,NOR,2,HARD,9,36,9,40.2,86.052
2025,1,NOR,2,HARD,10,37,10,38.4,85.918
2025,1,NOR,2,HARD,11,38,11,36.6,86.147
2025,1,NOR,2,HARD,12,39,12,34.8,86.198
2025,1,NOR,2,HARD,13,40,13,33.0,86.122
2025,1,NOR,2,HARD,14,41,14,31.2,86.198
2025,1,NOR,2,HARD,15,42,15,29.4,86.259
2025,1,NOR,2,HARD,16,43,16,27.6,86.359
2025,1,NOR,2,HARD,17,44,17,25.8,86.442
2025,1,NOR,2,HARD,18,45,18,24.0,86.46
2025,1,NOR,2,HARD,19,46,19,22.2,86.407
2025,1,NOR,2,HARD,20,47,20,20.4,86.594
2025,1,NOR,2,HARD,21,48,21,18.6,86.637
2025,1,NOR,2,HARD,22,49,22,16.8,86.658
2025,1,NOR,2,HARD,23,50,23,15.0,86.599
2025,1,NOR,2,HARD,24,51,24,13.2,86.72
2025,1,NOR,2,HARD,25,52,25,11.4,86.724
2025,1,NOR,2,HARD,26,53,26,9.6,86.959
2025,1,NOR,2,HARD,27,54,27,7.8,86.92
2025,1,NOR,2,HARD,28,55,28,6.0,86.927
2025,1,VER,1,MEDIUM,1,1,1,103.2,86.763
2025,1,VER,1,MEDIUM,2,2,2,101.4,86.816
2025,1,VER,1,MEDIUM,3,3,3,99.6,86.81
2025,1,VER,1,MEDIUM,4,4,4,97.8,86.754
2025,1,VER,1,MEDIUM,5,5,5,96.0,86.907
2025,1,VER,1,MEDIUM,6,6,6,94.2,86.9
2025,1,VER,1,MEDIUM,7,7,7,92.4,86.964
2025,1,VER,1,MEDIUM,8,8,8,90.6,86.918
2025,1,VER,1,MEDIUM,9,9,9,88.8,86.972
2025,1,VER,1,MEDIUM,10,10,10,87.0,87.054
2025,1,VER,1,MEDIUM,11,11,11,85.2,87.157
2025,1,VER,1,MEDIUM,12,12,12,83.4,87.128
2025,1,VER,1,MEDIUM,13,13,13,81.6,87.446
2025,1,VER,1,MEDIUM,14,14,14,79.8,87.11
2025,1,VER,1,MEDIUM,15,15,15,78.0,87.305
2025,1,VER,1,MEDIUM,16,16,16,76.2,87.453
2025,1,VER,1,MEDIUM,17,17,17,74.4,87.489
2025,1,VER,1,MEDIUM,18,18,18,72.6,87.614
2025,1,VER,1,MEDIUM,19,19,19,70.8,87.496
2025,1,VER,1,MEDIUM,20,20,20,69.0,87.54
2025,1,VER,1,MEDIUM,21,21,21,67.2,87.521
2025,1,VER,1,MEDIUM,22,22,22,65.4,87.652
2025,1,VER,1,MEDIUM,23,23,23,63.6,87.687
2025,1,VER,1,MEDIUM,24,24,24,61.8,87.71
2025,1,VER,1,MEDIUM,25,25,25,60.0,87.946
2025,1,VER,1,MEDIUM,26,26,26,58.2,87.711
2025,1,VER,1,MEDIUM,27,27,27,56.4,87.949
2025,1,VER,2,HARD,1,28,1,54.6,85.884
2025,1,VER,2,HARD,2,29,2,52.8,85.875
2025,1,VER,2,HARD,3,30,3,51.0,85.836
2025,1,VER,2,HARD,4,31,4,49.2,85.902
2025,1,VER,2,HARD,5,32,5,47.4,85.849
2025,1,VER,2,HARD,6,33,6,45.6,86.116
2025,1,VER,2,HARD,7,34,7,43.8,86.202
2025,1,VER,2,HARD,8,35,8,42.0,86.106
2025,1,VER,2,HARD,9,36,9,40.2,86.252
2025,1,VER,2,HARD,10,37,10,38.4,86.067
2025,1,VER,2,HARD,11,38,11,36.6,86.179
2025,1,VER,2,HARD,12,39,12,34.8,86.118
2025,1,VER,2,HARD,13,40,13,33.0,86.41
2025,1,VER,2,HARD,14,41,14,31.2,86.286
2025,1,VER,2,HARD,15,42,15,29.4,86.403
2025,1,VER,2,HARD,16,43,16,27.6,86.389
2025,1,VER,2,HARD,17,44,17,25.8,86.374
2025,1,VER,2,HARD,18,45,18,24.0,86.602
2025,1,VER,2,HARD,19,46,19,22.2,86.589
2025,1,VER,2,HARD,20,47,20,20.4,86.544
2025,1,VER,2,HARD,21,48,21,18.6,86.754
2025,1,VER,2,HARD,22,49,22,16.8,86.75
2025,1,VER,2,HARD,23,50,23,15.0,86.874
2025,1,VER,2,HARD,24,51,24,13.2,86.803
2025,1,VER,2,HARD,25,52,25,11.4,86.936
2025,1,VER,2,HARD,26,53,26,9.6,86.962
2025,1,VER,2,HARD,27,54,27,7.8,87.079
2025,1,VER,2,HARD,28,55,28,6.0,87.112
2025,1,RUS,1,MEDIUM,1,1,1,103.2,86.88
2025,1,RUS,1,MEDIUM,2,2,2,101.4,86.842
2025,1,RUS,1,MEDIUM,3,3,3,99.6,86.985
2025,1,RUS,1,MEDIUM,4,4,4,97.8,87.063
2025,1,RUS,1,MEDIUM,5,5,5,96.0,87.13
2025,1,RUS,1,MEDIUM,6,6,6,94.2,87.126
2025,1,RUS,1,MEDIUM,7,7,7,92.4,87.008
2025,1,RUS,1,MEDIUM,8,8,8,90.6,87.092
2025,1,RUS,1,MEDIUM,9,9,9,88.8,87.103
2025,1,RUS,1,MEDIUM,10,10,10,87.0,87.243
2025,1,RUS,1,MEDIUM,11,11,11,85.2,86.984
2025,1,RUS,1,MEDIUM,12,12,12,83.4,87.255
2025,1,RUS,1,MEDIUM,13,13,13,81.6,87.394
2025,1,RUS,1,MEDIUM,14,14,14,79.8,87.444
2025,1,RUS,1,MEDIUM,15,15,15,78.0,87.571
2025,1,RUS,1,MEDIUM,16,16,16,76.2,87.449
2025,1,RUS,1,MEDIUM,17,17,17,74.4,87.639
2025,1,RUS,1,MEDIUM,18,18,18,72.6,87.589
2025,1,RUS,1,MEDIUM,19,19,19,70.8,87.596
2025,1,RUS,1,MEDIUM,20,20,20,69.0,87.594
2025,1,RUS,1,MEDIUM,21,21,21,67.2,87.737
2025,1,RUS,1,MEDIUM,22,22,22,65.4,87.736
2025,1,RUS,1,MEDIUM,23,23,23,63.6,87.874
2025,1,RUS,1,MEDIUM,24,24,24,61.8,87.745
2025,1,RUS,1,MEDIUM,25,25,25,60.0,87.91
2025,1,RUS,1,MEDIUM,26,26,26,58.2,87.818
2025,1,RUS,1,MEDIUM,27,27,27,56.4,88.052
2025,1,RUS,2,HARD,1,28,1,54.6,85.91
2025,1,RUS,2,HARD,2,29,2,52.8,85.926
2025,1,RUS,2,HARD,3,30,3,51.0,86.114
2025,1,RUS,2,HARD,4,31,4,49.2,86.034
2025,1,RUS,2,HARD,5,32,5,47.4,86.114
2025,1,RUS,2,HARD,6,33,6,45.6,86.15
2025,1,RUS,2,HARD,7,34,7,43.8,86.113
2025,1,RUS,2,HARD,8,35,8,42.0,86.16
2025,1,RUS,2,HARD,9,36,9,40.2,86.309
2025,1,RUS,2,HARD,10,37,10,38.4,86.238
2025,1,RUS,2,HARD,11,38,11,36.6,86.295
2025,1,RUS,2,HARD,12,39,12,34.8,86.476
2025,1,RUS,2,HARD,13,40,13,33.0,86.48
2025,1,RUS,2,HARD,14,41,14,31.2,86.539
2025,1,RUS,2,HARD,15,42,15,29.4,86.358
2025,1,RUS,2,HARD,16,43,16,27.6,86.426
2025,1,RUS,2,HARD,17,44,17,25.8,86.541
2025,1,RUS,2,HARD,18,45,18,24.0,86.837
2025,1,RUS,2,HARD,19,46,19,22.2,86.675
2025,1,RUS,2,HARD,20,47,20,20.4,86.583
2025,1,RUS,2,HARD,21,48,21,18.6,86.801
2025,1,RUS,2,HARD,22,49,22,16.8,86.785
2025,1,RUS,2,HARD,23,50,23,15.0,86.874
2025,1,RUS,2,HARD,24,51,24,13.2,87.023
2025,1,RUS,2,HARD,25,52,25,11.4,86.999
2025,1,RUS,2,HARD,26,53,26,9.6,87.2
2025,1,RUS,2,HARD,27,54,27,7.8,87.073
2025,1,RUS,2,HARD,28,55,28,6.0,87.211
2025,1,ALB,1,MEDIUM,1,1,1,103.2,87.141
2025,1,ALB,1,MEDIUM,2,2,2,101.4,86.968
2025,1,ALB,1,MEDIUM,3,3,3,99.6,86.938
2025,1,ALB,1,MEDIUM,4,4,4,97.8,87.129
2025,1,ALB,1,MEDIUM,5,5,5,96.0,86.981
2025,1,ALB,1,MEDIUM,6,6,6,94.2,87.26
2025,1,ALB,1,MEDIUM,7,7,7,92.4,87.335
2025,1,ALB,1,MEDIUM,8,8,8,90.6,87.127
2025,1,ALB,1,MEDIUM,9,9,9,88.8,87.227
2025,1,ALB,1,MEDIUM,10,10,10,87.0,87.118
2025,1,ALB,1,MEDIUM,11,11,11,85.2,87.274
2025,1,ALB,1,MEDIUM,12,12,12,83.4,87.381
2025,1,ALB,1,MEDIUM,13,13,13,81.6,87.456
2025,1,ALB,1,MEDIUM,14,14,14,79.8,87.466
2025,1,ALB,1,MEDIUM,15,15,15,78.0,87.654
2025,1,ALB,1,MEDIUM,16,16,16,76.2,87.669
2025,1,ALB,1,MEDIUM,17,17,17,74.4,87.585
2025,1,ALB,1,MEDIUM,18,18,18,72.6,87.717
2025,1,ALB,1,MEDIUM,19,19,19,70.8,87.58
2025,1,ALB,1,MEDIUM,20,20,20,69.0,87.881
2025,1,ALB,1,MEDIUM,21,21,21,67.2,87.896
2025,1,ALB,1,MEDIUM,22,22,22,65.4,87.956
2025,1,ALB,1,MEDIUM,23,23,23,63.6,87.953
2025,1,ALB,1,MEDIUM,24,24,24,61.8,88.033
2025,1,ALB,1,MEDIUM,25,25,25,60.0,88.076
2025,1,ALB,1,MEDIUM,26,26,26,58.2,87.965
2025,1,ALB,1,MEDIUM,27,27,27,56.4,88.149
2025,1,ALB,2,HARD,1,28,1,54.6,86.188
2025,1,ALB,2,HARD,2,29,2,52.8,86.17
2025,1,ALB,2,HARD,3,30,3,51.0,86.27
2025,1,ALB,2,HARD,4,31,4,49.2,86.157
2025,1,ALB,2,HARD,5,32,5,47.4,86.208
2025,1,ALB,2,HARD,6,33,6,45.6,86.375
2025,1,ALB,2,HARD,7,34,7,43.8,86.401
2025,1,ALB,2,HARD,8,35,8,42.0,86.397
2025,1,ALB,2,HARD,9,36,9,40.2,86.354
2025,1,ALB,2,HARD,10,37,10,38.4,86.416
2025,1,ALB,2,HARD,11,38,11,36.6,86.357
2025,1,ALB,2,HARD,12,39,12,34.8,86.715
2025,1,ALB,2,HARD,13,40,13,33.0,86.587
2025,1,ALB,2,HARD,14,41,14,31.2,86.7
2025,1,ALB,2,HARD,15,42,15,29.4,86.736
2025,1,ALB,2,HARD,16,43,16,27.6,86.704
2025,1,ALB,2,HARD,17,44,17,25.8,86.744
2025,1,ALB,2,HARD,18,45,18,24.0,86.761
2025,1,ALB,2,HARD,19,46,19,22.2,86.812
2025,1,ALB,2,HARD,20,47,20,20.4,86.879
2025,1,ALB,2,HARD,21,48,21,18.6,87.016
2025,1,ALB,2,HARD,22,49,22,16.8,86.883
2025,1,ALB,2,HARD,23,50,23,15.0,87.14
2025,1,ALB,2,HARD,24,51,24,13.2,87.129
2025,1,ALB,2,HARD,25,52,25,11.4,87.206
2025,1,ALB,2,HARD,26,53,26,9.6,87.314
2025,1,ALB,2,HARD,27,54,27,7.8,87.386
2025,1,ALB,2,HARD,28,55,28,6.0,87.275
2025,1,STR,1,MEDIUM,1,1,1,103.2,87.536
2025,1,STR,1,MEDIUM,2,2,2,101.4,87.603
2025,1,STR,1,MEDIUM,3,3,3,99.6,87.542
2025,1,STR,1,MEDIUM,4,4,4,97.8,87.66
2025,1,STR,1,MEDIUM,5,5,5,96.0,87.652
2025,1,STR,1,MEDIUM,6,6,6,94.2,87.765
2025,1,STR,1,MEDIUM,7,7,7,92.4,87.8
2025,1,STR,1,MEDIUM,8,8,8,90.6,87.922
2025,1,STR,1,MEDIUM,9,9,9,88.8,87.835
2025,1,STR,1,MEDIUM,10,10,10,87.0,87.99
2025,1,STR,1,MEDIUM,11,11,11,85.2,87.874
2025,1,STR,1,MEDIUM,12,12,12,83.4,88.048
2025,1,STR,1,MEDIUM,13,13,13,81.6,88.023
2025,1,STR,1,MEDIUM,14,14,14,79.8,88.076
2025,1,STR,1,MEDIUM,15,15,15,78.0,88.081
2025,1,STR,1,MEDIUM,16,16,16,76.2,88.17
2025,1,STR,1,MEDIUM,17,17,17,74.4,88.225
2025,1,STR,1,MEDIUM,18,18,18,72.6,88.217
2025,1,STR,1,MEDIUM,19,19,19,70.8,88.3
2025,1,STR,1,MEDIUM,20,20,20,69.0,88.462
2025,1,STR,1,MEDIUM,21,21,21,67.2,88.422
2025,1,STR,1,MEDIUM,22,22,22,65.4,88.445
2025,1,STR,1,MEDIUM,23,23,23,63.6,88.442
2025,1,STR,1,MEDIUM,24,24,24,61.8,88.562
2025,1,STR,1,MEDIUM,25,25,25,60.0,88.551
2025,1,STR,1,MEDIUM,26,26,26,58.2,88.657
2025,1,STR,1,MEDIUM,27,27,27,56.4,88.763
2025,1,STR,2,HARD,1,28,1,54.6,86.569
2025,1,STR,2,HARD,2,29,2,52.8,86.642
2025,1,STR,2,HARD,3,30,3,51.0,86.715
2025,1,STR,2,HARD,4,31,4,49.2,86.671
2025,1,STR,2,HARD,5,32,5,47.4,87.012
2025,1,STR,2,HARD,6,33,6,45.6,86.848
2025,1,STR,2,HARD,7,34,7,43.8,87.014
2025,1,STR,2,HARD,8,35,8,42.0,87.052
2025,1,STR,2,HARD,9,36,9,40.2,86.879
2025,1,STR,2,HARD,10,37,10,38.4,86.997
2025,1,STR,2,HARD,11,38,11,36.6,87.067
2025,1,STR,2,HARD,12,39,12,34.8,87.058
2025,1,STR,2,HARD,13,40,13,33.0,87.245
2025,1,STR,2,HARD,14,41,14,31.2,87.209
2025,1,STR,2,HARD,15,42,15,29.4,87.138
2025,1,STR,2,HARD,16,43,16,27.6,87.339
2025,1,STR,2,HARD,17,44,17,25.8,87.33
2025,1,STR,2,HARD,18,45,18,24.0,87.308
2025,1,STR,2,HARD,19,46,19,22.2,87.527
2025,1,STR,2,HARD,20,47,20,20.4,87.391
2025,1,STR,2,HARD,21,48,21,18.6,87.596
2025,1,STR,2,HARD,22,49,22,16.8,87.585
2025,1,STR,2,HARD,23,50,23,15.0,87.654
2025,1,STR,2,HARD,24,51,24,13.2,87.65
2025,1,STR,2,HARD,25,52,25,11.4,87.798
2025,1,STR,2,HARD,26,53,26,9.6,87.702
2025,1,STR,2,HARD,27,54,27,7.8,87.828
2025,1,STR,2,HARD,28,55,28,6.0,87.922
2025,1,ANT,1,MEDIUM,1,1,1,103.2,87.779
2025,1,ANT,1,MEDIUM,2,2,2,101.4,87.837
2025,1,ANT,1,MEDIUM,3,3,3,99.6,87.855
2025,1,ANT,1,MEDIUM,4,4,4,97.8,87.87
2025,1,ANT,1,MEDIUM,5,5,5,96.0,87.927
2025,1,ANT,1,MEDIUM,6,6,6,94.2,88.019
2025,1,ANT,1,MEDIUM,7,7,7,92.4,88.034
2025,1,ANT,1,MEDIUM,8,8,8,90.6,87.991
2025,1,ANT,1,MEDIUM,9,9,9,88.8,88.17
2025,1,ANT,1,MEDIUM,10,10,10,87.0,88.164
2025,1,ANT,1,MEDIUM,11,11,11,85.2,88.202
2025,1,ANT,1,MEDIUM,12,12,12,83.4,88.273
2025,1,ANT,1,MEDIUM,13,13,13,81.6,88.426
2025,1,ANT,1,MEDIUM,14,14,14,79.8,88.322
2025,1,ANT,1,MEDIUM,15,15,15,78.0,88.343
2025,1,ANT,1,MEDIUM,16,16,16,76.2,88.394
2025,1,ANT,1,MEDIUM,17,17,17,74.4,88.498
2025,1,ANT,1,MEDIUM,18,18,18,72.6,88.683
2025,1,ANT,1,MEDIUM,19,19,19,70.8,88.583
2025,1,ANT,1,MEDIUM,20,20,20,69.0,88.578
2025,1,ANT,1,MEDIUM,21,21,21,67.2,88.647
2025,1,ANT,1,MEDIUM,22,22,22,65.4,88.727
2025,1,ANT,1,MEDIUM,23,23,23,63.6,88.81
2025,1,ANT,1,MEDIUM,24,24,24,61.8,88.914
2025,1,ANT,1,MEDIUM,25,25,25,60.0,88.849
2025,1,ANT,1,MEDIUM,26,26,26,58.2,88.919
2025,1,ANT,1,MEDIUM,27,27,27,56.4,88.977
2025,1,ANT,2,HARD,1,28,1,54.6,86.842
2025,1,ANT,2,HARD,2,29,2,52.8,86.933
2025,1,ANT,2,HARD,3,30,3,51.0,86.933
2025,1,ANT,2,HARD,4,31,4,49.2,87.016
2025,1,ANT,2,HARD,5,32,5,47.4,87.011
2025,1,ANT,2,HARD,6,33,6,45.6,86.949
2025,1,ANT,2,HARD,7,34,7,43.8,87.181
2025,1,ANT,2,HARD,8,35,8,42.0,87.146
2025,1,ANT,2,HARD,9,36,9,40.2,87.221
2025,1,ANT,2,HARD,10,37,10,38.4,87.275
2025,1,ANT,2,HARD,11,38,11,36.6,87.384
2025,1,ANT,2,HARD,12,39,12,34.8,87.215
2025,1,ANT,2,HARD,13,40,13,33.0,87.315
2025,1,ANT,2,HARD,14,41,14,31.2,87.454
2025,1,ANT,2,HARD,15,42,15,29.4,87.483
2025,1,ANT,2,HARD,16,43,16,27.6,87.622
2025,1,ANT,2,HARD,17,44,17,25.8,87.633
2025,1,ANT,2,HARD,18,45,18,24.0,87.707
2025,1,ANT,2,HARD,19,46,19,22.2,87.602
2025,1,ANT,2,HARD,20,47,20,20.4,87.797
2025,1,ANT,2,HARD,21,48,21,18.6,87.708
2025,1,ANT,2,HARD,22,49,22,16.8,87.819
2025,1,ANT,2,HARD,23,50,23,15.0,87.85
2025,1,ANT,2,HARD,24,51,24,13.2,87.936
2025,1,ANT,2,HARD,25,52,25,11.4,88.237
2025,1,ANT,2,HARD,26,53,26,9.6,87.9
2025,1,ANT,2,HARD,27,54,27,7.8,87.845
2025,1,ANT,2,HARD,28,55,28,6.0,88.008
2025,2,PIA,1,MEDIUM,1,1,1,103.2,86.549
2025,2,PIA,1,MEDIUM,2,2,2,101.4,86.755
2025,2,PIA,1,MEDIUM,3,3,3,99.6,86.712
2025,2,PIA,1,MEDIUM,4,4,4,97.8,86.694
2025,2,PIA,1,MEDIUM,5,5,5,96.0,86.569
2025,2,PIA,1,MEDIUM,6,6,6,94.2,86.778
2025,2,PIA,1,MEDIUM,7,7,7,92.4,86.661
2025,2,PIA,1,MEDIUM,8,8,8,90.6,86.864
2025,2,PIA,1,MEDIUM,9,9,9,88.8,86.856
2025,2,PIA,1,MEDIUM,10,10,10,87.0,86.953
2025,2,PIA,1,MEDIUM,11,11,11,85.2,87.015
2025,2,PIA,1,MEDIUM,12,12,12,83.4,86.963
2025,2,PIA,1,MEDIUM,13,13,13,81.6,87.045
2025,2,PIA,1,MEDIUM,14,14,14,79.8,87.07
2025,2,PIA,1,MEDIUM,15,15,15,78.0,87.169
2025,2,PIA,1,MEDIUM,16,16,16,76.2,87.229
2025,2,PIA,1,MEDIUM,17,17,17,74.4,87.366
2025,2,PIA,1,MEDIUM,18,18,18,72.6,87.375
2025,2,PIA,1,MEDIUM,19,19,19,70.8,87.38
2025,2,PIA,1,MEDIUM,20,20,20,69.0,87.486
2025,2,PIA,1,MEDIUM,21,21,21,67.2,87.543
2025,2,PIA,1,MEDIUM,22,22,22,65.4,87.342
2025,2,PIA,1,MEDIUM,23,23,23,63.6,87.64
2025,2,PIA,1,MEDIUM,24,24,24,61.8,87.619
2025,2,PIA,1,MEDIUM,25,25,25,60.0,87.626
2025,2,PIA,1,MEDIUM,26,26,26,58.2,87.72
2025,2,PIA,1,MEDIUM,27,27,27,56.4,87.762
2025,2,PIA,2,HARD,1,28,1,54.6,85.651
2025,2,PIA,2,HARD,2,29,2,52.8,85.755
2025,2,PIA,2,HARD,3,30,3,51.0,85.825
2025,2,PIA,2,HARD,4,31,4,49.2,85.805
2025,2,PIA,2,HARD,5,32,5,47.4,85.826
2025,2,PIA,2,HARD,6,33,6,45.6,85.956
2025,2,PIA,2,HARD,7,34,7,43.8,85.935
2025,2,PIA,2,HARD,8,35,8,42.0,86.072
2025,2,PIA,2,HARD,9,36,9,40.2,85.969
2025,2,PIA,2,HARD,10,37,10,38.4,86.139
2025,2,PIA,2,HARD,11,38,11,36.6,86.225
2025,2,PIA,2,HARD,12,39,12,34.8,86.248
2025,2,PIA,2,HARD,13,40,13,33.0,86.107
2025,2,PIA,2,HARD,14,41,14,31.2,86.273
2025,2,PIA,2,HARD,15,42,15,29.4,86.299
2025,2,PIA,2,HARD,16,43,16,27.6,86.395
2025,2,PIA,2,HARD,17,44,17,25.8,86.351
2025,2,PIA,2,HARD,18,45,18,24.0,86.458
2025,2,PIA,2,HARD,19,46,19,22.2,86.454
2025,2,PIA,2,HARD,20,47,20,20.4,86.524
2025,2,PIA,2,HARD,21,48,21,18.6,86.624
2025,2,PIA,2,HARD,22,49,22,16.8,86.664
2025,2,PIA,2,HARD,23,50,23,15.0,86.859
2025,2,PIA,2,HARD,24,51,24,13.2,86.732
2025,2,PIA,2,HARD,25,52,25,11.4,86.941
2025,2,PIA,2,HARD,26,53,26,9.6,86.756
2025,2,PIA,2,HARD,27,54,27,7.8,86.924
2025,2,PIA,2,HARD,28,55,28,6.0,86.964
2025,2,RUS,1,MEDIUM,1,1,1,103.2,86.771
2025,2,RUS,1,MEDIUM,2,2,2,101.4,86.655
2025,2,RUS,1,MEDIUM,3,3,3,99.6,86.809
2025,2,RUS,1,MEDIUM,4,4,4,97.8,86.737
2025,2,RUS,1,MEDIUM,5,5,5,96.0,86.725
2025,2,RUS,1,MEDIUM,6,6,6,94.2,86.77
2025,2,RUS,1,MEDIUM,7,7,7,92.4,86.842
2025,2,RUS,1,MEDIUM,8,8,8,90.6,86.995
2025,2,RUS,1,MEDIUM,9,9,9,88.8,87.002
2025,2,RUS,1,MEDIUM,10,10,10,87.0,87.14
2025,2,RUS,1,MEDIUM,11,11,11,85.2,87.095
2025,2,RUS,1,MEDIUM,12,12,12,83.4,87.043
2025,2,RUS,1,MEDIUM,13,13,13,81.6,87.1
2025,2,RUS,1,MEDIUM,14,14,14,79.8,87.272
2025,2,RUS,1,MEDIUM,15,15,15,78.0,87.256
2025,2,RUS,1,MEDIUM,16,16,16,76.2,87.265
2025,2,RUS,1,MEDIUM,17,17,17,74.4,87.428
2025,2,RUS,1,MEDIUM,18,18,18,72.6,87.419
2025,2,RUS,1,MEDIUM,19,19,19,70.8,87.369
2025,2,RUS,1,MEDIUM,20,20,20,69.0,87.424
2025,2,RUS,1,MEDIUM,21,21,21,67.2,87.531
2025,2,RUS,1,MEDIUM,22,22,22,65.4,87.58
2025,2,RUS,1,MEDIUM,23,23,23,63.6,87.763
2025,2,RUS,1,MEDIUM,24,24,24,61.8,87.717
2025,2,RUS,1,MEDIUM,25,25,25,60.0,87.646
2025,2,RUS,1,MEDIUM,26,26,26,58.2,87.645
2025,2,RUS,1,MEDIUM,27,27,27,56.4,87.852
2025,2,RUS,2,HARD,1,28,1,54.6,85.74
2025,2,RUS,2,HARD,2,29,2,52.8,85.788
2025,2,RUS,2,HARD,3,30,3,51.0,85.804
2025,2,RUS,2,HARD,4,31,4,49.2,85.918
2025,2,RUS,2,HARD,5,32,5,47.4,85.816
2025,2,RUS,2,HARD,6,33,6,45.6,85.981
2025,2,RUS,2,HARD,7,34,7,43.8,85.897
2025,2,RUS,2,HARD,8,35,8,42.0,86.017
2025,2,RUS,2,HARD,9,36,9,40.2,86.151
2025,2,RUS,2,HARD,10,37,10,38.4,86.063
2025,2,RUS,2,HARD,11,38,11,36.6,86.083
2025,2,RUS,2,HARD,12,39,12,34.8,86.253
2025,2,RUS,2,HARD,13,40,13,33.0,86.254
2025,2,RUS,2,HARD,14,41,14,31.2,86.319
2025,2,RUS,2,HARD,15,42,15,29.4,86.3
2025,2,RUS,2,HARD,16,43,16,27.6,86.245
2025,2,RUS,2,HARD,17,44,17,25.8,86.425
2025,2,RUS,2,HARD,18,45,18,24.0,86.504
2025,2,RUS,2,HARD,19,46,19,22.2,86.591
2025,2,RUS,2,HARD,20,47,20,20.4,86.563
2025,2,RUS,2,HARD,21,48,21,18.6,86.679
2025,2,RUS,2,HARD,22,49,22,16.8,86.642
2025,2,RUS,2,HARD,23,50,23,15.0,86.726
2025,2,RUS,2,HARD,24,51,24,13.2,86.767
2025,2,RUS,2,HARD,25,52,25,11.4,86.894
2025,2,RUS,2,HARD,26,53,26,9.6,86.858
2025,2,RUS,2,HARD,27,54,27,7.8,86.872
2025,2,RUS,2,HARD,28,55,28,6.0,87.026
2025,2,NOR,1,MEDIUM,1,1,1,103.2,86.783
2025,2,NOR,1,MEDIUM,2,2,2,101.4,86.759
2025,2,NOR,1,MEDIUM,3,3,3,99.6,86.595
2025,2,NOR,1,MEDIUM,4,4,4,97.8,86.686
2025,2,NOR,1,MEDIUM,5,5,5,96.0,86.953
2025,2,NOR,1,MEDIUM,6,6,6,94.2,86.955
2025,2,NOR,1,MEDIUM,7,7,7,92.4,86.851
2025,2,NOR,1,MEDIUM,8,8,8,90.6,86.926
2025,2,NOR,1,MEDIUM,9,9,9,88.8,87.086
2025,2,NOR,1,MEDIUM,10,10,10,87.0,86.943
2025,2,NOR,1,MEDIUM,11,11,11,85.2,87.121
2025,2,NOR,1,MEDIUM,12,12,12,83.4,87.278
2025,2,NOR,1,MEDIUM,13,13,13,81.6,87.144
2025,2,NOR,1,MEDIUM,14,14,14,79.8,87.379
2025,2,NOR,1,MEDIUM,15,15,15,78.0,87.362
2025,2,NOR,1,MEDIUM,16,16,16,76.2,87.397
2025,2,NOR,1,MEDIUM,17,17,17,74.4,87.472
2025,2,NOR,1,MEDIUM,18,18,18,72.6,87.353
2025,2,NOR,1,MEDIUM,19,19,19,70.8,87.487
2025,2,NOR,1,MEDIUM,20,20,20,69.0,87.581
2025,2,NOR,1,MEDIUM,21,21,21,67.2,87.763
2025,2,NOR,1,MEDIUM,22,22,22,65.4,87.655
2025,2,NOR,1,MEDIUM,23,23,23,63.6,87.773
2025,2,NOR,1,MEDIUM,24,24,24,61.8,87.793
2025,2,NOR,1,MEDIUM,25,25,25,60.0,87.733
2025,2,NOR,1,MEDIUM,26,26,26,58.2,87.867
2025,2,NOR,1,MEDIUM,27,27,27,56.4,87.89
2025,2,NOR,2,HARD,1,28,1,54.6,85.856
2025,2,NOR,2,HARD,2,29,2,52.8,85.944
2025,2,NOR,2,HARD,3,30,3,51.0,85.888
2025,2,NOR,2,HARD,4,31,4,49.2,86.088
2025,2,NOR,2,HARD,5,32,5,47.4,85.995
2025,2,NOR,2,HARD,6,33,6,45.6,86.071
2025,2,NOR,2,HARD,7,34,7,43.8,86.066
2025,2,NOR,2,HARD,8,35,8,42.0,86.06
2025,2,NOR,2,HARD,9,36,9,40.2,85.939
2025,2,NOR,2,HARD,10,37,10,38.4,86.048
2025,2,NOR,2,HARD,11,38,11,36.6,86.433
2025,2,NOR,2,HARD,12,39,12,34.8,86.308
2025,2,NOR,2,HARD,13,40,13,33.0,86.303
2025,2,NOR,2,HARD,14,41,14,31.2,86.348
2025,2,NOR,2,HARD,15,42,15,29.4,86.526
2025,2,NOR,2,HARD,16,43,16,27.6,86.413
2025,2,NOR,2,HARD,17,44,17,25.8,86.518
2025,2,NOR,2,HARD,18,45,18,24.0,86.509
2025,2,NOR,2,HARD,19,46,19,22.2,86.583
2025,2,NOR,2,HARD,20,47,20,20.4,86.651
2025,2,NOR,2,HARD,21,48,21,18.6,86.705
2025,2,NOR,2,HARD,22,49,22,16.8,86.747
2025,2,NOR,2,HARD,23,50,23,15.0,86.818
2025,2,NOR,2,HARD,24,51,24,13.2,86.986
2025,2,NOR,2,HARD,25,52,25,11.4,86.926
2025,2,NOR,2,HARD,26,53,26,9.6,86.963
2025,2,NOR,2,HARD,27,54,27,7.8,87.043
2025,2,NOR,2,HARD,28,55,28,6.0,86.97
2025,2,VER,1,MEDIUM,1,1,1,103.2,86.795
2025,2,VER,1,MEDIUM,2,2,2,101.4,87.034
2025,2,VER,1,MEDIUM,3,3,3,99.6,86.804
2025,2,VER,1,MEDIUM,4,4,4,97.8,86.941
2025,2,VER,1,MEDIUM,5,5,5,96.0,87.072
2025,2,VER,1,MEDIUM,6,6,6,94.2,87.025
2025,2,VER,1,MEDIUM,7,7,7,92.4,87.087
2025,2,VER,1,MEDIUM,8,8,8,90.6,87.055
2025,2,VER,1,MEDIUM,9,9,9,88.8,87.298
2025,2,VER,1,MEDIUM,10,10,10,87.0,87.138
2025,2,VER,1,MEDIUM,11,11,11,85.2,87.305
2025,2,VER,1,MEDIUM,12,12,12,83.4,87.279
2025,2,VER,1,MEDIUM,13,13,13,81.6,87.344
2025,2,VER,1,MEDIUM,14,14,14,79.8,87.541
2025,2,VER,1,MEDIUM,15,15,15,78.0,87.374
2025,2,VER,1,MEDIUM,16,16,16,76.2,87.471
2025,2,VER,1,MEDIUM,17,17,17,74.4,87.577
2025,2,VER,1,MEDIUM,18,18,18,72.6,87.589
2025,2,VER,1,MEDIUM,19,19,19,70.8,87.575
2025,2,VER,1,MEDIUM,20,20,20,69.0,87.664
2025,2,VER,1,MEDIUM,21,21,21,67.2,87.736
2025,2,VER,1,MEDIUM,22,22,22,65.4,87.788
2025,2,VER,1,MEDIUM,23,23,23,63.6,87.734
2025,2,VER,1,MEDIUM,24,24,24,61.8,87.835
2025,2,VER,1,MEDIUM,25,25,25,60.0,87.854
2025,2,VER,1,MEDIUM,26,26,26,58.2,87.956
2025,2,VER,1,MEDIUM,27,27,27,56.4,87.965
2025,2,VER,2,HARD,1,28,1,54.6,85.986
2025,2,VER,2,HARD,2,29,2,52.8,85.959
2025,2,VER,2,HARD,3,30,3,51.0,86.022
2025,2,VER,2,HARD,4,31,4,49.2,86.258
2025,2,VER,2,HARD,5,32,5,47.4,86.112
2025,2,VER,2,HARD,6,33,6,45.6,86.232
2025,2,VER,2,HARD,7,34,7,43.8,86.22
2025,2,VER,2,HARD,8,35,8,42.0,86.131
2025,2,VER,2,HARD,9,36,9,40.2,86.307
2025,2,VER,2,HARD,10,37,10,38.4,86.322
2025,2,VER,2,HARD,11,38,11,36.6,86.417
2025,2,VER,2,HARD,12,39,12,34.8,86.296
2025,2,VER,2,HARD,13,40,13,33.0,86.381
2025,2,VER,2,HARD,14,41,14,31.2,86.286
2025,2,VER,2,HARD,15,42,15,29.4,86.635
2025,2,VER,2,HARD,16,43,16,27.6,86.566
2025,2,VER,2,HARD,17,44,17,25.8,86.525
2025,2,VER,2,HARD,18,45,18,24.0,86.669
2025,2,VER,2,HARD,19,46,19,22.2,86.857
2025,2,VER,2,HARD,20,47,20,20.4,86.767
2025,2,VER,2,HARD,21,48,21,18.6,86.785
2025,2,VER,2,HARD,22,49,22,16.8,87.027
2025,2,VER,2,HARD,23,50,23,15.0,86.913
2025,2,VER,2,HARD,24,51,24,13.2,86.926
2025,2,VER,2,HARD,25,52,25,11.4,87.001
2025,2,VER,2,HARD,26,53,26,9.6,86.979
2025,2,VER,2,HARD,27,54,27,7.8,87.029
2025,2,VER,2,HARD,28,55,28,6.0,87.07
2025,2,ANT,1,MEDIUM,1,1,1,103.2,87.111
2025,2,ANT,1,MEDIUM,2,2,2,101.4,87.238
2025,2,ANT,1,MEDIUM,3,3,3,99.6,87.251
2025,2,ANT,1,MEDIUM,4,4,4,97.8,87.137
2025,2,ANT,1,MEDIUM,5,5,5,96.0,87.225
2025,2,ANT,1,MEDIUM,6,6,6,94.2,87.448
2025,2,ANT,1,MEDIUM,7,7,7,92.4,87.376
2025,2,ANT,1,MEDIUM,8,8,8,90.6,87.414
2025,2,ANT,1,MEDIUM,9,9,9,88.8,87.478
2025,2,ANT,1,MEDIUM,10,10,10,87.0,87.474
2025,2,ANT,1,MEDIUM,11,11,11,85.2,87.618
2025,2,ANT,1,MEDIUM,12,12,12,83.4,87.542
2025,2,ANT,1,MEDIUM,13,13,13,81.6,87.613
2025,2,ANT,1,MEDIUM,14,14,14,79.8,87.736
2025,2,ANT,1,MEDIUM,15,15,15,78.0,87.631
2025,2,ANT,1,MEDIUM,16,16,16,76.2,87.789
2025,2,ANT,1,MEDIUM,17,17,17,74.4,87.675
2025,2,ANT,1,MEDIUM,18,18,18,72.6,87.996
2025,2,ANT,1,MEDIUM,19,19,19,70.8,87.706
2025,2,ANT,1,MEDIUM,20,20,20,69.0,87.963
2025,2,ANT,1,MEDIUM,21,21,21,67.2,87.994
2025,2,ANT,1,MEDIUM,22,22,22,65.4,87.842
2025,2,ANT,1,MEDIUM,23,23,23,63.6,88.045
2025,2,ANT,1,MEDIUM,24,24,24,61.8,88.151
2025,2,ANT,1,MEDIUM,25,25,25,60.0,88.233
2025,2,ANT,1,MEDIUM,26,26,26,58.2,88.271
2025,2,ANT,1,MEDIUM,27,27,27,56.4,88.254
2025,2,ANT,2,HARD,1,28,1,54.6,86.294
2025,2,ANT,2,HARD,2,29,2,52.8,86.283
2025,2,ANT,2,HARD,3,30,3,51.0,86.289
2025,2,ANT,2,HARD,4,31,4,49.2,86.257
2025,2,ANT,2,HARD,5,32,5,47.4,86.351
2025,2,ANT,2,HARD,6,33,6,45.6,86.399
2025,2,ANT,2,HARD,7,34,7,43.8,86.33
2025,2,ANT,2,HARD,8,35,8,42.0,86.657
2025,2,ANT,2,HARD,9,36,9,40.2,86.566
2025,2,ANT,2,HARD,10,37,10,38.4,86.454
2025,2,ANT,2,HARD,11,38,11,36.6,86.719
2025,2,ANT,2,HARD,12,39,12,34.8,86.597
2025,2,ANT,2,HARD,13,40,13,33.0,86.711
2025,2,ANT,2,HARD,14,41,14,31.2,86.702
2025,2,ANT,2,HARD,15,42,15,29.4,86.882
2025,2,ANT,2,HARD,16,43,16,27.6,86.896
2025,2,ANT,2,HARD,17,44,17,25.8,87.019
2025,2,ANT,2,HARD,18,45,18,24.0,87.015
2025,2,ANT,2,HARD,19,46,19,22.2,87.035
2025,2,ANT,2,HARD,20,47,20,20.4,87.117
2025,2,ANT,2,HARD,21,48,21,18.6,86.997
2025,2,ANT,2,HARD,22,49,22,16.8,87.066
2025,2,ANT,2,HARD,23,50,23,15.0,87.249
2025,2,ANT,2,HARD,24,51,24,13.2,87.252
2025,2,ANT,2,HARD,25,52,25,11.4,87.36
2025,2,ANT,2,HARD,26,53,26,9.6,87.208
2025,2,ANT,2,HARD,27,54,27,7.8,87.478
2025,2,ANT,2,HARD,28,55,28,6.0,87.433
2025,2,OCO,1,MEDIUM,1,1,1,103.2,87.297
2025,2,OCO,1,MEDIUM,2,2,2,101.4,87.413
2025,2,OCO,1,MEDIUM,3,3,3,99.6,87.428
2025,2,OCO,1,MEDIUM,4,4,4,97.8,87.476
2025,2,OCO,1,MEDIUM,5,5,5,96.0,87.371
2025,2,OCO,1,MEDIUM,6,6,6,94.2,87.521
2025,2,OCO,1,MEDIUM,7,7,7,92.4,87.53
2025,2,OCO,1,MEDIUM,8,8,8,90.6,87.793
2025,2,OCO,1,MEDIUM,9,9,9,88.8,87.699
2025,2,OCO,1,MEDIUM,10,10,10,87.0,87.655
2025,2,OCO,1,MEDIUM,11,11,11,85.2,87.727
2025,2,OCO,1,MEDIUM,12,12,12,83.4,87.792
2025,2,OCO,1,MEDIUM,13,13,13,81.6,87.878
2025,2,OCO,1,MEDIUM,14,14,14,79.8,88.02
2025,2,OCO,1,MEDIUM,15,15,15,78.0,88.006
2025,2,OCO,1,MEDIUM,16,16,16,76.2,88.037
2025,2,OCO,1,MEDIUM,17,17,17,74.4,87.987
2025,2,OCO,1,MEDIUM,18,18,18,72.6,88.223
2025,2,OCO,1,MEDIUM,19,19,19,70.8,88.081
2025,2,OCO,1,MEDIUM,20,20,20,69.0,88.075
2025,2,OCO,1,MEDIUM,21,21,21,67.2,88.339
2025,2,OCO,1,MEDIUM,22,22,22,65.4,88.327
2025,2,OCO,1,MEDIUM,23,23,23,63.6,88.197
2025,2,OCO,1,MEDIUM,24,24,24,61.8,88.344
2025,2,OCO,1,MEDIUM,25,25,25,60.0,88.371
2025,2,OCO,1,MEDIUM,26,26,26,58.2,88.526
2025,2,OCO,1,MEDIUM,27,27,27,56.4,88.611
2025,2,OCO,2,HARD,1,28,1,54.6,86.5
2025,2,OCO,2,HARD,2,29,2,52.8,86.451
2025,2,OCO,2,HARD,3,30,3,51.0,86.527
2025,2,OCO,2,HARD,4,31,4,49.2,86.608
2025,2,OCO,2,HARD,5,32,5,47.4,86.513
2025,2,OCO,2,HARD,6,33,6,45.6,86.723
2025,2,OCO,2,HARD,7,34,7,43.8,86.798
2025,2,OCO,2,HARD,8,35,8,42.0,86.885
2025,2,OCO,2,HARD,9,36,9,40.2,86.746
2025,2,OCO,2,HARD,10,37,10,38.4,86.813
2025,2,OCO,2,HARD,11,38,11,36.6,86.998
2025,2,OCO,2,HARD,12,39,12,34.8,86.949
2025,2,OCO,2,HARD,13,40,13,33.0,86.86
2025,2,OCO,2,HARD,14,41,14,31.2,87.099
2025,2,OCO,2,HARD,15,42,15,29.4,86.952
2025,2,OCO,2,HARD,16,43,16,27.6,87.155
2025,2,OCO,2,HARD,17,44,17,25.8,87.138
2025,2,OCO,2,HARD,18,45,18,24.0,87.223
2025,2,OCO,2,HARD,19,46,19,22.2,87.299
2025,2,OCO,2,HARD,20,47,20,20.4,87.36
2025,2,OCO,2,HARD,21,48,21,18.6,87.457
2025,2,OCO,2,HARD,22,49,22,16.8,87.353
2025,2,OCO,2,HARD,23,50,23,15.0,87.366
2025,2,OCO,2,HARD,24,51,24,13.2,87.488
2025,2,OCO,2,HARD,25,52,25,11.4,87.532
2025,2,OCO,2,HARD,26,53,26,9.6,87.634
2025,2,OCO,2,HARD,27,54,27,7.8,87.635
2025,2,OCO,2,HARD,28,55,28,6.0,87.829
2025,3,VER,1,MEDIUM,1,1,1,103.2,86.568
2025,3,VER,1,MEDIUM,2,2,2,101.4,86.511
2025,3,VER,1,MEDIUM,3,3,3,99.6,86.669
2025,3,VER,1,MEDIUM,4,4,4,97.8,86.74
2025,3,VER,1,MEDIUM,5,5,5,96.0,86.644
2025,3,VER,1,MEDIUM,6,6,6,94.2,86.713
2025,3,VER,1,MEDIUM,7,7,7,92.4,86.726
2025,3,VER,1,MEDIUM,8,8,8,90.6,86.815
2025,3,VER,1,MEDIUM,9,9,9,88.8,86.941
2025,3,VER,1,MEDIUM,10,10,10,87.0,87.038
2025,3,VER,1,MEDIUM,11,11,11,85.2,87.126
2025,3,VER,1,MEDIUM,12,12,12,83.4,87.037
2025,3,VER,1,MEDIUM,13,13,13,81.6,87.038
2025,3,VER,1,MEDIUM,14,14,14,79.8,87.094
2025,3,VER,1,MEDIUM,15,15,15,78.0,87.076
2025,3,VER,1,MEDIUM,16,16,16,76.2,87.226
2025,3,VER,1,MEDIUM,17,17,17,74.4,87.166
2025,3,VER,1,MEDIUM,18,18,18,72.6,87.357
2025,3,VER,1,MEDIUM,19,19,19,70.8,87.292
2025,3,VER,1,MEDIUM,20,20,20,69.0,87.493
2025,3,VER,1,MEDIUM,21,21,21,67.2,87.594
2025,3,VER,1,MEDIUM,22,22,22,65.4,87.55
2025,3,VER,1,MEDIUM,23,23,23,63.6,87.479
2025,3,VER,1,MEDIUM,24,24,24,61.8,87.653
2025,3,VER,1,MEDIUM,25,25,25,60.0,87.654
2025,3,VER,1,MEDIUM,26,26,26,58.2,87.751
2025,3,VER,2,HARD,1,27,1,56.4,85.782
2025,3,VER,2,HARD,2,28,2,54.6,85.667
2025,3,VER,2,HARD,3,29,3,52.8,85.891
2025,3,VER,2,HARD,4,30,4,51.0,85.922
2025,3,VER,2,HARD,5,31,5,49.2,85.89
2025,3,VER,2,HARD,6,32,6,47.4,85.937
2025,3,VER,2,HARD,7,33,7,45.6,86.132
2025,3,VER,2,HARD,8,34,8,43.8,85.918
2025,3,VER,2,HARD,9,35,9,42.0,86.033
2025,3,VER,2,HARD,10,36,10,40.2,86.152
2025,3,VER,2,HARD,11,37,11,38.4,86.112
2025,3,VER,2,HARD,12,38,12,36.6,86.272
2025,3,VER,2,HARD,13,39,13,34.8,86.228
2025,3,VER,2,HARD,14,40,14,33.0,86.224
2025,3,VER,2,HARD,15,41,15,31.2,86.191
2025,3,VER,2,HARD,16,42,16,29.4,86.294
2025,3,VER,2,HARD,17,43,17,27.6,86.423
2025,3,VER,2,HARD,18,44,18,25.8,86.374
2025,3,VER,2,HARD,19,45,19,24.0,86.584
2025,3,VER,2,HARD,20,46,20,22.2,86.438
2025,3,VER,2,HARD,21,47,21,20.4,86.513
2025,3,VER,2,HARD,22,48,22,18.6,86.64
2025,3,VER,2,HARD,23,49,23,16.8,86.628
2025,3,VER,2,HARD,24,50,24,15.0,86.747
2025,3,VER,2,HARD,25,51,25,13.2,86.824
2025,3,VER,2,HARD,26,52,26,11.4,86.832
2025,3,VER,2,HARD,27,53,27,9.6,86.838
2025,3,NOR,1,MEDIUM,1,1,1,103.2,86.666
2025,3,NOR,1,MEDIUM,2,2,2,101.4,86.678
2025,3,NOR,1,MEDIUM,3,3,3,99.6,86.68
2025,3,NOR,1,MEDIUM,4,4,4,97.8,86.835
2025,3,NOR,1,MEDIUM,5,5,5,96.0,86.827
2025,3,NOR,1,MEDIUM,6,6,6,94.2,86.839
2025,3,NOR,1,MEDIUM,7,7,7,92.4,87.039
2025,3,NOR,1,MEDIUM,8,8,8,90.6,87.022
2025,3,NOR,1,MEDIUM,9,9,9,88.8,87.145
2025,3,NOR,1,MEDIUM,10,10,10,87.0,86.724
2025,3,NOR,1,MEDIUM,11,11,11,85.2,87.093
2025,3,NOR,1,MEDIUM,12,12,12,83.4,87.051
2025,3,NOR,1,MEDIUM,13,13,13,81.6,87.163
2025,3,NOR,1,MEDIUM,14,14,14,79.8,87.323
2025,3,NOR,1,MEDIUM,15,15,15,78.0,87.127
2025,3,NOR,1,MEDIUM,16,16,16,76.2,87.489
2025,3,NOR,1,MEDIUM,17,17,17,74.4,87.326
2025,3,NOR,1,MEDIUM,18,18,18,72.6,87.375
2025,3,NOR,1,MEDIUM,19,19,19,70.8,87.369
2025,3,NOR,1,MEDIUM,20,20,20,69.0,87.376
2025,3,NOR,1,MEDIUM,21,21,21,67.2,87.635
2025,3,NOR,1,MEDIUM,22,22,22,65.4,87.652
2025,3,NOR,1,MEDIUM,23,23,23,63.6,87.635
2025,3,NOR,1,MEDIUM,24,24,24,61.8,87.636
2025,3,NOR,1,MEDIUM,25,25,25,60.0,87.78
2025,3,NOR,1,MEDIUM,26,26,26,58.2,87.758
2025,3,NOR,2,HARD,1,27,1,56.4,85.745
2025,3,NOR,2,HARD,2,28,2,54.6,85.881
2025,3,NOR,2,HARD,3,29,3,52.8,85.745
2025,3,NOR,2,HARD,4,30,4,51.0,86.0
2025,3,NOR,2,HARD,5,31,5,49.2,85.918
2025,3,NOR,2,HARD,6,32,6,47.4,86.118
2025,3,NOR,2,HARD,7,33,7,45.6,86.158
2025,3,NOR,2,HARD,8,34,8,43.8,86.132
2025,3,NOR,2,HARD,9,35,9,42.0,86.262
2025,3,NOR,2,HARD,10,36,10,40.2,86.228
2025,3,NOR,2,HARD,11,37,11,38.4,86.097
2025,3,NOR,2,HARD,12,38,12,36.6,86.218
2025,3,NOR,2,HARD,13,39,13,34.8,86.313
2025,3,NOR,2,HARD,14,40,14,33.0,86.383
2025,3,NOR,2,HARD,15,41,15,31.2,86.343
2025,3,NOR,2,HARD,16,42,16,29.4,86.543
2025,3,NOR,2,HARD,17,43,17,27.6,86.313
2025,3,NOR,2,HARD,18,44,18,25.8,86.628
2025,3,NOR,2,HARD,19,45,19,24.0,86.412
2025,3,NOR,2,HARD,20,46,20,22.2,86.543
2025,3,NOR,2,HARD,21,47,21,20.4,86.606
2025,3,NOR,2,HARD,22,48,22,18.6,86.738
2025,3,NOR,2,HARD,23,49,23,16.8,86.67
2025,3,NOR,2,HARD,24,50,24,15.0,86.766
2025,3,NOR,2,HARD,25,51,25,13.2,86.74
2025,3,NOR,2,HARD,26,52,26,11.4,86.829
2025,3,NOR,2,HARD,27,53,27,9.6,86.984
2025,3,PIA,1,MEDIUM,1,1,1,103.2,86.77
2025,3,PIA,1,MEDIUM,2,2,2,101.4,86.757
2025,3,PIA,1,MEDIUM,3,3,3,99.6,86.653
2025,3,PIA,1,MEDIUM,4,4,4,97.8,86.851
2025,3,PIA,1,MEDIUM,5,5,5,96.0,86.865
2025,3,PIA,1,MEDIUM,6,6,6,94.2,86.966
2025,3,PIA,1,MEDIUM,7,7,7,92.4,86.843
2025,3,PIA,1,MEDIUM,8,8,8,90.6,86.925
2025,3,PIA,1,MEDIUM,9,9,9,88.8,86.958
2025,3,PIA,1,MEDIUM,10,10,10,87.0,87.153
2025,3,PIA,1,MEDIUM,11,11,11,85.2,87.163
2025,3,PIA,1,MEDIUM,12,12,12,83.4,87.096
2025,3,PIA,1,MEDIUM,13,13,13,81.6,87.321
2025,3,PIA,1,MEDIUM,14,14,14,79.8,87.221
2025,3,PIA,1,MEDIUM,15,15,15,78.0,87.338
2025,3,PIA,1,MEDIUM,16,16,16,76.2,87.461
2025,3,PIA,1,MEDIUM,17,17,17,74.4,87.343
2025,3,PIA,1,MEDIUM,18,18,18,72.6,87.608
2025,3,PIA,1,MEDIUM,19,19,19,70.8,87.511
2025,3,PIA,1,MEDIUM,20,20,20,69.0,87.648
2025,3,PIA,1,MEDIUM,21,21,21,67.2,87.626
2025,3,PIA,1,MEDIUM,22,22,22,65.4,87.698
2025,3,PIA,1,MEDIUM,23,23,23,63.6,87.768
2025,3,PIA,1,MEDIUM,24,24,24,61.8,87.872
2025,3,PIA,1,MEDIUM,25,25,25,60.0,87.84
2025,3,PIA,1,MEDIUM,26,26,26,58.2,87.948
2025,3,PIA,2,HARD,1,27,1,56.4,85.918
2025,3,PIA,2,HARD,2,28,2,54.6,85.847
2025,3,PIA,2,HARD,3,29,3,52.8,86.062
2025,3,PIA,2,HARD,4,30,4,51.0,86.058
2025,3,PIA,2,HARD,5,31,5,49.2,86.157
2025,3,PIA,2,HARD,6,32,6,47.4,86.126
2025,3,PIA,2,HARD,7,33,7,45.6,86.095
2025,3,PIA,2,HARD,8,34,8,43.8,86.175
2025,3,PIA,2,HARD,9,35,9,42.0,86.21
2025,3,PIA,2,HARD,10,36,10,40.2,86.234
2025,3,PIA,2,HARD,11,37,11,38.4,86.27
2025,3,PIA,2,HARD,12,38,12,36.6,86.439
2025,3,PIA,2,HARD,13,39,13,34.8,86.309
2025,3,PIA,2,HARD,14,40,14,33.0,86.346
2025,3,PIA,2,HARD,15,41,15,31.2,86.443
2025,3,PIA,2,HARD,16,42,16,29.4,86.478
2025,3,PIA,2,HARD,17,43,17,27.6,86.546
2025,3,PIA,2,HARD,18,44,18,25.8,86.546
2025,3,PIA,2,HARD,19,45,19,24.0,86.534
2025,3,PIA,2,HARD,20,46,20,22.2,86.726
2025,3,PIA,2,HARD,21,47,21,20.4,86.77
2025,3,PIA,2,HARD,22,48,22,18.6,86.885
2025,3,PIA,2,HARD,23,49,23,16.8,87.021
2025,3,PIA,2,HARD,24,50,24,15.0,86.965
2025,3,PIA,2,HARD,25,51,25,13.2,87.008
2025,3,PIA,2,HARD,26,52,26,11.4,86.996
2025,3,PIA,2,HARD,27,53,27,9.6,87.217
2025,3,LEC,1,MEDIUM,1,1,1,103.2,86.938
2025,3,LEC,1,MEDIUM,2,2,2,101.4,86.821
2025,3,LEC,1,MEDIUM,3,3,3,99.6,86.847
2025,3,LEC,1,MEDIUM,4,4,4,97.8,86.887
2025,3,LEC,1,MEDIUM,5,5,5,96.0,87.003
2025,3,LEC,1,MEDIUM,6,6,6,94.2,86.969
2025,3,LEC,1,MEDIUM,7,7,7,92.4,87.001
2025,3,LEC,1,MEDIUM,8,8,8,90.6,87.081
2025,3,LEC,1,MEDIUM,9,9,9,88.8,87.137
2025,3,LEC,1,MEDIUM,10,10,10,87.0,87.154
2025,3,LEC,1,MEDIUM,11,11,11,85.2,87.217
2025,3,LEC,1,MEDIUM,12,12,12,83.4,87.156
2025,3,LEC,1,MEDIUM,13,13,13,81.6,87.298
2025,3,LEC,1,MEDIUM,14,14,14,79.8,87.399
2025,3,LEC,1,MEDIUM,15,15,15,78.0,87.496
2025,3,LEC,1,MEDIUM,16,16,16,76.2,87.412
2025,3,LEC,1,MEDIUM,17,17,17,74.4,87.546
2025,3,LEC,1,MEDIUM,18,18,18,72.6,87.656
2025,3,LEC,1,MEDIUM,19,19,19,70.8,87.715
2025,3,LEC,1,MEDIUM,20,20,20,69.0,87.749
2025,3,LEC,1,MEDIUM,21,21,21,67.2,87.557
2025,3,LEC,1,MEDIUM,22,22,22,65.4,87.74
2025,3,LEC,1,MEDIUM,23,23,23,63.6,87.823
2025,3,LEC,1,MEDIUM,24,24,24,61.8,87.834
2025,3,LEC,1,MEDIUM,25,25,25,60.0,87.892
2025,3,LEC,1,MEDIUM,26,26,26,58.2,87.95
2025,3,LEC,2,HARD,1,27,1,56.4,85.872
2025,3,LEC,2,HARD,2,28,2,54.6,85.885
2025,3,LEC,2,HARD,3,29,3,52.8,86.015
2025,3,LEC,2,HARD,4,30,4,51.0,86.145
2025,3,LEC,2,HARD,5,31,5,49.2,86.069
2025,3,LEC,2,HARD,6,32,6,47.4,86.178
2025,3,LEC,2,HARD,7,33,7,45.6,86.205
2025,3,LEC,2,HARD,8,34,8,43.8,86.212
2025,3,LEC,2,HARD,9,35,9,42.0,86.26
2025,3,LEC,2,HARD,10,36,10,40.2,86.226
2025,3,LEC,2,HARD,11,37,11,38.4,86.247
2025,3,LEC,2,HARD,12,38,12,36.6,86.204
2025,3,LEC,2,HARD,13,39,13,34.8,86.468
2025,3,LEC,2,HARD,14,40,14,33.0,86.394
2025,3,LEC,2,HARD,15,41,15,31.2,86.692
2025,3,LEC,2,HARD,16,42,16,29.4,86.627
2025,3,LEC,2,HARD,17,43,17,27.6,86.631
2025,3,LEC,2,HARD,18,44,18,25.8,86.748
2025,3,LEC,2,HARD,19,45,19,24.0,86.613
2025,3,LEC,2,HARD,20,46,20,22.2,86.758
2025,3,LEC,2,HARD,21,47,21,20.4,86.86
2025,3,LEC,2,HARD,22,48,22,18.6,86.777
2025,3,LEC,2,HARD,23,49,23,16.8,87.146
2025,3,LEC,2,HARD,24,50,24,15.0,87.052
2025,3,LEC,2,HARD,25,51,25,13.2,86.999
2025,3,LEC,2,HARD,26,52,26,11.4,87.133
2025,3,LEC,2,HARD,27,53,27,9.6,87.13
2025,3,RUS,1,MEDIUM,1,1,1,103.2,86.749
2025,3,RUS,1,MEDIUM,2,2,2,101.4,86.88
2025,3,RUS,1,MEDIUM,3,3,3,99.6,87.044
2025,3,RUS,1,MEDIUM,4,4,4,97.8,86.969
2025,3,RUS,1,MEDIUM,5,5,5,96.0,87.172
2025,3,RUS,1,MEDIUM,6,6,6,94.2,87.169
2025,3,RUS,1,MEDIUM,7,7,7,92.4,87.166
2025,3,RUS,1,MEDIUM,8,8,8,90.6,87.258
2025,3,RUS,1,MEDIUM,9,9,9,88.8,87.221
2025,3,RUS,1,MEDIUM,10,10,10,87.0,87.188
2025,3,RUS,1,MEDIUM,11,11,11,85.2,87.254
2025,3,RUS,1,MEDIUM,12,12,12,83.4,87.298
2025,3,RUS,1,MEDIUM,13,13,13,81.6,87.387
2025,3,RUS,1,MEDIUM,14,14,14,79.8,87.213
2025,3,RUS,1,MEDIUM,15,15,15,78.0,87.383
2025,3,RUS,1,MEDIUM,16,16,16,76.2,87.465
2025,3,RUS,1,MEDIUM,17,17,17,74.4,87.63
2025,3,RUS,1,MEDIUM,18,18,18,72.6,87.538
2025,3,RUS,1,MEDIUM,19,19,19,70.8,87.725
2025,3,RUS,1,MEDIUM,20,20,20,69.0,87.77
2025,3,RUS,1,MEDIUM,21,21,21,67.2,87.753
2025,3,RUS,1,MEDIUM,22,22,22,65.4,87.916
2025,3,RUS,1,MEDIUM,23,23,23,63.6,87.904
2025,3,RUS,1,MEDIUM,24,24,24,61.8,88.008
2025,3,RUS,1,MEDIUM,25,25,25,60.0,88.04
2025,3,RUS,1,MEDIUM,26,26,26,58.2,87.953
2025,3,RUS,2,HARD,1,27,1,56.4,85.859
2025,3,RUS,2,HARD,2,28,2,54.6,86.111
2025,3,RUS,2,HARD,3,29,3,52.8,86.123
2025,3,RUS,2,HARD,4,30,4,51.0,86.199
2025,3,RUS,2,HARD,5,31,5,49.2,86.252
2025,3,RUS,2,HARD,6,32,6,47.4,86.32
2025,3,RUS,2,HARD,7,33,7,45.6,86.361
2025,3,RUS,2,HARD,8,34,8,43.8,86.367
2025,3,RUS,2,HARD,9,35,9,42.0,86.465
2025,3,RUS,2,HARD,10,36,10,40.2,86.524
2025,3,RUS,2,HARD,11,37,11,38.4,86.498
2025,3,RUS,2,HARD,12,38,12,36.6,86.456
2025,3,RUS,2,HARD,13,39,13,34.8,86.473
2025,3,RUS,2,HARD,14,40,14,33.0,86.65
2025,3,RUS,2,HARD,15,41,15,31.2,86.515
2025,3,RUS,2,HARD,16,42,16,29.4,86.748
2025,3,RUS,2,HARD,17,43,17,27.6,86.675
2025,3,RUS,2,HARD,18,44,18,25.8,86.82
2025,3,RUS,2,HARD,19,45,19,24.0,86.883
2025,3,RUS,2,HARD,20,46,20,22.2,86.815
2025,3,RUS,2,HARD,21,47,21,20.4,87.012
2025,3,RUS,2,HARD,22,48,22,18.6,86.904
2025,3,RUS,2,HARD,23,49,23,16.8,87.018
2025,3,RUS,2,HARD,24,50,24,15.0,87.157
2025,3,RUS,2,HARD,25,51,25,13.2,87.176
2025,3,RUS,2,HARD,26,52,26,11.4,87.054
2025,3,RUS,2,HARD,27,53,27,9.6,87.326
2025,3,ANT,1,MEDIUM,1,1,1,103.2,86.999
2025,3,ANT,1,MEDIUM,2,2,2,101.4,87.026
2025,3,ANT,1,MEDIUM,3,3,3,99.6,87.025
2025,3,ANT,1,MEDIUM,4,4,4,97.8,86.98
2025,3,ANT,1,MEDIUM,5,5,5,96.0,87.228
2025,3,ANT,1,MEDIUM,6,6,6,94.2,87.141
2025,3,ANT,1,MEDIUM,7,7,7,92.4,87.344
2025,3,ANT,1,MEDIUM,8,8,8,90.6,87.173
2025,3,ANT,1,MEDIUM,9,9,9,88.8,87.325
2025,3,ANT,1,MEDIUM,10,10,10,87.0,87.412
2025,3,ANT,1,MEDIUM,11,11,11,85.2,87.393
2025,3,ANT,1,MEDIUM,12,12,12,83.4,87.291
2025,3,ANT,1,MEDIUM,13,13,13,81.6,87.399
2025,3,ANT,1,MEDIUM,14,14,14,79.8,87.594
2025,3,ANT,1,MEDIUM,15,15,15,78.0,87.601
2025,3,ANT,1,MEDIUM,16,16,16,76.2,87.685
2025,3,ANT,1,MEDIUM,17,17,17,74.4,87.563
2025,3,ANT,1,MEDIUM,18,18,18,72.6,87.653
2025,3,ANT,1,MEDIUM,19,19,19,70.8,87.74
2025,3,ANT,1,MEDIUM,20,20,20,69.0,87.933
2025,3,ANT,1,MEDIUM,21,21,21,67.2,87.764
2025,3,ANT,1,MEDIUM,22,22,22,65.4,87.897
2025,3,ANT,1,MEDIUM,23,23,23,63.6,87.966
2025,3,ANT,1,MEDIUM,24,24,24,61.8,87.983
2025,3,ANT,1,MEDIUM,25,25,25,60.0,87.932
2025,3,ANT,1,MEDIUM,26,26,26,58.2,88.034
2025,3,ANT,2,HARD,1,27,1,56.4,86.203
2025,3,ANT,2,HARD,2,28,2,54.6,86.138
2025,3,ANT,2,HARD,3,29,3,52.8,86.384
2025,3,ANT,2,HARD,4,30,4,51.0,86.057
2025,3,ANT,2,HARD,5,31,5,49.2,86.332
2025,3,ANT,2,HARD,6,32,6,47.4,86.332
2025,3,ANT,2,HARD,7,33,7,45.6,86.422
2025,3,ANT,2,HARD,8,34,8,43.8,86.415
2025,3,ANT,2,HARD,9,35,9,42.0,86.591
2025,3,ANT,2,HARD,10,36,10,40.2,86.462
2025,3,ANT,2,HARD,11,37,11,38.4,86.456
2025,3,ANT,2,HARD,12,38,12,36.6,86.557
2025,3,ANT,2,HARD,13,39,13,34.8,86.504
2025,3,ANT,2,HARD,14,40,14,33.0,86.617
2025,3,ANT,2,HARD,15,41,15,31.2,86.671
2025,3,ANT,2,HARD,16,42,16,29.4,86.892
2025,3,ANT,2,HARD,17,43,17,27.6,86.726
2025,3,ANT,2,HARD,18,44,18,25.8,86.925
2025,3,ANT,2,HARD,19,45,19,24.0,86.925
2025,3,ANT,2,HARD,20,46,20,22.2,86.828
2025,3,ANT,2,HARD,21,47,21,20.4,87.045
2025,3,ANT,2,HARD,22,48,22,18.6,87.08
2025,3,ANT,2,HARD,23,49,23,16.8,87.18
2025,3,ANT,2,HARD,24,50,24,15.0,87.111
2025,3,ANT,2,HARD,25,51,25,13.2,87.197
2025,3,ANT,2,HARD,26,52,26,11.4,87.21
2025,3,ANT,2,HARD,27,53,27,9.6,87.442
2025,4,PIA,1,MEDIUM,1,1,1,103.2,86.651
2025,4,PIA,1,MEDIUM,2,2,2,101.4,86.676
2025,4,PIA,1,MEDIUM,3,3,3,99.6,86.681
2025,4,PIA,1,MEDIUM,4,4,4,97.8,86.633
2025,4,PIA,1,MEDIUM,5,5,5,96.0,86.77
2025,4,PIA,1,MEDIUM,6,6,6,94.2,86.825
2025,4,PIA,1,MEDIUM,7,7,7,92.4,86.778
2025,4,PIA,1,MEDIUM,8,8,8,90.6,86.805
2025,4,PIA,1,MEDIUM,9,9,9,88.8,86.782
2025,4,PIA,1,MEDIUM,10,10,10,87.0,87.057
2025,4,PIA,1,MEDIUM,11,11,11,85.2,86.984
2025,4,PIA,1,MEDIUM,12,12,12,83.4,86.95
2025,4,PIA,1,MEDIUM,13,13,13,81.6,86.979
2025,4,PIA,1,MEDIUM,14,14,14,79.8,86.996
2025,4,PIA,1,MEDIUM,15,15,15,78.0,87.043
2025,4,PIA,1,MEDIUM,16,16,16,76.2,87.233
2025,4,PIA,1,MEDIUM,17,17,17,74.4,87.26
2025,4,PIA,1,MEDIUM,18,18,18,72.6,87.388
2025,4,PIA,1,MEDIUM,19,19,19,70.8,87.491
2025,4,PIA,1,MEDIUM,20,20,20,69.0,87.322
2025,4,PIA,1,MEDIUM,21,21,21,67.2,87.595
2025,4,PIA,1,MEDIUM,22,22,22,65.4,87.497
2025,4,PIA,1,MEDIUM,23,23,23,63.6,87.444
2025,4,PIA,1,MEDIUM,24,24,24,61.8,87.587
2025,4,PIA,1,MEDIUM,25,25,25,60.0,87.795
2025,4,PIA,1,MEDIUM,26,26,26,58.2,87.713
2025,4,PIA,1,MEDIUM,27,27,27,56.4,87.752
2025,4,PIA,2,HARD,1,28,1,54.6,85.802
2025,4,PIA,2,HARD,2,29,2,52.8,85.801
2025,4,PIA,2,HARD,3,30,3,51.0,85.732
2025,4,PIA,2,HARD,4,31,4,49.2,85.778
2025,4,PIA,2,HARD,5,32,5,47.4,85.786
2025,4,PIA,2,HARD,6,33,6,45.6,85.975
2025,4,PIA,2,HARD,7,34,7,43.8,85.871
2025,4,PIA,2,HARD,8,35,8,42.0,86.005
2025,4,PIA,2,HARD,9,36,9,40.2,86.07
2025,4,PIA,2,HARD,10,37,10,38.4,86.08
2025,4,PIA,2,HARD,11,38,11,36.6,86.032
2025,4,PIA,2,HARD,12,39,12,34.8,86.064
2025,4,PIA,2,HARD,13,40,13,33.0,86.195
2025,4,PIA,2,HARD,14,41,14,31.2,86.211
2025,4,PIA,2,HARD,15,42,15,29.4,86.341
2025,4,PIA,2,HARD,16,43,16,27.6,86.346
2025,4,PIA,2,HARD,17,44,17,25.8,86.209
2025,4,PIA,2,HARD,18,45,18,24.0,86.371
2025,4,PIA,2,HARD,19,46,19,22.2,86.396
2025,4,PIA,2,HARD,20,47,20,20.4,86.476
2025,4,PIA,2,HARD,21,48,21,18.6,86.52
2025,4,PIA,2,HARD,22,49,22,16.8,86.607
2025,4,PIA,2,HARD,23,50,23,15.0,86.674
2025,4,PIA,2,HARD,24,51,24,13.2,86.766
2025,4,PIA,2,HARD,25,52,25,11.4,86.766
2025,4,PIA,2,HARD,26,53,26,9.6,86.874
2025,4,PIA,2,HARD,27,54,27,7.8,87.071
2025,4,PIA,2,HARD,28,55,28,6.0,86.86
2025,4,LEC,1,MEDIUM,1,1,1,103.2,86.581
2025,4,LEC,1,MEDIUM,2,2,2,101.4,86.812
2025,4,LEC,1,MEDIUM,3,3,3,99.6,86.849
2025,4,LEC,1,MEDIUM,4,4,4,97.8,86.757
2025,4,LEC,1,MEDIUM,5,5,5,96.0,86.779
2025,4,LEC,1,MEDIUM,6,6,6,94.2,86.852
2025,4,LEC,1,MEDIUM,7,7,7,92.4,86.932
2025,4,LEC,1,MEDIUM,8,8,8,90.6,87.008
2025,4,LEC,1,MEDIUM,9,9,9,88.8,87.016
2025,4,LEC,1,MEDIUM,10,10,10,87.0,87.076
2025,4,LEC,1,MEDIUM,11,11,11,85.2,87.084
2025,4,LEC,1,MEDIUM,12,12,12,83.4,87.152
2025,4,LEC,1,MEDIUM,13,13,13,81.6,87.14
2025,4,LEC,1,MEDIUM,14,14,14,79.8,87.289
2025,4,LEC,1,MEDIUM,15,15,15,78.0,87.32
2025,4,LEC,1,MEDIUM,16,16,16,76.2,87.194
2025,4,LEC,1,MEDIUM,17,17,17,74.4,87.329
2025,4,LEC,1,MEDIUM,18,18,18,72.6,87.357
2025,4,LEC,1,MEDIUM,19,19,19,70.8,87.434
2025,4,LEC,1,MEDIUM,20,20,20,69.0,87.548
2025,4,LEC,1,MEDIUM,21,21,21,67.2,87.483
2025,4,LEC,1,MEDIUM,22,22,22,65.4,87.554
2025,4,LEC,1,MEDIUM,23,23,23,63.6,87.467
2025,4,LEC,1,MEDIUM,24,24,24,61.8,87.655
2025,4,LEC,1,MEDIUM,25,25,25,60.0,87.652
2025,4,LEC,1,MEDIUM,26,26,26,58.2,87.803
2025,4,LEC,1,MEDIUM,27,27,27,56.4,87.966
2025,4,LEC,2,HARD,1,28,1,54.6,85.727
2025,4,LEC,2,HARD,2,29,2,52.8,85.797
2025,4,LEC,2,HARD,3,30,3,51.0,85.802
2025,4,LEC,2,HARD,4,31,4,49.2,85.73
2025,4,LEC,2,HARD,5,32,5,47.4,85.93
2025,4,LEC,2,HARD,6,33,6,45.6,86.121
2025,4,LEC,2,HARD,7,34,7,43.8,86.059
2025,4,LEC,2,HARD,8,35,8,42.0,86.054
2025,4,LEC,2,HARD,9,36,9,40.2,86.018
2025,4,LEC,2,HARD,10,37,10,38.4,86.05
2025,4,LEC,2,HARD,11,38,11,36.6,86.111
2025,4,LEC,2,HARD,12,39,12,34.8,86.208
2025,4,LEC,2,HARD,13,40,13,33.0,86.252
2025,4,LEC,2,HARD,14,41,14,31.2,86.367
2025,4,LEC,2,HARD,15,42,15,29.4,86.307
2025,4,LEC,2,HARD,16,43,16,27.6,86.508
2025,4,LEC,2,HARD,17,44,17,25.8,86.517
2025,4,LEC,2,HARD,18,45,18,24.0,86.558
2025,4,LEC,2,HARD,19,46,19,22.2,86.515
2025,4,LEC,2,HARD,20,47,20,20.4,86.644
2025,4,LEC,2,HARD,21,48,21,18.6,86.787
2025,4,LEC,2,HARD,22,49,22,16.8,86.824
2025,4,LEC,2,HARD,23,50,23,15.0,86.554
2025,4,LEC,2,HARD,24,51,24,13.2,86.79
2025,4,LEC,2,HARD,25,52,25,11.4,86.931
2025,4,LEC,2,HARD,26,53,26,9.6,86.88
2025,4,LEC,2,HARD,27,54,27,7.8,86.905
2025,4,LEC,2,HARD,28,55,28,6.0,87.033
2025,4,RUS,1,MEDIUM,1,1,1,103.2,86.61
2025,4,RUS,1,MEDIUM,2,2,2,101.4,86.779
2025,4,RUS,1,MEDIUM,3,3,3,99.6,86.924
2025,4,RUS,1,MEDIUM,4,4,4,97.8,86.847
2025,4,RUS,1,MEDIUM,5,5,5,96.0,86.984
2025,4,RUS,1,MEDIUM,6,6,6,94.2,86.959
2025,4,RUS,1,MEDIUM,7,7,7,92.4,87.08
2025,4,RUS,1,MEDIUM,8,8,8,90.6,86.978
2025,4,RUS,1,MEDIUM,9,9,9,88.8,86.93
2025,4,RUS,1,MEDIUM,10,10,10,87.0,87.119
2025,4,RUS,1,MEDIUM,11,11,11,85.2,86.994
2025,4,RUS,1,MEDIUM,12,12,12,83.4,87.174
2025,4,RUS,1,MEDIUM,13,13,13,81.6,87.262
2025,4,RUS,1,MEDIUM,14,14,14,79.8,87.251
2025,4,RUS,1,MEDIUM,15,15,15,78.0,87.195
2025,4,RUS,1,MEDIUM,16,16,16,76.2,87.351
2025,4,RUS,1,MEDIUM,17,17,17,74.4,87.378
2025,4,RUS,1,MEDIUM,18,18,18,72.6,87.536
2025,4,RUS,1,MEDIUM,19,19,19,70.8,87.358
2025,4,RUS,1,MEDIUM,20,20,20,69.0,87.667
2025,4,RUS,1,MEDIUM,21,21,21,67.2,87.757
2025,4,RUS,1,MEDIUM,22,22,22,65.4,87.667
2025,4,RUS,1,MEDIUM,23,23,23,63.6,87.675
2025,4,RUS,1,MEDIUM,24,24,24,61.8,87.753
2025,4,RUS,1,MEDIUM,25,25,25,60.0,87.805
2025,4,RUS,1,MEDIUM,26,26,26,58.2,87.868
2025,4,RUS,1,MEDIUM,27,27,27,56.4,87.969
2025,4,RUS,2,HARD,1,28,1,54.6,85.764
2025,4,RUS,2,HARD,2,29,2,52.8,85.882
2025,4,RUS,2,HARD,3,30,3,51.0,85.871
2025,4,RUS,2,HARD,4,31,4,49.2,86.083
2025,4,RUS,2,HARD,5,32,5,47.4,86.12
2025,4,RUS,2,HARD,6,33,6,45.6,86.054
2025,4,RUS,2,HARD,7,34,7,43.8,86.107
2025,4,RUS,2,HARD,8,35,8,42.0,86.143
2025,4,RUS,2,HARD,9,36,9,40.2,86.189
2025,4,RUS,2,HARD,10,37,10,38.4,86.288
2025,4,RUS,2,HARD,11,38,11,36.6,86.125
2025,4,RUS,2,HARD,12,39,12,34.8,86.267
2025,4,RUS,2,HARD,13,40,13,33.0,86.285
2025,4,RUS,2,HARD,14,41,14,31.2,86.45
2025,4,RUS,2,HARD,15,42,15,29.4,86.395
2025,4,RUS,2,HARD,16,43,16,27.6,86.432
2025,4,RUS,2,HARD,17,44,17,25.8,86.478
2025,4,RUS,2,HARD,18,45,18,24.0,86.388
2025,4,RUS,2,HARD,19,46,19,22.2,86.65
2025,4,RUS,2,HARD,20,47,20,20.4,86.732
2025,4,RUS,2,HARD,21,48,21,18.6,86.563
2025,4,RUS,2,HARD,22,49,22,16.8,86.84
2025,4,RUS,2,HARD,23,50,23,15.0,86.735
2025,4,RUS,2,HARD,24,51,24,13.2,86.815
2025,4,RUS,2,HARD,25,52,25,11.4,86.911
2025,4,RUS,2,HARD,26,53,26,9.6,86.916
2025,4,RUS,2,HARD,27,54,27,7.8,87.109
2025,4,RUS,2,HARD,28,55,28,6.0,86.984
2025,4,NOR,1,MEDIUM,1,1,1,103.2,87.058
2025,4,NOR,1,MEDIUM,2,2,2,101.4,86.952
2025,4,NOR,1,MEDIUM,3,3,3,99.6,87.092
2025,4,NOR,1,MEDIUM,4,4,4,97.8,87.165
2025,4,NOR,1,MEDIUM,5,5,5,96.0,87.302
2025,4,NOR,1,MEDIUM,6,6,6,94.2,87.151
2025,4,NOR,1,MEDIUM,7,7,7,92.4,87.223
2025,4,NOR,1,MEDIUM,8,8,8,90.6,87.181
2025,4,NOR,1,MEDIUM,9,9,9,88.8,87.353
2025,4,NOR,1,MEDIUM,10,10,10,87.0,87.337
2025,4,NOR,1,MEDIUM,11,11,11,85.2,87.337
2025,4,NOR,1,MEDIUM,12,12,12,83.4,87.512
2025,4,NOR,1,MEDIUM,13,13,13,81.6,87.593
2025,4,NOR,1,MEDIUM,14,14,14,79.8,87.513
2025,4,NOR,1,MEDIUM,15,15,15,78.0,87.55
2025,4,NOR,1,MEDIUM,16,16,16,76.2,87.432
2025,4,NOR,1,MEDIUM,17,17,17,74.4,87.673
2025,4,NOR,1,MEDIUM,18,18,18,72.6,87.654
2025,4,NOR,1,MEDIUM,19,19,19,70.8,87.748
2025,4,NOR,1,MEDIUM,20,20,20,69.0,87.826
2025,4,NOR,1,MEDIUM,21,21,21,67.2,87.895
2025,4,NOR,1,MEDIUM,22,22,22,65.4,87.986
2025,4,NOR,1,MEDIUM,23,23,23,63.6,88.085
2025,4,NOR,1,MEDIUM,24,24,24,61.8,88.05
2025,4,NOR,1,MEDIUM,25,25,25,60.0,88.021
2025,4,NOR,1,MEDIUM,26,26,26,58.2,88.199
2025,4,NOR,1,MEDIUM,27,27,27,56.4,88.203
2025,4,NOR,2,HARD,1,28,1,54.6,85.984
2025,4,NOR,2,HARD,2,29,2,52.8,86.067
2025,4,NOR,2,HARD,3,30,3,51.0,86.109
2025,4,NOR,2,HARD,4,31,4,49.2,86.084
2025,4,NOR,2,HARD,5,32,5,47.4,86.26
2025,4,NOR,2,HARD,6,33,6,45.6,86.152
2025,4,NOR,2,HARD,7,34,7,43.8,86.15
2025,4,NOR,2,HARD,8,35,8,42.0,86.267
2025,4,NOR,2,HARD,9,36,9,40.2,86.314
2025,4,NOR,2,HARD,10,37,10,38.4,86.347
2025,4,NOR,2,HARD,11,38,11,36.6,86.441
2025,4,NOR,2,HARD,12,39,12,34.8,86.654
2025,4,NOR,2,HARD,13,40,13,33.0,86.622
2025,4,NOR,2,HARD,14,41,14,31.2,86.776
2025,4,NOR,2,HARD,15,42,15,29.4,86.812
2025,4,NOR,2,HARD,16,43,16,27.6,86.785
2025,4,NOR,2,HARD,17,44,17,25.8,86.784
2025,4,NOR,2,HARD,18,45,18,24.0,86.694
2025,4,NOR,2,HARD,19,46,19,22.2,86.874
2025,4,NOR,2,HARD,20,47,20,20.4,86.902
2025,4,NOR,2,HARD,21,48,21,18.6,87.014
2025,4,NOR,2,HARD,22,49,22,16.8,87.061
2025,4,NOR,2,HARD,23,50,23,15.0,87.111
2025,4,NOR,2,HARD,24,51,24,13.2,87.007
2025,4,NOR,2,HARD,25,52,25,11.4,87.205
2025,4,NOR,2,HARD,26,53,26,9.6,87.248
2025,4,NOR,2,HARD,27,54,27,7.8,87.366
2025,4,NOR,2,HARD,28,55,28,6.0,87.4
2025,4,VER,1,MEDIUM,1,1,1,103.2,87.139
2025,4,VER,1,MEDIUM,2,2,2,101.4,87.131
2025,4,VER,1,MEDIUM,3,3,3,99.6,87.148
2025,4,VER,1,MEDIUM,4,4,4,97.8,87.048
2025,4,VER,1,MEDIUM,5,5,5,96.0,87.292
2025,4,VER,1,MEDIUM,6,6,6,94.2,87.259
2025,4,VER,1,MEDIUM,7,7,7,92.4,87.397
2025,4,VER,1,MEDIUM,8,8,8,90.6,87.316
2025,4,VER,1,MEDIUM,9,9,9,88.8,87.494
2025,4,VER,1,MEDIUM,10,10,10,87.0,87.453
2025,4,VER,1,MEDIUM,11,11,11,85.2,87.521
2025,4,VER,1,MEDIUM,12,12,12,83.4,87.501
2025,4,VER,1,MEDIUM,13,13,13,81.6,87.58
2025,4,VER,1,MEDIUM,14,14,14,79.8,87.643
2025,4,VER,1,MEDIUM,15,15,15,78.0,87.558
2025,4,VER,1,MEDIUM,16,16,16,76.2,87.802
2025,4,VER,1,MEDIUM,17,17,17,74.4,87.793
2025,4,VER,1,MEDIUM,18,18,18,72.6,87.724
2025,4,VER,1,MEDIUM,19,19,19,70.8,87.951
2025,4,VER,1,MEDIUM,20,20,20,69.0,87.861
2025,4,VER,1,MEDIUM,21,21,21,67.2,87.968
2025,4,VER,1,MEDIUM,22,22,22,65.4,88.135
2025,4,VER,1,MEDIUM,23,23,23,63.6,87.995
2025,4,VER,1,MEDIUM,24,24,24,61.8,88.1
2025,4,VER,1,MEDIUM,25,25,25,60.0,87.994
2025,4,VER,1,MEDIUM,26,26,26,58.2,88.311
2025,4,VER,1,MEDIUM,27,27,27,56.4,88.258
2025,4,VER,2,HARD,1,28,1,54.6,86.141
2025,4,VER,2,HARD,2,29,2,52.8,86.26
2025,4,VER,2,HARD,3,30,3,51.0,86.294
2025,4,VER,2,HARD,4,31,4,49.2,86.359
2025,4,VER,2,HARD,5,32,5,47.4,86.376
2025,4,VER,2,HARD,6,33,6,45.6,86.394
2025,4,VER,2,HARD,7,34,7,43.8,86.406
2025,4,VER,2,HARD,8,35,8,42.0,86.508
2025,4,VER,2,HARD,9,36,9,40.2,86.492
2025,4,VER,2,HARD,10,37,10,38.4,86.379
2025,4,VER,2,HARD,11,38,11,36.6,86.592
2025,4,VER,2,HARD,12,39,12,34.8,86.703
2025,4,VER,2,HARD,13,40,13,33.0,86.663
2025,4,VER,2,HARD,14,41,14,31.2,86.768
2025,4,VER,2,HARD,15,42,15,29.4,86.781
2025,4,VER,2,HARD,16,43,16,27.6,86.86
2025,4,VER,2,HARD,17,44,17,25.8,86.86
2025,4,VER,2,HARD,18,45,18,24.0,86.907
2025,4,VER,2,HARD,19,46,19,22.2,87.011
2025,4,VER,2,HARD,20,47,20,20.4,86.937
2025,4,VER,2,HARD,21,48,21,18.6,87.031
2025,4,VER,2,HARD,22,49,22,16.8,87.143
2025,4,VER,2,HARD,23,50,23,15.0,87.081
2025,4,VER,2,HARD,24,51,24,13.2,87.213
2025,4,VER,2,HARD,25,52,25,11.4,87.2
2025,4,VER,2,HARD,26,53,26,9.6,87.299
2025,4,VER,2,HARD,27,54,27,7.8,87.44
2025,4,VER,2,HARD,28,55,28,6.0,87.587
2025,4,HAM,1,MEDIUM,1,1,1,103.2,87.132
2025,4,HAM,1,MEDIUM,2,2,2,101.4,87.267
2025,4,HAM,1,MEDIUM,3,3,3,99.6,87.227
2025,4,HAM,1,MEDIUM,4,4,4,97.8,87.37
2025,4,HAM,1,MEDIUM,5,5,5,96.0,87.451
2025,4,HAM,1,MEDIUM,6,6,6,94.2,87.403
2025,4,HAM,1,MEDIUM,7,7,7,92.4,87.372
2025,4,HAM,1,MEDIUM,8,8,8,90.6,87.523
2025,4,HAM,1,MEDIUM,9,9,9,88.8,87.577
2025,4,HAM,1,MEDIUM,10,10,10,87.0,87.652
2025,4,HAM,1,MEDIUM,11,11,11,85.2,87.665
2025,4,HAM,1,MEDIUM,12,12,12,83.4,87.663
2025,4,HAM,1,MEDIUM,13,13,13,81.6,87.793
2025,4,HAM,1,MEDIUM,14,14,14,79.8,87.779
2025,4,HAM,1,MEDIUM,15,15,15,78.0,87.852
2025,4,HAM,1,MEDIUM,16,16,16,76.2,87.769
2025,4,HAM,1,MEDIUM,17,17,17,74.4,87.892
2025,4,HAM,1,MEDIUM,18,18,18,72.6,87.934
2025,4,HAM,1,MEDIUM,19,19,19,70.8,88.019
2025,4,HAM,1,MEDIUM,20,20,20,69.0,88.063
2025,4,HAM,1,MEDIUM,21,21,21,67.2,88.069
2025,4,HAM,1,MEDIUM,22,22,22,65.4,88.153
2025,4,HAM,1,MEDIUM,23,23,23,63.6,88.188
2025,4,HAM,1,MEDIUM,24,24,24,61.8,88.219
2025,4,HAM,1,MEDIUM,25,25,25,60.0,88.24
2025,4,HAM,1,MEDIUM,26,26,26,58.2,88.223
2025,4,HAM,1,MEDIUM,27,27,27,56.4,88.445
2025,4,HAM,2,HARD,1,28,1,54.6,86.278
2025,4,HAM,2,HARD,2,29,2,52.8,86.457
2025,4,HAM,2,HARD,3,30,3,51.0,86.379
2025,4,HAM,2,HARD,4,31,4,49.2,86.426
2025,4,HAM,2,HARD,5,32,5,47.4,86.531
2025,4,HAM,2,HARD,6,33,6,45.6,86.45
2025,4,HAM,2,HARD,7,34,7,43.8,86.462
2025,4,HAM,2,HARD,8,35,8,42.0,86.566
2025,4,HAM,2,HARD,9,36,9,40.2,86.664
2025,4,HAM,2,HARD,10,37,10,38.4,86.648
2025,4,HAM,2,HARD,11,38,11,36.6,86.81
2025,4,HAM,2,HARD,12,39,12,34.8,86.715
2025,4,HAM,2,HARD,13,40,13,33.0,86.826
2025,4,HAM,2,HARD,14,41,14,31.2,86.88
2025,4,HAM,2,HARD,15,42,15,29.4,86.914
2025,4,HAM,2,HARD,16,43,16,27.6,87.046
2025,4,HAM,2,HARD,17,44,17,25.8,86.853
2025,4,HAM,2,HARD,18,45,18,24.0,87.091
2025,4,HAM,2,HARD,19,46,19,22.2,87.092
2025,4,HAM,2,HARD,20,47,20,20.4,87.231
2025,4,HAM,2,HARD,21,48,21,18.6,87.145
2025,4,HAM,2,HARD,22,49,22,16.8,87.199
2025,4,HAM,2,HARD,23,50,23,15.0,87.242
2025,4,HAM,2,HARD,24,51,24,13.2,87.289
2025,4,HAM,2,HARD,25,52,25,11.4,87.317
2025,4,HAM,2,HARD,26,53,26,9.6,87.549
2025,4,HAM,2,HARD,27,54,27,7.8,87.41
2025,4,HAM,2,HARD,28,55,28,6.0,87.688
2025,5,VER,1,MEDIUM,1,1,1,103.2,86.583
2025,5,VER,1,MEDIUM,2,2,2,101.4,86.693
2025,5,VER,1,MEDIUM,3,3,3,99.6,86.75
2025,5,VER,1,MEDIUM,4,4,4,97.8,86.681
2025,5,VER,1,MEDIUM,5,5,5,96.0,86.679
2025,5,VER,1,MEDIUM,6,6,6,94.2,86.775
2025,5,VER,1,MEDIUM,7,7,7,92.4,86.823
2025,5,VER,1,MEDIUM,8,8,8,90.6,86.907
2025,5,VER,1,MEDIUM,9,9,9,88.8,86.895
2025,5,VER,1,MEDIUM,10,10,10,87.0,86.774
2025,5,VER,1,MEDIUM,11,11,11,85.2,86.924
2025,5,VER,1,MEDIUM,12,12,12,83.4,87.003
2025,5,VER,1,MEDIUM,13,13,13,81.6,86.919
2025,5,VER,1,MEDIUM,14,14,14,79.8,87.228
2025,5,VER,1,MEDIUM,15,15,15,78.0,87.149
2025,5,VER,1,MEDIUM,16,16,16,76.2,87.2
2025,5,VER,1,MEDIUM,17,17,17,74.4,87.172
2025,5,VER,1,MEDIUM,18,18,18,72.6,87.387
2025,5,VER,1,MEDIUM,19,19,19,70.8,87.306
2025,5,VER,1,MEDIUM,20,20,20,69.0,87.406
2025,5,VER,1,MEDIUM,21,21,21,67.2,87.506
2025,5,VER,1,MEDIUM,22,22,22,65.4,87.483
2025,5,VER,1,MEDIUM,23,23,23,63.6,87.641
2025,5,VER,1,MEDIUM,24,24,24,61.8,87.728
2025,5,VER,1,MEDIUM,25,25,25,60.0,87.601
2025,5,VER,2,HARD,1,26,1,58.2,85.772
2025,5,VER,2,HARD,2,27,2,56.4,85.761
2025,5,VER,2,HARD,3,28,3,54.6,85.718
2025,5,VER,2,HARD,4,29,4,52.8,85.992
2025,5,VER,2,HARD,5,30,5,51.0,86.011
2025,5,VER,2,HARD,6,31,6,49.2,85.928
2025,5,VER,2,HARD,7,32,7,47.4,86.06
2025,5,VER,2,HARD,8,33,8,45.6,86.04
2025,5,VER,2,HARD,9,34,9,43.8,86.006
2025,5,VER,2,HARD,10,35,10,42.0,86.246
2025,5,VER,2,HARD,11,36,11,40.2,86.108
2025,5,VER,2,HARD,12,37,12,38.4,86.261
2025,5,VER,2,HARD,13,38,13,36.6,86.331
2025,5,VER,2,HARD,14,39,14,34.8,86.38
2025,5,VER,2,HARD,15,40,15,33.0,86.518
2025,5,VER,2,HARD,16,41,16,31.2,86.445
2025,5,VER,2,HARD,17,42,17,29.4,86.414
2025,5,VER,2,HARD,18,43,18,27.6,86.512
2025,5,VER,2,HARD,19,44,19,25.8,86.576
2025,5,VER,2,HARD,20,45,20,24.0,86.724
2025,5,VER,2,HARD,21,46,21,22.2,86.498
2025,5,VER,2,HARD,22,47,22,20.4,86.784
2025,5,VER,2,HARD,23,48,23,18.6,86.689
2025,5,VER,2,HARD,24,49,24,16.8,86.91
2025,5,VER,2,HARD,25,50,25,15.0,86.828
2025,5,PIA,1,MEDIUM,1,1,1,103.2,86.692
2025,5,PIA,1,MEDIUM,2,2,2,101.4,86.557
2025,5,PIA,1,MEDIUM,3,3,3,99.6,86.774
2025,5,PIA,1,MEDIUM,4,4,4,97.8,86.827
2025,5,PIA,1,MEDIUM,5,5,5,96.0,86.736
2025,5,PIA,1,MEDIUM,6,6,6,94.2,86.879
2025,5,PIA,1,MEDIUM,7,7,7,92.4,86.955
2025,5,PIA,1,MEDIUM,8,8,8,90.6,86.951
2025,5,PIA,1,MEDIUM,9,9,9,88.8,87.032
2025,5,PIA,1,MEDIUM,10,10,10,87.0,86.964
2025,5,PIA,1,MEDIUM,11,11,11,85.2,86.961
2025,5,PIA,1,MEDIUM,12,12,12,83.4,87.085
2025,5,PIA,1,MEDIUM,13,13,13,81.6,87.196
2025,5,PIA,1,MEDIUM,14,14,14,79.8,87.38
2025,5,PIA,1,MEDIUM,15,15,15,78.0,87.341
2025,5,PIA,1,MEDIUM,16,16,16,76.2,87.205
2025,5,PIA,1,MEDIUM,17,17,17,74.4,87.143
2025,5,PIA,1,MEDIUM,18,18,18,72.6,87.407
2025,5,PIA,1,MEDIUM,19,19,19,70.8,87.498
2025,5,PIA,1,MEDIUM,20,20,20,69.0,87.4
2025,5,PIA,1,MEDIUM,21,21,21,67.2,87.491
2025,5,PIA,1,MEDIUM,22,22,22,65.4,87.612
2025,5,PIA,1,MEDIUM,23,23,23,63.6,87.76
2025,5,PIA,1,MEDIUM,24,24,24,61.8,87.747
2025,5,PIA,1,MEDIUM,25,25,25,60.0,87.711
2025,5,PIA,2,HARD,1,26,1,58.2,85.628
2025,5,PIA,2,HARD,2,27,2,56.4,85.717
2025,5,PIA,2,HARD,3,28,3,54.6,85.847
2025,5,PIA,2,HARD,4,29,4,52.8,85.903
2025,5,PIA,2,HARD,5,30,5,51.0,86.004
2025,5,PIA,2,HARD,6,31,6,49.2,85.988
2025,5,PIA,2,HARD,7,32,7,47.4,86.014
2025,5,PIA,2,HARD,8,33,8,45.6,86.035
2025,5,PIA,2,HARD,9,34,9,43.8,86.115
2025,5,PIA,2,HARD,10,35,10,42.0,86.202
2025,5,PIA,2,HARD,11,36,11,40.2,86.205
2025,5,PIA,2,HARD,12,37,12,38.4,86.345
2025,5,PIA,2,HARD,13,38,13,36.6,86.149
2025,5,PIA,2,HARD,14,39,14,34.8,86.317
2025,5,PIA,2,HARD,15,40,15,33.0,86.474
2025,5,PIA,2,HARD,16,41,16,31.2,86.453
2025,5,PIA,2,HARD,17,42,17,29.4,86.638
2025,5,PIA,2,HARD,18,43,18,27.6,86.573
2025,5,PIA,2,HARD,19,44,19,25.8,86.456
2025,5,PIA,2,HARD,20,45,20,24.0,86.622
2025,5,PIA,2,HARD,21,46,21,22.2,86.667
2025,5,PIA,2,HARD,22,47,22,20.4,86.824
2025,5,PIA,2,HARD,23,48,23,18.6,86.797
2025,5,PIA,2,HARD,24,49,24,16.8,86.805
2025,5,PIA,2,HARD,25,50,25,15.0,86.799
2025,5,RUS,1,MEDIUM,1,1,1,103.2,86.824
2025,5,RUS,1,MEDIUM,2,2,2,101.4,86.768
2025,5,RUS,1,MEDIUM,3,3,3,99.6,87.013
2025,5,RUS,1,MEDIUM,4,4,4,97.8,86.767
2025,5,RUS,1,MEDIUM,5,5,5,96.0,86.933
2025,5,RUS,1,MEDIUM,6,6,6,94.2,86.917
2025,5,RUS,1,MEDIUM,7,7,7,92.4,86.961
2025,5,RUS,1,MEDIUM,8,8,8,90.6,87.043
2025,5,RUS,1,MEDIUM,9,9,9,88.8,87.142
2025,5,RUS,1,MEDIUM,10,10,10,87.0,87.062
2025,5,RUS,1,MEDIUM,11,11,11,85.2,87.053
2025,5,RUS,1,MEDIUM,12,12,12,83.4,87.248
2025,5,RUS,1,MEDIUM,13,13,13,81.6,87.23
2025,5,RUS,1,MEDIUM,14,14,14,79.8,87.286
2025,5,RUS,1,MEDIUM,15,15,15,78.0,87.353
2025,5,RUS,1,MEDIUM,16,16,16,76.2,87.429
2025,5,RUS,1,MEDIUM,17,17,17,74.4,87.276
2025,5,RUS,1,MEDIUM,18,18,18,72.6,87.411
2025,5,RUS,1,MEDIUM,19,19,19,70.8,87.519
2025,5,RUS,1,MEDIUM,20,20,20,69.0,87.449
2025,5,RUS,1,MEDIUM,21,21,21,67.2,87.507
2025,5,RUS,1,MEDIUM,22,22,22,65.4,87.644
2025,5,RUS,1,MEDIUM,23,23,23,63.6,87.767
2025,5,RUS,1,MEDIUM,24,24,24,61.8,87.8
2025,5,RUS,1,MEDIUM,25,25,25,60.0,87.799
2025,5,RUS,2,HARD,1,26,1,58.2,85.964
2025,5,RUS,2,HARD,2,27,2,56.4,86.024
2025,5,RUS,2,HARD,3,28,3,54.6,86.032
2025,5,RUS,2,HARD,4,29,4,52.8,86.005
2025,5,RUS,2,HARD,5,30,5,51.0,86.093
2025,5,RUS,2,HARD,6,31,6,49.2,86.034
2025,5,RUS,2,HARD,7,32,7,47.4,86.072
2025,5,RUS,2,HARD,8,33,8,45.6,86.277
2025,5,RUS,2,HARD,9,34,9,43.8,86.224
2025,5,RUS,2,HARD,10,35,10,42.0,86.349
2025,5,RUS,2,HARD,11,36,11,40.2,86.414
2025,5,RUS,2,HARD,12,37,12,38.4,86.402
2025,5,RUS,2,HARD,13,38,13,36.6,86.38
2025,5,RUS,2,HARD,14,39,14,34.8,86.388
2025,5,RUS,2,HARD,15,40,15,33.0,86.501
2025,5,RUS,2,HARD,16,41,16,31.2,86.461
2025,5,RUS,2,HARD,17,42,17,29.4,86.61
2025,5,RUS,2,HARD,18,43,18,27.6,86.73
2025,5,RUS,2,HARD,19,44,19,25.8,86.74
2025,5,RUS,2,HARD,20,45,20,24.0,86.737
2025,5,RUS,2,HARD,21,46,21,22.2,86.681
2025,5,RUS,2,HARD,22,47,22,20.4,86.936
2025,5,RUS,2,HARD,23,48,23,18.6,86.907
2025,5,RUS,2,HARD,24,49,24,16.8,86.907
2025,5,RUS,2,HARD,25,50,25,15.0,86.977
2025,5,LEC,1,MEDIUM,1,1,1,103.2,86.783
2025,5,LEC,1,MEDIUM,2,2,2,101.4,86.798
2025,5,LEC,1,MEDIUM,3,3,3,99.6,86.848
2025,5,LEC,1,MEDIUM,4,4,4,97.8,86.911
2025,5,LEC,1,MEDIUM,5,5,5,96.0,86.988
2025,5,LEC,1,MEDIUM,6,6,6,94.2,87.055
2025,5,LEC,1,MEDIUM,7,7,7,92.4,87.056
2025,5,LEC,1,MEDIUM,8,8,8,90.6,87.125
2025,5,LEC,1,MEDIUM,9,9,9,88.8,87.14
2025,5,LEC,1,MEDIUM,10,10,10,87.0,87.147
2025,5,LEC,1,MEDIUM,11,11,11,85.2,87.206
2025,5,LEC,1,MEDIUM,12,12,12,83.4,87.211
2025,5,LEC,1,MEDIUM,13,13,13,81.6,87.321
2025,5,LEC,1,MEDIUM,14,14,14,79.8,87.366
2025,5,LEC,1,MEDIUM,15,15,15,78.0,87.23
2025,5,LEC,1,MEDIUM,16,16,16,76.2,87.501
2025,5,LEC,1,MEDIUM,17,17,17,74.4,87.47
2025,5,LEC,1,MEDIUM,18,18,18,72.6,87.446
2025,5,LEC,1,MEDIUM,19,19,19,70.8,87.616
2025,5,LEC,1,MEDIUM,20,20,20,69.0,87.584
2025,5,LEC,1,MEDIUM,21,21,21,67.2,87.691
2025,5,LEC,1,MEDIUM,22,22,22,65.4,87.7
2025,5,LEC,1,MEDIUM,23,23,23,63.6,87.847
2025,5,LEC,1,MEDIUM,24,24,24,61.8,87.833
2025,5,LEC,1,MEDIUM,25,25,25,60.0,87.978
2025,5,LEC,2,HARD,1,26,1,58.2,85.943
2025,5,LEC,2,HARD,2,27,2,56.4,86.117
2025,5,LEC,2,HARD,3,28,3,54.6,86.152
2025,5,LEC,2,HARD,4,29,4,52.8,86.112
2025,5,LEC,2,HARD,5,30,5,51.0,86.335
2025,5,LEC,2,HARD,6,31,6,49.2,86.233
2025,5,LEC,2,HARD,7,32,7,47.4,86.322
2025,5,LEC,2,HARD,8,33,8,45.6,86.246
2025,5,LEC,2,HARD,9,34,9,43.8,86.223
2025,5,LEC,2,HARD,10,35,10,42.0,86.517
2025,5,LEC,2,HARD,11,36,11,40.2,86.279
2025,5,LEC,2,HARD,12,37,12,38.4,86.461
2025,5,LEC,2,HARD,13,38,13,36.6,86.523
2025,5,LEC,2,HARD,14,39,14,34.8,86.456
2025,5,LEC,2,HARD,15,40,15,33.0,86.49
2025,5,LEC,2,HARD,16,41,16,31.2,86.505
2025,5,LEC,2,HARD,17,42,17,29.4,86.811
2025,5,LEC,2,HARD,18,43,18,27.6,86.847
2025,5,LEC,2,HARD,19,44,19,25.8,86.884
2025,5,LEC,2,HARD,20,45,20,24.0,86.743
2025,5,LEC,2,HARD,21,46,21,22.2,87.045
2025,5,LEC,2,HARD,22,47,22,20.4,86.885
2025,5,LEC,2,HARD,23,48,23,18.6,86.989
2025,5,LEC,2,HARD,24,49,24,16.8,87.018
2025,5,LEC,2,HARD,25,50,25,15.0,87.059
2025,5,ANT,1,MEDIUM,1,1,1,103.2,86.877
2025,5,ANT,1,MEDIUM,2,2,2,101.4,87.102
2025,5,ANT,1,MEDIUM,3,3,3,99.6,87.07
2025,5,ANT,1,MEDIUM,4,4,4,97.8,87.032
2025,5,ANT,1,MEDIUM,5,5,5,96.0,86.926
2025,5,ANT,1,MEDIUM,6,6,6,94.2,87.126
2025,5,ANT,1,MEDIUM,7,7,7,92.4,87.1
2025,5,ANT,1,MEDIUM,8,8,8,90.6,87.136
2025,5,ANT,1,MEDIUM,9,9,9,88.8,87.157
2025,5,ANT,1,MEDIUM,10,10,10,87.0,87.038
2025,5,ANT,1,MEDIUM,11,11,11,85.2,87.286
2025,5,ANT,1,MEDIUM,12,12,12,83.4,87.338
2025,5,ANT,1,MEDIUM,13,13,13,81.6,87.447
2025,5,ANT,1,MEDIUM,14,14,14,79.8,87.591
2025,5,ANT,1,MEDIUM,15,15,15,78.0,87.495
2025,5,ANT,1,MEDIUM,16,16,16,76.2,87.586
2025,5,ANT,1,MEDIUM,17,17,17,74.4,87.523
2025,5,ANT,1,MEDIUM,18,18,18,72.6,87.655
2025,5,ANT,1,MEDIUM,19,19,19,70.8,87.755
2025,5,ANT,1,MEDIUM,20,20,20,69.0,87.74
2025,5,ANT,1,MEDIUM,21,21,21,67.2,87.982
2025,5,ANT,1,MEDIUM,22,22,22,65.4,87.87
2025,5,ANT,1,MEDIUM,23,23,23,63.6,87.945
2025,5,ANT,1,MEDIUM,24,24,24,61.8,87.849
2025,5,ANT,1,MEDIUM,25,25,25,60.0,87.844
2025,5,ANT,2,HARD,1,26,1,58.2,86.108
2025,5,ANT,2,HARD,2,27,2,56.4,86.122
2025,5,ANT,2,HARD,3,28,3,54.6,86.089
2025,5,ANT,2,HARD,4,29,4,52.8,86.104
2025,5,ANT,2,HARD,5,30,5,51.0,86.297
2025,5,ANT,2,HARD,6,31,6,49.2,86.218
2025,5,ANT,2,HARD,7,32,7,47.4,86.212
2025,5,ANT,2,HARD,8,33,8,45.6,86.239
2025,5,ANT,2,HARD,9,34,9,43.8,86.391
2025,5,ANT,2,HARD,10,35,10,42.0,86.474
2025,5,ANT,2,HARD,11,36,11,40.2,86.425
2025,5,ANT,2,HARD,12,37,12,38.4,86.485
2025,5,ANT,2,HARD,13,38,13,36.6,86.516
2025,5,ANT,2,HARD,14,39,14,34.8,86.602
2025,5,ANT,2,HARD,15,40,15,33.0,86.832
2025,5,ANT,2,HARD,16,41,16,31.2,86.612
2025,5,ANT,2,HARD,17,42,17,29.4,86.764
2025,5,ANT,2,HARD,18,43,18,27.6,86.789
2025,5,ANT,2,HARD,19,44,19,25.8,86.873
2025,5,ANT,2,HARD,20,45,20,24.0,86.827
2025,5,ANT,2,HARD,21,46,21,22.2,86.888
2025,5,ANT,2,HARD,22,47,22,20.4,86.9
2025,5,ANT,2,HARD,23,48,23,18.6,87.085
2025,5,ANT,2,HARD,24,49,24,16.8,86.855
2025,5,ANT,2,HARD,25,50,25,15.0,87.138
2025,5,NOR,1,MEDIUM,1,1,1,103.2,87.391
2025,5,NOR,1,MEDIUM,2,2,2,101.4,87.363
2025,5,NOR,1,MEDIUM,3,3,3,99.6,87.444
2025,5,NOR,1,MEDIUM,4,4,4,97.8,87.315
2025,5,NOR,1,MEDIUM,5,5,5,96.0,87.479
2025,5,NOR,1,MEDIUM,6,6,6,94.2,87.489
2025,5,NOR,1,MEDIUM,7,7,7,92.4,87.511
2025,5,NOR,1,MEDIUM,8,8,8,90.6,87.463
2025,5,NOR,1,MEDIUM,9,9,9,88.8,87.71
2025,5,NOR,1,MEDIUM,10,10,10,87.0,87.709
2025,5,NOR,1,MEDIUM,11,11,11,85.2,87.717
2025,5,NOR,1,MEDIUM,12,12,12,83.4,87.732
2025,5,NOR,1,MEDIUM,13,13,13,81.6,87.826
2025,5,NOR,1,MEDIUM,14,14,14,79.8,87.947
2025,5,NOR,1,MEDIUM,15,15,15,78.0,87.95
2025,5,NOR,1,MEDIUM,16,16,16,76.2,88.077
2025,5,NOR,1,MEDIUM,17,17,17,74.4,88.023
2025,5,NOR,1,MEDIUM,18,18,18,72.6,88.148
2025,5,NOR,1,MEDIUM,19,19,19,70.8,88.143
2025,5,NOR,1,MEDIUM,20,20,20,69.0,88.16
2025,5,NOR,1,MEDIUM,21,21,21,67.2,88.173
2025,5,NOR,1,MEDIUM,22,22,22,65.4,88.379
2025,5,NOR,1,MEDIUM,23,23,23,63.6,88.271
2025,5,NOR,1,MEDIUM,24,24,24,61.8,88.285
2025,5,NOR,1,MEDIUM,25,25,25,60.0,88.564
2025,5,NOR,2,HARD,1,26,1,58.2,86.517
2025,5,NOR,2,HARD,2,27,2,56.4,86.512
2025,5,NOR,2,HARD,3,28,3,54.6,86.672
2025,5,NOR,2,HARD,4,29,4,52.8,86.627
2025,5,NOR,2,HARD,5,30,5,51.0,86.502
2025,5,NOR,2,HARD,6,31,6,49.2,86.717
2025,5,NOR,2,HARD,7,32,7,47.4,86.708
2025,5,NOR,2,HARD,8,33,8,45.6,86.602
2025,5,NOR,2,HARD,9,34,9,43.8,86.858
2025,5,NOR,2,HARD,10,35,10,42.0,86.585
2025,5,NOR,2,HARD,11,36,11,40.2,86.803
2025,5,NOR,2,HARD,12,37,12,38.4,86.976
2025,5,NOR,2,HARD,13,38,13,36.6,86.927
2025,5,NOR,2,HARD,14,39,14,34.8,86.883
2025,5,NOR,2,HARD,15,40,15,33.0,86.956
2025,5,NOR,2,HARD,16,41,16,31.2,87.06
2025,5,NOR,2,HARD,17,42,17,29.4,86.954
2025,5,NOR,2,HARD,18,43,18,27.6,87.353
2025,5,NOR,2,HARD,19,44,19,25.8,87.359
2025,5,NOR,2,HARD,20,45,20,24.0,87.258
2025,5,NOR,2,HARD,21,46,21,22.2,87.316
2025,5,NOR,2,HARD,22,47,22,20.4,87.552
2025,5,NOR,2,HARD,23,48,23,18.6,87.467
2025,5,NOR,2,HARD,24,49,24,16.8,87.479
2025,5,NOR,2,HARD,25,50,25,15.0,87.489
2025,6,VER,1,MEDIUM,1,1,1,103.2,86.517
2025,6,VER,1,MEDIUM,2,2,2,101.4,86.495
2025,6,VER,1,MEDIUM,3,3,3,99.6,86.795
2025,6,VER,1,MEDIUM,4,4,4,97.8,86.695
2025,6,VER,1,MEDIUM,5,5,5,96.0,86.813
2025,6,VER,1,MEDIUM,6,6,6,94.2,86.816
2025,6,VER,1,MEDIUM,7,7,7,92.4,86.819
2025,6,VER,1,MEDIUM,8,8,8,90.6,86.839
2025,6,VER,1,MEDIUM,9,9,9,88.8,86.927
2025,6,VER,1,MEDIUM,10,10,10,87.0,86.847
2025,6,VER,1,MEDIUM,11,11,11,85.2,87.01
2025,6,VER,1,MEDIUM,12,12,12,83.4,87.052
2025,6,VER,1,MEDIUM,13,13,13,81.6,87.11
2025,6,VER,1,MEDIUM,14,14,14,79.8,87.126
2025,6,VER,1,MEDIUM,15,15,15,78.0,87.104
2025,6,VER,1,MEDIUM,16,16,16,76.2,87.104
2025,6,VER,1,MEDIUM,17,17,17,74.4,87.116
2025,6,VER,1,MEDIUM,18,18,18,72.6,87.245
2025,6,VER,1,MEDIUM,19,19,19,70.8,87.385
2025,6,VER,1,MEDIUM,20,20,20,69.0,87.355
2025,6,VER,1,MEDIUM,21,21,21,67.2,87.466
2025,6,VER,1,MEDIUM,22,22,22,65.4,87.621
2025,6,VER,1,MEDIUM,23,23,23,63.6,87.527
2025,6,VER,1,MEDIUM,24,24,24,61.8,87.753
2025,6,VER,1,MEDIUM,25,25,25,60.0,87.563
2025,6,VER,1,MEDIUM,26,26,26,58.2,87.766
2025,6,VER,1,MEDIUM,27,27,27,56.4,87.778
2025,6,VER,2,HARD,1,28,1,54.6,85.632
2025,6,VER,2,HARD,2,29,2,52.8,85.658
2025,6,VER,2,HARD,3,30,3,51.0,85.822
2025,6,VER,2,HARD,4,31,4,49.2,85.724
2025,6,VER,2,HARD,5,32,5,47.4,85.829
2025,6,VER,2,HARD,6,33,6,45.6,85.926
2025,6,VER,2,HARD,7,34,7,43.8,85.893
2025,6,VER,2,HARD,8,35,8,42.0,85.936
2025,6,VER,2,HARD,9,36,9,40.2,85.941
2025,6,VER,2,HARD,10,37,10,38.4,85.898
2025,6,VER,2,HARD,11,38,11,36.6,86.119
2025,6,VER,2,HARD,12,39,12,34.8,86.147
2025,6,VER,2,HARD,13,40,13,33.0,86.118
2025,6,VER,2,HARD,14,41,14,31.2,86.212
2025,6,VER,2,HARD,15,42,15,29.4,86.307
2025,6,VER,2,HARD,16,43,16,27.6,86.253
2025,6,VER,2,HARD,17,44,17,25.8,86.289
2025,6,VER,2,HARD,18,45,18,24.0,86.494
2025,6,VER,2,HARD,19,46,19,22.2,86.526
2025,6,VER,2,HARD,20,47,20,20.4,86.581
2025,6,VER,2,HARD,21,48,21,18.6,86.545
2025,6,VER,2,HARD,22,49,22,16.8,86.543
2025,6,VER,2,HARD,23,50,23,15.0,86.686
2025,6,VER,2,HARD,24,51,24,13.2,86.859
2025,6,VER,2,HARD,25,52,25,11.4,86.806
2025,6,VER,2,HARD,26,53,26,9.6,86.823
2025,6,VER,2,HARD,27,54,27,7.8,86.978
2025,6,VER,2,HARD,28,55,28,6.0,87.057
2025,6,NOR,1,MEDIUM,1,1,1,103.2,86.656
2025,6,NOR,1,MEDIUM,2,2,2,101.4,86.86
2025,6,NOR,1,MEDIUM,3,3,3,99.6,86.648
2025,6,NOR,1,MEDIUM,4,4,4,97.8,86.723
2025,6,NOR,1,MEDIUM,5,5,5,96.0,86.835
2025,6,NOR,1,MEDIUM,6,6,6,94.2,86.712
2025,6,NOR,1,MEDIUM,7,7,7,92.4,87.0
2025,6,NOR,1,MEDIUM,8,8,8,90.6,86.871
2025,6,NOR,1,MEDIUM,9,9,9,88.8,86.997
2025,6,NOR,1,MEDIUM,10,10,10,87.0,87.02
2025,6,NOR,1,MEDIUM,11,11,11,85.2,87.062
2025,6,NOR,1,MEDIUM,12,12,12,83.4,87.122
2025,6,NOR,1,MEDIUM,13,13,13,81.6,87.165
2025,6,NOR,1,MEDIUM,14,14,14,79.8,87.138
2025,6,NOR,1,MEDIUM,15,15,15,78.0,87.338
2025,6,NOR,1,MEDIUM,16,16,16,76.2,87.411
2025,6,NOR,1,MEDIUM,17,17,17,74.4,87.363
2025,6,NOR,1,MEDIUM,18,18,18,72.6,87.433
2025,6,NOR,1,MEDIUM,19,19,19,70.8,87.444
2025,6,NOR,1,MEDIUM,20,20,20,69.0,87.447
2025,6,NOR,1,MEDIUM,21,21,21,67.2,87.307
2025,6,NOR,1,MEDIUM,22,22,22,65.4,87.513
2025,6,NOR,1,MEDIUM,23,23,23,63.6,87.619
2025,6,NOR,1,MEDIUM,24,24,24,61.8,87.586
2025,6,NOR,1,MEDIUM,25,25,25,60.0,87.869
2025,6,NOR,1,MEDIUM,26,26,26,58.2,87.712
2025,6,NOR,1,MEDIUM,27,27,27,56.4,87.908
2025,6,NOR,2,HARD,1,28,1,54.6,85.735
2025,6,NOR,2,HARD,2,29,2,52.8,85.87
2025,6,NOR,2,HARD,3,30,3,51.0,85.977
2025,6,NOR,2,HARD,4,31,4,49.2,85.936
2025,6,NOR,2,HARD,5,32,5,47.4,85.717
2025,6,NOR,2,HARD,6,33,6,45.6,85.801
2025,6,NOR,2,HARD,7,34,7,43.8,86.012
2025,6,NOR,2,HARD,8,35,8,42.0,86.033
2025,6,NOR,2,HARD,9,36,9,40.2,86.033
2025,6,NOR,2,HARD,10,37,10,38.4,86.102
2025,6,NOR,2,HARD,11,38,11,36.6,86.127
2025,6,NOR,2,HARD,12,39,12,34.8,86.253
2025,6,NOR,2,HARD,13,40,13,33.0,86.198
2025,6,NOR,2,HARD,14,41,14,31.2,86.393
2025,6,NOR,2,HARD,15,42,15,29.4,86.263
2025,6,NOR,2,HARD,16,43,16,27.6,86.337
2025,6,NOR,2,HARD,17,44,17,25.8,86.49
2025,6,NOR,2,HARD,18,45,18,24.0,86.528
2025,6,NOR,2,HARD,19,46,19,22.2,86.526
2025,6,NOR,2,HARD,20,47,20,20.4,86.627
2025,6,NOR,2,HARD,21,48,21,18.6,86.642
2025,6,NOR,2,HARD,22,49,22,16.8,86.86
2025,6,NOR,2,HARD,23,50,23,15.0,86.654
2025,6,NOR,2,HARD,24,51,24,13.2,86.686
2025,6,NOR,2,HARD,25,52,25,11.4,86.837
2025,6,NOR,2,HARD,26,53,26,9.6,87.028
2025,6,NOR,2,HARD,27,54,27,7.8,86.837
2025,6,NOR,2,HARD,28,55,28,6.0,86.966
2025,6,ANT,1,MEDIUM,1,1,1,103.2,86.856
2025,6,ANT,1,MEDIUM,2,2,2,101.4,86.965
2025,6,ANT,1,MEDIUM,3,3,3,99.6,86.872
2025,6,ANT,1,MEDIUM,4,4,4,97.8,86.959
2025,6,ANT,1,MEDIUM,5,5,5,96.0,86.856
2025,6,ANT,1,MEDIUM,6,6,6,94.2,86.852
2025,6,ANT,1,MEDIUM,7,7,7,92.4,87.019
2025,6,ANT,1,MEDIUM,8,8,8,90.6,87.171
2025,6,ANT,1,MEDIUM,9,9,9,88.8,87.054
2025,6,ANT,1,MEDIUM,10,10,10,87.0,87.15
2025,6,ANT,1,MEDIUM,11,11,11,85.2,87.126
2025,6,ANT,1,MEDIUM,12,12,12,83.4,86.978
2025,6,ANT,1,MEDIUM,13,13,13,81.6,87.211
2025,6,ANT,1,MEDIUM,14,14,14,79.8,87.198
2025,6,ANT,1,MEDIUM,15,15,15,78.0,87.306
2025,6,ANT,1,MEDIUM,16,16,16,76.2,87.534
2025,6,ANT,1,MEDIUM,17,17,17,74.4,87.393
2025,6,ANT,1,MEDIUM,18,18,18,72.6,87.437
2025,6,ANT,1,MEDIUM,19,19,19,70.8,87.627
2025,6,ANT,1,MEDIUM,20,20,20,69.0,87.611
2025,6,ANT,1,MEDIUM,21,21,21,67.2,87.585
2025,6,ANT,1,MEDIUM,22,22,22,65.4,87.621
2025,6,ANT,1,MEDIUM,23,23,23,63.6,87.783
2025,6,ANT,1,MEDIUM,24,24,24,61.8,87.738
2025,6,ANT,1,MEDIUM,25,25,25,60.0,87.84
2025,6,ANT,1,MEDIUM,26,26,26,58.2,87.823
2025,6,ANT,1,MEDIUM,27,27,27,56.4,87.989
2025,6,ANT,2,HARD,1,28,1,54.6,85.893
2025,6,ANT,2,HARD,2,29,2,52.8,85.697
2025,6,ANT,2,HARD,3,30,3,51.0,85.91
2025,6,ANT,2,HARD,4,31,4,49.2,85.997
2025,6,ANT,2,HARD,5,32,5,47.4,85.921
2025,6,ANT,2,HARD,6,33,6,45.6,86.054
2025,6,ANT,2,HARD,7,34,7,43.8,86.159
2025,6,ANT,2,HARD,8,35,8,42.0,86.141
2025,6,ANT,2,HARD,9,36,9,40.2,86.05
2025,6,ANT,2,HARD,10,37,10,38.4,86.246
2025,6,ANT,2,HARD,11,38,11,36.6,86.182
2025,6,ANT,2,HARD,12,39,12,34.8,86.364
2025,6,ANT,2,HARD,13,40,13,33.0,86.236
2025,6,ANT,2,HARD,14,41,14,31.2,86.271
2025,6,ANT,2,HARD,15,42,15,29.4,86.389
2025,6,ANT,2,HARD,16,43,16,27.6,86.561
2025,6,ANT,2,HARD,17,44,17,25.8,86.537
2025,6,ANT,2,HARD,18,45,18,24.0,86.577
2025,6,ANT,2,HARD,19,46,19,22.2,86.646
2025,6,ANT,2,HARD,20,47,20,20.4,86.804
2025,6,ANT,2,HARD,21,48,21,18.6,86.811
2025,6,ANT,2,HARD,22,49,22,16.8,86.764
2025,6,ANT,2,HARD,23,50,23,15.0,86.908
2025,6,ANT,2,HARD,24,51,24,13.2,86.935
2025,6,ANT,2,HARD,25,52,25,11.4,86.911
2025,6,ANT,2,HARD,26,53,26,9.6,86.947
2025,6,ANT,2,HARD,27,54,27,7.8,86.887
2025,6,ANT,2,HARD,28,55,28,6.0,87.012
2025,6,PIA,1,MEDIUM,1,1,1,103.2,86.638
2025,6,PIA,1,MEDIUM,2,2,2,101.4,86.877
2025,6,PIA,1,MEDIUM,3,3,3,99.6,86.862
2025,6,PIA,1,MEDIUM,4,4,4,97.8,86.929
2025,6,PIA,1,MEDIUM,5,5,5,96.0,87.006
2025,6,PIA,1,MEDIUM,6,6,6,94.2,86.98
2025,6,PIA,1,MEDIUM,7,7,7,92.4,87.01
2025,6,PIA,1,MEDIUM,8,8,8,90.6,87.161
2025,6,PIA,1,MEDIUM,9,9,9,88.8,87.149
2025,6,PIA,1,MEDIUM,10,10,10,87.0,87.247
2025,6,PIA,1,MEDIUM,11,11,11,85.2,87.133
2025,6,PIA,1,MEDIUM,12,12,12,83.4,87.192
2025,6,PIA,1,MEDIUM,13,13,13,81.6,87.229
2025,6,PIA,1,MEDIUM,14,14,14,79.8,87.324
2025,6,PIA,1,MEDIUM,15,15,15,78.0,87.398
2025,6,PIA,1,MEDIUM,16,16,16,76.2,87.48
2025,6,PIA,1,MEDIUM,17,17,17,74.4,87.448
2025,6,PIA,1,MEDIUM,18,18,18,72.6,87.61
2025,6,PIA,1,MEDIUM,19,19,19,70.8,87.508
2025,6,PIA,1,MEDIUM,20,20,20,69.0,87.639
2025,6,PIA,1,MEDIUM,21,21,21,67.2,87.634
2025,6,PIA,1,MEDIUM,22,22,22,65.4,87.926
2025,6,PIA,1,MEDIUM,23,23,23,63.6,87.854
2025,6,PIA,1,MEDIUM,24,24,24,61.8,87.841
2025,6,PIA,1,MEDIUM,25,25,25,60.0,87.913
2025,6,PIA,1,MEDIUM,26,26,26,58.2,88.02
2025,6,PIA,1,MEDIUM,27,27,27,56.4,87.996
2025,6,PIA,2,HARD,1,28,1,54.6,85.934
2025,6,PIA,2,HARD,2,29,2,52.8,86.06
2025,6,PIA,2,HARD,3,30,3,51.0,86.1
2025,6,PIA,2,HARD,4,31,4,49.2,86.03
2025,6,PIA,2,HARD,5,32,5,47.4,86.104
2025,6,PIA,2,HARD,6,33,6,45.6,85.977
2025,6,PIA,2,HARD,7,34,7,43.8,86.372
2025,6,PIA,2,HARD,8,35,8,42.0,86.166
2025,6,PIA,2,HARD,9,36,9,40.2,86.261
2025,6,PIA,2,HARD,10,37,10,38.4,86.259
2025,6,PIA,2,HARD,11,38,11,36.6,86.289
2025,6,PIA,2,HARD,12,39,12,34.8,86.336
2025,6,PIA,2,HARD,13,40,13,33.0,86.348
2025,6,PIA,2,HARD,14,41,14,31.2,86.431
2025,6,PIA,2,HARD,15,42,15,29.4,86.644
2025,6,PIA,2,HARD,16,43,16,27.6,86.52
2025,6,PIA,2,HARD,17,44,17,25.8,86.646
2025,6,PIA,2,HARD,18,45,18,24.0,86.714
2025,6,PIA,2,HARD,19,46,19,22.2,86.687
2025,6,PIA,2,HARD,20,47,20,20.4,86.853
2025,6,PIA,2,HARD,21,48,21,18.6,86.879
2025,6,PIA,2,HARD,22,49,22,16.8,86.887
2025,6,PIA,2,HARD,23,50,23,15.0,86.936
2025,6,PIA,2,HARD,24,51,24,13.2,86.88
2025,6,PIA,2,HARD,25,52,25,11.4,86.979
2025,6,PIA,2,HARD,26,53,26,9.6,87.124
2025,6,PIA,2,HARD,27,54,27,7.8,87.138
2025,6,PIA,2,HARD,28,55,28,6.0,87.158
2025,6,RUS,1,MEDIUM,1,1,1,103.2,86.878
2025,6,RUS,1,MEDIUM,2,2,2,101.4,87.111
2025,6,RUS,1,MEDIUM,3,3,3,99.6,87.0
2025,6,RUS,1,MEDIUM,4,4,4,97.8,86.911
2025,6,RUS,1,MEDIUM,5,5,5,96.0,87.215
2025,6,RUS,1,MEDIUM,6,6,6,94.2,87.013
2025,6,RUS,1,MEDIUM,7,7,7,92.4,87.03
2025,6,RUS,1,MEDIUM,8,8,8,90.6,87.096
2025,6,RUS,1,MEDIUM,9,9,9,88.8,87.18
2025,6,RUS,1,MEDIUM,10,10,10,87.0,87.212
2025,6,RUS,1,MEDIUM,11,11,11,85.2,87.239
2025,6,RUS,1,MEDIUM,12,12,12,83.4,87.268
2025,6,RUS,1,MEDIUM,13,13,13,81.6,87.353
2025,6,RUS,1,MEDIUM,14,14,14,79.8,87.448
2025,6,RUS,1,MEDIUM,15,15,15,78.0,87.504
2025,6,RUS,1,MEDIUM,16,16,16,76.2,87.499
2025,6,RUS,1,MEDIUM,17,17,17,74.4,87.6
2025,6,RUS,1,MEDIUM,18,18,18,72.6,87.53
2025,6,RUS,1,MEDIUM,19,19,19,70.8,87.768
2025,6,RUS,1,MEDIUM,20,20,20,69.0,87.841
2025,6,RUS,1,MEDIUM,21,21,21,67.2,87.742
2025,6,RUS,1,MEDIUM,22,22,22,65.4,87.941
2025,6,RUS,1,MEDIUM,23,23,23,63.6,87.925
2025,6,RUS,1,MEDIUM,24,24,24,61.8,87.941
2025,6,RUS,1,MEDIUM,25,25,25,60.0,88.073
2025,6,RUS,1,MEDIUM,26,26,26,58.2,88.112
2025,6,RUS,1,MEDIUM,27,27,27,56.4,88.194
2025,6,RUS,2,HARD,1,28,1,54.6,86.089
2025,6,RUS,2,HARD,2,29,2,52.8,85.985
2025,6,RUS,2,HARD,3,30,3,51.0,86.108
2025,6,RUS,2,HARD,4,31,4,49.2,86.098
2025,6,RUS,2,HARD,5,32,5,47.4,86.059
2025,6,RUS,2,HARD,6,33,6,45.6,86.118
2025,6,RUS,2,HARD,7,34,7,43.8,86.252
2025,6,RUS,2,HARD,8,35,8,42.0,86.449
2025,6,RUS,2,HARD,9,36,9,40.2,86.368
2025,6,RUS,2,HARD,10,37,10,38.4,86.329
2025,6,RUS,2,HARD,11,38,11,36.6,86.362
2025,6,RUS,2,HARD,12,39,12,34.8,86.505
2025,6,RUS,2,HARD,13,40,13,33.0,86.599
2025,6,RUS,2,HARD,14,41,14,31.2,86.584
2025,6,RUS,2,HARD,15,42,15,29.4,86.642
2025,6,RUS,2,HARD,16,43,16,27.6,86.697
2025,6,RUS,2,HARD,17,44,17,25.8,86.709
2025,6,RUS,2,HARD,18,45,18,24.0,86.749
2025,6,RUS,2,HARD,19,46,19,22.2,86.737
2025,6,RUS,2,HARD,20,47,20,20.4,86.786
2025,6,RUS,2,HARD,21,48,21,18.6,86.826
2025,6,RUS,2,HARD,22,49,22,16.8,87.056
2025,6,RUS,2,HARD,23,50,23,15.0,87.245
2025,6,RUS,2,HARD,24,51,24,13.2,86.955
2025,6,RUS,2,HARD,25,52,25,11.4,87.08
2025,6,RUS,2,HARD,26,53,26,9.6,86.996
2025,6,RUS,2,HARD,27,54,27,7.8,87.177
2025,6,RUS,2,HARD,28,55,28,6.0,87.255
2025,6,ALB,1,MEDIUM,1,1,1,103.2,87.021
2025,6,ALB,1,MEDIUM,2,2,2,101.4,87.071
2025,6,ALB,1,MEDIUM,3,3,3,99.6,87.149
2025,6,ALB,1,MEDIUM,4,4,4,97.8,87.31
2025,6,ALB,1,MEDIUM,5,5,5,96.0,87.384
2025,6,ALB,1,MEDIUM,6,6,6,94.2,87.253
2025,6,ALB,1,MEDIUM,7,7,7,92.4,87.389
2025,6,ALB,1,MEDIUM,8,8,8,90.6,87.38
2025,6,ALB,1,MEDIUM,9,9,9,88.8,87.456
2025,6,ALB,1,MEDIUM,10,10,10,87.0,87.31
2025,6,ALB,1,MEDIUM,11,11,11,85.2,87.447
2025,6,ALB,1,MEDIUM,12,12,12,83.4,87.525
2025,6,ALB,1,MEDIUM,13,13,13,81.6,87.645
2025,6,ALB,1,MEDIUM,14,14,14,79.8,87.585
2025,6,ALB,1,MEDIUM,15,15,15,78.0,87.591
2025,6,ALB,1,MEDIUM,16,16,16,76.2,87.672
2025,6,ALB,1,MEDIUM,17,17,17,74.4,87.685
2025,6,ALB,1,MEDIUM,18,18,18,72.6,87.752
2025,6,ALB,1,MEDIUM,19,19,19,70.8,87.733
2025,6,ALB,1,MEDIUM,20,20,20,69.0,87.98
2025,6,ALB,1,MEDIUM,21,21,21,67.2,88.074
2025,6,ALB,1,MEDIUM,22,22,22,65.4,87.967
2025,6,ALB,1,MEDIUM,23,23,23,63.6,87.918
2025,6,ALB,1,MEDIUM,24,24,24,61.8,88.066
2025,6,ALB,1,MEDIUM,25,25,25,60.0,88.105
2025,6,ALB,1,MEDIUM,26,26,26,58.2,88.278
2025,6,ALB,1,MEDIUM,27,27,27,56.4,88.203
2025,6,ALB,2,HARD,1,28,1,54.6,86.229
2025,6,ALB,2,HARD,2,29,2,52.8,86.151
2025,6,ALB,2,HARD,3,30,3,51.0,86.246
2025,6,ALB,2,HARD,4,31,4,49.2,86.323
2025,6,ALB,2,HARD,5,32,5,47.4,86.35
2025,6,ALB,2,HARD,6,33,6,45.6,86.401
2025,6,ALB,2,HARD,7,34,7,43.8,86.409
2025,6,ALB,2,HARD,8,35,8,42.0,86.442
2025,6,ALB,2,HARD,9,36,9,40.2,86.417
2025,6,ALB,2,HARD,10,37,10,38.4,86.43
2025,6,ALB,2,HARD,11,38,11,36.6,86.544
2025,6,ALB,2,HARD,12,39,12,34.8,86.58
2025,6,ALB,2,HARD,13,40,13,33.0,86.572
2025,6,ALB,2,HARD,14,41,14,31.2,86.576
2025,6,ALB,2,HARD,15,42,15,29.4,86.735
2025,6,ALB,2,HARD,16,43,16,27.6,86.771
2025,6,ALB,2,HARD,17,44,17,25.8,86.74
2025,6,ALB,2,HARD,18,45,18,24.0,86.88
2025,6,ALB,2,HARD,19,46,19,22.2,86.925
2025,6,ALB,2,HARD,20,47,20,20.4,86.93
2025,6,ALB,2,HARD,21,48,21,18.6,87.064
2025,6,ALB,2,HARD,22,49,22,16.8,87.065
2025,6,ALB,2,HARD,23,50,23,15.0,87.226
2025,6,ALB,2,HARD,24,51,24,13.2,87.088
2025,6,ALB,2,HARD,25,52,25,11.4,87.144
2025,6,ALB,2,HARD,26,53,26,9.6,87.494
2025,6,ALB,2,HARD,27,54,27,7.8,87.418
2025,6,ALB,2,HARD,28,55,28,6.0,87.444
2025,7,PIA,1,MEDIUM,1,1,1,103.2,86.664
2025,7,PIA,1,MEDIUM,2,2,2,101.4,86.686
2025,7,PIA,1,MEDIUM,3,3,3,99.6,86.687
2025,7,PIA,1,MEDIUM,4,4,4,97.8,86.581
2025,7,PIA,1,MEDIUM,5,5,5,96.0,86.673
2025,7,PIA,1,MEDIUM,6,6,6,94.2,86.77
2025,7,PIA,1,MEDIUM,7,7,7,92.4,86.836
2025,7,PIA,1,MEDIUM,8,8,8,90.6,86.832
2025,7,PIA,1,MEDIUM,9,9,9,88.8,86.718
2025,7,PIA,1,MEDIUM,10,10,10,87.0,86.777
2025,7,PIA,1,MEDIUM,11,11,11,85.2,87.062
2025,7,PIA,1,MEDIUM,12,12,12,83.4,87.089
2025,7,PIA,1,MEDIUM,13,13,13,81.6,87.146
2025,7,PIA,1,MEDIUM,14,14,14,79.8,87.257
2025,7,PIA,1,MEDIUM,15,15,15,78.0,87.247
2025,7,PIA,1,MEDIUM,16,16,16,76.2,87.294
2025,7,PIA,1,MEDIUM,17,17,17,74.4,87.301
2025,7,PIA,1,MEDIUM,18,18,18,72.6,87.212
2025,7,PIA,1,MEDIUM,19,19,19,70.8,87.386
2025,7,PIA,1,MEDIUM,20,20,20,69.0,87.458
2025,7,PIA,1,MEDIUM,21,21,21,67.2,87.545
2025,7,PIA,1,MEDIUM,22,22,22,65.4,87.451
2025,7,PIA,1,MEDIUM,23,23,23,63.6,87.497
2025,7,PIA,1,MEDIUM,24,24,24,61.8,87.603
2025,7,PIA,1,MEDIUM,25,25,25,60.0,87.572
2025,7,PIA,1,MEDIUM,26,26,26,58.2,87.738
2025,7,PIA,1,MEDIUM,27,27,27,56.4,87.642
2025,7,PIA,2,HARD,1,28,1,54.6,85.687
2025,7,PIA,2,HARD,2,29,2,52.8,85.767
2025,7,PIA,2,HARD,3,30,3,51.0,85.707
2025,7,PIA,2,HARD,4,31,4,49.2,85.863
2025,7,PIA,2,HARD,5,32,5,47.4,85.714
2025,7,PIA,2,HARD,6,33,6,45.6,85.916
2025,7,PIA,2,HARD,7,34,7,43.8,85.714
2025,7,PIA,2,HARD,8,35,8,42.0,85.835
2025,7,PIA,2,HARD,9,36,9,40.2,86.013
2025,7,PIA,2,HARD,10,37,10,38.4,86.083
2025,7,PIA,2,HARD,11,38,11,36.6,86.194
2025,7,PIA,2,HARD,12,39,12,34.8,86.131
2025,7,PIA,2,HARD,13,40,13,33.0,86.223
2025,7,PIA,2,HARD,14,41,14,31.2,86.159
2025,7,PIA,2,HARD,15,42,15,29.4,86.212
2025,7,PIA,2,HARD,16,43,16,27.6,86.376
2025,7,PIA,2,HARD,17,44,17,25.8,86.401
2025,7,PIA,2,HARD,18,45,18,24.0,86.451
2025,7,PIA,2,HARD,19,46,19,22.2,86.361
2025,7,PIA,2,HARD,20,47,20,20.4,86.578
2025,7,PIA,2,HARD,21,48,21,18.6,86.534
2025,7,PIA,2,HARD,22,49,22,16.8,86.643
2025,7,PIA,2,HARD,23,50,23,15.0,86.523
2025,7,PIA,2,HARD,24,51,24,13.2,86.632
2025,7,PIA,2,HARD,25,52,25,11.4,86.69
2025,7,PIA,2,HARD,26,53,26,9.6,86.845
2025,7,PIA,2,HARD,27,54,27,7.8,86.827
2025,7,PIA,2,HARD,28,55,28,6.0,86.947
2025,7,VER,1,MEDIUM,1,1,1,103.2,86.647
2025,7,VER,1,MEDIUM,2,2,2,101.4,86.705
2025,7,VER,1,MEDIUM,3,3,3,99.6,86.637
2025,7,VER,1,MEDIUM,4,4,4,97.8,86.806
2025,7,VER,1,MEDIUM,5,5,5,96.0,86.842
2025,7,VER,1,MEDIUM,6,6,6,94.2,86.873
2025,7,VER,1,MEDIUM,7,7,7,92.4,86.875
2025,7,VER,1,MEDIUM,8,8,8,90.6,86.954
2025,7,VER,1,MEDIUM,9,9,9,88.8,86.904
2025,7,VER,1,MEDIUM,10,10,10,87.0,87.096
2025,7,VER,1,MEDIUM,11,11,11,85.2,87.147
2025,7,VER,1,MEDIUM,12,12,12,83.4,87.111
2025,7,VER,1,MEDIUM,13,13,13,81.6,87.089
2025,7,VER,1,MEDIUM,14,14,14,79.8,87.253
2025,7,VER,1,MEDIUM,15,15,15,78.0,87.263
2025,7,VER,1,MEDIUM,16,16,16,76.2,87.243
2025,7,VER,1,MEDIUM,17,17,17,74.4,87.286
2025,7,VER,1,MEDIUM,18,18,18,72.6,87.454
2025,7,VER,1,MEDIUM,19,19,19,70.8,87.565
2025,7,VER,1,MEDIUM,20,20,20,69.0,87.407
2025,7,VER,1,MEDIUM,21,21,21,67.2,87.492
2025,7,VER,1,MEDIUM,22,22,22,65.4,87.628
2025,7,VER,1,MEDIUM,23,23,23,63.6,87.674
2025,7,VER,1,MEDIUM,24,24,24,61.8,87.879
2025,7,VER,1,MEDIUM,25,25,25,60.0,87.674
2025,7,VER,1,MEDIUM,26,26,26,58.2,87.825
2025,7,VER,1,MEDIUM,27,27,27,56.4,87.857
2025,7,VER,2,HARD,1,28,1,54.6,85.829
2025,7,VER,2,HARD,2,29,2,52.8,85.747
2025,7,VER,2,HARD,3,30,3,51.0,85.803
2025,7,VER,2,HARD,4,31,4,49.2,85.917
2025,7,VER,2,HARD,5,32,5,47.4,85.796
2025,7,VER,2,HARD,6,33,6,45.6,86.169
2025,7,VER,2,HARD,7,34,7,43.8,86.027
2025,7,VER,2,HARD,8,35,8,42.0,86.141
2025,7,VER,2,HARD,9,36,9,40.2,86.11
2025,7,VER,2,HARD,10,37,10,38.4,86.198
2025,7,VER,2,HARD,11,38,11,36.6,86.203
2025,7,VER,2,HARD,12,39,12,34.8,86.217
2025,7,VER,2,HARD,13,40,13,33.0,86.27
2025,7,VER,2,HARD,14,41,14,31.2,86.423
2025,7,VER,2,HARD,15,42,15,29.4,86.362
2025,7,VER,2,HARD,16,43,16,27.6,86.268
2025,7,VER,2,HARD,17,44,17,25.8,86.586
2025,7,VER,2,HARD,18,45,18,24.0,86.517
2025,7,VER,2,HARD,19,46,19,22.2,86.425
2025,7,VER,2,HARD,20,47,20,20.4,86.621
2025,7,VER,2,HARD,21,48,21,18.6,86.508
2025,7,VER,2,HARD,22,49,22,16.8,86.701
2025,7,VER,2,HARD,23,50,23,15.0,86.974
2025,7,VER,2,HARD,24,51,24,13.2,86.854
2025,7,VER,2,HARD,25,52,25,11.4,87.08
2025,7,VER,2,HARD,26,53,26,9.6,86.842
2025,7,VER,2,HARD,27,54,27,7.8,86.901
2025,7,VER,2,HARD,28,55,28,6.0,87.154
2025,7,NOR,1,MEDIUM,1,1,1,103.2,86.843
2025,7,NOR,1,MEDIUM,2,2,2,101.4,86.855
2025,7,NOR,1,MEDIUM,3,3,3,99.6,86.817
2025,7,NOR,1,MEDIUM,4,4,4,97.8,87.022
2025,7,NOR,1,MEDIUM,5,5,5,96.0,86.967
2025,7,NOR,1,MEDIUM,6,6,6,94.2,87.173
2025,7,NOR,1,MEDIUM,7,7,7,92.4,87.008
2025,7,NOR,1,MEDIUM,8,8,8,90.6,87.112
2025,7,NOR,1,MEDIUM,9,9,9,88.8,87.207
2025,7,NOR,1,MEDIUM,10,10,10,87.0,87.142
2025,7,NOR,1,MEDIUM,11,11,11,85.2,87.255
2025,7,NOR,1,MEDIUM,12,12,12,83.4,87.298
2025,7,NOR,1,MEDIUM,13,13,13,81.6,87.315
2025,7,NOR,1,MEDIUM,14,14,14,79.8,87.438
2025,7,NOR,1,MEDIUM,15,15,15,78.0,87.517
2025,7,NOR,1,MEDIUM,16,16,16,76.2,87.4
2025,7,NOR,1,MEDIUM,17,17,17,74.4,87.548
2025,7,NOR,1,MEDIUM,18,18,18,72.6,87.501
2025,7,NOR,1,MEDIUM,19,19,19,70.8,87.566
2025,7,NOR,1,MEDIUM,20,20,20,69.0,87.539
2025,7,NOR,1,MEDIUM,21,21,21,67.2,87.574
2025,7,NOR,1,MEDIUM,22,22,22,65.4,87.772
2025,7,NOR,1,MEDIUM,23,23,23,63.6,87.793
2025,7,NOR,1,MEDIUM,24,24,24,61.8,87.871
2025,7,NOR,1,MEDIUM,25,25,25,60.0,87.907
2025,7,NOR,1,MEDIUM,26,26,26,58.2,87.84
2025,7,NOR,1,MEDIUM,27,27,27,56.4,88.047
2025,7,NOR,2,HARD,1,28,1,54.6,86.082
2025,7,NOR,2,HARD,2,29,2,52.8,86.037
2025,7,NOR,2,HARD,3,30,3,51.0,85.982
2025,7,NOR,2,HARD,4,31,4,49.2,86.166
2025,7,NOR,2,HARD,5,32,5,47.4,86.113
2025,7,NOR,2,HARD,6,33,6,45.6,86.235
2025,7,NOR,2,HARD,7,34,7,43.8,86.286
2025,7,NOR,2,HARD,8,35,8,42.0,86.194
2025,7,NOR,2,HARD,9,36,9,40.2,86.29
2025,7,NOR,2,HARD,10,37,10,38.4,86.206
2025,7,NOR,2,HARD,11,38,11,36.6,86.427
2025,7,NOR,2,HARD,12,39,12,34.8,86.486
2025,7,NOR,2,HARD,13,40,13,33.0,86.578
2025,7,NOR,2,HARD,14,41,14,31.2,86.521
2025,7,NOR,2,HARD,15,42,15,29.4,86.508
2025,7,NOR,2,HARD,16,43,16,27.6,86.629
2025,7,NOR,2,HARD,17,44,17,25.8,86.666
2025,7,NOR,2,HARD,18,45,18,24.0,86.816
2025,7,NOR,2,HARD,19,46,19,22.2,86.87
2025,7,NOR,2,HARD,20,47,20,20.4,86.8
2025,7,NOR,2,HARD,21,48,21,18.6,86.741
2025,7,NOR,2,HARD,22,49,22,16.8,86.946
2025,7,NOR,2,HARD,23,50,23,15.0,86.865
2025,7,NOR,2,HARD,24,51,24,13.2,86.854
2025,7,NOR,2,HARD,25,52,25,11.4,87.154
2025,7,NOR,2,HARD,26,53,26,9.6,87.103
2025,7,NOR,2,HARD,27,54,27,7.8,87.203
2025,7,NOR,2,HARD,28,55,28,6.0,87.104
2025,7,ALB,1,MEDIUM,1,1,1,103.2,87.051
2025,7,ALB,1,MEDIUM,2,2,2,101.4,87.007
2025,7,ALB,1,MEDIUM,3,3,3,99.6,87.144
2025,7,ALB,1,MEDIUM,4,4,4,97.8,87.18
2025,7,ALB,1,MEDIUM,5,5,5,96.0,87.254
2025,7,ALB,1,MEDIUM,6,6,6,94.2,87.353
2025,7,ALB,1,MEDIUM,7,7,7,92.4,87.379
2025,7,ALB,1,MEDIUM,8,8,8,90.6,87.386
2025,7,ALB,1,MEDIUM,9,9,9,88.8,87.326
2025,7,ALB,1,MEDIUM,10,10,10,87.0,87.443
2025,7,ALB,1,MEDIUM,11,11,11,85.2,87.441
2025,7,ALB,1,MEDIUM,12,12,12,83.4,87.516
2025,7,ALB,1,MEDIUM,13,13,13,81.6,87.536
2025,7,ALB,1,MEDIUM,14,14,14,79.8,87.556
2025,7,ALB,1,MEDIUM,15,15,15,78.0,87.677
2025,7,ALB,1,MEDIUM,16,16,16,76.2,87.658
2025,7,ALB,1,MEDIUM,17,17,17,74.4,87.795
2025,7,ALB,1,MEDIUM,18,18,18,72.6,87.606
2025,7,ALB,1,MEDIUM,19,19,19,70.8,87.883
2025,7,ALB,1,MEDIUM,20,20,20,69.0,87.979
2025,7,ALB,1,MEDIUM,21,21,21,67.2,88.014
2025,7,ALB,1,MEDIUM,22,22,22,65.4,87.962
2025,7,ALB,1,MEDIUM,23,23,23,63.6,88.139
2025,7,ALB,1,MEDIUM,24,24,24,61.8,88.159
2025,7,ALB,1,MEDIUM,25,25,25,60.0,88.023
2025,7,ALB,1,MEDIUM,26,26,26,58.2,88.196
2025,7,ALB,1,MEDIUM,27,27,27,56.4,88.163
2025,7,ALB,2,HARD,1,28,1,54.6,86.215
2025,7,ALB,2,HARD,2,29,2,52.8,86.212
2025,7,ALB,2,HARD,3,30,3,51.0,86.324
2025,7,ALB,2,HARD,4,31,4,49.2,86.239
2025,7,ALB,2,HARD,5,32,5,47.4,86.35
2025,7,ALB,2,HARD,6,33,6,45.6,86.304
2025,7,ALB,2,HARD,7,34,7,43.8,86.418
2025,7,ALB,2,HARD,8,35,8,42.0,86.299
2025,7,ALB,2,HARD,9,36,9,40.2,86.538
2025,7,ALB,2,HARD,10,37,10,38.4,86.438
2025,7,ALB,2,HARD,11,38,11,36.6,86.528
2025,7,ALB,2,HARD,12,39,12,34.8,86.642
2025,7,ALB,2,HARD,13,40,13,33.0,86.8
2025,7,ALB,2,HARD,14,41,14,31.2,86.643
2025,7,ALB,2,HARD,15,42,15,29.4,86.871
2025,7,ALB,2,HARD,16,43,16,27.6,86.841
2025,7,ALB,2,HARD,17,44,17,25.8,86.724
2025,7,ALB,2,HARD,18,45,18,24.0,86.784
2025,7,ALB,2,HARD,19,46,19,22.2,86.951
2025,7,ALB,2,HARD,20,47,20,20.4,87.011
2025,7,ALB,2,HARD,21,48,21,18.6,87.082
2025,7,ALB,2,HARD,22,49,22,16.8,86.994
2025,7,ALB,2,HARD,23,50,23,15.0,87.237
2025,7,ALB,2,HARD,24,51,24,13.2,87.097
2025,7,ALB,2,HARD,25,52,25,11.4,87.327
2025,7,ALB,2,HARD,26,53,26,9.6,87.322
2025,7,ALB,2,HARD,27,54,27,7.8,87.34
2025,7,ALB,2,HARD,28,55,28,6.0,87.448
2025,7,LEC,1,MEDIUM,1,1,1,103.2,87.302
2025,7,LEC,1,MEDIUM,2,2,2,101.4,87.5
2025,7,LEC,1,MEDIUM,3,3,3,99.6,87.357
2025,7,LEC,1,MEDIUM,4,4,4,97.8,87.535
2025,7,LEC,1,MEDIUM,5,5,5,96.0,87.589
2025,7,LEC,1,MEDIUM,6,6,6,94.2,87.468
2025,7,LEC,1,MEDIUM,7,7,7,92.4,87.653
2025,7,LEC,1,MEDIUM,8,8,8,90.6,87.686
2025,7,LEC,1,MEDIUM,9,9,9,88.8,87.944
2025,7,LEC,1,MEDIUM,10,10,10,87.0,87.638
2025,7,LEC,1,MEDIUM,11,11,11,85.2,87.802
2025,7,LEC,1,MEDIUM,12,12,12,83.4,87.837
2025,7,LEC,1,MEDIUM,13,13,13,81.6,87.868
2025,7,LEC,1,MEDIUM,14,14,14,79.8,87.956
2025,7,LEC,1,MEDIUM,15,15,15,78.0,87.733
2025,7,LEC,1,MEDIUM,16,16,16,76.2,88.111
2025,7,LEC,1,MEDIUM,17,17,17,74.4,88.126
2025,7,LEC,1,MEDIUM,18,18,18,72.6,88.125
2025,7,LEC,1,MEDIUM,19,19,19,70.8,88.141
2025,7,LEC,1,MEDIUM,20,20,20,69.0,88.222
2025,7,LEC,1,MEDIUM,21,21,21,67.2,88.304
2025,7,LEC,1,MEDIUM,22,22,22,65.4,88.315
2025,7,LEC,1,MEDIUM,23,23,23,63.6,88.367
2025,7,LEC,1,MEDIUM,24,24,24,61.8,88.37
2025,7,LEC,1,MEDIUM,25,25,25,60.0,88.642
2025,7,LEC,1,MEDIUM,26,26,26,58.2,88.484
2025,7,LEC,1,MEDIUM,27,27,27,56.4,88.615
2025,7,LEC,2,HARD,1,28,1,54.6,86.505
2025,7,LEC,2,HARD,2,29,2,52.8,86.677
2025,7,LEC,2,HARD,3,30,3,51.0,86.615
2025,7,LEC,2,HARD,4,31,4,49.2,86.554
2025,7,LEC,2,HARD,5,32,5,47.4,86.655
2025,7,LEC,2,HARD,6,33,6,45.6,86.693
2025,7,LEC,2,HARD,7,34,7,43.8,86.713
2025,7,LEC,2,HARD,8,35,8,42.0,86.898
2025,7,LEC,2,HARD,9,36,9,40.2,86.976
2025,7,LEC,2,HARD,10,37,10,38.4,86.811
2025,7,LEC,2,HARD,11,38,11,36.6,86.869
2025,7,LEC,2,HARD,12,39,12,34.8,86.85
2025,7,LEC,2,HARD,13,40,13,33.0,86.984
2025,7,LEC,2,HARD,14,41,14,31.2,86.952
2025,7,LEC,2,HARD,15,42,15,29.4,87.128
2025,7,LEC,2,HARD,16,43,16,27.6,87.022
2025,7,LEC,2,HARD,17,44,17,25.8,87.159
2025,7,LEC,2,HARD,18,45,18,24.0,87.249
2025,7,LEC,2,HARD,19,46,19,22.2,87.199
2025,7,LEC,2,HARD,20,47,20,20.4,87.224
2025,7,LEC,2,HARD,21,48,21,18.6,87.229
2025,7,LEC,2,HARD,22,49,22,16.8,87.297
2025,7,LEC,2,HARD,23,50,23,15.0,87.436
2025,7,LEC,2,HARD,24,51,24,13.2,87.452
2025,7,LEC,2,HARD,25,52,25,11.4,87.62
2025,7,LEC,2,HARD,26,53,26,9.6,87.714
2025,7,LEC,2,HARD,27,54,27,7.8,87.698
2025,7,LEC,2,HARD,28,55,28,6.0,87.898
2025,7,HAM,1,MEDIUM,1,1,1,103.2,87.36
2025,7,HAM,1,MEDIUM,2,2,2,101.4,87.593
2025,7,HAM,1,MEDIUM,3,3,3,99.6,87.521
2025,7,HAM,1,MEDIUM,4,4,4,97.8,87.603
2025,7,HAM,1,MEDIUM,5,5,5,96.0,87.55
2025,7,HAM,1,MEDIUM,6,6,6,94.2,87.683
2025,7,HAM,1,MEDIUM,7,7,7,92.4,87.77
2025,7,HAM,1,MEDIUM,8,8,8,90.6,87.648
2025,7,HAM,1,MEDIUM,9,9,9,88.8,87.753
2025,7,HAM,1,MEDIUM,10,10,10,87.0,87.879
2025,7,HAM,1,MEDIUM,11,11,11,85.2,87.764
2025,7,HAM,1,MEDIUM,12,12,12,83.4,87.932
2025,7,HAM,1,MEDIUM,13,13,13,81.6,88.029
2025,7,HAM,1,MEDIUM,14,14,14,79.8,88.039
2025,7,HAM,1,MEDIUM,15,15,15,78.0,88.075
2025,7,HAM,1,MEDIUM,16,16,16,76.2,88.229
2025,7,HAM,1,MEDIUM,17,17,17,74.4,88.175
2025,7,HAM,1,MEDIUM,18,18,18,72.6,88.152
2025,7,HAM,1,MEDIUM,19,19,19,70.8,88.309
2025,7,HAM,1,MEDIUM,20,20,20,69.0,88.285
2025,7,HAM,1,MEDIUM,21,21,21,67.2,88.31
2025,7,HAM,1,MEDIUM,22,22,22,65.4,88.295
2025,7,HAM,1,MEDIUM,23,23,23,63.6,88.55
2025,7,HAM,1,MEDIUM,24,24,24,61.8,88.448
2025,7,HAM,1,MEDIUM,25,25,25,60.0,88.541
2025,7,HAM,1,MEDIUM,26,26,26,58.2,88.553
2025,7,HAM,1,MEDIUM,27,27,27,56.4,88.654
2025,7,HAM,2,HARD,1,28,1,54.6,86.596
2025,7,HAM,2,HARD,2,29,2,52.8,86.53
2025,7,HAM,2,HARD,3,30,3,51.0,86.786
2025,7,HAM,2,HARD,4,31,4,49.2,86.765
2025,7,HAM,2,HARD,5,32,5,47.4,86.714
2025,7,HAM,2,HARD,6,33,6,45.6,86.869
2025,7,HAM,2,HARD,7,34,7,43.8,86.774
2025,7,HAM,2,HARD,8,35,8,42.0,87.005
2025,7,HAM,2,HARD,9,36,9,40.2,86.815
2025,7,HAM,2,HARD,10,37,10,38.4,87.032
2025,7,HAM,2,HARD,11,38,11,36.6,86.904
2025,7,HAM,2,HARD,12,39,12,34.8,87.077
2025,7,HAM,2,HARD,13,40,13,33.0,87.191
2025,7,HAM,2,HARD,14,41,14,31.2,87.145
2025,7,HAM,2,HARD,15,42,15,29.4,87.192
2025,7,HAM,2,HARD,16,43,16,27.6,87.115
2025,7,HAM,2,HARD,17,44,17,25.8,87.339
2025,7,HAM,2,HARD,18,45,18,24.0,87.278
2025,7,HAM,2,HARD,19,46,19,22.2,87.389
2025,7,HAM,2,HARD,20,47,20,20.4,87.35
2025,7,HAM,2,HARD,21,48,21,18.6,87.581
2025,7,HAM,2,HARD,22,49,22,16.8,87.293
2025,7,HAM,2,HARD,23,50,23,15.0,87.497
2025,7,HAM,2,HARD,24,51,24,13.2,87.553
2025,7,HAM,2,HARD,25,52,25,11.4,87.794
2025,7,HAM,2,HARD,26,53,26,9.6,87.848
2025,7,HAM,2,HARD,27,54,27,7.8,87.672
2025,7,HAM,2,HARD,28,55,28,6.0,87.789
2025,8,NOR,1,MEDIUM,1,1,1,103.2,86.618
2025,8,NOR,1,MEDIUM,2,2,2,101.4,86.642
2025,8,NOR,1,MEDIUM,3,3,3,99.6,86.785
2025,8,NOR,1,MEDIUM,4,4,4,97.8,86.534
2025,8,NOR,1,MEDIUM,5,5,5,96.0,86.605
2025,8,NOR,1,MEDIUM,6,6,6,94.2,86.871
2025,8,NOR,1,MEDIUM,7,7,7,92.4,86.648
2025,8,NOR,1,MEDIUM,8,8,8,90.6,86.966
2025,8,NOR,1,MEDIUM,9,9,9,88.8,86.872
2025,8,NOR,1,MEDIUM,10,10,10,87.0,87.071
2025,8,NOR,1,MEDIUM,11,11,11,85.2,86.944
2025,8,NOR,1,MEDIUM,12,12,12,83.4,87.008
2025,8,NOR,1,MEDIUM,13,13,13,81.6,87.117
2025,8,NOR,1,MEDIUM,14,14,14,79.8,87.225
2025,8,NOR,1,MEDIUM,15,15,15,78.0,87.063
2025,8,NOR,1,MEDIUM,16,16,16,76.2,87.175
2025,8,NOR,1,MEDIUM,17,17,17,74.4,87.274
2025,8,NOR,1,MEDIUM,18,18,18,72.6,87.32
2025,8,NOR,1,MEDIUM,19,19,19,70.8,87.343
2025,8,NOR,1,MEDIUM,20,20,20,69.0,87.355
2025,8,NOR,1,MEDIUM,21,21,21,67.2,87.312
2025,8,NOR,1,MEDIUM,22,22,22,65.4,87.561
2025,8,NOR,1,MEDIUM,23,23,23,63.6,87.511
2025,8,NOR,1,MEDIUM,24,24,24,61.8,87.566
2025,8,NOR,1,MEDIUM,25,25,25,60.0,87.706
2025,8,NOR,1,MEDIUM,26,26,26,58.2,87.96
2025,8,NOR,1,MEDIUM,27,27,27,56.4,87.742
2025,8,NOR,2,HARD,1,28,1,54.6,85.732
2025,8,NOR,2,HARD,2,29,2,52.8,85.755
2025,8,NOR,2,HARD,3,30,3,51.0,85.741
2025,8,NOR,2,HARD,4,31,4,49.2,85.761
2025,8,NOR,2,HARD,5,32,5,47.4,85.655
2025,8,NOR,2,HARD,6,33,6,45.6,85.881
2025,8,NOR,2,HARD,7,34,7,43.8,85.92
2025,8,NOR,2,HARD,8,35,8,42.0,85.969
2025,8,NOR,2,HARD,9,36,9,40.2,85.965
2025,8,NOR,2,HARD,10,37,10,38.4,86.012
2025,8,NOR,2,HARD,11,38,11,36.6,86.079
2025,8,NOR,2,HARD,12,39,12,34.8,86.151
2025,8,NOR,2,HARD,13,40,13,33.0,86.149
2025,8,NOR,2,HARD,14,41,14,31.2,86.315
2025,8,NOR,2,HARD,15,42,15,29.4,86.499
2025,8,NOR,2,HARD,16,43,16,27.6,86.273
2025,8,NOR,2,HARD,17,44,17,25.8,86.242
2025,8,NOR,2,HARD,18,45,18,24.0,86.411
2025,8,NOR,2,HARD,19,46,19,22.2,86.331
2025,8,NOR,2,HARD,20,47,20,20.4,86.598
2025,8,NOR,2,HARD,21,48,21,18.6,86.565
2025,8,NOR,2,HARD,22,49,22,16.8,86.457
2025,8,NOR,2,HARD,23,50,23,15.0,86.708
2025,8,NOR,2,HARD,24,51,24,13.2,86.678
2025,8,NOR,2,HARD,25,52,25,11.4,86.855
2025,8,NOR,2,HARD,26,53,26,9.6,86.934
2025,8,NOR,2,HARD,27,54,27,7.8,86.966
2025,8,NOR,2,HARD,28,55,28,6.0,87.016
2025,8,LEC,1,MEDIUM,1,1,1,103.2,86.612
2025,8,LEC,1,MEDIUM,2,2,2,101.4,86.674
2025,8,LEC,1,MEDIUM,3,3,3,99.6,86.72
2025,8,LEC,1,MEDIUM,4,4,4,97.8,86.74
2025,8,LEC,1,MEDIUM,5,5,5,96.0,86.803
2025,8,LEC,1,MEDIUM,6,6,6,94.2,86.765
2025,8,LEC,1,MEDIUM,7,7,7,92.4,86.73
2025,8,LEC,1,MEDIUM,8,8,8,90.6,86.89
2025,8,LEC,1,MEDIUM,9,9,9,88.8,86.998
2025,8,LEC,1,MEDIUM,10,10,10,87.0,87.085
2025,8,LEC,1,MEDIUM,11,11,11,85.2,87.143
2025,8,LEC,1,MEDIUM,12,12,12,83.4,87.054
2025,8,LEC,1,MEDIUM,13,13,13,81.6,87.125
2025,8,LEC,1,MEDIUM,14,14,14,79.8,87.044
2025,8,LEC,1,MEDIUM,15,15,15,78.0,87.26
2025,8,LEC,1,MEDIUM,16,16,16,76.2,87.367
2025,8,LEC,1,MEDIUM,17,17,17,74.4,87.254
2025,8,LEC,1,MEDIUM,18,18,18,72.6,87.445
2025,8,LEC,1,MEDIUM,19,19,19,70.8,87.398
2025,8,LEC,1,MEDIUM,20,20,20,69.0,87.537
2025,8,LEC,1,MEDIUM,21,21,21,67.2,87.528
2025,8,LEC,1,MEDIUM,22,22,22,65.4,87.556
2025,8,LEC,1,MEDIUM,23,23,23,63.6,87.535
2025,8,LEC,1,MEDIUM,24,24,24,61.8,87.77
2025,8,LEC,1,MEDIUM,25,25,25,60.0,87.935
2025,8,LEC,1,MEDIUM,26,26,26,58.2,87.789
2025,8,LEC,1,MEDIUM,27,27,27,56.4,87.97
2025,8,LEC,2,HARD,1,28,1,54.6,85.711
2025,8,LEC,2,HARD,2,29,2,52.8,85.885
2025,8,LEC,2,HARD,3,30,3,51.0,85.98
2025,8,LEC,2,HARD,4,31,4,49.2,85.856
2025,8,LEC,2,HARD,5,32,5,47.4,86.012
2025,8,LEC,2,HARD,6,33,6,45.6,86.02
2025,8,LEC,2,HARD,7,34,7,43.8,86.069
2025,8,LEC,2,HARD,8,35,8,42.0,86.158
2025,8,LEC,2,HARD,9,36,9,40.2,85.998
2025,8,LEC,2,HARD,10,37,10,38.4,86.183
2025,8,LEC,2,HARD,11,38,11,36.6,86.264
2025,8,LEC,2,HARD,12,39,12,34.8,86.259
2025,8,LEC,2,HARD,13,40,13,33.0,86.274
2025,8,LEC,2,HARD,14,41,14,31.2,86.2
2025,8,LEC,2,HARD,15,42,15,29.4,86.417
2025,8,LEC,2,HARD,16,43,16,27.6,86.353
2025,8,LEC,2,HARD,17,44,17,25.8,86.432
2025,8,LEC,2,HARD,18,45,18,24.0,86.567
2025,8,LEC,2,HARD,19,46,19,22.2,86.395
2025,8,LEC,2,HARD,20,47,20,20.4,86.643
2025,8,LEC,2,HARD,21,48,21,18.6,86.622
2025,8,LEC,2,HARD,22,49,22,16.8,86.749
2025,8,LEC,2,HARD,23,50,23,15.0,86.872
2025,8,LEC,2,HARD,24,51,24,13.2,86.724
2025,8,LEC,2,HARD,25,52,25,11.4,86.832
2025,8,LEC,2,HARD,26,53,26,9.6,86.981
2025,8,LEC,2,HARD,27,54,27,7.8,86.918
2025,8,LEC,2,HARD,28,55,28,6.0,87.161
2025,8,PIA,1,MEDIUM,1,1,1,103.2,86.85
2025,8,PIA,1,MEDIUM,2,2,2,101.4,86.812
2025,8,PIA,1,MEDIUM,3,3,3,99.6,86.743
2025,8,PIA,1,MEDIUM,4,4,4,97.8,86.941
2025,8,PIA,1,MEDIUM,5,5,5,96.0,86.747
2025,8,PIA,1,MEDIUM,6,6,6,94.2,86.917
2025,8,PIA,1,MEDIUM,7,7,7,92.4,87.185
2025,8,PIA,1,MEDIUM,8,8,8,90.6,87.005
2025,8,PIA,1,MEDIUM,9,9,9,88.8,87.052
2025,8,PIA,1,MEDIUM,10,10,10,87.0,87.126
2025,8,PIA,1,MEDIUM,11,11,11,85.2,87.219
2025,8,PIA,1,MEDIUM,12,12,12,83.4,87.147
2025,8,PIA,1,MEDIUM,13,13,13,81.6,87.177
2025,8,PIA,1,MEDIUM,14,14,14,79.8,87.314
2025,8,PIA,1,MEDIUM,15,15,15,78.0,87.353
2025,8,PIA,1,MEDIUM,16,16,16,76.2,87.494
2025,8,PIA,1,MEDIUM,17,17,17,74.4,87.517
2025,8,PIA,1,MEDIUM,18,18,18,72.6,87.442
2025,8,PIA,1,MEDIUM,19,19,19,70.8,87.457
2025,8,PIA,1,MEDIUM,20,20,20,69.0,87.648
2025,8,PIA,1,MEDIUM,21,21,21,67.2,87.661
2025,8,PIA,1,MEDIUM,22,22,22,65.4,87.829
2025,8,PIA,1,MEDIUM,23,23,23,63.6,87.714
2025,8,PIA,1,MEDIUM,24,24,24,61.8,87.683
2025,8,PIA,1,MEDIUM,25,25,25,60.0,87.908
2025,8,PIA,1,MEDIUM,26,26,26,58.2,87.837
2025,8,PIA,1,MEDIUM,27,27,27,56.4,88.018
2025,8,PIA,2,HARD,1,28,1,54.6,85.903
2025,8,PIA,2,HARD,2,29,2,52.8,85.906
2025,8,PIA,2,HARD,3,30,3,51.0,85.93
2025,8,PIA,2,HARD,4,31,4,49.2,86.003
2025,8,PIA,2,HARD,5,32,5,47.4,86.048
2025,8,PIA,2,HARD,6,33,6,45.6,86.072
2025,8,PIA,2,HARD,7,34,7,43.8,86.003
2025,8,PIA,2,HARD,8,35,8,42.0,86.032
2025,8,PIA,2,HARD,9,36,9,40.2,86.186
2025,8,PIA,2,HARD,10,37,10,38.4,86.251
2025,8,PIA,2,HARD,11,38,11,36.6,86.206
2025,8,PIA,2,HARD,12,39,12,34.8,86.214
2025,8,PIA,2,HARD,13,40,13,33.0,86.43
2025,8,PIA,2,HARD,14,41,14,31.2,86.456
2025,8,PIA,2,HARD,15,42,15,29.4,86.416
2025,8,PIA,2,HARD,16,43,16,27.6,86.512
2025,8,PIA,2,HARD,17,44,17,25.8,86.522
2025,8,PIA,2,HARD,18,45,18,24.0,86.655
2025,8,PIA,2,HARD,19,46,19,22.2,86.569
2025,8,PIA,2,HARD,20,47,20,20.4,86.69
2025,8,PIA,2,HARD,21,48,21,18.6,86.787
2025,8,PIA,2,HARD,22,49,22,16.8,86.764
2025,8,PIA,2,HARD,23,50,23,15.0,86.819
2025,8,PIA,2,HARD,24,51,24,13.2,86.741
2025,8,PIA,2,HARD,25,52,25,11.4,86.97
2025,8,PIA,2,HARD,26,53,26,9.6,86.974
2025,8,PIA,2,HARD,27,54,27,7.8,86.927
2025,8,PIA,2,HARD,28,55,28,6.0,87.257
2025,8,VER,1,MEDIUM,1,1,1,103.2,86.921
2025,8,VER,1,MEDIUM,2,2,2,101.4,86.805
2025,8,VER,1,MEDIUM,3,3,3,99.6,86.901
2025,8,VER,1,MEDIUM,4,4,4,97.8,86.902
2025,8,VER,1,MEDIUM,5,5,5,96.0,86.976
2025,8,VER,1,MEDIUM,6,6,6,94.2,86.956
2025,8,VER,1,MEDIUM,7,7,7,92.4,87.057
2025,8,VER,1,MEDIUM,8,8,8,90.6,87.124
2025,8,VER,1,MEDIUM,9,9,9,88.8,87.163
2025,8,VER,1,MEDIUM,10,10,10,87.0,87.095
2025,8,VER,1,MEDIUM,11,11,11,85.2,87.227
2025,8,VER,1,MEDIUM,12,12,12,83.4,87.281
2025,8,VER,1,MEDIUM,13,13,13,81.6,87.365
2025,8,VER,1,MEDIUM,14,14,14,79.8,87.292
2025,8,VER,1,MEDIUM,15,15,15,78.0,87.393
2025,8,VER,1,MEDIUM,16,16,16,76.2,87.671
2025,8,VER,1,MEDIUM,17,17,17,74.4,87.521
2025,8,VER,1,MEDIUM,18,18,18,72.6,87.633
2025,8,VER,1,MEDIUM,19,19,19,70.8,87.648
2025,8,VER,1,MEDIUM,20,20,20,69.0,87.632
2025,8,VER,1,MEDIUM,21,21,21,67.2,87.773
2025,8,VER,1,MEDIUM,22,22,22,65.4,87.708
2025,8,VER,1,MEDIUM,23,23,23,63.6,87.752
2025,8,VER,1,MEDIUM,24,24,24,61.8,87.793
2025,8,VER,1,MEDIUM,25,25,25,60.0,87.805
2025,8,VER,1,MEDIUM,26,26,26,58.2,87.846
2025,8,VER,1,MEDIUM,27,27,27,56.4,87.863
2025,8,VER,2,HARD,1,28,1,54.6,85.884
2025,8,VER,2,HARD,2,29,2,52.8,86.06
2025,8,VER,2,HARD,3,30,3,51.0,85.999
2025,8,VER,2,HARD,4,31,4,49.2,85.992
2025,8,VER,2,HARD,5,32,5,47.4,86.057
2025,8,VER,2,HARD,6,33,6,45.6,86.123
2025,8,VER,2,HARD,7,34,7,43.8,86.206
2025,8,VER,2,HARD,8,35,8,42.0,86.152
2025,8,VER,2,HARD,9,36,9,40.2,86.278
2025,8,VER,2,HARD,10,37,10,38.4,86.305
2025,8,VER,2,HARD,11,38,11,36.6,86.193
2025,8,VER,2,HARD,12,39,12,34.8,86.467
2025,8,VER,2,HARD,13,40,13,33.0,86.458
2025,8,VER,2,HARD,14,41,14,31.2,86.666
2025,8,VER,2,HARD,15,42,15,29.4,86.439
2025,8,VER,2,HARD,16,43,16,27.6,86.702
2025,8,VER,2,HARD,17,44,17,25.8,86.595
2025,8,VER,2,HARD,18,45,18,24.0,86.593
2025,8,VER,2,HARD,19,46,19,22.2,86.651
2025,8,VER,2,HARD,20,47,20,20.4,86.77
2025,8,VER,2,HARD,21,48,21,18.6,86.766
2025,8,VER,2,HARD,22,49,22,16.8,86.776
2025,8,VER,2,HARD,23,50,23,15.0,87.011
2025,8,VER,2,HARD,24,51,24,13.2,87.041
2025,8,VER,2,HARD,25,52,25,11.4,87.0
2025,8,VER,2,HARD,26,53,26,9.6,87.029
2025,8,VER,2,HARD,27,54,27,7.8,87.121
2025,8,VER,2,HARD,28,55,28,6.0,87.12
2025,8,HAD,1,MEDIUM,1,1,1,103.2,86.944
2025,8,HAD,1,MEDIUM,2,2,2,101.4,86.966
2025,8,HAD,1,MEDIUM,3,3,3,99.6,87.112
2025,8,HAD,1,MEDIUM,4,4,4,97.8,86.957
2025,8,HAD,1,MEDIUM,5,5,5,96.0,87.03
2025,8,HAD,1,MEDIUM,6,6,6,94.2,87.175
2025,8,HAD,1,MEDIUM,7,7,7,92.4,87.122
2025,8,HAD,1,MEDIUM,8,8,8,90.6,87.109
2025,8,HAD,1,MEDIUM,9,9,9,88.8,87.048
2025,8,HAD,1,MEDIUM,10,10,10,87.0,87.34
2025,8,HAD,1,MEDIUM,11,11,11,85.2,87.033
2025,8,HAD,1,MEDIUM,12,12,12,83.4,87.335
2025,8,HAD,1,MEDIUM,13,13,13,81.6,87.495
2025,8,HAD,1,MEDIUM,14,14,14,79.8,87.534
2025,8,HAD,1,MEDIUM,15,15,15,78.0,87.471
2025,8,HAD,1,MEDIUM,16,16,16,76.2,87.487
2025,8,HAD,1,MEDIUM,17,17,17,74.4,87.752
2025,8,HAD,1,MEDIUM,18,18,18,72.6,87.576
2025,8,HAD,1,MEDIUM,19,19,19,70.8,87.67
2025,8,HAD,1,MEDIUM,20,20,20,69.0,87.66
2025,8,HAD,1,MEDIUM,21,21,21,67.2,87.762
2025,8,HAD,1,MEDIUM,22,22,22,65.4,87.762
2025,8,HAD,1,MEDIUM,23,23,23,63.6,87.817
2025,8,HAD,1,MEDIUM,24,24,24,61.8,87.886
2025,8,HAD,1,MEDIUM,25,25,25,60.0,88.12
2025,8,HAD,1,MEDIUM,26,26,26,58.2,88.028
2025,8,HAD,1,MEDIUM,27,27,27,56.4,87.963
2025,8,HAD,2,HARD,1,28,1,54.6,86.009
2025,8,HAD,2,HARD,2,29,2,52.8,85.867
2025,8,HAD,2,HARD,3,30,3,51.0,86.151
2025,8,HAD,2,HARD,4,31,4,49.2,86.099
2025,8,HAD,2,HARD,5,32,5,47.4,86.24
2025,8,HAD,2,HARD,6,33,6,45.6,86.136
2025,8,HAD,2,HARD,7,34,7,43.8,86.263
2025,8,HAD,2,HARD,8,35,8,42.0,86.218
2025,8,HAD,2,HARD,9,36,9,40.2,86.166
2025,8,HAD,2,HARD,10,37,10,38.4,86.338
2025,8,HAD,2,HARD,11,38,11,36.6,86.394
2025,8,HAD,2,HARD,12,39,12,34.8,86.532
2025,8,HAD,2,HARD,13,40,13,33.0,86.509
2025,8,HAD,2,HARD,14,41,14,31.2,86.447
2025,8,HAD,2,HARD,15,42,15,29.4,86.502
2025,8,HAD,2,HARD,16,43,16,27.6,86.693
2025,8,HAD,2,HARD,17,44,17,25.8,86.68
2025,8,HAD,2,HARD,18,45,18,24.0,86.789
2025,8,HAD,2,HARD,19,46,19,22.2,86.736
2025,8,HAD,2,HARD,20,47,20,20.4,86.906
2025,8,HAD,2,HARD,21,48,21,18.6,86.976
2025,8,HAD,2,HARD,22,49,22,16.8,86.911
2025,8,HAD,2,HARD,23,50,23,15.0,86.996
2025,8,HAD,2,HARD,24,51,24,13.2,87.098
2025,8,HAD,2,HARD,25,52,25,11.4,87.217
2025,8,HAD,2,HARD,26,53,26,9.6,86.976
2025,8,HAD,2,HARD,27,54,27,7.8,87.123
2025,8,HAD,2,HARD,28,55,28,6.0,87.33
2025,8,HAM,1,MEDIUM,1,1,1,103.2,87.053
2025,8,HAM,1,MEDIUM,2,2,2,101.4,87.139
2025,8,HAM,1,MEDIUM,3,3,3,99.6,87.115
2025,8,HAM,1,MEDIUM,4,4,4,97.8,87.139
2025,8,HAM,1,MEDIUM,5,5,5,96.0,87.114
2025,8,HAM,1,MEDIUM,6,6,6,94.2,87.21
2025,8,HAM,1,MEDIUM,7,7,7,92.4,87.315
2025,8,HAM,1,MEDIUM,8,8,8,90.6,87.506
2025,8,HAM,1,MEDIUM,9,9,9,88.8,87.287
2025,8,HAM,1,MEDIUM,10,10,10,87.0,87.395
2025,8,HAM,1,MEDIUM,11,11,11,85.2,87.581
2025,8,HAM,1,MEDIUM,12,12,12,83.4,87.531
2025,8,HAM,1,MEDIUM,13,13,13,81.6,87.475
2025,8,HAM,1,MEDIUM,14,14,14,79.8,87.682
2025,8,HAM,1,MEDIUM,15,15,15,78.0,87.618
2025,8,HAM,1,MEDIUM,16,16,16,76.2,87.583
2025,8,HAM,1,MEDIUM,17,17,17,74.4,87.856
2025,8,HAM,1,MEDIUM,18,18,18,72.6,87.724
2025,8,HAM,1,MEDIUM,19,19,19,70.8,87.939
2025,8,HAM,1,MEDIUM,20,20,20,69.0,88.101
2025,8,HAM,1,MEDIUM,21,21,21,67.2,88.103
2025,8,HAM,1,MEDIUM,22,22,22,65.4,88.132
2025,8,HAM,1,MEDIUM,23,23,23,63.6,87.967
2025,8,HAM,1,MEDIUM,24,24,24,61.8,88.153
2025,8,HAM,1,MEDIUM,25,25,25,60.0,88.002
2025,8,HAM,1,MEDIUM,26,26,26,58.2,88.227
2025,8,HAM,1,MEDIUM,27,27,27,56.4,88.19
2025,8,HAM,2,HARD,1,28,1,54.6,86.18
2025,8,HAM,2,HARD,2,29,2,52.8,86.249
2025,8,HAM,2,HARD,3,30,3,51.0,86.253
2025,8,HAM,2,HARD,4,31,4,49.2,86.346
2025,8,HAM,2,HARD,5,32,5,47.4,86.248
2025,8,HAM,2,HARD,6,33,6,45.6,86.463
2025,8,HAM,2,HARD,7,34,7,43.8,86.383
2025,8,HAM,2,HARD,8,35,8,42.0,86.374
2025,8,HAM,2,HARD,9,36,9,40.2,86.531
2025,8,HAM,2,HARD,10,37,10,38.4,86.454
2025,8,HAM,2,HARD,11,38,11,36.6,86.52
2025,8,HAM,2,HARD,12,39,12,34.8,86.771
2025,8,HAM,2,HARD,13,40,13,33.0,86.799
2025,8,HAM,2,HARD,14,41,14,31.2,86.671
2025,8,HAM,2,HARD,15,42,15,29.4,86.755
2025,8,HAM,2,HARD,16,43,16,27.6,86.802
2025,8,HAM,2,HARD,17,44,17,25.8,86.974
2025,8,HAM,2,HARD,18,45,18,24.0,86.864
2025,8,HAM,2,HARD,19,46,19,22.2,86.997
2025,8,HAM,2,HARD,20,47,20,20.4,87.035
2025,8,HAM,2,HARD,21,48,21,18.6,87.125
2025,8,HAM,2,HARD,22,49,22,16.8,87.127
2025,8,HAM,2,HARD,23,50,23,15.0,87.1
2025,8,HAM,2,HARD,24,51,24,13.2,87.229
2025,8,HAM,2,HARD,25,52,25,11.4,87.299
2025,8,HAM,2,HARD,26,53,26,9.6,87.359
2025,8,HAM,2,HARD,27,54,27,7.8,87.438
2025,8,HAM,2,HARD,28,55,28,6.0,87.397
2025,9,PIA,1,MEDIUM,1,1,1,103.2,86.588
2025,9,PIA,1,MEDIUM,2,2,2,101.4,86.624
2025,9,PIA,1,MEDIUM,3,3,3,99.6,86.582
2025,9,PIA,1,MEDIUM,4,4,4,97.8,86.667
2025,9,PIA,1,MEDIUM,5,5,5,96.0,86.746
2025,9,PIA,1,MEDIUM,6,6,6,94.2,86.77
2025,9,PIA,1,MEDIUM,7,7,7,92.4,86.829
2025,9,PIA,1,MEDIUM,8,8,8,90.6,86.96
2025,9,PIA,1,MEDIUM,9,9,9,88.8,86.794
2025,9,PIA,1,MEDIUM,10,10,10,87.0,87.033
2025,9,PIA,1,MEDIUM,11,11,11,85.2,87.012
2025,9,PIA,1,MEDIUM,12,12,12,83.4,87.054
2025,9,PIA,1,MEDIUM,13,13,13,81.6,87.052
2025,9,PIA,1,MEDIUM,14,14,14,79.8,87.212
2025,9,PIA,1,MEDIUM,15,15,15,78.0,87.231
2025,9,PIA,1,MEDIUM,16,16,16,76.2,87.446
2025,9,PIA,1,MEDIUM,17,17,17,74.4,87.205
2025,9,PIA,1,MEDIUM,18,18,18,72.6,87.33
2025,9,PIA,1,MEDIUM,19,19,19,70.8,87.433
2025,9,PIA,1,MEDIUM,20,20,20,69.0,87.326
2025,9,PIA,1,MEDIUM,21,21,21,67.2,87.566
2025,9,PIA,1,MEDIUM,22,22,22,65.4,87.541
2025,9,PIA,1,MEDIUM,23,23,23,63.6,87.621
2025,9,PIA,1,MEDIUM,24,24,24,61.8,87.633
2025,9,PIA,1,MEDIUM,25,25,25,60.0,87.684
2025,9,PIA,1,MEDIUM,26,26,26,58.2,87.68
2025,9,PIA,1,MEDIUM,27,27,27,56.4,87.797
2025,9,PIA,2,HARD,1,28,1,54.6,85.724
2025,9,PIA,2,HARD,2,29,2,52.8,85.739
2025,9,PIA,2,HARD,3,30,3,51.0,85.855
2025,9,PIA,2,HARD,4,31,4,49.2,85.798
2025,9,PIA,2,HARD,5,32,5,47.4,85.77
2025,9,PIA,2,HARD,6,33,6,45.6,85.916
2025,9,PIA,2,HARD,7,34,7,43.8,85.995
2025,9,PIA,2,HARD,8,35,8,42.0,85.95
2025,9,PIA,2,HARD,9,36,9,40.2,85.905
2025,9,PIA,2,HARD,10,37,10,38.4,85.989
2025,9,PIA,2,HARD,11,38,11,36.6,86.27
2025,9,PIA,2,HARD,12,39,12,34.8,86.301
2025,9,PIA,2,HARD,13,40,13,33.0,86.129
2025,9,PIA,2,HARD,14,41,14,31.2,85.986
2025,9,PIA,2,HARD,15,42,15,29.4,86.126
2025,9,PIA,2,HARD,16,43,16,27.6,86.342
2025,9,PIA,2,HARD,17,44,17,25.8,86.461
2025,9,PIA,2,HARD,18,45,18,24.0,86.334
2025,9,PIA,2,HARD,19,46,19,22.2,86.512
2025,9,PIA,2,HARD,20,47,20,20.4,86.394
2025,9,PIA,2,HARD,21,48,21,18.6,86.483
2025,9,PIA,2,HARD,22,49,22,16.8,86.568
2025,9,PIA,2,HARD,23,50,23,15.0,86.693
2025,9,PIA,2,HARD,24,51,24,13.2,86.741
2025,9,PIA,2,HARD,25,52,25,11.4,86.782
2025,9,PIA,2,HARD,26,53,26,9.6,86.894
2025,9,PIA,2,HARD,27,54,27,7.8,86.835
2025,9,PIA,2,HARD,28,55,28,6.0,86.911
2025,9,NOR,1,MEDIUM,1,1,1,103.2,86.657
2025,9,NOR,1,MEDIUM,2,2,2,101.4,86.502
2025,9,NOR,1,MEDIUM,3,3,3,99.6,86.663
2025,9,NOR,1,MEDIUM,4,4,4,97.8,86.757
2025,9,NOR,1,MEDIUM,5,5,5,96.0,87.01
2025,9,NOR,1,MEDIUM,6,6,6,94.2,86.704
2025,9,NOR,1,MEDIUM,7,7,7,92.4,86.908
2025,9,NOR,1,MEDIUM,8,8,8,90.6,86.923
2025,9,NOR,1,MEDIUM,9,9,9,88.8,87.088
2025,9,NOR,1,MEDIUM,10,10,10,87.0,87.145
2025,9,NOR,1,MEDIUM,11,11,11,85.2,87.051
2025,9,NOR,1,MEDIUM,12,12,12,83.4,87.001
2025,9,NOR,1,MEDIUM,13,13,13,81.6,87.095
2025,9,NOR,1,MEDIUM,14,14,14,79.8,87.181
2025,9,NOR,1,MEDIUM,15,15,15,78.0,87.24
2025,9,NOR,1,MEDIUM,16,16,16,76.2,87.378
2025,9,NOR,1,MEDIUM,17,17,17,74.4,87.431
2025,9,NOR,1,MEDIUM,18,18,18,72.6,87.296
2025,9,NOR,1,MEDIUM,19,19,19,70.8,87.504
2025,9,NOR,1,MEDIUM,20,20,20,69.0,87.511
2025,9,NOR,1,MEDIUM,21,21,21,67.2,87.488
2025,9,NOR,1,MEDIUM,22,22,22,65.4,87.577
2025,9,NOR,1,MEDIUM,23,23,23,63.6,87.575
2025,9,NOR,1,MEDIUM,24,24,24,61.8,87.605
2025,9,NOR,1,MEDIUM,25,25,25,60.0,87.723
2025,9,NOR,1,MEDIUM,26,26,26,58.2,87.72
2025,9,NOR,1,MEDIUM,27,27,27,56.4,87.861
2025,9,NOR,2,HARD,1,28,1,54.6,85.721
2025,9,NOR,2,HARD,2,29,2,52.8,85.789
2025,9,NOR,2,HARD,3,30,3,51.0,85.888
2025,9,NOR,2,HARD,4,31,4,49.2,85.927
2025,9,NOR,2,HARD,5,32,5,47.4,85.765
2025,9,NOR,2,HARD,6,33,6,45.6,85.971
2025,9,NOR,2,HARD,7,34,7,43.8,86.024
2025,9,NOR,2,HARD,8,35,8,42.0,85.871
2025,9,NOR,2,HARD,9,36,9,40.2,86.132
2025,9,NOR,2,HARD,10,37,10,38.4,85.897
2025,9,NOR,2,HARD,11,38,11,36.6,86.114
2025,9,NOR,2,HARD,12,39,12,34.8,86.301
2025,9,NOR,2,HARD,13,40,13,33.0,86.215
2025,9,NOR,2,HARD,14,41,14,31.2,86.549
2025,9,NOR,2,HARD,15,42,15,29.4,86.316
2025,9,NOR,2,HARD,16,43,16,27.6,86.329
2025,9,NOR,2,HARD,17,44,17,25.8,86.513
2025,9,NOR,2,HARD,18,45,18,24.0,86.462
2025,9,NOR,2,HARD,19,46,19,22.2,86.553
2025,9,NOR,2,HARD,20,47,20,20.4,86.605
2025,9,NOR,2,HARD,21,48,21,18.6,86.634
2025,9,NOR,2,HARD,22,49,22,16.8,86.595
2025,9,NOR,2,HARD,23,50,23,15.0,86.693
2025,9,NOR,2,HARD,24,51,24,13.2,86.795
2025,9,NOR,2,HARD,25,52,25,11.4,86.778
2025,9,NOR,2,HARD,26,53,26,9.6,86.836
2025,9,NOR,2,HARD,27,54,27,7.8,87.104
2025,9,NOR,2,HARD,28,55,28,6.0,86.976
2025,9,RUS,1,MEDIUM,1,1,1,103.2,86.689
2025,9,RUS,1,MEDIUM,2,2,2,101.4,86.903
2025,9,RUS,1,MEDIUM,3,3,3,99.6,86.962
2025,9,RUS,1,MEDIUM,4,4,4,97.8,87.027
2025,9,RUS,1,MEDIUM,5,5,5,96.0,86.943
2025,9,RUS,1,MEDIUM,6,6,6,94.2,87.038
2025,9,RUS,1,MEDIUM,7,7,7,92.4,87.024
2025,9,RUS,1,MEDIUM,8,8,8,90.6,87.272
2025,9,RUS,1,MEDIUM,9,9,9,88.8,87.224
2025,9,RUS,1,MEDIUM,10,10,10,87.0,87.238
2025,9,RUS,1,MEDIUM,11,11,11,85.2,87.151
2025,9,RUS,1,MEDIUM,12,12,12,83.4,87.301
2025,9,RUS,1,MEDIUM,13,13,13,81.6,87.248
2025,9,RUS,1,MEDIUM,14,14,14,79.8,87.335
2025,9,RUS,1,MEDIUM,15,15,15,78.0,87.394
2025,9,RUS,1,MEDIUM,16,16,16,76.2,87.536
2025,9,RUS,1,MEDIUM,17,17,17,74.4,87.495
2025,9,RUS,1,MEDIUM,18,18,18,72.6,87.447
2025,9,RUS,1,MEDIUM,19,19,19,70.8,87.603
2025,9,RUS,1,MEDIUM,20,20,20,69.0,87.559
2025,9,RUS,1,MEDIUM,21,21,21,67.2,87.736
2025,9,RUS,1,MEDIUM,22,22,22,65.4,87.652
2025,9,RUS,1,MEDIUM,23,23,23,63.6,87.708
2025,9,RUS,1,MEDIUM,24,24,24,61.8,87.928
2025,9,RUS,1,MEDIUM,25,25,25,60.0,87.978
2025,9,RUS,1,MEDIUM,26,26,26,58.2,87.9
2025,9,RUS,1,MEDIUM,27,27,27,56.4,88.008
2025,9,RUS,2,HARD,1,28,1,54.6,85.917
2025,9,RUS,2,HARD,2,29,2,52.8,85.791
2025,9,RUS,2,HARD,3,30,3,51.0,86.074
2025,9,RUS,2,HARD,4,31,4,49.2,86.062
2025,9,RUS,2,HARD,5,32,5,47.4,85.936
2025,9,RUS,2,HARD,6,33,6,45.6,86.147
2025,9,RUS,2,HARD,7,34,7,43.8,86.253
2025,9,RUS,2,HARD,8,35,8,42.0,86.188
2025,9,RUS,2,HARD,9,36,9,40.2,86.223
2025,9,RUS,2,HARD,10,37,10,38.4,86.401
2025,9,RUS,2,HARD,11,38,11,36.6,86.322
2025,9,RUS,2,HARD,12,39,12,34.8,86.334
2025,9,RUS,2,HARD,13,40,13,33.0,86.416
2025,9,RUS,2,HARD,14,41,14,31.2,86.538
2025,9,RUS,2,HARD,15,42,15,29.4,86.432
2025,9,RUS,2,HARD,16,43,16,27.6,86.54
2025,9,RUS,2,HARD,17,44,17,25.8,86.411
2025,9,RUS,2,HARD,18,45,18,24.0,86.692
2025,9,RUS,2,HARD,19,46,19,22.2,86.745
2025,9,RUS,2,HARD,20,47,20,20.4,86.672
2025,9,RUS,2,HARD,21,48,21,18.6,86.842
2025,9,RUS,2,HARD,22,49,22,16.8,86.861
2025,9,RUS,2,HARD,23,50,23,15.0,87.028
2025,9,RUS,2,HARD,24,51,24,13.2,86.999
2025,9,RUS,2,HARD,25,52,25,11.4,87.022
2025,9,RUS,2,HARD,26,53,26,9.6,87.035
2025,9,RUS,2,HARD,27,54,27,7.8,87.05
2025,9,RUS,2,HARD,28,55,28,6.0,87.191
2025,9,HAM,1,MEDIUM,1,1,1,103.2,86.945
2025,9,HAM,1,MEDIUM,2,2,2,101.4,87.096
2025,9,HAM,1,MEDIUM,3,3,3,99.6,86.94
2025,9,HAM,1,MEDIUM,4,4,4,97.8,87.013
2025,9,HAM,1,MEDIUM,5,5,5,96.0,87.08
2025,9,HAM,1,MEDIUM,6,6,6,94.2,87.158
2025,9,HAM,1,MEDIUM,7,7,7,92.4,87.146
2025,9,HAM,1,MEDIUM,8,8,8,90.6,87.021
2025,9,HAM,1,MEDIUM,9,9,9,88.8,87.265
2025,9,HAM,1,MEDIUM,10,10,10,87.0,87.245
2025,9,HAM,1,MEDIUM,11,11,11,85.2,87.354
2025,9,HAM,1,MEDIUM,12,12,12,83.4,87.424
2025,9,HAM,1,MEDIUM,13,13,13,81.6,87.445
2025,9,HAM,1,MEDIUM,14,14,14,79.8,87.471
2025,9,HAM,1,MEDIUM,15,15,15,78.0,87.432
2025,9,HAM,1,MEDIUM,16,16,16,76.2,87.582
2025,9,HAM,1,MEDIUM,17,17,17,74.4,87.581
2025,9,HAM,1,MEDIUM,18,18,18,72.6,87.713
2025,9,HAM,1,MEDIUM,19,19,19,70.8,87.714
2025,9,HAM,1,MEDIUM,20,20,20,69.0,87.756
2025,9,HAM,1,MEDIUM,21,21,21,67.2,87.793
2025,9,HAM,1,MEDIUM,22,22,22,65.4,87.884
2025,9,HAM,1,MEDIUM,23,23,23,63.6,87.911
2025,9,HAM,1,MEDIUM,24,24,24,61.8,87.904
2025,9,HAM,1,MEDIUM,25,25,25,60.0,87.951
2025,9,HAM,1,MEDIUM,26,26,26,58.2,88.074
2025,9,HAM,1,MEDIUM,27,27,27,56.4,88.146
2025,9,HAM,2,HARD,1,28,1,54.6,86.172
2025,9,HAM,2,HARD,2,29,2,52.8,85.979
2025,9,HAM,2,HARD,3,30,3,51.0,86.138
2025,9,HAM,2,HARD,4,31,4,49.2,86.041
2025,9,HAM,2,HARD,5,32,5,47.4,86.237
2025,9,HAM,2,HARD,6,33,6,45.6,86.108
2025,9,HAM,2,HARD,7,34,7,43.8,86.176
2025,9,HAM,2,HARD,8,35,8,42.0,86.198
2025,9,HAM,2,HARD,9,36,9,40.2,86.265
2025,9,HAM,2,HARD,10,37,10,38.4,86.32
2025,9,HAM,2,HARD,11,38,11,36.6,86.404
2025,9,HAM,2,HARD,12,39,12,34.8,86.555
2025,9,HAM,2,HARD,13,40,13,33.0,86.42
2025,9,HAM,2,HARD,14,41,14,31.2,86.517
2025,9,HAM,2,HARD,15,42,15,29.4,86.501
2025,9,HAM,2,HARD,16,43,16,27.6,86.546
2025,9,HAM,2,HARD,17,44,17,25.8,86.646
2025,9,HAM,2,HARD,18,45,18,24.0,86.809
2025,9,HAM,2,HARD,19,46,19,22.2,86.862
2025,9,HAM,2,HARD,20,47,20,20.4,86.889
2025,9,HAM,2,HARD,21,48,21,18.6,86.916
2025,9,HAM,2,HARD,22,49,22,16.8,86.97
2025,9,HAM,2,HARD,23,50,23,15.0,87.078
2025,9,HAM,2,HARD,24,51,24,13.2,86.954
2025,9,HAM,2,HARD,25,52,25,11.4,87.116
2025,9,HAM,2,HARD,26,53,26,9.6,87.275
2025,9,HAM,2,HARD,27,54,27,7.8,87.176
2025,9,HAM,2,HARD,28,55,28,6.0,87.115
2025,9,LEC,1,MEDIUM,1,1,1,103.2,87.141
2025,9,LEC,1,MEDIUM,2,2,2,101.4,87.252
2025,9,LEC,1,MEDIUM,3,3,3,99.6,87.068
2025,9,LEC,1,MEDIUM,4,4,4,97.8,87.206
2025,9,LEC,1,MEDIUM,5,5,5,96.0,87.242
2025,9,LEC,1,MEDIUM,6,6,6,94.2,87.15
2025,9,LEC,1,MEDIUM,7,7,7,92.4,87.281
2025,9,LEC,1,MEDIUM,8,8,8,90.6,87.28
2025,9,LEC,1,MEDIUM,9,9,9,88.8,87.311
2025,9,LEC,1,MEDIUM,10,10,10,87.0,87.474
2025,9,LEC,1,MEDIUM,11,11,11,85.2,87.514
2025,9,LEC,1,MEDIUM,12,12,12,83.4,87.499
2025,9,LEC,1,MEDIUM,13,13,13,81.6,87.532
2025,9,LEC,1,MEDIUM,14,14,14,79.8,87.658
2025,9,LEC,1,MEDIUM,15,15,15,78.0,87.611
2025,9,LEC,1,MEDIUM,16,16,16,76.2,87.82
2025,9,LEC,1,MEDIUM,17,17,17,74.4,87.685
2025,9,LEC,1,MEDIUM,18,18,18,72.6,87.699
2025,9,LEC,1,MEDIUM,19,19,19,70.8,87.89
2025,9,LEC,1,MEDIUM,20,20,20,69.0,87.989
2025,9,LEC,1,MEDIUM,21,21,21,67.2,87.996
2025,9,LEC,1,MEDIUM,22,22,22,65.4,87.987
2025,9,LEC,1,MEDIUM,23,23,23,63.6,87.915
2025,9,LEC,1,MEDIUM,24,24,24,61.8,88.131
2025,9,LEC,1,MEDIUM,25,25,25,60.0,88.189
2025,9,LEC,1,MEDIUM,26,26,26,58.2,88.282
2025,9,LEC,1,MEDIUM,27,27,27,56.4,88.264
2025,9,LEC,2,HARD,1,28,1,54.6,86.195
2025,9,LEC,2,HARD,2,29,2,52.8,86.115
2025,9,LEC,2,HARD,3,30,3,51.0,86.24
2025,9,LEC,2,HARD,4,31,4,49.2,86.27
2025,9,LEC,2,HARD,5,32,5,47.4,86.226
2025,9,LEC,2,HARD,6,33,6,45.6,86.401
2025,9,LEC,2,HARD,7,34,7,43.8,86.481
2025,9,LEC,2,HARD,8,35,8,42.0,86.459
2025,9,LEC,2,HARD,9,36,9,40.2,86.558
2025,9,LEC,2,HARD,10,37,10,38.4,86.603
2025,9,LEC,2,HARD,11,38,11,36.6,86.755
2025,9,LEC,2,HARD,12,39,12,34.8,86.547
2025,9,LEC,2,HARD,13,40,13,33.0,86.554
2025,9,LEC,2,HARD,14,41,14,31.2,86.659
2025,9,LEC,2,HARD,15,42,15,29.4,86.769
2025,9,LEC,2,HARD,16,43,16,27.6,86.788
2025,9,LEC,2,HARD,17,44,17,25.8,86.764
2025,9,LEC,2,HARD,18,45,18,24.0,87.025
2025,9,LEC,2,HARD,19,46,19,22.2,86.941
2025,9,LEC,2,HARD,20,47,20,20.4,86.953
2025,9,LEC,2,HARD,21,48,21,18.6,87.132
2025,9,LEC,2,HARD,22,49,22,16.8,87.205
2025,9,LEC,2,HARD,23,50,23,15.0,87.149
2025,9,LEC,2,HARD,24,51,24,13.2,87.118
2025,9,LEC,2,HARD,25,52,25,11.4,87.177
2025,9,LEC,2,HARD,26,53,26,9.6,87.324
2025,9,LEC,2,HARD,27,54,27,7.8,87.312
2025,9,LEC,2,HARD,28,55,28,6.0,87.409
2025,9,HUL,1,MEDIUM,1,1,1,103.2,87.829
2025,9,HUL,1,MEDIUM,2,2,2,101.4,87.844
2025,9,HUL,1,MEDIUM,3,3,3,99.6,87.759
2025,9,HUL,1,MEDIUM,4,4,4,97.8,87.88
2025,9,HUL,1,MEDIUM,5,5,5,96.0,87.903
2025,9,HUL,1,MEDIUM,6,6,6,94.2,87.774
2025,9,HUL,1,MEDIUM,7,7,7,92.4,87.98
2025,9,HUL,1,MEDIUM,8,8,8,90.6,87.915
2025,9,HUL,1,MEDIUM,9,9,9,88.8,88.032
2025,9,HUL,1,MEDIUM,10,10,10,87.0,87.918
2025,9,HUL,1,MEDIUM,11,11,11,85.2,88.029
2025,9,HUL,1,MEDIUM,12,12,12,83.4,88.158
2025,9,HUL,1,MEDIUM,13,13,13,81.6,88.357
2025,9,HUL,1,MEDIUM,14,14,14,79.8,88.292
2025,9,HUL,1,MEDIUM,15,15,15,78.0,88.339
2025,9,HUL,1,MEDIUM,16,16,16,76.2,88.133
2025,9,HUL,1,MEDIUM,17,17,17,74.4,88.489
2025,9,HUL,1,MEDIUM,18,18,18,72.6,88.458
2025,9,HUL,1,MEDIUM,19,19,19,70.8,88.428
2025,9,HUL,1,MEDIUM,20,20,20,69.0,88.51
2025,9,HUL,1,MEDIUM,21,21,21,67.2,88.579
2025,9,HUL,1,MEDIUM,22,22,22,65.4,88.575
2025,9,HUL,1,MEDIUM,23,23,23,63.6,88.747
2025,9,HUL,1,MEDIUM,24,24,24,61.8,88.663
2025,9,HUL,1,MEDIUM,25,25,25,60.0,88.789
2025,9,HUL,1,MEDIUM,26,26,26,58.2,88.814
2025,9,HUL,1,MEDIUM,27,27,27,56.4,88.982
2025,9,HUL,2,HARD,1,28,1,54.6,86.763
2025,9,HUL,2,HARD,2,29,2,52.8,86.963
2025,9,HUL,2,HARD,3,30,3,51.0,86.967
2025,9,HUL,2,HARD,4,31,4,49.2,86.914
2025,9,HUL,2,HARD,5,32,5,47.4,87.129
2025,9,HUL,2,HARD,6,33,6,45.6,87.044
2025,9,HUL,2,HARD,7,34,7,43.8,86.85
2025,9,HUL,2,HARD,8,35,8,42.0,87.156
2025,9,HUL,2,HARD,9,36,9,40.2,87.17
2025,9,HUL,2,HARD,10,37,10,38.4,87.228
2025,9,HUL,2,HARD,11,38,11,36.6,87.068
2025,9,HUL,2,HARD,12,39,12,34.8,87.379
2025,9,HUL,2,HARD,13,40,13,33.0,87.294
2025,9,HUL,2,HARD,14,41,14,31.2,87.35
2025,9,HUL,2,HARD,15,42,15,29.4,87.396
2025,9,HUL,2,HARD,16,43,16,27.6,87.26
2025,9,HUL,2,HARD,17,44,17,25.8,87.544
2025,9,HUL,2,HARD,18,45,18,24.0,87.568
2025,9,HUL,2,HARD,19,46,19,22.2,87.755
2025,9,HUL,2,HARD,20,47,20,20.4,87.607
2025,9,HUL,2,HARD,21,48,21,18.6,87.596
2025,9,HUL,2,HARD,22,49,22,16.8,87.78
2025,9,HUL,2,HARD,23,50,23,15.0,87.706
2025,9,HUL,2,HARD,24,51,24,13.2,87.809
2025,9,HUL,2,HARD,25,52,25,11.4,88.057
2025,9,HUL,2,HARD,26,53,26,9.6,87.911
2025,9,HUL,2,HARD,27,54,27,7.8,87.909
2025,9,HUL,2,HARD,28,55,28,6.0,88.017
2025,10,RUS,1,MEDIUM,1,1,1,103.2,86.667
2025,10,RUS,1,MEDIUM,2,2,2,101.4,86.579
2025,10,RUS,1,MEDIUM,3,3,3,99.6,86.859
2025,10,RUS,1,MEDIUM,4,4,4,97.8,86.746
2025,10,RUS,1,MEDIUM,5,5,5,96.0,86.766
2025,10,RUS,1,MEDIUM,6,6,6,94.2,86.813
2025,10,RUS,1,MEDIUM,7,7,7,92.4,86.825
2025,10,RUS,1,MEDIUM,8,8,8,90.6,86.894
2025,10,RUS,1,MEDIUM,9,9,9,88.8,86.806
2025,10,RUS,1,MEDIUM,10,10,10,87.0,87.013
2025,10,RUS,1,MEDIUM,11,11,11,85.2,86.954
2025,10,RUS,1,MEDIUM,12,12,12,83.4,86.994
2025,10,RUS,1,MEDIUM,13,13,13,81.6,87.159
2025,10,RUS,1,MEDIUM,14,14,14,79.8,87.165
2025,10,RUS,1,MEDIUM,15,15,15,78.0,87.081
2025,10,RUS,1,MEDIUM,16,16,16,76.2,87.136
2025,10,RUS,1,MEDIUM,17,17,17,74.4,87.287
2025,10,RUS,1,MEDIUM,18,18,18,72.6,87.253
2025,10,RUS,1,MEDIUM,19,19,19,70.8,87.372
2025,10,RUS,1,MEDIUM,20,20,20,69.0,87.477
2025,10,RUS,1,MEDIUM,21,21,21,67.2,87.513
2025,10,RUS,1,MEDIUM,22,22,22,65.4,87.546
2025,10,RUS,1,MEDIUM,23,23,23,63.6,87.557
2025,10,RUS,1,MEDIUM,24,24,24,61.8,87.641
2025,10,RUS,1,MEDIUM,25,25,25,60.0,87.775
2025,10,RUS,1,MEDIUM,26,26,26,58.2,87.796
2025,10,RUS,1,MEDIUM,27,27,27,56.4,87.874
2025,10,RUS,2,HARD,1,28,1,54.6,85.799
2025,10,RUS,2,HARD,2,29,2,52.8,85.811
2025,10,RUS,2,HARD,3,30,3,51.0,85.815
2025,10,RUS,2,HARD,4,31,4,49.2,85.904
2025,10,RUS,2,HARD,5,32,5,47.4,85.947
2025,10,RUS,2,HARD,6,33,6,45.6,85.914
2025,10,RUS,2,HARD,7,34,7,43.8,85.916
2025,10,RUS,2,HARD,8,35,8,42.0,86.014
2025,10,RUS,2,HARD,9,36,9,40.2,86.056
2025,10,RUS,2,HARD,10,37,10,38.4,85.899
2025,10,RUS,2,HARD,11,38,11,36.6,86.1
2025,10,RUS,2,HARD,12,39,12,34.8,86.131
2025,10,RUS,2,HARD,13,40,13,33.0,86.251
2025,10,RUS,2,HARD,14,41,14,31.2,86.261
2025,10,RUS,2,HARD,15,42,15,29.4,86.336
2025,10,RUS,2,HARD,16,43,16,27.6,86.252
2025,10,RUS,2,HARD,17,44,17,25.8,86.36
2025,10,RUS,2,HARD,18,45,18,24.0,86.4
2025,10,RUS,2,HARD,19,46,19,22.2,86.408
2025,10,RUS,2,HARD,20,47,20,20.4,86.511
2025,10,RUS,2,HARD,21,48,21,18.6,86.66
2025,10,RUS,2,HARD,22,49,22,16.8,86.571
2025,10,RUS,2,HARD,23,50,23,15.0,86.568
2025,10,RUS,2,HARD,24,51,24,13.2,86.726
2025,10,RUS,2,HARD,25,52,25,11.4,86.779
2025,10,RUS,2,HARD,26,53,26,9.6,86.78
2025,10,RUS,2,HARD,27,54,27,7.8,86.905
2025,10,RUS,2,HARD,28,55,28,6.0,86.957
2025,10,VER,1,MEDIUM,1,1,1,103.2,86.691
2025,10,VER,1,MEDIUM,2,2,2,101.4,86.674
2025,10,VER,1,MEDIUM,3,3,3,99.6,86.74
2025,10,VER,1,MEDIUM,4,4,4,97.8,86.811
2025,10,VER,1,MEDIUM,5,5,5,96.0,86.772
2025,10,VER,1,MEDIUM,6,6,6,94.2,86.869
2025,10,VER,1,MEDIUM,7,7,7,92.4,86.895
2025,10,VER,1,MEDIUM,8,8,8,90.6,86.86
2025,10,VER,1,MEDIUM,9,9,9,88.8,87.066
2025,10,VER,1,MEDIUM,10,10,10,87.0,87.146
2025,10,VER,1,MEDIUM,11,11,11,85.2,87.033
2025,10,VER,1,MEDIUM,12,12,12,83.4,87.021
2025,10,VER,1,MEDIUM,13,13,13,81.6,87.221
2025,10,VER,1,MEDIUM,14,14,14,79.8,87.169
2025,10,VER,1,MEDIUM,15,15,15,78.0,87.284
2025,10,VER,1,MEDIUM,16,16,16,76.2,87.277
2025,10,VER,1,MEDIUM,17,17,17,74.4,87.441
2025,10,VER,1,MEDIUM,18,18,18,72.6,87.458
2025,10,VER,1,MEDIUM,19,19,19,70.8,87.451
2025,10,VER,1,MEDIUM,20,20,20,69.0,87.498
2025,10,VER,1,MEDIUM,21,21,21,67.2,87.407
2025,10,VER,1,MEDIUM,22,22,22,65.4,87.571
2025,10,VER,1,MEDIUM,23,23,23,63.6,87.689
2025,10,VER,1,MEDIUM,24,24,24,61.8,87.775
2025,10,VER,1,MEDIUM,25,25,25,60.0,87.749
2025,10,VER,1,MEDIUM,26,26,26,58.2,87.906
2025,10,VER,1,MEDIUM,27,27,27,56.4,87.749
2025,10,VER,2,HARD,1,28,1,54.6,85.815
2025,10,VER,2,HARD,2,29,2,52.8,85.74
2025,10,VER,2,HARD,3,30,3,51.0,85.869
2025,10,VER,2,HARD,4,31,4,49.2,85.906
2025,10,VER,2,HARD,5,32,5,47.4,85.872
2025,10,VER,2,HARD,6,33,6,45.6,86.031
2025,10,VER,2,HARD,7,34,7,43.8,85.972
2025,10,VER,2,HARD,8,35,8,42.0,86.045
2025,10,VER,2,HARD,9,36,9,40.2,86.216
2025,10,VER,2,HARD,10,37,10,38.4,86.217
2025,10,VER,2,HARD,11,38,11,36.6,86.161
2025,10,VER,2,HARD,12,39,12,34.8,86.137
2025,10,VER,2,HARD,13,40,13,33.0,86.324
2025,10,VER,2,HARD,14,41,14,31.2,86.27
2025,10,VER,2,HARD,15,42,15,29.4,86.489
2025,10,VER,2,HARD,16,43,16,27.6,86.374
2025,10,VER,2,HARD,17,44,17,25.8,86.422
2025,10,VER,2,HARD,18,45,18,24.0,86.425
2025,10,VER,2,HARD,19,46,19,22.2,86.467
2025,10,VER,2,HARD,20,47,20,20.4,86.566
2025,10,VER,2,HARD,21,48,21,18.6,86.617
2025,10,VER,2,HARD,22,49,22,16.8,86.816
2025,10,VER,2,HARD,23,50,23,15.0,86.844
2025,10,VER,2,HARD,24,51,24,13.2,86.769
2025,10,VER,2,HARD,25,52,25,11.4,86.862
2025,10,VER,2,HARD,26,53,26,9.6,86.838
2025,10,VER,2,HARD,27,54,27,7.8,86.953
2025,10,VER,2,HARD,28,55,28,6.0,87.063
2025,10,PIA,1,MEDIUM,1,1,1,103.2,86.933
2025,10,PIA,1,MEDIUM,2,2,2,101.4,86.716
2025,10,PIA,1,MEDIUM,3,3,3,99.6,86.712
2025,10,PIA,1,MEDIUM,4,4,4,97.8,86.857
2025,10,PIA,1,MEDIUM,5,5,5,96.0,86.861
2025,10,PIA,1,MEDIUM,6,6,6,94.2,87.012
2025,10,PIA,1,MEDIUM,7,7,7,92.4,86.899
2025,10,PIA,1,MEDIUM,8,8,8,90.6,86.871
2025,10,PIA,1,MEDIUM,9,9,9,88.8,87.244
2025,10,PIA,1,MEDIUM,10,10,10,87.0,86.978
2025,10,PIA,1,MEDIUM,11,11,11,85.2,87.097
2025,10,PIA,1,MEDIUM,12,12,12,83.4,87.198
2025,10,PIA,1,MEDIUM,13,13,13,81.6,87.157
2025,10,PIA,1,MEDIUM,14,14,14,79.8,87.23
2025,10,PIA,1,MEDIUM,15,15,15,78.0,87.404
2025,10,PIA,1,MEDIUM,16,16,16,76.2,87.292
2025,10,PIA,1,MEDIUM,17,17,17,74.4,87.411
2025,10,PIA,1,MEDIUM,18,18,18,72.6,87.573
2025,10,PIA,1,MEDIUM,19,19,19,70.8,87.595
2025,10,PIA,1,MEDIUM,20,20,20,69.0,87.673
2025,10,PIA,1,MEDIUM,21,21,21,67.2,87.615
2025,10,PIA,1,MEDIUM,22,22,22,65.4,87.733
2025,10,PIA,1,MEDIUM,23,23,23,63.6,87.777
2025,10,PIA,1,MEDIUM,24,24,24,61.8,87.756
2025,10,PIA,1,MEDIUM,25,25,25,60.0,87.834
2025,10,PIA,1,MEDIUM,26,26,26,58.2,87.978
2025,10,PIA,1,MEDIUM,27,27,27,56.4,87.937
2025,10,PIA,2,HARD,1,28,1,54.6,85.99
2025,10,PIA,2,HARD,2,29,2,52.8,85.782
2025,10,PIA,2,HARD,3,30,3,51.0,85.896
2025,10,PIA,2,HARD,4,31,4,49.2,86.038
2025,10,PIA,2,HARD,5,32,5,47.4,85.887
2025,10,PIA,2,HARD,6,33,6,45.6,85.975
2025,10,PIA,2,HARD,7,34,7,43.8,86.165
2025,10,PIA,2,HARD,8,35,8,42.0,86.133
2025,10,PIA,2,HARD,9,36,9,40.2,86.116
2025,10,PIA,2,HARD,10,37,10,38.4,86.198
2025,10,PIA,2,HARD,11,38,11,36.6,86.243
2025,10,PIA,2,HARD,12,39,12,34.8,86.299
2025,10,PIA,2,HARD,13,40,13,33.0,86.321
2025,10,PIA,2,HARD,14,41,14,31.2,86.288
2025,10,PIA,2,HARD,15,42,15,29.4,86.402
2025,10,PIA,2,HARD,16,43,16,27.6,86.39
2025,10,PIA,2,HARD,17,44,17,25.8,86.617
2025,10,PIA,2,HARD,18,45,18,24.0,86.476
2025,10,PIA,2,HARD,19,46,19,22.2,86.626
2025,10,PIA,2,HARD,20,47,20,20.4,86.743
2025,10,PIA,2,HARD,21,48,21,18.6,86.549
2025,10,PIA,2,HARD,22,49,22,16.8,86.736
2025,10,PIA,2,HARD,23,50,23,15.0,86.789
2025,10,PIA,2,HARD,24,51,24,13.2,86.872
2025,10,PIA,2,HARD,25,52,25,11.4,86.879
2025,10,PIA,2,HARD,26,53,26,9.6,87.005
2025,10,PIA,2,HARD,27,54,27,7.8,87.009
2025,10,PIA,2,HARD,28,55,28,6.0,87.157
2025,10,ANT,1,MEDIUM,1,1,1,103.2,86.752
2025,10,ANT,1,MEDIUM,2,2,2,101.4,86.923
2025,10,ANT,1,MEDIUM,3,3,3,99.6,86.983
2025,10,ANT,1,MEDIUM,4,4,4,97.8,86.864
2025,10,ANT,1,MEDIUM,5,5,5,96.0,86.998
2025,10,ANT,1,MEDIUM,6,6,6,94.2,87.073
2025,10,ANT,1,MEDIUM,7,7,7,92.4,86.938
2025,10,ANT,1,MEDIUM,8,8,8,90.6,87.065
2025,10,ANT,1,MEDIUM,9,9,9,88.8,87.204
2025,10,ANT,1,MEDIUM,10,10,10,87.0,87.083
2025,10,ANT,1,MEDIUM,11,11,11,85.2,87.153
2025,10,ANT,1,MEDIUM,12,12,12,83.4,87.284
2025,10,ANT,1,MEDIUM,13,13,13,81.6,87.433
2025,10,ANT,1,MEDIUM,14,14,14,79.8,87.294
2025,10,ANT,1,MEDIUM,15,15,15,78.0,87.444
2025,10,ANT,1,MEDIUM,16,16,16,76.2,87.504
2025,10,ANT,1,MEDIUM,17,17,17,74.4,87.532
2025,10,ANT,1,MEDIUM,18,18,18,72.6,87.47
2025,10,ANT,1,MEDIUM,19,19,19,70.8,87.657
2025,10,ANT,1,MEDIUM,20,20,20,69.0,87.616
2025,10,ANT,1,MEDIUM,21,21,21,67.2,87.767
2025,10,ANT,1,MEDIUM,22,22,22,65.4,87.771
2025,10,ANT,1,MEDIUM,23,23,23,63.6,87.824
2025,10,ANT,1,MEDIUM,24,24,24,61.8,87.887
2025,10,ANT,1,MEDIUM,25,25,25,60.0,87.861
2025,10,ANT,1,MEDIUM,26,26,26,58.2,87.802
2025,10,ANT,1,MEDIUM,27,27,27,56.4,88.02
2025,10,ANT,2,HARD,1,28,1,54.6,85.968
2025,10,ANT,2,HARD,2,29,2,52.8,86.026
2025,10,ANT,2,HARD,3,30,3,51.0,85.939
2025,10,ANT,2,HARD,4,31,4,49.2,86.084
2025,10,ANT,2,HARD,5,32,5,47.4,86.048
2025,10,ANT,2,HARD,6,33,6,45.6,86.183
2025,10,ANT,2,HARD,7,34,7,43.8,86.172
2025,10,ANT,2,HARD,8,35,8,42.0,86.24
2025,10,ANT,2,HARD,9,36,9,40.2,86.218
2025,10,ANT,2,HARD,10,37,10,38.4,86.38
2025,10,ANT,2,HARD,11,38,11,36.6,86.398
2025,10,ANT,2,HARD,12,39,12,34.8,86.355
2025,10,ANT,2,HARD,13,40,13,33.0,86.458
2025,10,ANT,2,HARD,14,41,14,31.2,86.565
2025,10,ANT,2,HARD,15,42,15,29.4,86.534
2025,10,ANT,2,HARD,16,43,16,27.6,86.606
2025,10,ANT,2,HARD,17,44,17,25.8,86.614
2025,10,ANT,2,HARD,18,45,18,24.0,86.74
2025,10,ANT,2,HARD,19,46,19,22.2,86.704
2025,10,ANT,2,HARD,20,47,20,20.4,86.651
2025,10,ANT,2,HARD,21,48,21,18.6,86.7
2025,10,ANT,2,HARD,22,49,22,16.8,86.826
2025,10,ANT,2,HARD,23,50,23,15.0,86.99
2025,10,ANT,2,HARD,24,51,24,13.2,87.059
2025,10,ANT,2,HARD,25,52,25,11.4,86.997
2025,10,ANT,2,HARD,26,53,26,9.6,87.022
2025,10,ANT,2,HARD,27,54,27,7.8,87.229
2025,10,ANT,2,HARD,28,55,28,6.0,87.248
2025,10,HAM,1,MEDIUM,1,1,1,103.2,86.953
2025,10,HAM,1,MEDIUM,2,2,2,101.4,86.948
2025,10,HAM,1,MEDIUM,3,3,3,99.6,86.994
2025,10,HAM,1,MEDIUM,4,4,4,97.8,87.172
2025,10,HAM,1,MEDIUM,5,5,5,96.0,87.0
2025,10,HAM,1,MEDIUM,6,6,6,94.2,87.109
2025,10,HAM,1,MEDIUM,7,7,7,92.4,87.29
2025,10,HAM,1,MEDIUM,8,8,8,90.6,87.109
2025,10,HAM,1,MEDIUM,9,9,9,88.8,87.153
2025,10,HAM,1,MEDIUM,10,10,10,87.0,87.113
2025,10,HAM,1,MEDIUM,11,11,11,85.2,87.35
2025,10,HAM,1,MEDIUM,12,12,12,83.4,87.293
2025,10,HAM,1,MEDIUM,13,13,13,81.6,87.46
2025,10,HAM,1,MEDIUM,14,14,14,79.8,87.502
2025,10,HAM,1,MEDIUM,15,15,15,78.0,87.46
2025,10,HAM,1,MEDIUM,16,16,16,76.2,87.472
2025,10,HAM,1,MEDIUM,17,17,17,74.4,87.424
2025,10,HAM,1,MEDIUM,18,18,18,72.6,87.581
2025,10,HAM,1,MEDIUM,19,19,19,70.8,87.518
2025,10,HAM,1,MEDIUM,20,20,20,69.0,87.699
2025,10,HAM,1,MEDIUM,21,21,21,67.2,87.758
2025,10,HAM,1,MEDIUM,22,22,22,65.4,87.669
2025,10,HAM,1,MEDIUM,23,23,23,63.6,87.767
2025,10,HAM,1,MEDIUM,24,24,24,61.8,88.087
2025,10,HAM,1,MEDIUM,25,25,25,60.0,88.062
2025,10,HAM,1,MEDIUM,26,26,26,58.2,87.972
2025,10,HAM,1,MEDIUM,27,27,27,56.4,88.12
2025,10,HAM,2,HARD,1,28,1,54.6,85.998
2025,10,HAM,2,HARD,2,29,2,52.8,86.125
2025,10,HAM,2,HARD,3,30,3,51.0,86.006
2025,10,HAM,2,HARD,4,31,4,49.2,86.015
2025,10,HAM,2,HARD,5,32,5,47.4,86.161
2025,10,HAM,2,HARD,6,33,6,45.6,86.41
2025,10,HAM,2,HARD,7,34,7,43.8,86.266
2025,10,HAM,2,HARD,8,35,8,42.0,86.276
2025,10,HAM,2,HARD,9,36,9,40.2,86.37
2025,10,HAM,2,HARD,10,37,10,38.4,86.369
2025,10,HAM,2,HARD,11,38,11,36.6,86.32
2025,10,HAM,2,HARD,12,39,12,34.8,86.35
2025,10,HAM,2,HARD,13,40,13,33.0,86.477
2025,10,HAM,2,HARD,14,41,14,31.2,86.534
2025,10,HAM,2,HARD,15,42,15,29.4,86.622
2025,10,HAM,2,HARD,16,43,16,27.6,86.582
2025,10,HAM,2,HARD,17,44,17,25.8,86.675
2025,10,HAM,2,HARD,18,45,18,24.0,86.66
2025,10,HAM,2,HARD,19,46,19,22.2,86.764
2025,10,HAM,2,HARD,20,47,20,20.4,86.596
2025,10,HAM,2,HARD,21,48,21,18.6,86.834
2025,10,HAM,2,HARD,22,49,22,16.8,86.87
2025,10,HAM,2,HARD,23,50,23,15.0,87.034
2025,10,HAM,2,HARD,24,51,24,13.2,87.062
2025,10,HAM,2,HARD,25,52,25,11.4,87.042
2025,10,HAM,2,HARD,26,53,26,9.6,87.168
2025,10,HAM,2,HARD,27,54,27,7.8,87.292
2025,10,HAM,2,HARD,28,55,28,6.0,87.353
2025,10,LEC,1,MEDIUM,1,1,1,103.2,87.274
2025,10,LEC,1,MEDIUM,2,2,2,101.4,87.003
2025,10,LEC,1,MEDIUM,3,3,3,99.6,87.131
2025,10,LEC,1,MEDIUM,4,4,4,97.8,87.313
2025,10,LEC,1,MEDIUM,5,5,5,96.0,87.273
2025,10,LEC,1,MEDIUM,6,6,6,94.2,87.268
2025,10,LEC,1,MEDIUM,7,7,7,92.4,87.523
2025,10,LEC,1,MEDIUM,8,8,8,90.6,87.431
2025,10,LEC,1,MEDIUM,9,9,9,88.8,87.426
2025,10,LEC,1,MEDIUM,10,10,10,87.0,87.433
2025,10,LEC,1,MEDIUM,11,11,11,85.2,87.661
2025,10,LEC,1,MEDIUM,12,12,12,83.4,87.564
2025,10,LEC,1,MEDIUM,13,13,13,81.6,87.495
2025,10,LEC,1,MEDIUM,14,14,14,79.8,87.626
2025,10,LEC,1,MEDIUM,15,15,15,78.0,87.858
2025,10,LEC,1,MEDIUM,16,16,16,76.2,87.809
2025,10,LEC,1,MEDIUM,17,17,17,74.4,87.788
2025,10,LEC,1,MEDIUM,18,18,18,72.6,87.873
2025,10,LEC,1,MEDIUM,19,19,19,70.8,87.811
2025,10,LEC,1,MEDIUM,20,20,20,69.0,87.919
2025,10,LEC,1,MEDIUM,21,21,21,67.2,88.099
2025,10,LEC,1,MEDIUM,22,22,22,65.4,88.067
2025,10,LEC,1,MEDIUM,23,23,23,63.6,87.816
2025,10,LEC,1,MEDIUM,24,24,24,61.8,88.171
2025,10,LEC,1,MEDIUM,25,25,25,60.0,88.234
2025,10,LEC,1,MEDIUM,26,26,26,58.2,88.217
2025,10,LEC,1,MEDIUM,27,27,27,56.4,88.425
2025,10,LEC,2,HARD,1,28,1,54.6,86.233
2025,10,LEC,2,HARD,2,29,2,52.8,86.358
2025,10,LEC,2,HARD,3,30,3,51.0,86.293
2025,10,LEC,2,HARD,4,31,4,49.2,86.248
2025,10,LEC,2,HARD,5,32,5,47.4,86.423
2025,10,LEC,2,HARD,6,33,6,45.6,86.542
2025,10,LEC,2,HARD,7,34,7,43.8,86.47
2025,10,LEC,2,HARD,8,35,8,42.0,86.452
2025,10,LEC,2,HARD,9,36,9,40.2,86.539
2025,10,LEC,2,HARD,10,37,10,38.4,86.604
2025,10,LEC,2,HARD,11,38,11,36.6,86.8
2025,10,LEC,2,HARD,12,39,12,34.8,86.85
2025,10,LEC,2,HARD,13,40,13,33.0,86.733
2025,10,LEC,2,HARD,14,41,14,31.2,86.727
2025,10,LEC,2,HARD,15,42,15,29.4,86.935
2025,10,LEC,2,HARD,16,43,16,27.6,86.884
2025,10,LEC,2,HARD,17,44,17,25.8,86.797
2025,10,LEC,2,HARD,18,45,18,24.0,87.083
2025,10,LEC,2,HARD,19,46,19,22.2,87.002
2025,10,LEC,2,HARD,20,47,20,20.4,87.06
2025,10,LEC,2,HARD,21,48,21,18.6,87.085
2025,10,LEC,2,HARD,22,49,22,16.8,87.058
2025,10,LEC,2,HARD,23,50,23,15.0,87.233
2025,10,LEC,2,HARD,24,51,24,13.2,87.318
2025,10,LEC,2,HARD,25,52,25,11.4,87.364
2025,10,LEC,2,HARD,26,53,26,9.6,87.481
2025,10,LEC,2,HARD,27,54,27,7.8,87.519
2025,10,LEC,2,HARD,28,55,28,6.0,87.507
2025,11,NOR,1,MEDIUM,1,1,1,103.2,86.604
2025,11,NOR,1,MEDIUM,2,2,2,101.4,86.704
2025,11,NOR,1,MEDIUM,3,3,3,99.6,86.705
2025,11,NOR,1,MEDIUM,4,4,4,97.8,86.622
2025,11,NOR,1,MEDIUM,5,5,5,96.0,86.69
2025,11,NOR,1,MEDIUM,6,6,6,94.2,86.739
2025,11,NOR,1,MEDIUM,7,7,7,92.4,86.766
2025,11,NOR,1,MEDIUM,8,8,8,90.6,86.975
2025,11,NOR,1,MEDIUM,9,9,9,88.8,86.924
2025,11,NOR,1,MEDIUM,10,10,10,87.0,86.918
2025,11,NOR,1,MEDIUM,11,11,11,85.2,87.032
2025,11,NOR,1,MEDIUM,12,12,12,83.4,86.966
2025,11,NOR,1,MEDIUM,13,13,13,81.6,87.032
2025,11,NOR,1,MEDIUM,14,14,14,79.8,87.16
2025,11,NOR,1,MEDIUM,15,15,15,78.0,87.212
2025,11,NOR,1,MEDIUM,16,16,16,76.2,87.12
2025,11,NOR,1,MEDIUM,17,17,17,74.4,87.273
2025,11,NOR,1,MEDIUM,18,18,18,72.6,87.285
2025,11,NOR,1,MEDIUM,19,19,19,70.8,87.265
2025,11,NOR,1,MEDIUM,20,20,20,69.0,87.372
2025,11,NOR,1,MEDIUM,21,21,21,67.2,87.659
2025,11,NOR,1,MEDIUM,22,22,22,65.4,87.412
2025,11,NOR,1,MEDIUM,23,23,23,63.6,87.474
2025,11,NOR,1,MEDIUM,24,24,24,61.8,87.667
2025,11,NOR,1,MEDIUM,25,25,25,60.0,87.656
2025,11,NOR,1,MEDIUM,26,26,26,58.2,87.767
2025,11,NOR,1,MEDIUM,27,27,27,56.4,87.81
2025,11,NOR,2,HARD,1,28,1,54.6,85.771
2025,11,NOR,2,HARD,2,29,2,52.8,85.581
2025,11,NOR,2,HARD,3,30,3,51.0,85.795
2025,11,NOR,2,HARD,4,31,4,49.2,85.865
2025,11,NOR,2,HARD,5,32,5,47.4,85.774
2025,11,NOR,2,HARD,6,33,6,45.6,85.842
2025,11,NOR,2,HARD,7,34,7,43.8,85.972
2025,11,NOR,2,HARD,8,35,8,42.0,85.962
2025,11,NOR,2,HARD,9,36,9,40.2,86.094
2025,11,NOR,2,HARD,10,37,10,38.4,86.061
2025,11,NOR,2,HARD,11,38,11,36.6,85.972
2025,11,NOR,2,HARD,12,39,12,34.8,86.188
2025,11,NOR,2,HARD,13,40,13,33.0,86.255
2025,11,NOR,2,HARD,14,41,14,31.2,86.092
2025,11,NOR,2,HARD,15,42,15,29.4,86.269
2025,11,NOR,2,HARD,16,43,16,27.6,86.292
2025,11,NOR,2,HARD,17,44,17,25.8,86.405
2025,11,NOR,2,HARD,18,45,18,24.0,86.332
2025,11,NOR,2,HARD,19,46,19,22.2,86.416
2025,11,NOR,2,HARD,20,47,20,20.4,86.426
2025,11,NOR,2,HARD,21,48,21,18.6,86.586
2025,11,NOR,2,HARD,22,49,22,16.8,86.773
2025,11,NOR,2,HARD,23,50,23,15.0,86.622
2025,11,NOR,2,HARD,24,51,24,13.2,86.855
2025,11,NOR,2,HARD,25,52,25,11.4,86.79
2025,11,NOR,2,HARD,26,53,26,9.6,86.922
2025,11,NOR,2,HARD,27,54,27,7.8,86.779
2025,11,NOR,2,HARD,28,55,28,6.0,86.918
2025,11,LEC,1,MEDIUM,1,1,1,103.2,86.834
2025,11,LEC,1,MEDIUM,2,2,2,101.4,86.805
2025,11,LEC,1,MEDIUM,3,3,3,99.6,86.82
2025,11,LEC,1,MEDIUM,4,4,4,97.8,86.876
2025,11,LEC,1,MEDIUM,5,5,5,96.0,86.808
2025,11,LEC,1,MEDIUM,6,6,6,94.2,86.77
2025,11,LEC,1,MEDIUM,7,7,7,92.4,86.914
2025,11,LEC,1,MEDIUM,8,8,8,90.6,87.042
2025,11,LEC,1,MEDIUM,9,9,9,88.8,87.019
2025,11,LEC,1,MEDIUM,10,10,10,87.0,86.919
2025,11,LEC,1,MEDIUM,11,11,11,85.2,86.956
2025,11,LEC,1,MEDIUM,12,12,12,83.4,87.1
2025,11,LEC,1,MEDIUM,13,13,13,81.6,87.225
2025,11,LEC,1,MEDIUM,14,14,14,79.8,87.082
2025,11,LEC,1,MEDIUM,15,15,15,78.0,87.374
2025,11,LEC,1,MEDIUM,16,16,16,76.2,87.297
2025,11,LEC,1,MEDIUM,17,17,17,74.4,87.379
2025,11,LEC,1,MEDIUM,18,18,18,72.6,87.299
2025,11,LEC,1,MEDIUM,19,19,19,70.8,87.624
2025,11,LEC,1,MEDIUM,20,20,20,69.0,87.506
2025,11,LEC,1,MEDIUM,21,21,21,67.2,87.499
2025,11,LEC,1,MEDIUM,22,22,22,65.4,87.491
2025,11,LEC,1,MEDIUM,23,23,23,63.6,87.643
2025,11,LEC,1,MEDIUM,24,24,24,61.8,87.651
2025,11,LEC,1,MEDIUM,25,25,25,60.0,87.53
2025,11,LEC,1,MEDIUM,26,26,26,58.2,87.977
2025,11,LEC,1,MEDIUM,27,27,27,56.4,87.937
2025,11,LEC,2,HARD,1,28,1,54.6,85.863
2025,11,LEC,2,HARD,2,29,2,52.8,85.952
2025,11,LEC,2,HARD,3,30,3,51.0,85.874
2025,11,LEC,2,HARD,4,31,4,49.2,85.755
2025,11,LEC,2,HARD,5,32,5,47.4,85.825
2025,11,LEC,2,HARD,6,33,6,45.6,85.935
2025,11,LEC,2,HARD,7,34,7,43.8,85.888
2025,11,LEC,2,HARD,8,35,8,42.0,86.061
2025,11,LEC,2,HARD,9,36,9,40.2,86.179
2025,11,LEC,2,HARD,10,37,10,38.4,86.194
2025,11,LEC,2,HARD,11,38,11,36.6,86.131
2025,11,LEC,2,HARD,12,39,12,34.8,86.276
2025,11,LEC,2,HARD,13,40,13,33.0,86.288
2025,11,LEC,2,HARD,14,41,14,31.2,86.321
2025,11,LEC,2,HARD,15,42,15,29.4,86.28
2025,11,LEC,2,HARD,16,43,16,27.6,86.419
2025,11,LEC,2,HARD,17,44,17,25.8,86.636
2025,11,LEC,2,HARD,18,45,18,24.0,86.464
2025,11,LEC,2,HARD,19,46,19,22.2,86.606
2025,11,LEC,2,HARD,20,47,20,20.4,86.468
2025,11,LEC,2,HARD,21,48,21,18.6,86.653
2025,11,LEC,2,HARD,22,49,22,16.8,86.579
2025,11,LEC,2,HARD,23,50,23,15.0,86.655
2025,11,LEC,2,HARD,24,51,24,13.2,86.783
2025,11,LEC,2,HARD,25,52,25,11.4,87.03
2025,11,LEC,2,HARD,26,53,26,9.6,86.822
2025,11,LEC,2,HARD,27,54,27,7.8,86.973
2025,11,LEC,2,HARD,28,55,28,6.0,87.087
2025,11,PIA,1,MEDIUM,1,1,1,103.2,86.84
2025,11,PIA,1,MEDIUM,2,2,2,101.4,86.838
2025,11,PIA,1,MEDIUM,3,3,3,99.6,86.971
2025,11,PIA,1,MEDIUM,4,4,4,97.8,86.866
2025,11,PIA,1,MEDIUM,5,5,5,96.0,87.001
2025,11,PIA,1,MEDIUM,6,6,6,94.2,87.062
2025,11,PIA,1,MEDIUM,7,7,7,92.4,87.01
2025,11,PIA,1,MEDIUM,8,8,8,90.6,86.987
2025,11,PIA,1,MEDIUM,9,9,9,88.8,87.012
2025,11,PIA,1,MEDIUM,10,10,10,87.0,87.054
2025,11,PIA,1,MEDIUM,11,11,11,85.2,87.101
2025,11,PIA,1,MEDIUM,12,12,12,83.4,87.286
2025,11,PIA,1,MEDIUM,13,13,13,81.6,87.238
2025,11,PIA,1,MEDIUM,14,14,14,79.8,87.349
2025,11,PIA,1,MEDIUM,15,15,15,78.0,87.402
2025,11,PIA,1,MEDIUM,16,16,16,76.2,87.3
2025,11,PIA,1,MEDIUM,17,17,17,74.4,87.432
2025,11,PIA,1,MEDIUM,18,18,18,72.6,87.437
2025,11,PIA,1,MEDIUM,19,19,19,70.8,87.515
2025,11,PIA,1,MEDIUM,20,20,20,69.0,87.592
2025,11,PIA,1,MEDIUM,21,21,21,67.2,87.703
2025,11,PIA,1,MEDIUM,22,22,22,65.4,87.72
2025,11,PIA,1,MEDIUM,23,23,23,63.6,87.743
2025,11,PIA,1,MEDIUM,24,24,24,61.8,87.777
2025,11,PIA,1,MEDIUM,25,25,25,60.0,87.774
2025,11,PIA,1,MEDIUM,26,26,26,58.2,87.92
2025,11,PIA,1,MEDIUM,27,27,27,56.4,87.913
2025,11,PIA,2,HARD,1,28,1,54.6,85.838
2025,11,PIA,2,HARD,2,29,2,52.8,85.857
2025,11,PIA,2,HARD,3,30,3,51.0,85.791
2025,11,PIA,2,HARD,4,31,4,49.2,86.014
2025,11,PIA,2,HARD,5,32,5,47.4,86.116
2025,11,PIA,2,HARD,6,33,6,45.6,86.1
2025,11,PIA,2,HARD,7,34,7,43.8,85.953
2025,11,PIA,2,HARD,8,35,8,42.0,86.157
2025,11,PIA,2,HARD,9,36,9,40.2,86.131
2025,11,PIA,2,HARD,10,37,10,38.4,86.074
2025,11,PIA,2,HARD,11,38,11,36.6,86.148
2025,11,PIA,2,HARD,12,39,12,34.8,86.418
2025,11,PIA,2,HARD,13,40,13,33.0,86.402
2025,11,PIA,2,HARD,14,41,14,31.2,86.445
2025,11,PIA,2,HARD,15,42,15,29.4,86.406
2025,11,PIA,2,HARD,16,43,16,27.6,86.385
2025,11,PIA,2,HARD,17,44,17,25.8,86.51
2025,11,PIA,2,HARD,18,45,18,24.0,86.577
2025,11,PIA,2,HARD,19,46,19,22.2,86.744
2025,11,PIA,2,HARD,20,47,20,20.4,86.715
2025,11,PIA,2,HARD,21,48,21,18.6,86.81
2025,11,PIA,2,HARD,22,49,22,16.8,86.871
2025,11,PIA,2,HARD,23,50,23,15.0,86.912
2025,11,PIA,2,HARD,24,51,24,13.2,87.011
2025,11,PIA,2,HARD,25,52,25,11.4,86.989
2025,11,PIA,2,HARD,26,53,26,9.6,86.974
2025,11,PIA,2,HARD,27,54,27,7.8,86.977
2025,11,PIA,2,HARD,28,55,28,6.0,87.101
2025,11,HAM,1,MEDIUM,1,1,1,103.2,86.756
2025,11,HAM,1,MEDIUM,2,2,2,101.4,86.915
2025,11,HAM,1,MEDIUM,3,3,3,99.6,86.891
2025,11,HAM,1,MEDIUM,4,4,4,97.8,86.794
2025,11,HAM,1,MEDIUM,5,5,5,96.0,86.939
2025,11,HAM,1,MEDIUM,6,6,6,94.2,87.103
2025,11,HAM,1,MEDIUM,7,7,7,92.4,87.101
2025,11,HAM,1,MEDIUM,8,8,8,90.6,87.13
2025,11,HAM,1,MEDIUM,9,9,9,88.8,87.137
2025,11,HAM,1,MEDIUM,10,10,10,87.0,87.147
2025,11,HAM,1,MEDIUM,11,11,11,85.2,87.276
2025,11,HAM,1,MEDIUM,12,12,12,83.4,87.336
2025,11,HAM,1,MEDIUM,13,13,13,81.6,87.442
2025,11,HAM,1,MEDIUM,14,14,14,79.8,87.414
2025,11,HAM,1,MEDIUM,15,15,15,78.0,87.335
2025,11,HAM,1,MEDIUM,16,16,16,76.2,87.454
2025,11,HAM,1,MEDIUM,17,17,17,74.4,87.508
2025,11,HAM,1,MEDIUM,18,18,18,72.6,87.376
2025,11,HAM,1,MEDIUM,19,19,19,70.8,87.423
2025,11,HAM,1,MEDIUM,20,20,20,69.0,87.659
2025,11,HAM,1,MEDIUM,21,21,21,67.2,87.782
2025,11,HAM,1,MEDIUM,22,22,22,65.4,87.869
2025,11,HAM,1,MEDIUM,23,23,23,63.6,87.794
2025,11,HAM,1,MEDIUM,24,24,24,61.8,87.884
2025,11,HAM,1,MEDIUM,25,25,25,60.0,87.957
2025,11,HAM,1,MEDIUM,26,26,26,58.2,87.927
2025,11,HAM,1,MEDIUM,27,27,27,56.4,87.998
2025,11,HAM,2,HARD,1,28,1,54.6,86.004
2025,11,HAM,2,HARD,2,29,2,52.8,85.791
2025,11,HAM,2,HARD,3,30,3,51.0,86.004
2025,11,HAM,2,HARD,4,31,4,49.2,85.943
2025,11,HAM,2,HARD,5,32,5,47.4,86.095
2025,11,HAM,2,HARD,6,33,6,45.6,86.097
2025,11,HAM,2,HARD,7,34,7,43.8,86.205
2025,11,HAM,2,HARD,8,35,8,42.0,86.079
2025,11,HAM,2,HARD,9,36,9,40.2,86.216
2025,11,HAM,2,HARD,10,37,10,38.4,86.433
2025,11,HAM,2,HARD,11,38,11,36.6,86.323
2025,11,HAM,2,HARD,12,39,12,34.8,86.398
2025,11,HAM,2,HARD,13,40,13,33.0,86.531
2025,11,HAM,2,HARD,14,41,14,31.2,86.503
2025,11,HAM,2,HARD,15,42,15,29.4,86.5
2025,11,HAM,2,HARD,16,43,16,27.6,86.542
2025,11,HAM,2,HARD,17,44,17,25.8,86.619
2025,11,HAM,2,HARD,18,45,18,24.0,86.592
2025,11,HAM,2,HARD,19,46,19,22.2,86.856
2025,11,HAM,2,HARD,20,47,20,20.4,86.706
2025,11,HAM,2,HARD,21,48,21,18.6,86.743
2025,11,HAM,2,HARD,22,49,22,16.8,86.844
2025,11,HAM,2,HARD,23,50,23,15.0,86.945
2025,11,HAM,2,HARD,24,51,24,13.2,87.092
2025,11,HAM,2,HARD,25,52,25,11.4,87.141
2025,11,HAM,2,HARD,26,53,26,9.6,87.067
2025,11,HAM,2,HARD,27,54,27,7.8,87.069
2025,11,HAM,2,HARD,28,55,28,6.0,87.109
2025,11,RUS,1,MEDIUM,1,1,1,103.2,86.85
2025,11,RUS,1,MEDIUM,2,2,2,101.4,86.948
2025,11,RUS,1,MEDIUM,3,3,3,99.6,86.921
2025,11,RUS,1,MEDIUM,4,4,4,97.8,87.035
2025,11,RUS,1,MEDIUM,5,5,5,96.0,86.982
2025,11,RUS,1,MEDIUM,6,6,6,94.2,87.221
2025,11,RUS,1,MEDIUM,7,7,7,92.4,87.017
2025,11,RUS,1,MEDIUM,8,8,8,90.6,87.247
2025,11,RUS,1,MEDIUM,9,9,9,88.8,87.288
2025,11,RUS,1,MEDIUM,10,10,10,87.0,87.275
2025,11,RUS,1,MEDIUM,11,11,11,85.2,87.34
2025,11,RUS,1,MEDIUM,12,12,12,83.4,87.268
2025,11,RUS,1,MEDIUM,13,13,13,81.6,87.389
2025,11,RUS,1,MEDIUM,14,14,14,79.8,87.458
2025,11,RUS,1,MEDIUM,15,15,15,78.0,87.459
2025,11,RUS,1,MEDIUM,16,16,16,76.2,87.536
2025,11,RUS,1,MEDIUM,17,17,17,74.4,87.715
2025,11,RUS,1,MEDIUM,18,18,18,72.6,87.498
2025,11,RUS,1,MEDIUM,19,19,19,70.8,87.833
2025,11,RUS,1,MEDIUM,20,20,20,69.0,87.794
2025,11,RUS,1,MEDIUM,21,21,21,67.2,87.672
2025,11,RUS,1,MEDIUM,22,22,22,65.4,87.851
2025,11,RUS,1,MEDIUM,23,23,23,63.6,87.9
2025,11,RUS,1,MEDIUM,24,24,24,61.8,88.046
2025,11,RUS,1,MEDIUM,25,25,25,60.0,87.85
2025,11,RUS,1,MEDIUM,26,26,26,58.2,88.041
2025,11,RUS,1,MEDIUM,27,27,27,56.4,88.244
2025,11,RUS,2,HARD,1,28,1,54.6,86.049
2025,11,RUS,2,HARD,2,29,2,52.8,86.125
2025,11,RUS,2,HARD,3,30,3,51.0,86.108
2025,11,RUS,2,HARD,4,31,4,49.2,86.16
2025,11,RUS,2,HARD,5,32,5,47.4,86.219
2025,11,RUS,2,HARD,6,33,6,45.6,86.173
2025,11,RUS,2,HARD,7,34,7,43.8,86.249
2025,11,RUS,2,HARD,8,35,8,42.0,86.345
2025,11,RUS,2,HARD,9,36,9,40.2,86.292
2025,11,RUS,2,HARD,10,37,10,38.4,86.373
2025,11,RUS,2,HARD,11,38,11,36.6,86.432
2025,11,RUS,2,HARD,12,39,12,34.8,86.464
2025,11,RUS,2,HARD,13,40,13,33.0,86.614
2025,11,RUS,2,HARD,14,41,14,31.2,86.65
2025,11,RUS,2,HARD,15,42,15,29.4,86.45
2025,11,RUS,2,HARD,16,43,16,27.6,86.706
2025,11,RUS,2,HARD,17,44,17,25.8,86.633
2025,11,RUS,2,HARD,18,45,18,24.0,86.76
2025,11,RUS,2,HARD,19,46,19,22.2,86.729
2025,11,RUS,2,HARD,20,47,20,20.4,86.845
2025,11,RUS,2,HARD,21,48,21,18.6,87.028
2025,11,RUS,2,HARD,22,49,22,16.8,86.811
2025,11,RUS,2,HARD,23,50,23,15.0,86.924
2025,11,RUS,2,HARD,24,51,24,13.2,87.028
2025,11,RUS,2,HARD,25,52,25,11.4,87.137
2025,11,RUS,2,HARD,26,53,26,9.6,87.121
2025,11,RUS,2,HARD,27,54,27,7.8,87.063
2025,11,RUS,2,HARD,28,55,28,6.0,87.08
2025,11,LAW,1,MEDIUM,1,1,1,103.2,87.087
2025,11,LAW,1,MEDIUM,2,2,2,101.4,87.005
2025,11,LAW,1,MEDIUM,3,3,3,99.6,87.098
2025,11,LAW,1,MEDIUM,4,4,4,97.8,87.163
2025,11,LAW,1,MEDIUM,5,5,5,96.0,87.196
2025,11,LAW,1,MEDIUM,6,6,6,94.2,87.182
2025,11,LAW,1,MEDIUM,7,7,7,92.4,87.238
2025,11,LAW,1,MEDIUM,8,8,8,90.6,87.203
2025,11,LAW,1,MEDIUM,9,9,9,88.8,87.192
2025,11,LAW,1,MEDIUM,10,10,10,87.0,87.436
2025,11,LAW,1,MEDIUM,11,11,11,85.2,87.502
2025,11,LAW,1,MEDIUM,12,12,12,83.4,87.378
2025,11,LAW,1,MEDIUM,13,13,13,81.6,87.517
2025,11,LAW,1,MEDIUM,14,14,14,79.8,87.583
2025,11,LAW,1,MEDIUM,15,15,15,78.0,87.574
2025,11,LAW,1,MEDIUM,16,16,16,76.2,87.663
2025,11,LAW,1,MEDIUM,17,17,17,74.4,87.604
2025,11,LAW,1,MEDIUM,18,18,18,72.6,87.65
2025,11,LAW,1,MEDIUM,19,19,19,70.8,87.696
2025,11,LAW,1,MEDIUM,20,20,20,69.0,87.75
2025,11,LAW,1,MEDIUM,21,21,21,67.2,87.811
2025,11,LAW,1,MEDIUM,22,22,22,65.4,87.989
2025,11,LAW,1,MEDIUM,23,23,23,63.6,87.966
2025,11,LAW,1,MEDIUM,24,24,24,61.8,87.959
2025,11,LAW,1,MEDIUM,25,25,25,60.0,88.125
2025,11,LAW,1,MEDIUM,26,26,26,58.2,88.161
2025,11,LAW,1,MEDIUM,27,27,27,56.4,88.178
2025,11,LAW,2,HARD,1,28,1,54.6,85.994
2025,11,LAW,2,HARD,2,29,2,52.8,86.224
2025,11,LAW,2,HARD,3,30,3,51.0,86.185
2025,11,LAW,2,HARD,4,31,4,49.2,86.197
2025,11,LAW,2,HARD,5,32,5,47.4,86.251
2025,11,LAW,2,HARD,6,33,6,45.6,86.386
2025,11,LAW,2,HARD,7,34,7,43.8,86.262
2025,11,LAW,2,HARD,8,35,8,42.0,86.368
2025,11,LAW,2,HARD,9,36,9,40.2,86.45
2025,11,LAW,2,HARD,10,37,10,38.4,86.447
2025,11,LAW,2,HARD,11,38,11,36.6,86.456
2025,11,LAW,2,HARD,12,39,12,34.8,86.53
2025,11,LAW,2,HARD,13,40,13,33.0,86.543
2025,11,LAW,2,HARD,14,41,14,31.2,86.556
2025,11,LAW,2,HARD,15,42,15,29.4,86.533
2025,11,LAW,2,HARD,16,43,16,27.6,86.766
2025,11,LAW,2,HARD,17,44,17,25.8,86.715
2025,11,LAW,2,HARD,18,45,18,24.0,86.769
2025,11,LAW,2,HARD,19,46,19,22.2,86.825
2025,11,LAW,2,HARD,20,47,20,20.4,86.938
2025,11,LAW,2,HARD,21,48,21,18.6,86.839
2025,11,LAW,2,HARD,22,49,22,16.8,87.063
2025,11,LAW,2,HARD,23,50,23,15.0,86.985
2025,11,LAW,2,HARD,24,51,24,13.2,87.127
2025,11,LAW,2,HARD,25,52,25,11.4,87.31
2025,11,LAW,2,HARD,26,53,26,9.6,87.257
2025,11,LAW,2,HARD,27,54,27,7.8,87.331
2025,11,LAW,2,HARD,28,55,28,6.0,87.349
2025,12,VER,1,MEDIUM,1,1,1,103.2,86.647
2025,12,VER,1,MEDIUM,2,2,2,101.4,86.603
2025,12,VER,1,MEDIUM,3,3,3,99.6,86.794
2025,12,VER,1,MEDIUM,4,4,4,97.8,86.607
2025,12,VER,1,MEDIUM,5,5,5,96.0,86.793
2025,12,VER,1,MEDIUM,6,6,6,94.2,86.748
2025,12,VER,1,MEDIUM,7,7,7,92.4,86.679
2025,12,VER,1,MEDIUM,8,8,8,90.6,86.839
2025,12,VER,1,MEDIUM,9,9,9,88.8,86.873
2025,12,VER,1,MEDIUM,10,10,10,87.0,86.905
2025,12,VER,1,MEDIUM,11,11,11,85.2,86.995
2025,12,VER,1,MEDIUM,12,12,12,83.4,86.981
2025,12,VER,1,MEDIUM,13,13,13,81.6,87.117
2025,12,VER,1,MEDIUM,14,14,14,79.8,87.133
2025,12,VER,1,MEDIUM,15,15,15,78.0,87.204
2025,12,VER,1,MEDIUM,16,16,16,76.2,87.255
2025,12,VER,1,MEDIUM,17,17,17,74.4,87.343
2025,12,VER,1,MEDIUM,18,18,18,72.6,87.175
2025,12,VER,1,MEDIUM,19,19,19,70.8,87.357
2025,12,VER,1,MEDIUM,20,20,20,69.0,87.41
2025,12,VER,1,MEDIUM,21,21,21,67.2,87.454
2025,12,VER,1,MEDIUM,22,22,22,65.4,87.639
2025,12,VER,1,MEDIUM,23,23,23,63.6,87.567
2025,12,VER,1,MEDIUM,24,24,24,61.8,87.611
2025,12,VER,1,MEDIUM,25,25,25,60.0,87.786
2025,12,VER,1,MEDIUM,26,26,26,58.2,87.617
2025,12,VER,2,HARD,1,27,1,56.4,85.798
2025,12,VER,2,HARD,2,28,2,54.6,85.844
2025,12,VER,2,HARD,3,29,3,52.8,85.896
2025,12,VER,2,HARD,4,30,4,51.0,85.83
2025,12,VER,2,HARD,5,31,5,49.2,85.855
2025,12,VER,2,HARD,6,32,6,47.4,85.846
2025,12,VER,2,HARD,7,33,7,45.6,85.966
2025,12,VER,2,HARD,8,34,8,43.8,86.147
2025,12,VER,2,HARD,9,35,9,42.0,86.004
2025,12,VER,2,HARD,10,36,10,40.2,86.078
2025,12,VER,2,HARD,11,37,11,38.4,86.042
2025,12,VER,2,HARD,12,38,12,36.6,86.146
2025,12,VER,2,HARD,13,39,13,34.8,86.41
2025,12,VER,2,HARD,14,40,14,33.0,86.117
2025,12,VER,2,HARD,15,41,15,31.2,86.447
2025,12,VER,2,HARD,16,42,16,29.4,86.412
2025,12,VER,2,HARD,17,43,17,27.6,86.475
2025,12,VER,2,HARD,18,44,18,25.8,86.438
2025,12,VER,2,HARD,19,45,19,24.0,86.52
2025,12,VER,2,HARD,20,46,20,22.2,86.458
2025,12,VER,2,HARD,21,47,21,20.4,86.542
2025,12,VER,2,HARD,22,48,22,18.6,86.537
2025,12,VER,2,HARD,23,49,23,16.8,86.6
2025,12,VER,2,HARD,24,50,24,15.0,86.616
2025,12,VER,2,HARD,25,51,25,13.2,86.807
2025,12,VER,2,HARD,26,52,26,11.4,86.957
2025,12,PIA,1,MEDIUM,1,1,1,103.2,86.587
2025,12,PIA,1,MEDIUM,2,2,2,101.4,86.707
2025,12,PIA,1,MEDIUM,3,3,3,99.6,86.707
2025,12,PIA,1,MEDIUM,4,4,4,97.8,86.861
2025,12,PIA,1,MEDIUM,5,5,5,96.0,86.802
2025,12,PIA,1,MEDIUM,6,6,6,94.2,86.826
2025,12,PIA,1,MEDIUM,7,7,7,92.4,86.95
2025,12,PIA,1,MEDIUM,8,8,8,90.6,86.965
2025,12,PIA,1,MEDIUM,9,9,9,88.8,86.946
2025,12,PIA,1,MEDIUM,10,10,10,87.0,87.059
2025,12,PIA,1,MEDIUM,11,11,11,85.2,86.91
2025,12,PIA,1,MEDIUM,12,12,12,83.4,87.167
2025,12,PIA,1,MEDIUM,13,13,13,81.6,87.161
2025,12,PIA,1,MEDIUM,14,14,14,79.8,87.273
2025,12,PIA,1,MEDIUM,15,15,15,78.0,87.248
2025,12,PIA,1,MEDIUM,16,16,16,76.2,87.489
2025,12,PIA,1,MEDIUM,17,17,17,74.4,87.481
2025,12,PIA,1,MEDIUM,18,18,18,72.6,87.401
2025,12,PIA,1,MEDIUM,19,19,19,70.8,87.399
2025,12,PIA,1,MEDIUM,20,20,20,69.0,87.256
2025,12,PIA,1,MEDIUM,21,21,21,67.2,87.552
2025,12,PIA,1,MEDIUM,22,22,22,65.4,87.567
2025,12,PIA,1,MEDIUM,23,23,23,63.6,87.703
2025,12,PIA,1,MEDIUM,24,24,24,61.8,87.647
2025,12,PIA,1,MEDIUM,25,25,25,60.0,87.611
2025,12,PIA,1,MEDIUM,26,26,26,58.2,87.832
2025,12,PIA,2,HARD,1,27,1,56.4,85.783
2025,12,PIA,2,HARD,2,28,2,54.6,85.906
2025,12,PIA,2,HARD,3,29,3,52.8,85.86
2025,12,PIA,2,HARD,4,30,4,51.0,85.889
2025,12,PIA,2,HARD,5,31,5,49.2,85.909
2025,12,PIA,2,HARD,6,32,6,47.4,85.837
2025,12,PIA,2,HARD,7,33,7,45.6,86.168
2025,12,PIA,2,HARD,8,34,8,43.8,86.103
2025,12,PIA,2,HARD,9,35,9,42.0,86.103
2025,12,PIA,2,HARD,10,36,10,40.2,86.273
2025,12,PIA,2,HARD,11,37,11,38.4,86.288
2025,12,PIA,2,HARD,12,38,12,36.6,86.279
2025,12,PIA,2,HARD,13,39,13,34.8,86.34
2025,12,PIA,2,HARD,14,40,14,33.0,86.331
2025,12,PIA,2,HARD,15,41,15,31.2,86.278
2025,12,PIA,2,HARD,16,42,16,29.4,86.646
2025,12,PIA,2,HARD,17,43,17,27.6,86.424
2025,12,PIA,2,HARD,18,44,18,25.8,86.533
2025,12,PIA,2,HARD,19,45,19,24.0,86.646
2025,12,PIA,2,HARD,20,46,20,22.2,86.626
2025,12,PIA,2,HARD,21,47,21,20.4,86.74
2025,12,PIA,2,HARD,22,48,22,18.6,86.591
2025,12,PIA,2,HARD,23,49,23,16.8,86.783
2025,12,PIA,2,HARD,24,50,24,15.0,86.849
2025,12,PIA,2,HARD,25,51,25,13.2,87.029
2025,12,PIA,2,HARD,26,52,26,11.4,87.042
2025,12,NOR,1,MEDIUM,1,1,1,103.2,86.676
2025,12,NOR,1,MEDIUM,2,2,2,101.4,86.767
2025,12,NOR,1,MEDIUM,3,3,3,99.6,86.819
2025,12,NOR,1,MEDIUM,4,4,4,97.8,86.958
2025,12,NOR,1,MEDIUM,5,5,5,96.0,86.832
2025,12,NOR,1,MEDIUM,6,6,6,94.2,86.877
2025,12,NOR,1,MEDIUM,7,7,7,92.4,86.839
2025,12,NOR,1,MEDIUM,8,8,8,90.6,86.946
2025,12,NOR,1,MEDIUM,9,9,9,88.8,87.021
2025,12,NOR,1,MEDIUM,10,10,10,87.0,87.151
2025,12,NOR,1,MEDIUM,11,11,11,85.2,87.14
2025,12,NOR,1,MEDIUM,12,12,12,83.4,87.196
2025,12,NOR,1,MEDIUM,13,13,13,81.6,87.14
2025,12,NOR,1,MEDIUM,14,14,14,79.8,87.403
2025,12,NOR,1,MEDIUM,15,15,15,78.0,87.185
2025,12,NOR,1,MEDIUM,16,16,16,76.2,87.413
2025,12,NOR,1,MEDIUM,17,17,17,74.4,87.558
2025,12,NOR,1,MEDIUM,18,18,18,72.6,87.394
2025,12,NOR,1,MEDIUM,19,19,19,70.8,87.565
2025,12,NOR,1,MEDIUM,20,20,20,69.0,87.571
2025,12,NOR,1,MEDIUM,21,21,21,67.2,87.698
2025,12,NOR,1,MEDIUM,22,22,22,65.4,87.783
2025,12,NOR,1,MEDIUM,23,23,23,63.6,87.94
2025,12,NOR,1,MEDIUM,24,24,24,61.8,87.735
2025,12,NOR,1,MEDIUM,25,25,25,60.0,87.909
2025,12,NOR,1,MEDIUM,26,26,26,58.2,87.807
2025,12,NOR,2,HARD,1,27,1,56.4,86.079
2025,12,NOR,2,HARD,2,28,2,54.6,86.04
2025,12,NOR,2,HARD,3,29,3,52.8,85.89
2025,12,NOR,2,HARD,4,30,4,51.0,86.041
2025,12,NOR,2,HARD,5,31,5,49.2,86.021
2025,12,NOR,2,HARD,6,32,6,47.4,86.109
2025,12,NOR,2,HARD,7,33,7,45.6,86.249
2025,12,NOR,2,HARD,8,34,8,43.8,86.182
2025,12,NOR,2,HARD,9,35,9,42.0,86.074
2025,12,NOR,2,HARD,10,36,10,40.2,86.306
2025,12,NOR,2,HARD,11,37,11,38.4,86.221
2025,12,NOR,2,HARD,12,38,12,36.6,86.274
2025,12,NOR,2,HARD,13,39,13,34.8,86.327
2025,12,NOR,2,HARD,14,40,14,33.0,86.421
2025,12,NOR,2,HARD,15,41,15,31.2,86.419
2025,12,NOR,2,HARD,16,42,16,29.4,86.43
2025,12,NOR,2,HARD,17,43,17,27.6,86.538
2025,12,NOR,2,HARD,18,44,18,25.8,86.566
2025,12,NOR,2,HARD,19,45,19,24.0,86.682
2025,12,NOR,2,HARD,20,46,20,22.2,86.653
2025,12,NOR,2,HARD,21,47,21,20.4,86.716
2025,12,NOR,2,HARD,22,48,22,18.6,86.929
2025,12,NOR,2,HARD,23,49,23,16.8,86.941
2025,12,NOR,2,HARD,24,50,24,15.0,86.94
2025,12,NOR,2,HARD,25,51,25,13.2,87.057
2025,12,NOR,2,HARD,26,52,26,11.4,86.944
2025,12,HAM,1,MEDIUM,1,1,1,103.2,86.808
2025,12,HAM,1,MEDIUM,2,2,2,101.4,86.931
2025,12,HAM,1,MEDIUM,3,3,3,99.6,86.964
2025,12,HAM,1,MEDIUM,4,4,4,97.8,87.01
2025,12,HAM,1,MEDIUM,5,5,5,96.0,86.88
2025,12,HAM,1,MEDIUM,6,6,6,94.2,87.007
2025,12,HAM,1,MEDIUM,7,7,7,92.4,87.165
2025,12,HAM,1,MEDIUM,8,8,8,90.6,87.101
2025,12,HAM,1,MEDIUM,9,9,9,88.8,87.383
2025,12,HAM,1,MEDIUM,10,10,10,87.0,87.265
2025,12,HAM,1,MEDIUM,11,11,11,85.2,87.186
2025,12,HAM,1,MEDIUM,12,12,12,83.4,87.234
2025,12,HAM,1,MEDIUM,13,13,13,81.6,87.46
2025,12,HAM,1,MEDIUM,14,14,14,79.8,87.47
2025,12,HAM,1,MEDIUM,15,15,15,78.0,87.413
2025,12,HAM,1,MEDIUM,16,16,16,76.2,87.487
2025,12,HAM,1,MEDIUM,17,17,17,74.4,87.5
2025,12,HAM,1,MEDIUM,18,18,18,72.6,87.576
2025,12,HAM,1,MEDIUM,19,19,19,70.8,87.856
2025,12,HAM,1,MEDIUM,20,20,20,69.0,87.619
2025,12,HAM,1,MEDIUM,21,21,21,67.2,87.808
2025,12,HAM,1,MEDIUM,22,22,22,65.4,87.886
2025,12,HAM,1,MEDIUM,23,23,23,63.6,87.769
2025,12,HAM,1,MEDIUM,24,24,24,61.8,87.874
2025,12,HAM,1,MEDIUM,25,25,25,60.0,88.096
2025,12,HAM,1,MEDIUM,26,26,26,58.2,88.097
2025,12,HAM,2,HARD,1,27,1,56.4,86.302
2025,12,HAM,2,HARD,2,28,2,54.6,86.152
2025,12,HAM,2,HARD,3,29,3,52.8,86.075
2025,12,HAM,2,HARD,4,30,4,51.0,86.064
2025,12,HAM,2,HARD,5,31,5,49.2,86.213
2025,12,HAM,2,HARD,6,32,6,47.4,86.284
2025,12,HAM,2,HARD,7,33,7,45.6,86.407
2025,12,HAM,2,HARD,8,34,8,43.8,86.307
2025,12,HAM,2,HARD,9,35,9,42.0,86.355
2025,12,HAM,2,HARD,10,36,10,40.2,86.23
2025,12,HAM,2,HARD,11,37,11,38.4,86.429
2025,12,HAM,2,HARD,12,38,12,36.6,86.509
2025,12,HAM,2,HARD,13,39,13,34.8,86.558
2025,12,HAM,2,HARD,14,40,14,33.0,86.547
2025,12,HAM,2,HARD,15,41,15,31.2,86.637
2025,12,HAM,2,HARD,16,42,16,29.4,86.573
2025,12,HAM,2,HARD,17,43,17,27.6,86.759
2025,12,HAM,2,HARD,18,44,18,25.8,86.665
2025,12,HAM,2,HARD,19,45,19,24.0,86.799
2025,12,HAM,2,HARD,20,46,20,22.2,86.9
2025,12,HAM,2,HARD,21,47,21,20.4,86.904
2025,12,HAM,2,HARD,22,48,22,18.6,86.955
2025,12,HAM,2,HARD,23,49,23,16.8,87.035
2025,12,HAM,2,HARD,24,50,24,15.0,87.034
2025,12,HAM,2,HARD,25,51,25,13.2,87.211
2025,12,HAM,2,HARD,26,52,26,11.4,87.209
2025,12,GAS,1,MEDIUM,1,1,1,103.2,87.19
2025,12,GAS,1,MEDIUM,2,2,2,101.4,87.351
2025,12,GAS,1,MEDIUM,3,3,3,99.6,87.233
2025,12,GAS,1,MEDIUM,4,4,4,97.8,87.338
2025,12,GAS,1,MEDIUM,5,5,5,96.0,87.311
2025,12,GAS,1,MEDIUM,6,6,6,94.2,87.51
2025,12,GAS,1,MEDIUM,7,7,7,92.4,87.282
2025,12,GAS,1,MEDIUM,8,8,8,90.6,87.479
2025,12,GAS,1,MEDIUM,9,9,9,88.8,87.462
2025,12,GAS,1,MEDIUM,10,10,10,87.0,87.664
2025,12,GAS,1,MEDIUM,11,11,11,85.2,87.509
2025,12,GAS,1,MEDIUM,12,12,12,83.4,87.579
2025,12,GAS,1,MEDIUM,13,13,13,81.6,87.643
2025,12,GAS,1,MEDIUM,14,14,14,79.8,87.682
2025,12,GAS,1,MEDIUM,15,15,15,78.0,87.906
2025,12,GAS,1,MEDIUM,16,16,16,76.2,87.744
2025,12,GAS,1,MEDIUM,17,17,17,74.4,87.81
2025,12,GAS,1,MEDIUM,18,18,18,72.6,87.869
2025,12,GAS,1,MEDIUM,19,19,19,70.8,87.872
2025,12,GAS,1,MEDIUM,20,20,20,69.0,87.932
2025,12,GAS,1,MEDIUM,21,21,21,67.2,87.99
2025,12,GAS,1,MEDIUM,22,22,22,65.4,87.887
2025,12,GAS,1,MEDIUM,23,23,23,63.6,88.183
2025,12,GAS,1,MEDIUM,24,24,24,61.8,88.232
2025,12,GAS,1,MEDIUM,25,25,25,60.0,88.209
2025,12,GAS,1,MEDIUM,26,26,26,58.2,88.193
2025,12,GAS,2,HARD,1,27,1,56.4,86.225
2025,12,GAS,2,HARD,2,28,2,54.6,86.397
2025,12,GAS,2,HARD,3,29,3,52.8,86.448
2025,12,GAS,2,HARD,4,30,4,51.0,86.483
2025,12,GAS,2,HARD,5,31,5,49.2,86.384
2025,12,GAS,2,HARD,6,32,6,47.4,86.366
2025,12,GAS,2,HARD,7,33,7,45.6,86.501
2025,12,GAS,2,HARD,8,34,8,43.8,86.617
2025,12,GAS,2,HARD,9,35,9,42.0,86.615
2025,12,GAS,2,HARD,10,36,10,40.2,86.533
2025,12,GAS,2,HARD,11,37,11,38.4,86.776
2025,12,GAS,2,HARD,12,38,12,36.6,86.732
2025,12,GAS,2,HARD,13,39,13,34.8,86.781
2025,12,GAS,2,HARD,14,40,14,33.0,86.789
2025,12,GAS,2,HARD,15,41,15,31.2,86.785
2025,12,GAS,2,HARD,16,42,16,29.4,86.804
2025,12,GAS,2,HARD,17,43,17,27.6,86.867
2025,12,GAS,2,HARD,18,44,18,25.8,86.96
2025,12,GAS,2,HARD,19,45,19,24.0,87.008
2025,12,GAS,2,HARD,20,46,20,22.2,87.065
2025,12,GAS,2,HARD,21,47,21,20.4,87.134
2025,12,GAS,2,HARD,22,48,22,18.6,87.148
2025,12,GAS,2,HARD,23,49,23,16.8,87.317
2025,12,GAS,2,HARD,24,50,24,15.0,87.324
2025,12,GAS,2,HARD,25,51,25,13.2,87.454
2025,12,GAS,2,HARD,26,52,26,11.4,87.401
2025,12,HUL,1,MEDIUM,1,1,1,103.2,88.057
2025,12,HUL,1,MEDIUM,2,2,2,101.4,88.103
2025,12,HUL,1,MEDIUM,3,3,3,99.6,88.112
2025,12,HUL,1,MEDIUM,4,4,4,97.8,88.088
2025,12,HUL,1,MEDIUM,5,5,5,96.0,88.202
2025,12,HUL,1,MEDIUM,6,6,6,94.2,88.118
2025,12,HUL,1,MEDIUM,7,7,7,92.4,88.373
2025,12,HUL,1,MEDIUM,8,8,8,90.6,88.42
2025,12,HUL,1,MEDIUM,9,9,9,88.8,88.319
2025,12,HUL,1,MEDIUM,10,10,10,87.0,88.406
2025,12,HUL,1,MEDIUM,11,11,11,85.2,88.543
2025,12,HUL,1,MEDIUM,12,12,12,83.4,88.499
2025,12,HUL,1,MEDIUM,13,13,13,81.6,88.541
2025,12,HUL,1,MEDIUM,14,14,14,79.8,88.619
2025,12,HUL,1,MEDIUM,15,15,15,78.0,88.518
2025,12,HUL,1,MEDIUM,16,16,16,76.2,88.562
2025,12,HUL,1,MEDIUM,17,17,17,74.4,88.673
2025,12,HUL,1,MEDIUM,18,18,18,72.6,88.714
2025,12,HUL,1,MEDIUM,19,19,19,70.8,88.676
2025,12,HUL,1,MEDIUM,20,20,20,69.0,88.886
2025,12,HUL,1,MEDIUM,21,21,21,67.2,88.888
2025,12,HUL,1,MEDIUM,22,22,22,65.4,88.874
2025,12,HUL,1,MEDIUM,23,23,23,63.6,88.954
2025,12,HUL,1,MEDIUM,24,24,24,61.8,89.125
2025,12,HUL,1,MEDIUM,25,25,25,60.0,89.154
2025,12,HUL,1,MEDIUM,26,26,26,58.2,89.17
2025,12,HUL,2,HARD,1,27,1,56.4,87.123
2025,12,HUL,2,HARD,2,28,2,54.6,87.258
2025,12,HUL,2,HARD,3,29,3,52.8,87.235
2025,12,HUL,2,HARD,4,30,4,51.0,87.377
2025,12,HUL,2,HARD,5,31,5,49.2,87.253
2025,12,HUL,2,HARD,6,32,6,47.4,87.492
2025,12,HUL,2,HARD,7,33,7,45.6,87.388
2025,12,HUL,2,HARD,8,34,8,43.8,87.439
2025,12,HUL,2,HARD,9,35,9,42.0,87.426
2025,12,HUL,2,HARD,10,36,10,40.2,87.523
2025,12,HUL,2,HARD,11,37,11,38.4,87.542
2025,12,HUL,2,HARD,12,38,12,36.6,87.478
2025,12,HUL,2,HARD,13,39,13,34.8,87.565
2025,12,HUL,2,HARD,14,40,14,33.0,87.753
2025,12,HUL,2,HARD,15,41,15,31.2,87.642
2025,12,HUL,2,HARD,16,42,16,29.4,87.708
2025,12,HUL,2,HARD,17,43,17,27.6,87.843
2025,12,HUL,2,HARD,18,44,18,25.8,87.893
2025,12,HUL,2,HARD,19,45,19,24.0,87.923
2025,12,HUL,2,HARD,20,46,20,22.2,88.184
2025,12,HUL,2,HARD,21,47,21,20.4,88.025
2025,12,HUL,2,HARD,22,48,22,18.6,88.17
2025,12,HUL,2,HARD,23,49,23,16.8,88.166
2025,12,HUL,2,HARD,24,50,24,15.0,88.395
2025,12,HUL,2,HARD,25,51,25,13.2,88.186
2025,12,HUL,2,HARD,26,52,26,11.4,88.329
2025,13,NOR,1,MEDIUM,1,1,1,103.2,86.796
2025,13,NOR,1,MEDIUM,2,2,2,101.4,86.66
2025,13,NOR,1,MEDIUM,3,3,3,99.6,86.744
2025,13,NOR,1,MEDIUM,4,4,4,97.8,86.673
2025,13,NOR,1,MEDIUM,5,5,5,96.0,86.68
2025,13,NOR,1,MEDIUM,6,6,6,94.2,86.817
2025,13,NOR,1,MEDIUM,7,7,7,92.4,86.75
2025,13,NOR,1,MEDIUM,8,8,8,90.6,86.926
2025,13,NOR,1,MEDIUM,9,9,9,88.8,86.955
2025,13,NOR,1,MEDIUM,10,10,10,87.0,86.993
2025,13,NOR,1,MEDIUM,11,11,11,85.2,87.137
2025,13,NOR,1,MEDIUM,12,12,12,83.4,87.204
2025,13,NOR,1,MEDIUM,13,13,13,81.6,86.982
2025,13,NOR,1,MEDIUM,14,14,14,79.8,87.097
2025,13,NOR,1,MEDIUM,15,15,15,78.0,87.242
2025,13,NOR,1,MEDIUM,16,16,16,76.2,87.351
2025,13,NOR,1,MEDIUM,17,17,17,74.4,87.405
2025,13,NOR,1,MEDIUM,18,18,18,72.6,87.357
2025,13,NOR,1,MEDIUM,19,19,19,70.8,87.46
2025,13,NOR,1,MEDIUM,20,20,20,69.0,87.386
2025,13,NOR,1,MEDIUM,21,21,21,67.2,87.406
2025,13,NOR,1,MEDIUM,22,22,22,65.4,87.578
2025,13,NOR,2,HARD,1,23,1,63.6,85.89
2025,13,NOR,2,HARD,2,24,2,61.8,85.839
2025,13,NOR,2,HARD,3,25,3,60.0,86.008
2025,13,NOR,2,HARD,4,26,4,58.2,86.011
2025,13,NOR,2,HARD,5,27,5,56.4,86.014
2025,13,NOR,2,HARD,6,28,6,54.6,85.934
2025,13,NOR,2,HARD,7,29,7,52.8,86.213
2025,13,NOR,2,HARD,8,30,8,51.0,86.155
2025,13,NOR,2,HARD,9,31,9,49.2,86.124
2025,13,NOR,2,HARD,10,32,10,47.4,86.241
2025,13,NOR,2,HARD,11,33,11,45.6,86.202
2025,13,NOR,2,HARD,12,34,12,43.8,86.404
2025,13,NOR,2,HARD,13,35,13,42.0,86.322
2025,13,NOR,2,HARD,14,36,14,40.2,86.325
2025,13,NOR,2,HARD,15,37,15,38.4,86.482
2025,13,NOR,2,HARD,16,38,16,36.6,86.529
2025,13,NOR,2,HARD,17,39,17,34.8,86.506
2025,13,NOR,2,HARD,18,40,18,33.0,86.465
2025,13,NOR,2,HARD,19,41,19,31.2,86.707
2025,13,NOR,2,HARD,20,42,20,29.4,86.634
2025,13,NOR,2,HARD,21,43,21,27.6,86.695
2025,13,NOR,2,HARD,22,44,22,25.8,86.764
2025,13,PIA,1,MEDIUM,1,1,1,103.2,86.683
2025,13,PIA,1,MEDIUM,2,2,2,101.4,86.815
2025,13,PIA,1,MEDIUM,3,3,3,99.6,86.778
2025,13,PIA,1,MEDIUM,4,4,4,97.8,86.747
2025,13,PIA,1,MEDIUM,5,5,5,96.0,86.785
2025,13,PIA,1,MEDIUM,6,6,6,94.2,86.878
2025,13,PIA,1,MEDIUM,7,7,7,92.4,86.763
2025,13,PIA,1,MEDIUM,8,8,8,90.6,86.921
2025,13,PIA,1,MEDIUM,9,9,9,88.8,86.911
2025,13,PIA,1,MEDIUM,10,10,10,87.0,86.961
2025,13,PIA,1,MEDIUM,11,11,11,85.2,87.091
2025,13,PIA,1,MEDIUM,12,12,12,83.4,87.055
2025,13,PIA,1,MEDIUM,13,13,13,81.6,87.129
2025,13,PIA,1,MEDIUM,14,14,14,79.8,87.114
2025,13,PIA,1,MEDIUM,15,15,15,78.0,87.183
2025,13,PIA,1,MEDIUM,16,16,16,76.2,87.341
2025,13,PIA,1,MEDIUM,17,17,17,74.4,87.347
2025,13,PIA,1,MEDIUM,18,18,18,72.6,87.384
2025,13,PIA,1,MEDIUM,19,19,19,70.8,87.506
2025,13,PIA,1,MEDIUM,20,20,20,69.0,87.604
2025,13,PIA,1,MEDIUM,21,21,21,67.2,87.544
2025,13,PIA,1,MEDIUM,22,22,22,65.4,87.607
2025,13,PIA,2,HARD,1,23,1,63.6,85.987
2025,13,PIA,2,HARD,2,24,2,61.8,86.047
2025,13,PIA,2,HARD,3,25,3,60.0,85.904
2025,13,PIA,2,HARD,4,26,4,58.2,86.112
2025,13,PIA,2,HARD,5,27,5,56.4,86.04
2025,13,PIA,2,HARD,6,28,6,54.6,86.262
2025,13,PIA,2,HARD,7,29,7,52.8,86.313
2025,13,PIA,2,HARD,8,30,8,51.0,86.333
2025,13,PIA,2,HARD,9,31,9,49.2,86.192
2025,13,PIA,2,HARD,10,32,10,47.4,86.347
2025,13,PIA,2,HARD,11,33,11,45.6,86.105
2025,13,PIA,2,HARD,12,34,12,43.8,86.326
2025,13,PIA,2,HARD,13,35,13,42.0,86.463
2025,13,PIA,2,HARD,14,36,14,40.2,86.489
2025,13,PIA,2,HARD,15,37,15,38.4,86.499
2025,13,PIA,2,HARD,16,38,16,36.6,86.473
2025,13,PIA,2,HARD,17,39,17,34.8,86.57
2025,13,PIA,2,HARD,18,40,18,33.0,86.641
2025,13,PIA,2,HARD,19,41,19,31.2,86.715
2025,13,PIA,2,HARD,20,42,20,29.4,86.691
2025,13,PIA,2,HARD,21,43,21,27.6,86.919
2025,13,PIA,2,HARD,22,44,22,25.8,87.017
2025,13,LEC,1,MEDIUM,1,1,1,103.2,86.888
2025,13,LEC,1,MEDIUM,2,2,2,101.4,86.877
2025,13,LEC,1,MEDIUM,3,3,3,99.6,86.888
2025,13,LEC,1,MEDIUM,4,4,4,97.8,86.955
2025,13,LEC,1,MEDIUM,5,5,5,96.0,86.809
2025,13,LEC,1,MEDIUM,6,6,6,94.2,87.051
2025,13,LEC,1,MEDIUM,7,7,7,92.4,86.851
2025,13,LEC,1,MEDIUM,8,8,8,90.6,86.989
2025,13,LEC,1,MEDIUM,9,9,9,88.8,87.163
2025,13,LEC,1,MEDIUM,10,10,10,87.0,87.224
2025,13,LEC,1,MEDIUM,11,11,11,85.2,87.123
2025,13,LEC,1,MEDIUM,12,12,12,83.4,87.2
2025,13,LEC,1,MEDIUM,13,13,13,81.6,87.193
2025,13,LEC,1,MEDIUM,14,14,14,79.8,87.342
2025,13,LEC,1,MEDIUM,15,15,15,78.0,87.278
2025,13,LEC,1,MEDIUM,16,16,16,76.2,87.423
2025,13,LEC,1,MEDIUM,17,17,17,74.4,87.352
2025,13,LEC,1,MEDIUM,18,18,18,72.6,87.606
2025,13,LEC,1,MEDIUM,19,19,19,70.8,87.477
2025,13,LEC,1,MEDIUM,20,20,20,69.0,87.481
2025,13,LEC,1,MEDIUM,21,21,21,67.2,87.543
2025,13,LEC,1,MEDIUM,22,22,22,65.4,87.681
2025,13,LEC,2,HARD,1,23,1,63.6,86.047
2025,13,LEC,2,HARD,2,24,2,61.8,86.196
2025,13,LEC,2,HARD,3,25,3,60.0,85.986
2025,13,LEC,2,HARD,4,26,4,58.2,86.048
2025,13,LEC,2,HARD,5,27,5,56.4,86.128
2025,13,LEC,2,HARD,6,28,6,54.6,86.108
2025,13,LEC,2,HARD,7,29,7,52.8,86.245
2025,13,LEC,2,HARD,8,30,8,51.0,86.302
2025,13,LEC,2,HARD,9,31,9,49.2,86.323
2025,13,LEC,2,HARD,10,32,10,47.4,86.556
2025,13,LEC,2,HARD,11,33,11,45.6,86.426
2025,13,LEC,2,HARD,12,34,12,43.8,86.462
2025,13,LEC,2,HARD,13,35,13,42.0,86.487
2025,13,LEC,2,HARD,14,36,14,40.2,86.555
2025,13,LEC,2,HARD,15,37,15,38.4,86.587
2025,13,LEC,2,HARD,16,38,16,36.6,86.739
2025,13,LEC,2,HARD,17,39,17,34.8,86.695
2025,13,LEC,2,HARD,18,40,18,33.0,86.646
2025,13,LEC,2,HARD,19,41,19,31.2,86.767
2025,13,LEC,2,HARD,20,42,20,29.4,86.82
2025,13,LEC,2,HARD,21,43,21,27.6,86.941
2025,13,LEC,2,HARD,22,44,22,25.8,86.94
2025,13,VER,1,MEDIUM,1,1,1,103.2,86.825
2025,13,VER,1,MEDIUM,2,2,2,101.4,86.857
2025,13,VER,1,MEDIUM,3,3,3,99.6,86.941
2025,13,VER,1,MEDIUM,4,4,4,97.8,86.931
2025,13,VER,1,MEDIUM,5,5,5,96.0,87.148
2025,13,VER,1,MEDIUM,6,6,6,94.2,86.937
2025,13,VER,1,MEDIUM,7,7,7,92.4,87.05
2025,13,VER,1,MEDIUM,8,8,8,90.6,86.871
2025,13,VER,1,MEDIUM,9,9,9,88.8,87.039
2025,13,VER,1,MEDIUM,10,10,10,87.0,87.181
2025,13,VER,1,MEDIUM,11,11,11,85.2,87.176
2025,13,VER,1,MEDIUM,12,12,12,83.4,87.153
2025,13,VER,1,MEDIUM,13,13,13,81.6,87.31
2025,13,VER,1,MEDIUM,14,14,14,79.8,87.348
2025,13,VER,1,MEDIUM,15,15,15,78.0,87.325
2025,13,VER,1,MEDIUM,16,16,16,76.2,87.478
2025,13,VER,1,MEDIUM,17,17,17,74.4,87.413
2025,13,VER,1,MEDIUM,18,18,18,72.6,87.523
2025,13,VER,1,MEDIUM,19,19,19,70.8,87.49
2025,13,VER,1,MEDIUM,20,20,20,69.0,87.593
2025,13,VER,1,MEDIUM,21,21,21,67.2,87.74
2025,13,VER,1,MEDIUM,22,22,22,65.4,87.579
2025,13,VER,2,HARD,1,23,1,63.6,85.931
2025,13,VER,2,HARD,2,24,2,61.8,86.091
2025,13,VER,2,HARD,3,25,3,60.0,86.154
2025,13,VER,2,HARD,4,26,4,58.2,86.19
2025,13,VER,2,HARD,5,27,5,56.4,86.121
2025,13,VER,2,HARD,6,28,6,54.6,86.319
2025,13,VER,2,HARD,7,29,7,52.8,86.357
2025,13,VER,2,HARD,8,30,8,51.0,86.374
2025,13,VER,2,HARD,9,31,9,49.2,86.264
2025,13,VER,2,HARD,10,32,10,47.4,86.335
2025,13,VER,2,HARD,11,33,11,45.6,86.618
2025,13,VER,2,HARD,12,34,12,43.8,86.608
2025,13,VER,2,HARD,13,35,13,42.0,86.701
2025,13,VER,2,HARD,14,36,14,40.2,86.713
2025,13,VER,2,HARD,15,37,15,38.4,86.643
2025,13,VER,2,HARD,16,38,16,36.6,86.721
2025,13,VER,2,HARD,17,39,17,34.8,86.576
2025,13,VER,2,HARD,18,40,18,33.0,86.877
2025,13,VER,2,HARD,19,41,19,31.2,86.885
2025,13,VER,2,HARD,20,42,20,29.4,86.903
2025,13,VER,2,HARD,21,43,21,27.6,86.982
2025,13,VER,2,HARD,22,44,22,25.8,87.166
2025,13,ALB,1,MEDIUM,1,1,1,103.2,86.895
2025,13,ALB,1,MEDIUM,2,2,2,101.4,87.039
2025,13,ALB,1,MEDIUM,3,3,3,99.6,86.866
2025,13,ALB,1,MEDIUM,4,4,4,97.8,87.099
2025,13,ALB,1,MEDIUM,5,5,5,96.0,87.069
2025,13,ALB,1,MEDIUM,6,6,6,94.2,87.184
2025,13,ALB,1,MEDIUM,7,7,7,92.4,87.171
2025,13,ALB,1,MEDIUM,8,8,8,90.6,87.162
2025,13,ALB,1,MEDIUM,9,9,9,88.8,87.174
2025,13,ALB,1,MEDIUM,10,10,10,87.0,87.344
2025,13,ALB,1,MEDIUM,11,11,11,85.2,87.406
2025,13,ALB,1,MEDIUM,12,12,12,83.4,87.346
2025,13,ALB,1,MEDIUM,13,13,13,81.6,87.359
2025,13,ALB,1,MEDIUM,14,14,14,79.8,87.366
2025,13,ALB,1,MEDIUM,15,15,15,78.0,87.551
2025,13,ALB,1,MEDIUM,16,16,16,76.2,87.582
2025,13,ALB,1,MEDIUM,17,17,17,74.4,87.527
2025,13,ALB,1,MEDIUM,18,18,18,72.6,87.705
2025,13,ALB,1,MEDIUM,19,19,19,70.8,87.584
2025,13,ALB,1,MEDIUM,20,20,20,69.0,87.824
2025,13,ALB,1,MEDIUM,21,21,21,67.2,87.875
2025,13,ALB,1,MEDIUM,22,22,22,65.4,87.771
2025,13,ALB,2,HARD,1,23,1,63.6,86.077
2025,13,ALB,2,HARD,2,24,2,61.8,86.226
2025,13,ALB,2,HARD,3,25,3,60.0,86.275
2025,13,ALB,2,HARD,4,26,4,58.2,86.389
2025,13,ALB,2,HARD,5,27,5,56.4,86.296
2025,13,ALB,2,HARD,6,28,6,54.6,86.369
2025,13,ALB,2,HARD,7,29,7,52.8,86.327
2025,13,ALB,2,HARD,8,30,8,51.0,86.342
2025,13,ALB,2,HARD,9,31,9,49.2,86.462
2025,13,ALB,2,HARD,10,32,10,47.4,86.39
2025,13,ALB,2,HARD,11,33,11,45.6,86.615
2025,13,ALB,2,HARD,12,34,12,43.8,86.679
2025,13,ALB,2,HARD,13,35,13,42.0,86.662
2025,13,ALB,2,HARD,14,36,14,40.2,86.619
2025,13,ALB,2,HARD,15,37,15,38.4,86.819
2025,13,ALB,2,HARD,16,38,16,36.6,86.894
2025,13,ALB,2,HARD,17,39,17,34.8,86.866
2025,13,ALB,2,HARD,18,40,18,33.0,86.922
2025,13,ALB,2,HARD,19,41,19,31.2,87.017
2025,13,ALB,2,HARD,20,42,20,29.4,86.936
2025,13,ALB,2,HARD,21,43,21,27.6,86.901
2025,13,ALB,2,HARD,22,44,22,25.8,87.091
2025,13,RUS,1,MEDIUM,1,1,1,103.2,86.999
2025,13,RUS,1,MEDIUM,2,2,2,101.4,87.096
2025,13,RUS,1,MEDIUM,3,3,3,99.6,86.945
2025,13,RUS,1,MEDIUM,4,4,4,97.8,87.072
2025,13,RUS,1,MEDIUM,5,5,5,96.0,87.258
2025,13,RUS,1,MEDIUM,6,6,6,94.2,87.245
2025,13,RUS,1,MEDIUM,7,7,7,92.4,87.124
2025,13,RUS,1,MEDIUM,8,8,8,90.6,87.331
2025,13,RUS,1,MEDIUM,9,9,9,88.8,87.373
2025,13,RUS,1,MEDIUM,10,10,10,87.0,87.395
2025,13,RUS,1,MEDIUM,11,11,11,85.2,87.378
2025,13,RUS,1,MEDIUM,12,12,12,83.4,87.577
2025,13,RUS,1,MEDIUM,13,13,13,81.6,87.448
2025,13,RUS,1,MEDIUM,14,14,14,79.8,87.533
2025,13,RUS,1,MEDIUM,15,15,15,78.0,87.551
2025,13,RUS,1,MEDIUM,16,16,16,76.2,87.703
2025,13,RUS,1,MEDIUM,17,17,17,74.4,87.619
2025,13,RUS,1,MEDIUM,18,18,18,72.6,87.76
2025,13,RUS,1,MEDIUM,19,19,19,70.8,87.884
2025,13,RUS,1,MEDIUM,20,20,20,69.0,87.951
2025,13,RUS,1,MEDIUM,21,21,21,67.2,87.795
2025,13,RUS,1,MEDIUM,22,22,22,65.4,88.035
2025,13,RUS,2,HARD,1,23,1,63.6,86.286
2025,13,RUS,2,HARD,2,24,2,61.8,86.282
2025,13,RUS,2,HARD,3,25,3,60.0,86.254
2025,13,RUS,2,HARD,4,26,4,58.2,86.351
2025,13,RUS,2,HARD,5,27,5,56.4,86.441
2025,13,RUS,2,HARD,6,28,6,54.6,86.399
2025,13,RUS,2,HARD,7,29,7,52.8,86.472
2025,13,RUS,2,HARD,8,30,8,51.0,86.633
2025,13,RUS,2,HARD,9,31,9,49.2,86.477
2025,13,RUS,2,HARD,10,32,10,47.4,86.515
2025,13,RUS,2,HARD,11,33,11,45.6,86.739
2025,13,RUS,2,HARD,12,34,12,43.8,86.708
2025,13,RUS,2,HARD,13,35,13,42.0,86.741
2025,13,RUS,2,HARD,14,36,14,40.2,86.792
2025,13,RUS,2,HARD,15,37,15,38.4,86.999
2025,13,RUS,2,HARD,16,38,16,36.6,86.891
2025,13,RUS,2,HARD,17,39,17,34.8,87.012
2025,13,RUS,2,HARD,18,40,18,33.0,87.094
2025,13,RUS,2,HARD,19,41,19,31.2,87.05
2025,13,RUS,2,HARD,20,42,20,29.4,86.927
2025,13,RUS,2,HARD,21,43,21,27.6,87.056
2025,13,RUS,2,HARD,22,44,22,25.8,87.115
2025,14,LEC,1,MEDIUM,1,1,1,103.2,86.584
2025,14,LEC,1,MEDIUM,2,2,2,101.4,86.626
2025,14,LEC,1,MEDIUM,3,3,3,99.6,86.652
2025,14,LEC,1,MEDIUM,4,4,4,97.8,86.639
2025,14,LEC,1,MEDIUM,5,5,5,96.0,86.682
2025,14,LEC,1,MEDIUM,6,6,6,94.2,86.865
2025,14,LEC,1,MEDIUM,7,7,7,92.4,86.838
2025,14,LEC,1,MEDIUM,8,8,8,90.6,86.749
2025,14,LEC,1,MEDIUM,9,9,9,88.8,86.909
2025,14,LEC,1,MEDIUM,10,10,10,87.0,86.899
2025,14,LEC,1,MEDIUM,11,11,11,85.2,87.195
2025,14,LEC,1,MEDIUM,12,12,12,83.4,87.122
2025,14,LEC,1,MEDIUM,13,13,13,81.6,86.936
2025,14,LEC,1,MEDIUM,14,14,14,79.8,87.205
2025,14,LEC,1,MEDIUM,15,15,15,78.0,87.047
2025,14,LEC,1,MEDIUM,16,16,16,76.2,87.163
2025,14,LEC,1,MEDIUM,17,17,17,74.4,87.151
2025,14,LEC,1,MEDIUM,18,18,18,72.6,87.391
2025,14,LEC,1,MEDIUM,19,19,19,70.8,87.342
2025,14,LEC,1,MEDIUM,20,20,20,69.0,87.368
2025,14,LEC,1,MEDIUM,21,21,21,67.2,87.41
2025,14,LEC,1,MEDIUM,22,22,22,65.4,87.543
2025,14,LEC,1,MEDIUM,23,23,23,63.6,87.485
2025,14,LEC,1,MEDIUM,24,24,24,61.8,87.571
2025,14,LEC,1,MEDIUM,25,25,25,60.0,87.793
2025,14,LEC,1,MEDIUM,26,26,26,58.2,87.699
2025,14,LEC,1,MEDIUM,27,27,27,56.4,87.699
2025,14,LEC,2,HARD,1,28,1,54.6,85.69
2025,14,LEC,2,HARD,2,29,2,52.8,85.705
2025,14,LEC,2,HARD,3,30,3,51.0,85.726
2025,14,LEC,2,HARD,4,31,4,49.2,85.879
2025,14,LEC,2,HARD,5,32,5,47.4,85.803
2025,14,LEC,2,HARD,6,33,6,45.6,85.894
2025,14,LEC,2,HARD,7,34,7,43.8,85.905
2025,14,LEC,2,HARD,8,35,8,42.0,85.95
2025,14,LEC,2,HARD,9,36,9,40.2,86.012
2025,14,LEC,2,HARD,10,37,10,38.4,86.081
2025,14,LEC,2,HARD,11,38,11,36.6,86.117
2025,14,LEC,2,HARD,12,39,12,34.8,86.058
2025,14,LEC,2,HARD,13,40,13,33.0,86.112
2025,14,LEC,2,HARD,14,41,14,31.2,86.156
2025,14,LEC,2,HARD,15,42,15,29.4,86.358
2025,14,LEC,2,HARD,16,43,16,27.6,86.314
2025,14,LEC,2,HARD,17,44,17,25.8,86.281
2025,14,LEC,2,HARD,18,45,18,24.0,86.417
2025,14,LEC,2,HARD,19,46,19,22.2,86.487
2025,14,LEC,2,HARD,20,47,20,20.4,86.465
2025,14,LEC,2,HARD,21,48,21,18.6,86.485
2025,14,LEC,2,HARD,22,49,22,16.8,86.553
2025,14,LEC,2,HARD,23,50,23,15.0,86.656
2025,14,LEC,2,HARD,24,51,24,13.2,86.683
2025,14,LEC,2,HARD,25,52,25,11.4,86.757
2025,14,LEC,2,HARD,26,53,26,9.6,86.721
2025,14,LEC,2,HARD,27,54,27,7.8,86.917
2025,14,LEC,2,HARD,28,55,28,6.0,86.897
2025,14,PIA,1,MEDIUM,1,1,1,103.2,86.53
2025,14,PIA,1,MEDIUM,2,2,2,101.4,86.599
2025,14,PIA,1,MEDIUM,3,3,3,99.6,86.635
2025,14,PIA,1,MEDIUM,4,4,4,97.8,86.828
2025,14,PIA,1,MEDIUM,5,5,5,96.0,86.796
2025,14,PIA,1,MEDIUM,6,6,6,94.2,86.748
2025,14,PIA,1,MEDIUM,7,7,7,92.4,86.789
2025,14,PIA,1,MEDIUM,8,8,8,90.6,86.984
2025,14,PIA,1,MEDIUM,9,9,9,88.8,87.01
2025,14,PIA,1,MEDIUM,10,10,10,87.0,86.997
2025,14,PIA,1,MEDIUM,11,11,11,85.2,87.003
2025,14,PIA,1,MEDIUM,12,12,12,83.4,87.252
2025,14,PIA,1,MEDIUM,13,13,13,81.6,87.085
2025,14,PIA,1,MEDIUM,14,14,14,79.8,87.072
2025,14,PIA,1,MEDIUM,15,15,15,78.0,87.214
2025,14,PIA,1,MEDIUM,16,16,16,76.2,87.407
2025,14,PIA,1,MEDIUM,17,17,17,74.4,87.312
2025,14,PIA,1,MEDIUM,18,18,18,72.6,87.457
2025,14,PIA,1,MEDIUM,19,19,19,70.8,87.25
2025,14,PIA,1,MEDIUM,20,20,20,69.0,87.525
2025,14,PIA,1,MEDIUM,21,21,21,67.2,87.642
2025,14,PIA,1,MEDIUM,22,22,22,65.4,87.621
2025,14,PIA,1,MEDIUM,23,23,23,63.6,87.649
2025,14,PIA,1,MEDIUM,24,24,24,61.8,87.834
2025,14,PIA,1,MEDIUM,25,25,25,60.0,87.691
2025,14,PIA,1,MEDIUM,26,26,26,58.2,87.794
2025,14,PIA,1,MEDIUM,27,27,27,56.4,87.921
2025,14,PIA,2,HARD,1,28,1,54.6,85.746
2025,14,PIA,2,HARD,2,29,2,52.8,85.922
2025,14,PIA,2,HARD,3,30,3,51.0,85.927
2025,14,PIA,2,HARD,4,31,4,49.2,86.057
2025,14,PIA,2,HARD,5,32,5,47.4,85.811
2025,14,PIA,2,HARD,6,33,6,45.6,85.82
2025,14,PIA,2,HARD,7,34,7,43.8,86.12
2025,14,PIA,2,HARD,8,35,8,42.0,86.138
2025,14,PIA,2,HARD,9,36,9,40.2,86.006
2025,14,PIA,2,HARD,10,37,10,38.4,86.265
2025,14,PIA,2,HARD,11,38,11,36.6,86.272
2025,14,PIA,2,HARD,12,39,12,34.8,86.29
2025,14,PIA,2,HARD,13,40,13,33.0,86.346
2025,14,PIA,2,HARD,14,41,14,31.2,86.314
2025,14,PIA,2,HARD,15,42,15,29.4,86.466
2025,14,PIA,2,HARD,16,43,16,27.6,86.377
2025,14,PIA,2,HARD,17,44,17,25.8,86.528
2025,14,PIA,2,HARD,18,45,18,24.0,86.522
2025,14,PIA,2,HARD,19,46,19,22.2,86.571
2025,14,PIA,2,HARD,20,47,20,20.4,86.669
2025,14,PIA,2,HARD,21,48,21,18.6,86.605
2025,14,PIA,2,HARD,22,49,22,16.8,86.771
2025,14,PIA,2,HARD,23,50,23,15.0,86.863
2025,14,PIA,2,HARD,24,51,24,13.2,86.816
2025,14,PIA,2,HARD,25,52,25,11.4,86.843
2025,14,PIA,2,HARD,26,53,26,9.6,86.926
2025,14,PIA,2,HARD,27,54,27,7.8,87.012
2025,14,PIA,2,HARD,28,55,28,6.0,86.814
2025,14,NOR,1,MEDIUM,1,1,1,103.2,86.781
2025,14,NOR,1,MEDIUM,2,2,2,101.4,86.88
2025,14,NOR,1,MEDIUM,3,3,3,99.6,86.696
2025,14,NOR,1,MEDIUM,4,4,4,97.8,86.841
2025,14,NOR,1,MEDIUM,5,5,5,96.0,86.967
2025,14,NOR,1,MEDIUM,6,6,6,94.2,86.956
2025,14,NOR,1,MEDIUM,7,7,7,92.4,86.999
2025,14,NOR,1,MEDIUM,8,8,8,90.6,87.089
2025,14,NOR,1,MEDIUM,9,9,9,88.8,87.065
2025,14,NOR,1,MEDIUM,10,10,10,87.0,87.047
2025,14,NOR,1,MEDIUM,11,11,11,85.2,87.175
2025,14,NOR,1,MEDIUM,12,12,12,83.4,87.123
2025,14,NOR,1,MEDIUM,13,13,13,81.6,87.407
2025,14,NOR,1,MEDIUM,14,14,14,79.8,87.3
2025,14,NOR,1,MEDIUM,15,15,15,78.0,87.248
2025,14,NOR,1,MEDIUM,16,16,16,76.2,87.358
2025,14,NOR,1,MEDIUM,17,17,17,74.4,87.525
2025,14,NOR,1,MEDIUM,18,18,18,72.6,87.481
2025,14,NOR,1,MEDIUM,19,19,19,70.8,87.211
2025,14,NOR,1,MEDIUM,20,20,20,69.0,87.575
2025,14,NOR,1,MEDIUM,21,21,21,67.2,87.574
2025,14,NOR,1,MEDIUM,22,22,22,65.4,87.582
2025,14,NOR,1,MEDIUM,23,23,23,63.6,87.596
2025,14,NOR,1,MEDIUM,24,24,24,61.8,87.798
2025,14,NOR,1,MEDIUM,25,25,25,60.0,87.895
2025,14,NOR,1,MEDIUM,26,26,26,58.2,88.036
2025,14,NOR,1,MEDIUM,27,27,27,56.4,87.905
2025,14,NOR,2,HARD,1,28,1,54.6,85.86
2025,14,NOR,2,HARD,2,29,2,52.8,85.862
2025,14,NOR,2,HARD,3,30,3,51.0,86.007
2025,14,NOR,2,HARD,4,31,4,49.2,85.915
2025,14,NOR,2,HARD,5,32,5,47.4,86.09
2025,14,NOR,2,HARD,6,33,6,45.6,85.97
2025,14,NOR,2,HARD,7,34,7,43.8,86.148
2025,14,NOR,2,HARD,8,35,8,42.0,86.117
2025,14,NOR,2,HARD,9,36,9,40.2,86.015
2025,14,NOR,2,HARD,10,37,10,38.4,86.195
2025,14,NOR,2,HARD,11,38,11,36.6,86.422
2025,14,NOR,2,HARD,12,39,12,34.8,86.298
2025,14,NOR,2,HARD,13,40,13,33.0,86.328
2025,14,NOR,2,HARD,14,41,14,31.2,86.438
2025,14,NOR,2,HARD,15,42,15,29.4,86.396
2025,14,NOR,2,HARD,16,43,16,27.6,86.311
2025,14,NOR,2,HARD,17,44,17,25.8,86.702
2025,14,NOR,2,HARD,18,45,18,24.0,86.718
2025,14,NOR,2,HARD,19,46,19,22.2,86.581
2025,14,NOR,2,HARD,20,47,20,20.4,86.594
2025,14,NOR,2,HARD,21,48,21,18.6,86.742
2025,14,NOR,2,HARD,22,49,22,16.8,86.935
2025,14,NOR,2,HARD,23,50,23,15.0,86.762
2025,14,NOR,2,HARD,24,51,24,13.2,86.918
2025,14,NOR,2,HARD,25,52,25,11.4,87.016
2025,14,NOR,2,HARD,26,53,26,9.6,86.994
2025,14,NOR,2,HARD,27,54,27,7.8,87.062
2025,14,NOR,2,HARD,28,55,28,6.0,86.998
2025,14,RUS,1,MEDIUM,1,1,1,103.2,86.817
2025,14,RUS,1,MEDIUM,2,2,2,101.4,86.862
2025,14,RUS,1,MEDIUM,3,3,3,99.6,87.016
2025,14,RUS,1,MEDIUM,4,4,4,97.8,87.009
2025,14,RUS,1,MEDIUM,5,5,5,96.0,87.117
2025,14,RUS,1,MEDIUM,6,6,6,94.2,87.057
2025,14,RUS,1,MEDIUM,7,7,7,92.4,87.142
2025,14,RUS,1,MEDIUM,8,8,8,90.6,87.034
2025,14,RUS,1,MEDIUM,9,9,9,88.8,87.194
2025,14,RUS,1,MEDIUM,10,10,10,87.0,87.214
2025,14,RUS,1,MEDIUM,11,11,11,85.2,87.222
2025,14,RUS,1,MEDIUM,12,12,12,83.4,87.392
2025,14,RUS,1,MEDIUM,13,13,13,81.6,87.186
2025,14,RUS,1,MEDIUM,14,14,14,79.8,87.266
2025,14,RUS,1,MEDIUM,15,15,15,78.0,87.329
2025,14,RUS,1,MEDIUM,16,16,16,76.2,87.382
2025,14,RUS,1,MEDIUM,17,17,17,74.4,87.419
2025,14,RUS,1,MEDIUM,18,18,18,72.6,87.489
2025,14,RUS,1,MEDIUM,19,19,19,70.8,87.626
2025,14,RUS,1,MEDIUM,20,20,20,69.0,87.59
2025,14,RUS,1,MEDIUM,21,21,21,67.2,87.637
2025,14,RUS,1,MEDIUM,22,22,22,65.4,87.747
2025,14,RUS,1,MEDIUM,23,23,23,63.6,87.935
2025,14,RUS,1,MEDIUM,24,24,24,61.8,87.911
2025,14,RUS,1,MEDIUM,25,25,25,60.0,87.929
2025,14,RUS,1,MEDIUM,26,26,26,58.2,88.018
2025,14,RUS,1,MEDIUM,27,27,27,56.4,88.037
2025,14,RUS,2,HARD,1,28,1,54.6,85.986
2025,14,RUS,2,HARD,2,29,2,52.8,86.005
2025,14,RUS,2,HARD,3,30,3,51.0,85.952
2025,14,RUS,2,HARD,4,31,4,49.2,86.061
2025,14,RUS,2,HARD,5,32,5,47.4,86.097
2025,14,RUS,2,HARD,6,33,6,45.6,86.048
2025,14,RUS,2,HARD,7,34,7,43.8,86.242
2025,14,RUS,2,HARD,8,35,8,42.0,86.16
2025,14,RUS,2,HARD,9,36,9,40.2,86.174
2025,14,RUS,2,HARD,10,37,10,38.4,86.328
2025,14,RUS,2,HARD,11,38,11,36.6,86.404
2025,14,RUS,2,HARD,12,39,12,34.8,86.286
2025,14,RUS,2,HARD,13,40,13,33.0,86.45
2025,14,RUS,2,HARD,14,41,14,31.2,86.494
2025,14,RUS,2,HARD,15,42,15,29.4,86.525
2025,14,RUS,2,HARD,16,43,16,27.6,86.546
2025,14,RUS,2,HARD,17,44,17,25.8,86.544
2025,14,RUS,2,HARD,18,45,18,24.0,86.822
2025,14,RUS,2,HARD,19,46,19,22.2,86.71
2025,14,RUS,2,HARD,20,47,20,20.4,86.914
2025,14,RUS,2,HARD,21,48,21,18.6,86.836
2025,14,RUS,2,HARD,22,49,22,16.8,86.877
2025,14,RUS,2,HARD,23,50,23,15.0,86.87
2025,14,RUS,2,HARD,24,51,24,13.2,86.984
2025,14,RUS,2,HARD,25,52,25,11.4,87.004
2025,14,RUS,2,HARD,26,53,26,9.6,86.943
2025,14,RUS,2,HARD,27,54,27,7.8,87.18
2025,14,RUS,2,HARD,28,55,28,6.0,87.193
2025,14,ALO,1,MEDIUM,1,1,1,103.2,86.827
2025,14,ALO,1,MEDIUM,2,2,2,101.4,86.887
2025,14,ALO,1,MEDIUM,3,3,3,99.6,86.948
2025,14,ALO,1,MEDIUM,4,4,4,97.8,86.967
2025,14,ALO,1,MEDIUM,5,5,5,96.0,87.025
2025,14,ALO,1,MEDIUM,6,6,6,94.2,87.02
2025,14,ALO,1,MEDIUM,7,7,7,92.4,87.315
2025,14,ALO,1,MEDIUM,8,8,8,90.6,87.271
2025,14,ALO,1,MEDIUM,9,9,9,88.8,87.099
2025,14,ALO,1,MEDIUM,10,10,10,87.0,87.211
2025,14,ALO,1,MEDIUM,11,11,11,85.2,87.307
2025,14,ALO,1,MEDIUM,12,12,12,83.4,87.292
2025,14,ALO,1,MEDIUM,13,13,13,81.6,87.249
2025,14,ALO,1,MEDIUM,14,14,14,79.8,87.495
2025,14,ALO,1,MEDIUM,15,15,15,78.0,87.475
2025,14,ALO,1,MEDIUM,16,16,16,76.2,87.498
2025,14,ALO,1,MEDIUM,17,17,17,74.4,87.559
2025,14,ALO,1,MEDIUM,18,18,18,72.6,87.584
2025,14,ALO,1,MEDIUM,19,19,19,70.8,87.587
2025,14,ALO,1,MEDIUM,20,20,20,69.0,87.689
2025,14,ALO,1,MEDIUM,21,21,21,67.2,87.816
2025,14,ALO,1,MEDIUM,22,22,22,65.4,87.918
2025,14,ALO,1,MEDIUM,23,23,23,63.6,87.999
2025,14,ALO,1,MEDIUM,24,24,24,61.8,87.94
2025,14,ALO,1,MEDIUM,25,25,25,60.0,88.001
2025,14,ALO,1,MEDIUM,26,26,26,58.2,88.075
2025,14,ALO,1,MEDIUM,27,27,27,56.4,88.164
2025,14,ALO,2,HARD,1,28,1,54.6,85.891
2025,14,ALO,2,HARD,2,29,2,52.8,86.06
2025,14,ALO,2,HARD,3,30,3,51.0,86.152
2025,14,ALO,2,HARD,4,31,4,49.2,86.081
2025,14,ALO,2,HARD,5,32,5,47.4,86.11
2025,14,ALO,2,HARD,6,33,6,45.6,86.221
2025,14,ALO,2,HARD,7,34,7,43.8,86.258
2025,14,ALO,2,HARD,8,35,8,42.0,86.366
2025,14,ALO,2,HARD,9,36,9,40.2,86.314
2025,14,ALO,2,HARD,10,37,10,38.4,86.327
2025,14,ALO,2,HARD,11,38,11,36.6,86.373
2025,14,ALO,2,HARD,12,39,12,34.8,86.506
2025,14,ALO,2,HARD,13,40,13,33.0,86.632
2025,14,ALO,2,HARD,14,41,14,31.2,86.564
2025,14,ALO,2,HARD,15,42,15,29.4,86.549
2025,14,ALO,2,HARD,16,43,16,27.6,86.666
2025,14,ALO,2,HARD,17,44,17,25.8,86.614
2025,14,ALO,2,HARD,18,45,18,24.0,86.723
2025,14,ALO,2,HARD,19,46,19,22.2,86.75
2025,14,ALO,2,HARD,20,47,20,20.4,86.962
2025,14,ALO,2,HARD,21,48,21,18.6,86.931
2025,14,ALO,2,HARD,22,49,22,16.8,86.787
2025,14,ALO,2,HARD,23,50,23,15.0,87.012
2025,14,ALO,2,HARD,24,51,24,13.2,87.017
2025,14,ALO,2,HARD,25,52,25,11.4,87.11
2025,14,ALO,2,HARD,26,53,26,9.6,87.185
2025,14,ALO,2,HARD,27,54,27,7.8,87.341
2025,14,ALO,2,HARD,28,55,28,6.0,87.131
2025,14,BOR,1,MEDIUM,1,1,1,103.2,86.99
2025,14,BOR,1,MEDIUM,2,2,2,101.4,86.943
2025,14,BOR,1,MEDIUM,3,3,3,99.6,87.188
2025,14,BOR,1,MEDIUM,4,4,4,97.8,87.165
2025,14,BOR,1,MEDIUM,5,5,5,96.0,87.082
2025,14,BOR,1,MEDIUM,6,6,6,94.2,87.203
2025,14,BOR,1,MEDIUM,7,7,7,92.4,87.192
2025,14,BOR,1,MEDIUM,8,8,8,90.6,87.33
2025,14,BOR,1,MEDIUM,9,9,9,88.8,87.319
2025,14,BOR,1,MEDIUM,10,10,10,87.0,87.455
2025,14,BOR,1,MEDIUM,11,11,11,85.2,87.462
2025,14,BOR,1,MEDIUM,12,12,12,83.4,87.593
2025,14,BOR,1,MEDIUM,13,13,13,81.6,87.484
2025,14,BOR,1,MEDIUM,14,14,14,79.8,87.628
2025,14,BOR,1,MEDIUM,15,15,15,78.0,87.712
2025,14,BOR,1,MEDIUM,16,16,16,76.2,87.734
2025,14,BOR,1,MEDIUM,17,17,17,74.4,87.835
2025,14,BOR,1,MEDIUM,18,18,18,72.6,87.756
2025,14,BOR,1,MEDIUM,19,19,19,70.8,87.936
2025,14,BOR,1,MEDIUM,20,20,20,69.0,87.878
2025,14,BOR,1,MEDIUM,21,21,21,67.2,87.959
2025,14,BOR,1,MEDIUM,22,22,22,65.4,87.828
2025,14,BOR,1,MEDIUM,23,23,23,63.6,88.114
2025,14,BOR,1,MEDIUM,24,24,24,61.8,88.138
2025,14,BOR,1,MEDIUM,25,25,25,60.0,88.197
2025,14,BOR,1,MEDIUM,26,26,26,58.2,88.289
2025,14,BOR,1,MEDIUM,27,27,27,56.4,88.264
2025,14,BOR,2,HARD,1,28,1,54.6,86.13
2025,14,BOR,2,HARD,2,29,2,52.8,86.15
2025,14,BOR,2,HARD,3,30,3,51.0,86.229
2025,14,BOR,2,HARD,4,31,4,49.2,86.336
2025,14,BOR,2,HARD,5,32,5,47.4,86.402
2025,14,BOR,2,HARD,6,33,6,45.6,86.449
2025,14,BOR,2,HARD,7,34,7,43.8,86.2
2025,14,BOR,2,HARD,8,35,8,42.0,86.405
2025,14,BOR,2,HARD,9,36,9,40.2,86.617
2025,14,BOR,2,HARD,10,37,10,38.4,86.363
2025,14,BOR,2,HARD,11,38,11,36.6,86.638
2025,14,BOR,2,HARD,12,39,12,34.8,86.593
2025,14,BOR,2,HARD,13,40,13,33.0,86.558
2025,14,BOR,2,HARD,14,41,14,31.2,86.897
2025,14,BOR,2,HARD,15,42,15,29.4,86.661
2025,14,BOR,2,HARD,16,43,16,27.6,86.808
2025,14,BOR,2,HARD,17,44,17,25.8,86.943
2025,14,BOR,2,HARD,18,45,18,24.0,86.885
2025,14,BOR,2,HARD,19,46,19,22.2,86.821
2025,14,BOR,2,HARD,20,47,20,20.4,86.959
2025,14,BOR,2,HARD,21,48,21,18.6,87.085
2025,14,BOR,2,HARD,22,49,22,16.8,87.123
2025,14,BOR,2,HARD,23,50,23,15.0,87.111
2025,14,BOR,2,HARD,24,51,24,13.2,87.21
2025,14,BOR,2,HARD,25,52,25,11.4,87.205
2025,14,BOR,2,HARD,26,53,26,9.6,87.264
2025,14,BOR,2,HARD,27,54,27,7.8,87.372
2025,14,BOR,2,HARD,28,55,28,6.0,87.437
2025,15,PIA,1,MEDIUM,1,1,1,103.2,86.595
2025,15,PIA,1,MEDIUM,2,2,2,101.4,86.885
2025,15,PIA,1,MEDIUM,3,3,3,99.6,86.649
2025,15,PIA,1,MEDIUM,4,4,4,97.8,86.845
2025,15,PIA,1,MEDIUM,5,5,5,96.0,86.723
2025,15,PIA,1,MEDIUM,6,6,6,94.2,86.596
2025,15,PIA,1,MEDIUM,7,7,7,92.4,86.689
2025,15,PIA,1,MEDIUM,8,8,8,90.6,86.92
2025,15,PIA,1,MEDIUM,9,9,9,88.8,86.846
2025,15,PIA,1,MEDIUM,10,10,10,87.0,86.986
2025,15,PIA,1,MEDIUM,11,11,11,85.2,87.042
2025,15,PIA,1,MEDIUM,12,12,12,83.4,87.008
2025,15,PIA,1,MEDIUM,13,13,13,81.6,87.037
2025,15,PIA,1,MEDIUM,14,14,14,79.8,87.115
2025,15,PIA,1,MEDIUM,15,15,15,78.0,87.15
2025,15,PIA,1,MEDIUM,16,16,16,76.2,87.246
2025,15,PIA,1,MEDIUM,17,17,17,74.4,87.252
2025,15,PIA,1,MEDIUM,18,18,18,72.6,87.397
2025,15,PIA,1,MEDIUM,19,19,19,70.8,87.268
2025,15,PIA,1,MEDIUM,20,20,20,69.0,87.383
2025,15,PIA,1,MEDIUM,21,21,21,67.2,87.564
2025,15,PIA,1,MEDIUM,22,22,22,65.4,87.61
2025,15,PIA,1,MEDIUM,23,23,23,63.6,87.655
2025,15,PIA,1,MEDIUM,24,24,24,61.8,87.538
2025,15,PIA,1,MEDIUM,25,25,25,60.0,87.713
2025,15,PIA,1,MEDIUM,26,26,26,58.2,87.671
2025,15,PIA,1,MEDIUM,27,27,27,56.4,87.796
2025,15,PIA,2,HARD,1,28,1,54.6,85.754
2025,15,PIA,2,HARD,2,29,2,52.8,85.674
2025,15,PIA,2,HARD,3,30,3,51.0,85.937
2025,15,PIA,2,HARD,4,31,4,49.2,85.813
2025,15,PIA,2,HARD,5,32,5,47.4,85.814
2025,15,PIA,2,HARD,6,33,6,45.6,85.822
2025,15,PIA,2,HARD,7,34,7,43.8,86.019
2025,15,PIA,2,HARD,8,35,8,42.0,86.002
2025,15,PIA,2,HARD,9,36,9,40.2,86.075
2025,15,PIA,2,HARD,10,37,10,38.4,85.925
2025,15,PIA,2,HARD,11,38,11,36.6,86.158
2025,15,PIA,2,HARD,12,39,12,34.8,86.115
2025,15,PIA,2,HARD,13,40,13,33.0,86.155
2025,15,PIA,2,HARD,14,41,14,31.2,86.4
2025,15,PIA,2,HARD,15,42,15,29.4,86.211
2025,15,PIA,2,HARD,16,43,16,27.6,86.127
2025,15,PIA,2,HARD,17,44,17,25.8,86.357
2025,15,PIA,2,HARD,18,45,18,24.0,86.584
2025,15,PIA,2,HARD,19,46,19,22.2,86.466
2025,15,PIA,2,HARD,20,47,20,20.4,86.768
2025,15,PIA,2,HARD,21,48,21,18.6,86.526
2025,15,PIA,2,HARD,22,49,22,16.8,86.576
2025,15,PIA,2,HARD,23,50,23,15.0,86.568
2025,15,PIA,2,HARD,24,51,24,13.2,86.612
2025,15,PIA,2,HARD,25,52,25,11.4,86.839
2025,15,PIA,2,HARD,26,53,26,9.6,86.762
2025,15,PIA,2,HARD,27,54,27,7.8,86.927
2025,15,PIA,2,HARD,28,55,28,6.0,86.919
2025,15,VER,1,MEDIUM,1,1,1,103.2,86.692
2025,15,VER,1,MEDIUM,2,2,2,101.4,86.785
2025,15,VER,1,MEDIUM,3,3,3,99.6,86.924
2025,15,VER,1,MEDIUM,4,4,4,97.8,86.91
2025,15,VER,1,MEDIUM,5,5,5,96.0,86.985
2025,15,VER,1,MEDIUM,6,6,6,94.2,86.87
2025,15,VER,1,MEDIUM,7,7,7,92.4,86.918
2025,15,VER,1,MEDIUM,8,8,8,90.6,86.993
2025,15,VER,1,MEDIUM,9,9,9,88.8,87.06
2025,15,VER,1,MEDIUM,10,10,10,87.0,86.969
2025,15,VER,1,MEDIUM,11,11,11,85.2,87.117
2025,15,VER,1,MEDIUM,12,12,12,83.4,87.261
2025,15,VER,1,MEDIUM,13,13,13,81.6,87.173
2025,15,VER,1,MEDIUM,14,14,14,79.8,87.164
2025,15,VER,1,MEDIUM,15,15,15,78.0,87.29
2025,15,VER,1,MEDIUM,16,16,16,76.2,87.273
2025,15,VER,1,MEDIUM,17,17,17,74.4,87.419
2025,15,VER,1,MEDIUM,18,18,18,72.6,87.551
2025,15,VER,1,MEDIUM,19,19,19,70.8,87.59
2025,15,VER,1,MEDIUM,20,20,20,69.0,87.547
2025,15,VER,1,MEDIUM,21,21,21,67.2,87.642
2025,15,VER,1,MEDIUM,22,22,22,65.4,87.684
2025,15,VER,1,MEDIUM,23,23,23,63.6,87.866
2025,15,VER,1,MEDIUM,24,24,24,61.8,87.903
2025,15,VER,1,MEDIUM,25,25,25,60.0,87.897
2025,15,VER,1,MEDIUM,26,26,26,58.2,87.883
2025,15,VER,1,MEDIUM,27,27,27,56.4,87.944
2025,15,VER,2,HARD,1,28,1,54.6,85.76
2025,15,VER,2,HARD,2,29,2,52.8,85.89
2025,15,VER,2,HARD,3,30,3,51.0,85.953
2025,15,VER,2,HARD,4,31,4,49.2,86.109
2025,15,VER,2,HARD,5,32,5,47.4,86.05
2025,15,VER,2,HARD,6,33,6,45.6,86.102
2025,15,VER,2,HARD,7,34,7,43.8,86.095
2025,15,VER,2,HARD,8,35,8,42.0,86.121
2025,15,VER,2,HARD,9,36,9,40.2,86.214
2025,15,VER,2,HARD,10,37,10,38.4,86.34
2025,15,VER,2,HARD,11,38,11,36.6,86.25
2025,15,VER,2,HARD,12,39,12,34.8,86.27
2025,15,VER,2,HARD,13,40,13,33.0,86.3
2025,15,VER,2,HARD,14,41,14,31.2,86.502
2025,15,VER,2,HARD,15,42,15,29.4,86.581
2025,15,VER,2,HARD,16,43,16,27.6,86.511
2025,15,VER,2,HARD,17,44,17,25.8,86.455
2025,15,VER,2,HARD,18,45,18,24.0,86.661
2025,15,VER,2,HARD,19,46,19,22.2,86.717
2025,15,VER,2,HARD,20,47,20,20.4,86.692
2025,15,VER,2,HARD,21,48,21,18.6,86.654
2025,15,VER,2,HARD,22,49,22,16.8,86.704
2025,15,VER,2,HARD,23,50,23,15.0,86.829
2025,15,VER,2,HARD,24,51,24,13.2,86.841
2025,15,VER,2,HARD,25,52,25,11.4,86.96
2025,15,VER,2,HARD,26,53,26,9.6,87.028
2025,15,VER,2,HARD,27,54,27,7.8,87.001
2025,15,VER,2,HARD,28,55,28,6.0,87.135
2025,15,HAD,1,MEDIUM,1,1,1,103.2,86.82
2025,15,HAD,1,MEDIUM,2,2,2,101.4,86.746
2025,15,HAD,1,MEDIUM,3,3,3,99.6,86.802
2025,15,HAD,1,MEDIUM,4,4,4,97.8,86.773
2025,15,HAD,1,MEDIUM,5,5,5,96.0,86.925
2025,15,HAD,1,MEDIUM,6,6,6,94.2,87.072
2025,15,HAD,1,MEDIUM,7,7,7,92.4,86.954
2025,15,HAD,1,MEDIUM,8,8,8,90.6,87.126
2025,15,HAD,1,MEDIUM,9,9,9,88.8,87.037
2025,15,HAD,1,MEDIUM,10,10,10,87.0,87.04
2025,15,HAD,1,MEDIUM,11,11,11,85.2,87.183
2025,15,HAD,1,MEDIUM,12,12,12,83.4,87.288
2025,15,HAD,1,MEDIUM,13,13,13,81.6,87.269
2025,15,HAD,1,MEDIUM,14,14,14,79.8,87.376
2025,15,HAD,1,MEDIUM,15,15,15,78.0,87.344
2025,15,HAD,1,MEDIUM,16,16,16,76.2,87.443
2025,15,HAD,1,MEDIUM,17,17,17,74.4,87.615
2025,15,HAD,1,MEDIUM,18,18,18,72.6,87.623
2025,15,HAD,1,MEDIUM,19,19,19,70.8,87.632
2025,15,HAD,1,MEDIUM,20,20,20,69.0,87.651
2025,15,HAD,1,MEDIUM,21,21,21,67.2,87.693
2025,15,HAD,1,MEDIUM,22,22,22,65.4,87.667
2025,15,HAD,1,MEDIUM,23,23,23,63.6,87.718
2025,15,HAD,1,MEDIUM,24,24,24,61.8,87.813
2025,15,HAD,1,MEDIUM,25,25,25,60.0,87.872
2025,15,HAD,1,MEDIUM,26,26,26,58.2,88.009
2025,15,HAD,1,MEDIUM,27,27,27,56.4,88.08
2025,15,HAD,2,HARD,1,28,1,54.6,86.012
2025,15,HAD,2,HARD,2,29,2,52.8,86.02
2025,15,HAD,2,HARD,3,30,3,51.0,86.206
2025,15,HAD,2,HARD,4,31,4,49.2,86.204
2025,15,HAD,2,HARD,5,32,5,47.4,86.167
2025,15,HAD,2,HARD,6,33,6,45.6,86.131
2025,15,HAD,2,HARD,7,34,7,43.8,86.148
2025,15,HAD,2,HARD,8,35,8,42.0,86.075
2025,15,HAD,2,HARD,9,36,9,40.2,86.09
2025,15,HAD,2,HARD,10,37,10,38.4,86.231
2025,15,HAD,2,HARD,11,38,11,36.6,86.167
2025,15,HAD,2,HARD,12,39,12,34.8,86.511
2025,15,HAD,2,HARD,13,40,13,33.0,86.477
2025,15,HAD,2,HARD,14,41,14,31.2,86.486
2025,15,HAD,2,HARD,15,42,15,29.4,86.582
2025,15,HAD,2,HARD,16,43,16,27.6,86.528
2025,15,HAD,2,HARD,17,44,17,25.8,86.552
2025,15,HAD,2,HARD,18,45,18,24.0,86.559
2025,15,HAD,2,HARD,19,46,19,22.2,86.553
2025,15,HAD,2,HARD,20,47,20,20.4,86.848
2025,15,HAD,2,HARD,21,48,21,18.6,86.815
2025,15,HAD,2,HARD,22,49,22,16.8,86.882
2025,15,HAD,2,HARD,23,50,23,15.0,86.877
2025,15,HAD,2,HARD,24,51,24,13.2,86.983
2025,15,HAD,2,HARD,25,52,25,11.4,87.083
2025,15,HAD,2,HARD,26,53,26,9.6,87.109
2025,15,HAD,2,HARD,27,54,27,7.8,87.094
2025,15,HAD,2,HARD,28,55,28,6.0,87.076
2025,15,RUS,1,MEDIUM,1,1,1,103.2,87.073
2025,15,RUS,1,MEDIUM,2,2,2,101.4,86.88
2025,15,RUS,1,MEDIUM,3,3,3,99.6,87.01
2025,15,RUS,1,MEDIUM,4,4,4,97.8,86.89
2025,15,RUS,1,MEDIUM,5,5,5,96.0,87.061
2025,15,RUS,1,MEDIUM,6,6,6,94.2,87.047
2025,15,RUS,1,MEDIUM,7,7,7,92.4,87.069
2025,15,RUS,1,MEDIUM,8,8,8,90.6,87.305
2025,15,RUS,1,MEDIUM,9,9,9,88.8,87.243
2025,15,RUS,1,MEDIUM,10,10,10,87.0,87.289
2025,15,RUS,1,MEDIUM,11,11,11,85.2,87.393
2025,15,RUS,1,MEDIUM,12,12,12,83.4,87.392
2025,15,RUS,1,MEDIUM,13,13,13,81.6,87.452
2025,15,RUS,1,MEDIUM,14,14,14,79.8,87.466
2025,15,RUS,1,MEDIUM,15,15,15,78.0,87.487
2025,15,RUS,1,MEDIUM,16,16,16,76.2,87.589
2025,15,RUS,1,MEDIUM,17,17,17,74.4,87.701
2025,15,RUS,1,MEDIUM,18,18,18,72.6,87.609
2025,15,RUS,1,MEDIUM,19,19,19,70.8,87.636
2025,15,RUS,1,MEDIUM,20,20,20,69.0,87.967
2025,15,RUS,1,MEDIUM,21,21,21,67.2,87.818
2025,15,RUS,1,MEDIUM,22,22,22,65.4,87.729
2025,15,RUS,1,MEDIUM,23,23,23,63.6,87.808
2025,15,RUS,1,MEDIUM,24,24,24,61.8,87.9
2025,15,RUS,1,MEDIUM,25,25,25,60.0,88.037
2025,15,RUS,1,MEDIUM,26,26,26,58.2,87.985
2025,15,RUS,1,MEDIUM,27,27,27,56.4,88.126
2025,15,RUS,2,HARD,1,28,1,54.6,86.102
2025,15,RUS,2,HARD,2,29,2,52.8,85.991
2025,15,RUS,2,HARD,3,30,3,51.0,86.065
2025,15,RUS,2,HARD,4,31,4,49.2,86.175
2025,15,RUS,2,HARD,5,32,5,47.4,86.227
2025,15,RUS,2,HARD,6,33,6,45.6,86.211
2025,15,RUS,2,HARD,7,34,7,43.8,86.212
2025,15,RUS,2,HARD,8,35,8,42.0,86.332
2025,15,RUS,2,HARD,9,36,9,40.2,86.188
2025,15,RUS,2,HARD,10,37,10,38.4,86.354
2025,15,RUS,2,HARD,11,38,11,36.6,86.382
2025,15,RUS,2,HARD,12,39,12,34.8,86.514
2025,15,RUS,2,HARD,13,40,13,33.0,86.463
2025,15,RUS,2,HARD,14,41,14,31.2,86.727
2025,15,RUS,2,HARD,15,42,15,29.4,86.608
2025,15,RUS,2,HARD,16,43,16,27.6,86.584
2025,15,RUS,2,HARD,17,44,17,25.8,86.781
2025,15,RUS,2,HARD,18,45,18,24.0,86.812
2025,15,RUS,2,HARD,19,46,19,22.2,86.826
2025,15,RUS,2,HARD,20,47,20,20.4,86.862
2025,15,RUS,2,HARD,21,48,21,18.6,86.878
2025,15,RUS,2,HARD,22,49,22,16.8,86.906
2025,15,RUS,2,HARD,23,50,23,15.0,87.001
2025,15,RUS,2,HARD,24,51,24,13.2,87.189
2025,15,RUS,2,HARD,25,52,25,11.4,87.168
2025,15,RUS,2,HARD,26,53,26,9.6,87.144
2025,15,RUS,2,HARD,27,54,27,7.8,87.328
2025,15,RUS,2,HARD,28,55,28,6.0,87.28
2025,15,ALB,1,MEDIUM,1,1,1,103.2,87.724
2025,15,ALB,1,MEDIUM,2,2,2,101.4,87.761
2025,15,ALB,1,MEDIUM,3,3,3,99.6,87.67
2025,15,ALB,1,MEDIUM,4,4,4,97.8,87.866
2025,15,ALB,1,MEDIUM,5,5,5,96.0,87.826
2025,15,ALB,1,MEDIUM,6,6,6,94.2,88.102
2025,15,ALB,1,MEDIUM,7,7,7,92.4,88.013
2025,15,ALB,1,MEDIUM,8,8,8,90.6,87.838
2025,15,ALB,1,MEDIUM,9,9,9,88.8,87.92
2025,15,ALB,1,MEDIUM,10,10,10,87.0,88.154
2025,15,ALB,1,MEDIUM,11,11,11,85.2,88.092
2025,15,ALB,1,MEDIUM,12,12,12,83.4,88.266
2025,15,ALB,1,MEDIUM,13,13,13,81.6,88.215
2025,15,ALB,1,MEDIUM,14,14,14,79.8,88.173
2025,15,ALB,1,MEDIUM,15,15,15,78.0,88.138
2025,15,ALB,1,MEDIUM,16,16,16,76.2,88.334
2025,15,ALB,1,MEDIUM,17,17,17,74.4,88.365
2025,15,ALB,1,MEDIUM,18,18,18,72.6,88.49
2025,15,ALB,1,MEDIUM,19,19,19,70.8,88.507
2025,15,ALB,1,MEDIUM,20,20,20,69.0,88.408
2025,15,ALB,1,MEDIUM,21,21,21,67.2,88.515
2025,15,ALB,1,MEDIUM,22,22,22,65.4,88.605
2025,15,ALB,1,MEDIUM,23,23,23,63.6,88.673
2025,15,ALB,1,MEDIUM,24,24,24,61.8,88.809
2025,15,ALB,1,MEDIUM,25,25,25,60.0,88.892
2025,15,ALB,1,MEDIUM,26,26,26,58.2,88.843
2025,15,ALB,1,MEDIUM,27,27,27,56.4,88.841
2025,15,ALB,2,HARD,1,28,1,54.6,86.739
2025,15,ALB,2,HARD,2,29,2,52.8,86.761
2025,15,ALB,2,HARD,3,30,3,51.0,86.896
2025,15,ALB,2,HARD,4,31,4,49.2,86.969
2025,15,ALB,2,HARD,5,32,5,47.4,86.993
2025,15,ALB,2,HARD,6,33,6,45.6,86.781
2025,15,ALB,2,HARD,7,34,7,43.8,87.044
2025,15,ALB,2,HARD,8,35,8,42.0,87.098
2025,15,ALB,2,HARD,9,36,9,40.2,87.026
2025,15,ALB,2,HARD,10,37,10,38.4,87.08
2025,15,ALB,2,HARD,11,38,11,36.6,87.149
2025,15,ALB,2,HARD,12,39,12,34.8,87.208
2025,15,ALB,2,HARD,13,40,13,33.0,87.383
2025,15,ALB,2,HARD,14,41,14,31.2,87.423
2025,15,ALB,2,HARD,15,42,15,29.4,87.348
2025,15,ALB,2,HARD,16,43,16,27.6,87.513
2025,15,ALB,2,HARD,17,44,17,25.8,87.431
2025,15,ALB,2,HARD,18,45,18,24.0,87.586
2025,15,ALB,2,HARD,19,46,19,22.2,87.427
2025,15,ALB,2,HARD,20,47,20,20.4,87.811
2025,15,ALB,2,HARD,21,48,21,18.6,87.741
2025,15,ALB,2,HARD,22,49,22,16.8,87.808
2025,15,ALB,2,HARD,23,50,23,15.0,87.798
2025,15,ALB,2,HARD,24,51,24,13.2,87.942
2025,15,ALB,2,HARD,25,52,25,11.4,87.889
2025,15,ALB,2,HARD,26,53,26,9.6,88.1
2025,15,ALB,2,HARD,27,54,27,7.8,88.055
2025,15,ALB,2,HARD,28,55,28,6.0,87.935
2025,15,BEA,1,MEDIUM,1,1,1,103.2,88.098
2025,15,BEA,1,MEDIUM,2,2,2,101.4,88.097
2025,15,BEA,1,MEDIUM,3,3,3,99.6,88.224
2025,15,BEA,1,MEDIUM,4,4,4,97.8,88.333
2025,15,BEA,1,MEDIUM,5,5,5,96.0,88.35
2025,15,BEA,1,MEDIUM,6,6,6,94.2,88.441
2025,15,BEA,1,MEDIUM,7,7,7,92.4,88.319
2025,15,BEA,1,MEDIUM,8,8,8,90.6,88.377
2025,15,BEA,1,MEDIUM,9,9,9,88.8,88.359
2025,15,BEA,1,MEDIUM,10,10,10,87.0,88.291
2025,15,BEA,1,MEDIUM,11,11,11,85.2,88.525
2025,15,BEA,1,MEDIUM,12,12,12,83.4,88.385
2025,15,BEA,1,MEDIUM,13,13,13,81.6,88.531
2025,15,BEA,1,MEDIUM,14,14,14,79.8,88.67
2025,15,BEA,1,MEDIUM,15,15,15,78.0,88.671
2025,15,BEA,1,MEDIUM,16,16,16,76.2,88.876
2025,15,BEA,1,MEDIUM,17,17,17,74.4,88.776
2025,15,BEA,1,MEDIUM,18,18,18,72.6,88.668
2025,15,BEA,1,MEDIUM,19,19,19,70.8,88.89
2025,15,BEA,1,MEDIUM,20,20,20,69.0,89.033
2025,15,BEA,1,MEDIUM,21,21,21,67.2,89.083
2025,15,BEA,1,MEDIUM,22,22,22,65.4,88.987
2025,15,BEA,1,MEDIUM,23,23,23,63.6,89.092
2025,15,BEA,1,MEDIUM,24,24,24,61.8,89.203
2025,15,BEA,1,MEDIUM,25,25,25,60.0,89.276
2025,15,BEA,1,MEDIUM,26,26,26,58.2,89.121
2025,15,BEA,1,MEDIUM,27,27,27,56.4,89.351
2025,15,BEA,2,HARD,1,28,1,54.6,87.207
2025,15,BEA,2,HARD,2,29,2,52.8,87.276
2025,15,BEA,2,HARD,3,30,3,51.0,87.232
2025,15,BEA,2,HARD,4,31,4,49.2,87.314
2025,15,BEA,2,HARD,5,32,5,47.4,87.363
2025,15,BEA,2,HARD,6,33,6,45.6,87.415
2025,15,BEA,2,HARD,7,34,7,43.8,87.357
2025,15,BEA,2,HARD,8,35,8,42.0,87.423
2025,15,BEA,2,HARD,9,36,9,40.2,87.418
2025,15,BEA,2,HARD,10,37,10,38.4,87.601
2025,15,BEA,2,HARD,11,38,11,36.6,87.594
2025,15,BEA,2,HARD,12,39,12,34.8,87.821
2025,15,BEA,2,HARD,13,40,13,33.0,87.676
2025,15,BEA,2,HARD,14,41,14,31.2,87.78
2025,15,BEA,2,HARD,15,42,15,29.4,87.794
2025,15,BEA,2,HARD,16,43,16,27.6,87.782
2025,15,BEA,2,HARD,17,44,17,25.8,88.021
2025,15,BEA,2,HARD,18,45,18,24.0,87.885
2025,15,BEA,2,HARD,19,46,19,22.2,87.867
2025,15,BEA,2,HARD,20,47,20,20.4,88.165
2025,15,BEA,2,HARD,21,48,21,18.6,88.018
2025,15,BEA,2,HARD,22,49,22,16.8,88.228
2025,15,BEA,2,HARD,23,50,23,15.0,88.154
2025,15,BEA,2,HARD,24,51,24,13.2,88.309
2025,15,BEA,2,HARD,25,52,25,11.4,88.225
2025,15,BEA,2,HARD,26,53,26,9.6,88.394
2025,15,BEA,2,HARD,27,54,27,7.8,88.443
2025,15,BEA,2,HARD,28,55,28,6.0,88.436
2025,16,VER,1,MEDIUM,1,1,1,103.2,86.573
2025,16,VER,1,MEDIUM,2,2,2,101.4,86.596
2025,16,VER,1,MEDIUM,3,3,3,99.6,86.648
2025,16,VER,1,MEDIUM,4,4,4,97.8,86.846
2025,16,VER,1,MEDIUM,5,5,5,96.0,86.847
2025,16,VER,1,MEDIUM,6,6,6,94.2,86.773
2025,16,VER,1,MEDIUM,7,7,7,92.4,86.746
2025,16,VER,1,MEDIUM,8,8,8,90.6,86.826
2025,16,VER,1,MEDIUM,9,9,9,88.8,86.858
2025,16,VER,1,MEDIUM,10,10,10,87.0,86.854
2025,16,VER,1,MEDIUM,11,11,11,85.2,86.962
2025,16,VER,1,MEDIUM,12,12,12,83.4,87.015
2025,16,VER,1,MEDIUM,13,13,13,81.6,87.029
2025,16,VER,1,MEDIUM,14,14,14,79.8,87.157
2025,16,VER,1,MEDIUM,15,15,15,78.0,87.163
2025,16,VER,1,MEDIUM,16,16,16,76.2,87.42
2025,16,VER,1,MEDIUM,17,17,17,74.4,87.266
2025,16,VER,1,MEDIUM,18,18,18,72.6,87.271
2025,16,VER,1,MEDIUM,19,19,19,70.8,87.367
2025,16,VER,1,MEDIUM,20,20,20,69.0,87.478
2025,16,VER,1,MEDIUM,21,21,21,67.2,87.397
2025,16,VER,1,MEDIUM,22,22,22,65.4,87.43
2025,16,VER,1,MEDIUM,23,23,23,63.6,87.549
2025,16,VER,1,MEDIUM,24,24,24,61.8,87.69
2025,16,VER,1,MEDIUM,25,25,25,60.0,87.584
2025,16,VER,1,MEDIUM,26,26,26,58.2,87.632
2025,16,VER,2,HARD,1,27,1,56.4,85.798
2025,16,VER,2,HARD,2,28,2,54.6,85.881
2025,16,VER,2,HARD,3,29,3,52.8,85.802
2025,16,VER,2,HARD,4,30,4,51.0,85.887
2025,16,VER,2,HARD,5,31,5,49.2,85.829
2025,16,VER,2,HARD,6,32,6,47.4,85.883
2025,16,VER,2,HARD,7,33,7,45.6,85.907
2025,16,VER,2,HARD,8,34,8,43.8,85.937
2025,16,VER,2,HARD,9,35,9,42.0,86.047
2025,16,VER,2,HARD,10,36,10,40.2,85.978
2025,16,VER,2,HARD,11,37,11,38.4,86.045
2025,16,VER,2,HARD,12,38,12,36.6,86.162
2025,16,VER,2,HARD,13,39,13,34.8,86.344
2025,16,VER,2,HARD,14,40,14,33.0,86.178
2025,16,VER,2,HARD,15,41,15,31.2,86.278
2025,16,VER,2,HARD,16,42,16,29.4,86.481
2025,16,VER,2,HARD,17,43,17,27.6,86.37
2025,16,VER,2,HARD,18,44,18,25.8,86.307
2025,16,VER,2,HARD,19,45,19,24.0,86.479
2025,16,VER,2,HARD,20,46,20,22.2,86.6
2025,16,VER,2,HARD,21,47,21,20.4,86.539
2025,16,VER,2,HARD,22,48,22,18.6,86.664
2025,16,VER,2,HARD,23,49,23,16.8,86.844
2025,16,VER,2,HARD,24,50,24,15.0,86.818
2025,16,VER,2,HARD,25,51,25,13.2,86.874
2025,16,VER,2,HARD,26,52,26,11.4,86.929
2025,16,VER,2,HARD,27,53,27,9.6,86.939
2025,16,NOR,1,MEDIUM,1,1,1,103.2,86.653
2025,16,NOR,1,MEDIUM,2,2,2,101.4,86.627
2025,16,NOR,1,MEDIUM,3,3,3,99.6,86.774
2025,16,NOR,1,MEDIUM,4,4,4,97.8,86.602
2025,16,NOR,1,MEDIUM,5,5,5,96.0,86.857
2025,16,NOR,1,MEDIUM,6,6,6,94.2,86.82
2025,16,NOR,1,MEDIUM,7,7,7,92.4,86.992
2025,16,NOR,1,MEDIUM,8,8,8,90.6,86.953
2025,16,NOR,1,MEDIUM,9,9,9,88.8,86.977
2025,16,NOR,1,MEDIUM,10,10,10,87.0,86.999
2025,16,NOR,1,MEDIUM,11,11,11,85.2,87.082
2025,16,NOR,1,MEDIUM,12,12,12,83.4,87.117
2025,16,NOR,1,MEDIUM,13,13,13,81.6,87.103
2025,16,NOR,1,MEDIUM,14,14,14,79.8,87.184
2025,16,NOR,1,MEDIUM,15,15,15,78.0,87.395
2025,16,NOR,1,MEDIUM,16,16,16,76.2,87.195
2025,16,NOR,1,MEDIUM,17,17,17,74.4,87.251
2025,16,NOR,1,MEDIUM,18,18,18,72.6,87.365
2025,16,NOR,1,MEDIUM,19,19,19,70.8,87.339
2025,16,NOR,1,MEDIUM,20,20,20,69.0,87.512
2025,16,NOR,1,MEDIUM,21,21,21,67.2,87.462
2025,16,NOR,1,MEDIUM,22,22,22,65.4,87.709
2025,16,NOR,1,MEDIUM,23,23,23,63.6,87.563
2025,16,NOR,1,MEDIUM,24,24,24,61.8,87.775
2025,16,NOR,1,MEDIUM,25,25,25,60.0,87.683
2025,16,NOR,1,MEDIUM,26,26,26,58.2,87.77
2025,16,NOR,2,HARD,1,27,1,56.4,85.873
2025,16,NOR,2,HARD,2,28,2,54.6,85.807
2025,16,NOR,2,HARD,3,29,3,52.8,85.917
2025,16,NOR,2,HARD,4,30,4,51.0,85.992
2025,16,NOR,2,HARD,5,31,5,49.2,85.859
2025,16,NOR,2,HARD,6,32,6,47.4,86.001
2025,16,NOR,2,HARD,7,33,7,45.6,86.083
2025,16,NOR,2,HARD,8,34,8,43.8,86.15
2025,16,NOR,2,HARD,9,35,9,42.0,86.204
2025,16,NOR,2,HARD,10,36,10,40.2,86.266
2025,16,NOR,2,HARD,11,37,11,38.4,86.333
2025,16,NOR,2,HARD,12,38,12,36.6,86.369
2025,16,NOR,2,HARD,13,39,13,34.8,86.391
2025,16,NOR,2,HARD,14,40,14,33.0,86.302
2025,16,NOR,2,HARD,15,41,15,31.2,86.371
2025,16,NOR,2,HARD,16,42,16,29.4,86.51
2025,16,NOR,2,HARD,17,43,17,27.6,86.598
2025,16,NOR,2,HARD,18,44,18,25.8,86.668
2025,16,NOR,2,HARD,19,45,19,24.0,86.599
2025,16,NOR,2,HARD,20,46,20,22.2,86.512
2025,16,NOR,2,HARD,21,47,21,20.4,86.501
2025,16,NOR,2,HARD,22,48,22,18.6,86.667
2025,16,NOR,2,HARD,23,49,23,16.8,86.605
2025,16,NOR,2,HARD,24,50,24,15.0,86.78
2025,16,NOR,2,HARD,25,51,25,13.2,86.917
2025,16,NOR,2,HARD,26,52,26,11.4,86.94
2025,16,NOR,2,HARD,27,53,27,9.6,87.088
2025,16,PIA,1,MEDIUM,1,1,1,103.2,86.809
2025,16,PIA,1,MEDIUM,2,2,2,101.4,86.826
2025,16,PIA,1,MEDIUM,3,3,3,99.6,86.716
2025,16,PIA,1,MEDIUM,4,4,4,97.8,86.838
2025,16,PIA,1,MEDIUM,5,5,5,96.0,86.834
2025,16,PIA,1,MEDIUM,6,6,6,94.2,86.952
2025,16,PIA,1,MEDIUM,7,7,7,92.4,86.922
2025,16,PIA,1,MEDIUM,8,8,8,90.6,86.999
2025,16,PIA,1,MEDIUM,9,9,9,88.8,87.127
2025,16,PIA,1,MEDIUM,10,10,10,87.0,86.918
2025,16,PIA,1,MEDIUM,11,11,11,85.2,87.12
2025,16,PIA,1,MEDIUM,12,12,12,83.4,87.252
2025,16,PIA,1,MEDIUM,13,13,13,81.6,87.188
2025,16,PIA,1,MEDIUM,14,14,14,79.8,87.186
2025,16,PIA,1,MEDIUM,15,15,15,78.0,87.354
2025,16,PIA,1,MEDIUM,16,16,16,76.2,87.386
2025,16,PIA,1,MEDIUM,17,17,17,74.4,87.35
2025,16,PIA,1,MEDIUM,18,18,18,72.6,87.304
2025,16,PIA,1,MEDIUM,19,19,19,70.8,87.499
2025,16,PIA,1,MEDIUM,20,20,20,69.0,87.524
2025,16,PIA,1,MEDIUM,21,21,21,67.2,87.418
2025,16,PIA,1,MEDIUM,22,22,22,65.4,87.724
2025,16,PIA,1,MEDIUM,23,23,23,63.6,87.783
2025,16,PIA,1,MEDIUM,24,24,24,61.8,87.725
2025,16,PIA,1,MEDIUM,25,25,25,60.0,87.726
2025,16,PIA,1,MEDIUM,26,26,26,58.2,87.781
2025,16,PIA,2,HARD,1,27,1,56.4,85.902
2025,16,PIA,2,HARD,2,28,2,54.6,86.069
2025,16,PIA,2,HARD,3,29,3,52.8,86.002
2025,16,PIA,2,HARD,4,30,4,51.0,85.975
2025,16,PIA,2,HARD,5,31,5,49.2,85.941
2025,16,PIA,2,HARD,6,32,6,47.4,86.033
2025,16,PIA,2,HARD,7,33,7,45.6,86.081
2025,16,PIA,2,HARD,8,34,8,43.8,86.216
2025,16,PIA,2,HARD,9,35,9,42.0,86.1
2025,16,PIA,2,HARD,10,36,10,40.2,86.211
2025,16,PIA,2,HARD,11,37,11,38.4,86.326
2025,16,PIA,2,HARD,12,38,12,36.6,86.401
2025,16,PIA,2,HARD,13,39,13,34.8,86.329
2025,16,PIA,2,HARD,14,40,14,33.0,86.452
2025,16,PIA,2,HARD,15,41,15,31.2,86.461
2025,16,PIA,2,HARD,16,42,16,29.4,86.491
2025,16,PIA,2,HARD,17,43,17,27.6,86.595
2025,16,PIA,2,HARD,18,44,18,25.8,86.579
2025,16,PIA,2,HARD,19,45,19,24.0,86.616
2025,16,PIA,2,HARD,20,46,20,22.2,86.65
2025,16,PIA,2,HARD,21,47,21,20.4,86.851
2025,16,PIA,2,HARD,22,48,22,18.6,86.797
2025,16,PIA,2,HARD,23,49,23,16.8,86.866
2025,16,PIA,2,HARD,24,50,24,15.0,86.876
2025,16,PIA,2,HARD,25,51,25,13.2,86.882
2025,16,PIA,2,HARD,26,52,26,11.4,87.083
2025,16,PIA,2,HARD,27,53,27,9.6,87.054
2025,16,LEC,1,MEDIUM,1,1,1,103.2,86.895
2025,16,LEC,1,MEDIUM,2,2,2,101.4,86.794
2025,16,LEC,1,MEDIUM,3,3,3,99.6,86.921
2025,16,LEC,1,MEDIUM,4,4,4,97.8,86.789
2025,16,LEC,1,MEDIUM,5,5,5,96.0,87.062
2025,16,LEC,1,MEDIUM,6,6,6,94.2,86.901
2025,16,LEC,1,MEDIUM,7,7,7,92.4,87.104
2025,16,LEC,1,MEDIUM,8,8,8,90.6,86.961
2025,16,LEC,1,MEDIUM,9,9,9,88.8,87.249
2025,16,LEC,1,MEDIUM,10,10,10,87.0,87.165
2025,16,LEC,1,MEDIUM,11,11,11,85.2,87.289
2025,16,LEC,1,MEDIUM,12,12,12,83.4,87.267
2025,16,LEC,1,MEDIUM,13,13,13,81.6,87.209
2025,16,LEC,1,MEDIUM,14,14,14,79.8,87.456
2025,16,LEC,1,MEDIUM,15,15,15,78.0,87.385
2025,16,LEC,1,MEDIUM,16,16,16,76.2,87.274
2025,16,LEC,1,MEDIUM,17,17,17,74.4,87.474
2025,16,LEC,1,MEDIUM,18,18,18,72.6,87.704
2025,16,LEC,1,MEDIUM,19,19,19,70.8,87.607
2025,16,LEC,1,MEDIUM,20,20,20,69.0,87.636
2025,16,LEC,1,MEDIUM,21,21,21,67.2,87.631
2025,16,LEC,1,MEDIUM,22,22,22,65.4,87.847
2025,16,LEC,1,MEDIUM,23,23,23,63.6,87.692
2025,16,LEC,1,MEDIUM,24,24,24,61.8,87.823
2025,16,LEC,1,MEDIUM,25,25,25,60.0,88.041
2025,16,LEC,1,MEDIUM,26,26,26,58.2,87.881
2025,16,LEC,2,HARD,1,27,1,56.4,85.993
2025,16,LEC,2,HARD,2,28,2,54.6,86.156
2025,16,LEC,2,HARD,3,29,3,52.8,86.104
2025,16,LEC,2,HARD,4,30,4,51.0,86.065
2025,16,LEC,2,HARD,5,31,5,49.2,86.136
2025,16,LEC,2,HARD,6,32,6,47.4,86.204
2025,16,LEC,2,HARD,7,33,7,45.6,86.241
2025,16,LEC,2,HARD,8,34,8,43.8,86.187
2025,16,LEC,2,HARD,9,35,9,42.0,86.299
2025,16,LEC,2,HARD,10,36,10,40.2,86.43
2025,16,LEC,2,HARD,11,37,11,38.4,86.245
2025,16,LEC,2,HARD,12,38,12,36.6,86.328
2025,16,LEC,2,HARD,13,39,13,34.8,86.413
2025,16,LEC,2,HARD,14,40,14,33.0,86.555
2025,16,LEC,2,HARD,15,41,15,31.2,86.599
2025,16,LEC,2,HARD,16,42,16,29.4,86.541
2025,16,LEC,2,HARD,17,43,17,27.6,86.7
2025,16,LEC,2,HARD,18,44,18,25.8,86.74
2025,16,LEC,2,HARD,19,45,19,24.0,86.518
2025,16,LEC,2,HARD,20,46,20,22.2,86.654
2025,16,LEC,2,HARD,21,47,21,20.4,86.772
2025,16,LEC,2,HARD,22,48,22,18.6,86.949
2025,16,LEC,2,HARD,23,49,23,16.8,87.015
2025,16,LEC,2,HARD,24,50,24,15.0,86.932
2025,16,LEC,2,HARD,25,51,25,13.2,86.968
2025,16,LEC,2,HARD,26,52,26,11.4,87.221
2025,16,LEC,2,HARD,27,53,27,9.6,87.205
2025,16,RUS,1,MEDIUM,1,1,1,103.2,86.944
2025,16,RUS,1,MEDIUM,2,2,2,101.4,87.021
2025,16,RUS,1,MEDIUM,3,3,3,99.6,87.006
2025,16,RUS,1,MEDIUM,4,4,4,97.8,87.034
2025,16,RUS,1,MEDIUM,5,5,5,96.0,87.088
2025,16,RUS,1,MEDIUM,6,6,6,94.2,87.119
2025,16,RUS,1,MEDIUM,7,7,7,92.4,87.073
2025,16,RUS,1,MEDIUM,8,8,8,90.6,87.084
2025,16,RUS,1,MEDIUM,9,9,9,88.8,87.361
2025,16,RUS,1,MEDIUM,10,10,10,87.0,87.227
2025,16,RUS,1,MEDIUM,11,11,11,85.2,87.307
2025,16,RUS,1,MEDIUM,12,12,12,83.4,87.349
2025,16,RUS,1,MEDIUM,13,13,13,81.6,87.368
2025,16,RUS,1,MEDIUM,14,14,14,79.8,87.574
2025,16,RUS,1,MEDIUM,15,15,15,78.0,87.424
2025,16,RUS,1,MEDIUM,16,16,16,76.2,87.409
2025,16,RUS,1,MEDIUM,17,17,17,74.4,87.603
2025,16,RUS,1,MEDIUM,18,18,18,72.6,87.668
2025,16,RUS,1,MEDIUM,19,19,19,70.8,87.834
2025,16,RUS,1,MEDIUM,20,20,20,69.0,87.715
2025,16,RUS,1,MEDIUM,21,21,21,67.2,87.719
2025,16,RUS,1,MEDIUM,22,22,22,65.4,87.884
2025,16,RUS,1,MEDIUM,23,23,23,63.6,87.789
2025,16,RUS,1,MEDIUM,24,24,24,61.8,87.986
2025,16,RUS,1,MEDIUM,25,25,25,60.0,87.998
2025,16,RUS,1,MEDIUM,26,26,26,58.2,88.081
2025,16,RUS,2,HARD,1,27,1,56.4,86.039
2025,16,RUS,2,HARD,2,28,2,54.6,86.088
2025,16,RUS,2,HARD,3,29,3,52.8,86.163
2025,16,RUS,2,HARD,4,30,4,51.0,86.141
2025,16,RUS,2,HARD,5,31,5,49.2,86.176
2025,16,RUS,2,HARD,6,32,6,47.4,86.14
2025,16,RUS,2,HARD,7,33,7,45.6,86.335
2025,16,RUS,2,HARD,8,34,8,43.8,86.28
2025,16,RUS,2,HARD,9,35,9,42.0,86.401
2025,16,RUS,2,HARD,10,36,10,40.2,86.457
2025,16,RUS,2,HARD,11,37,11,38.4,86.49
2025,16,RUS,2,HARD,12,38,12,36.6,86.41
2025,16,RUS,2,HARD,13,39,13,34.8,86.472
2025,16,RUS,2,HARD,14,40,14,33.0,86.496
2025,16,RUS,2,HARD,15,41,15,31.2,86.636
2025,16,RUS,2,HARD,16,42,16,29.4,86.652
2025,16,RUS,2,HARD,17,43,17,27.6,86.739
2025,16,RUS,2,HARD,18,44,18,25.8,86.612
2025,16,RUS,2,HARD,19,45,19,24.0,86.791
2025,16,RUS,2,HARD,20,46,20,22.2,86.807
2025,16,RUS,2,HARD,21,47,21,20.4,86.908
2025,16,RUS,2,HARD,22,48,22,18.6,86.971
2025,16,RUS,2,HARD,23,49,23,16.8,87.01
2025,16,RUS,2,HARD,24,50,24,15.0,87.057
2025,16,RUS,2,HARD,25,51,25,13.2,87.361
2025,16,RUS,2,HARD,26,52,26,11.4,87.159
2025,16,RUS,2,HARD,27,53,27,9.6,87.359
2025,16,HAM,1,MEDIUM,1,1,1,103.2,87.295
2025,16,HAM,1,MEDIUM,2,2,2,101.4,87.326
2025,16,HAM,1,MEDIUM,3,3,3,99.6,87.466
2025,16,HAM,1,MEDIUM,4,4,4,97.8,87.434
2025,16,HAM,1,MEDIUM,5,5,5,96.0,87.491
2025,16,HAM,1,MEDIUM,6,6,6,94.2,87.389
2025,16,HAM,1,MEDIUM,7,7,7,92.4,87.483
2025,16,HAM,1,MEDIUM,8,8,8,90.6,87.531
2025,16,HAM,1,MEDIUM,9,9,9,88.8,87.473
2025,16,HAM,1,MEDIUM,10,10,10,87.0,87.578
2025,16,HAM,1,MEDIUM,11,11,11,85.2,87.59
2025,16,HAM,1,MEDIUM,12,12,12,83.4,87.64
2025,16,HAM,1,MEDIUM,13,13,13,81.6,87.653
2025,16,HAM,1,MEDIUM,14,14,14,79.8,87.754
2025,16,HAM,1,MEDIUM,15,15,15,78.0,88.069
2025,16,HAM,1,MEDIUM,16,16,16,76.2,87.892
2025,16,HAM,1,MEDIUM,17,17,17,74.4,87.998
2025,16,HAM,1,MEDIUM,18,18,18,72.6,88.08
2025,16,HAM,1,MEDIUM,19,19,19,70.8,87.928
2025,16,HAM,1,MEDIUM,20,20,20,69.0,88.053
2025,16,HAM,1,MEDIUM,21,21,21,67.2,88.219
2025,16,HAM,1,MEDIUM,22,22,22,65.4,88.327
2025,16,HAM,1,MEDIUM,23,23,23,63.6,88.362
2025,16,HAM,1,MEDIUM,24,24,24,61.8,88.355
2025,16,HAM,1,MEDIUM,25,25,25,60.0,88.565
2025,16,HAM,1,MEDIUM,26,26,26,58.2,88.508
2025,16,HAM,2,HARD,1,27,1,56.4,86.443
2025,16,HAM,2,HARD,2,28,2,54.6,86.618
2025,16,HAM,2,HARD,3,29,3,52.8,86.454
2025,16,HAM,2,HARD,4,30,4,51.0,86.579
2025,16,HAM,2,HARD,5,31,5,49.2,86.655
2025,16,HAM,2,HARD,6,32,6,47.4,86.5
2025,16,HAM,2,HARD,7,33,7,45.6,86.775
2025,16,HAM,2,HARD,8,34,8,43.8,86.684
2025,16,HAM,2,HARD,9,35,9,42.0,86.833
2025,16,HAM,2,HARD,10,36,10,40.2,86.757
2025,16,HAM,2,HARD,11,37,11,38.4,86.834
2025,16,HAM,2,HARD,12,38,12,36.6,86.965
2025,16,HAM,2,HARD,13,39,13,34.8,86.983
2025,16,HAM,2,HARD,14,40,14,33.0,86.99
2025,16,HAM,2,HARD,15,41,15,31.2,86.984
2025,16,HAM,2,HARD,16,42,16,29.4,87.198
2025,16,HAM,2,HARD,17,43,17,27.6,87.149
2025,16,HAM,2,HARD,18,44,18,25.8,87.206
2025,16,HAM,2,HARD,19,45,19,24.0,87.209
2025,16,HAM,2,HARD,20,46,20,22.2,87.317
2025,16,HAM,2,HARD,21,47,21,20.4,87.218
2025,16,HAM,2,HARD,22,48,22,18.6,87.424
2025,16,HAM,2,HARD,23,49,23,16.8,87.477
2025,16,HAM,2,HARD,24,50,24,15.0,87.469
2025,16,HAM,2,HARD,25,51,25,13.2,87.381
2025,16,HAM,2,HARD,26,52,26,11.4,87.662
2025,16,HAM,2,HARD,27,53,27,9.6,87.703
2025,17,VER,1,MEDIUM,1,1,1,103.2,86.517
2025,17,VER,1,MEDIUM,2,2,2,101.4,86.674
2025,17,VER,1,MEDIUM,3,3,3,99.6,86.599
2025,17,VER,1,MEDIUM,4,4,4,97.8,86.913
2025,17,VER,1,MEDIUM,5,5,5,96.0,86.631
2025,17,VER,1,MEDIUM,6,6,6,94.2,86.821
2025,17,VER,1,MEDIUM,7,7,7,92.4,86.757
2025,17,VER,1,MEDIUM,8,8,8,90.6,86.89
2025,17,VER,1,MEDIUM,9,9,9,88.8,87.024
2025,17,VER,1,MEDIUM,10,10,10,87.0,86.866
2025,17,VER,1,MEDIUM,11,11,11,85.2,86.896
2025,17,VER,1,MEDIUM,12,12,12,83.4,87.049
2025,17,VER,1,MEDIUM,13,13,13,81.6,87.089
2025,17,VER,1,MEDIUM,14,14,14,79.8,87.287
2025,17,VER,1,MEDIUM,15,15,15,78.0,87.084
2025,17,VER,1,MEDIUM,16,16,16,76.2,87.281
2025,17,VER,1,MEDIUM,17,17,17,74.4,87.141
2025,17,VER,1,MEDIUM,18,18,18,72.6,87.305
2025,17,VER,1,MEDIUM,19,19,19,70.8,87.291
2025,17,VER,1,MEDIUM,20,20,20,69.0,87.422
2025,17,VER,1,MEDIUM,21,21,21,67.2,87.473
2025,17,VER,1,MEDIUM,22,22,22,65.4,87.643
2025,17,VER,1,MEDIUM,23,23,23,63.6,87.69
2025,17,VER,1,MEDIUM,24,24,24,61.8,87.579
2025,17,VER,1,MEDIUM,25,25,25,60.0,87.633
2025,17,VER,2,HARD,1,26,1,58.2,85.867
2025,17,VER,2,HARD,2,27,2,56.4,85.862
2025,17,VER,2,HARD,3,28,3,54.6,85.837
2025,17,VER,2,HARD,4,29,4,52.8,85.8
2025,17,VER,2,HARD,5,30,5,51.0,85.944
2025,17,VER,2,HARD,6,31,6,49.2,86.074
2025,17,VER,2,HARD,7,32,7,47.4,85.808
2025,17,VER,2,HARD,8,33,8,45.6,86.049
2025,17,VER,2,HARD,9,34,9,43.8,85.918
2025,17,VER,2,HARD,10,35,10,42.0,86.15
2025,17,VER,2,HARD,11,36,11,40.2,86.075
2025,17,VER,2,HARD,12,37,12,38.4,86.167
2025,17,VER,2,HARD,13,38,13,36.6,86.275
2025,17,VER,2,HARD,14,39,14,34.8,86.376
2025,17,VER,2,HARD,15,40,15,33.0,86.413
2025,17,VER,2,HARD,16,41,16,31.2,86.338
2025,17,VER,2,HARD,17,42,17,29.4,86.44
2025,17,VER,2,HARD,18,43,18,27.6,86.406
2025,17,VER,2,HARD,19,44,19,25.8,86.484
2025,17,VER,2,HARD,20,45,20,24.0,86.63
2025,17,VER,2,HARD,21,46,21,22.2,86.66
2025,17,VER,2,HARD,22,47,22,20.4,86.733
2025,17,VER,2,HARD,23,48,23,18.6,86.782
2025,17,VER,2,HARD,24,49,24,16.8,86.827
2025,17,VER,2,HARD,25,50,25,15.0,86.898
2025,17,VER,2,HARD,26,51,26,13.2,86.894
2025,17,SAI,1,MEDIUM,1,1,1,103.2,86.66
2025,17,SAI,1,MEDIUM,2,2,2,101.4,86.728
2025,17,SAI,1,MEDIUM,3,3,3,99.6,86.657
2025,17,SAI,1,MEDIUM,4,4,4,97.8,86.723
2025,17,SAI,1,MEDIUM,5,5,5,96.0,86.877
2025,17,SAI,1,MEDIUM,6,6,6,94.2,86.874
2025,17,SAI,1,MEDIUM,7,7,7,92.4,86.887
2025,17,SAI,1,MEDIUM,8,8,8,90.6,86.796
2025,17,SAI,1,MEDIUM,9,9,9,88.8,86.955
2025,17,SAI,1,MEDIUM,10,10,10,87.0,86.962
2025,17,SAI,1,MEDIUM,11,11,11,85.2,87.126
2025,17,SAI,1,MEDIUM,12,12,12,83.4,87.171
2025,17,SAI,1,MEDIUM,13,13,13,81.6,87.272
2025,17,SAI,1,MEDIUM,14,14,14,79.8,87.182
2025,17,SAI,1,MEDIUM,15,15,15,78.0,87.188
2025,17,SAI,1,MEDIUM,16,16,16,76.2,87.327
2025,17,SAI,1,MEDIUM,17,17,17,74.4,87.365
2025,17,SAI,1,MEDIUM,18,18,18,72.6,87.391
2025,17,SAI,1,MEDIUM,19,19,19,70.8,87.479
2025,17,SAI,1,MEDIUM,20,20,20,69.0,87.442
2025,17,SAI,1,MEDIUM,21,21,21,67.2,87.499
2025,17,SAI,1,MEDIUM,22,22,22,65.4,87.566
2025,17,SAI,1,MEDIUM,23,23,23,63.6,87.575
2025,17,SAI,1,MEDIUM,24,24,24,61.8,87.756
2025,17,SAI,1,MEDIUM,25,25,25,60.0,87.657
2025,17,SAI,2,HARD,1,26,1,58.2,85.91
2025,17,SAI,2,HARD,2,27,2,56.4,85.912
2025,17,SAI,2,HARD,3,28,3,54.6,85.839
2025,17,SAI,2,HARD,4,29,4,52.8,86.012
2025,17,SAI,2,HARD,5,30,5,51.0,85.913
2025,17,SAI,2,HARD,6,31,6,49.2,86.005
2025,17,SAI,2,HARD,7,32,7,47.4,86.085
2025,17,SAI,2,HARD,8,33,8,45.6,86.182
2025,17,SAI,2,HARD,9,34,9,43.8,86.164
2025,17,SAI,2,HARD,10,35,10,42.0,86.095
2025,17,SAI,2,HARD,11,36,11,40.2,86.252
2025,17,SAI,2,HARD,12,37,12,38.4,86.352
2025,17,SAI,2,HARD,13,38,13,36.6,86.306
2025,17,SAI,2,HARD,14,39,14,34.8,86.356
2025,17,SAI,2,HARD,15,40,15,33.0,86.393
2025,17,SAI,2,HARD,16,41,16,31.2,86.524
2025,17,SAI,2,HARD,17,42,17,29.4,86.518
2025,17,SAI,2,HARD,18,43,18,27.6,86.577
2025,17,SAI,2,HARD,19,44,19,25.8,86.782
2025,17,SAI,2,HARD,20,45,20,24.0,86.616
2025,17,SAI,2,HARD,21,46,21,22.2,86.765
2025,17,SAI,2,HARD,22,47,22,20.4,86.752
2025,17,SAI,2,HARD,23,48,23,18.6,86.919
2025,17,SAI,2,HARD,24,49,24,16.8,86.76
2025,17,SAI,2,HARD,25,50,25,15.0,86.964
2025,17,SAI,2,HARD,26,51,26,13.2,86.957
2025,17,LAW,1,MEDIUM,1,1,1,103.2,86.795
2025,17,LAW,1,MEDIUM,2,2,2,101.4,86.705
2025,17,LAW,1,MEDIUM,3,3,3,99.6,86.799
2025,17,LAW,1,MEDIUM,4,4,4,97.8,86.911
2025,17,LAW,1,MEDIUM,5,5,5,96.0,86.919
2025,17,LAW,1,MEDIUM,6,6,6,94.2,87.036
2025,17,LAW,1,MEDIUM,7,7,7,92.4,86.859
2025,17,LAW,1,MEDIUM,8,8,8,90.6,86.973
2025,17,LAW,1,MEDIUM,9,9,9,88.8,87.127
2025,17,LAW,1,MEDIUM,10,10,10,87.0,87.075
2025,17,LAW,1,MEDIUM,11,11,11,85.2,87.036
2025,17,LAW,1,MEDIUM,12,12,12,83.4,87.15
2025,17,LAW,1,MEDIUM,13,13,13,81.6,87.28
2025,17,LAW,1,MEDIUM,14,14,14,79.8,87.323
2025,17,LAW,1,MEDIUM,15,15,15,78.0,87.264
2025,17,LAW,1,MEDIUM,16,16,16,76.2,87.596
2025,17,LAW,1,MEDIUM,17,17,17,74.4,87.346
2025,17,LAW,1,MEDIUM,18,18,18,72.6,87.453
2025,17,LAW,1,MEDIUM,19,19,19,70.8,87.553
2025,17,LAW,1,MEDIUM,20,20,20,69.0,87.588
2025,17,LAW,1,MEDIUM,21,21,21,67.2,87.571
2025,17,LAW,1,MEDIUM,22,22,22,65.4,87.648
2025,17,LAW,1,MEDIUM,23,23,23,63.6,87.678
2025,17,LAW,1,MEDIUM,24,24,24,61.8,87.745
2025,17,LAW,1,MEDIUM,25,25,25,60.0,87.797
2025,17,LAW,2,HARD,1,26,1,58.2,85.888
2025,17,LAW,2,HARD,2,27,2,56.4,85.938
2025,17,LAW,2,HARD,3,28,3,54.6,86.128
2025,17,LAW,2,HARD,4,29,4,52.8,86.062
2025,17,LAW,2,HARD,5,30,5,51.0,86.169
2025,17,LAW,2,HARD,6,31,6,49.2,86.093
2025,17,LAW,2,HARD,7,32,7,47.4,86.187
2025,17,LAW,2,HARD,8,33,8,45.6,86.132
2025,17,LAW,2,HARD,9,34,9,43.8,86.237
2025,17,LAW,2,HARD,10,35,10,42.0,86.313
2025,17,LAW,2,HARD,11,36,11,40.2,86.258
2025,17,LAW,2,HARD,12,37,12,38.4,86.317
2025,17,LAW,2,HARD,13,38,13,36.6,86.338
2025,17,LAW,2,HARD,14,39,14,34.8,86.397
2025,17,LAW,2,HARD,15,40,15,33.0,86.547
2025,17,LAW,2,HARD,16,41,16,31.2,86.489
2025,17,LAW,2,HARD,17,42,17,29.4,86.71
2025,17,LAW,2,HARD,18,43,18,27.6,86.569
2025,17,LAW,2,HARD,19,44,19,25.8,86.684
2025,17,LAW,2,HARD,20,45,20,24.0,86.635
2025,17,LAW,2,HARD,21,46,21,22.2,86.85
2025,17,LAW,2,HARD,22,47,22,20.4,86.809
2025,17,LAW,2,HARD,23,48,23,18.6,86.815
2025,17,LAW,2,HARD,24,49,24,16.8,86.881
2025,17,LAW,2,HARD,25,50,25,15.0,87.055
2025,17,LAW,2,HARD,26,51,26,13.2,87.164
2025,17,ANT,1,MEDIUM,1,1,1,103.2,86.854
2025,17,ANT,1,MEDIUM,2,2,2,101.4,86.886
2025,17,ANT,1,MEDIUM,3,3,3,99.6,86.994
2025,17,ANT,1,MEDIUM,4,4,4,97.8,86.947
2025,17,ANT,1,MEDIUM,5,5,5,96.0,86.89
2025,17,ANT,1,MEDIUM,6,6,6,94.2,87.014
2025,17,ANT,1,MEDIUM,7,7,7,92.4,86.997
2025,17,ANT,1,MEDIUM,8,8,8,90.6,87.146
2025,17,ANT,1,MEDIUM,9,9,9,88.8,87.17
2025,17,ANT,1,MEDIUM,10,10,10,87.0,87.301
2025,17,ANT,1,MEDIUM,11,11,11,85.2,87.253
2025,17,ANT,1,MEDIUM,12,12,12,83.4,87.378
2025,17,ANT,1,MEDIUM,13,13,13,81.6,87.252
2025,17,ANT,1,MEDIUM,14,14,14,79.8,87.399
2025,17,ANT,1,MEDIUM,15,15,15,78.0,87.471
2025,17,ANT,1,MEDIUM,16,16,16,76.2,87.488
2025,17,ANT,1,MEDIUM,17,17,17,74.4,87.47
2025,17,ANT,1,MEDIUM,18,18,18,72.6,87.536
2025,17,ANT,1,MEDIUM,19,19,19,70.8,87.723
2025,17,ANT,1,MEDIUM,20,20,20,69.0,87.771
2025,17,ANT,1,MEDIUM,21,21,21,67.2,87.812
2025,17,ANT,1,MEDIUM,22,22,22,65.4,87.594
2025,17,ANT,1,MEDIUM,23,23,23,63.6,87.753
2025,17,ANT,1,MEDIUM,24,24,24,61.8,88.074
2025,17,ANT,1,MEDIUM,25,25,25,60.0,87.93
2025,17,ANT,2,HARD,1,26,1,58.2,86.124
2025,17,ANT,2,HARD,2,27,2,56.4,86.219
2025,17,ANT,2,HARD,3,28,3,54.6,86.127
2025,17,ANT,2,HARD,4,29,4,52.8,86.21
2025,17,ANT,2,HARD,5,30,5,51.0,86.173
2025,17,ANT,2,HARD,6,31,6,49.2,86.236
2025,17,ANT,2,HARD,7,32,7,47.4,86.282
2025,17,ANT,2,HARD,8,33,8,45.6,86.387
2025,17,ANT,2,HARD,9,34,9,43.8,86.312
2025,17,ANT,2,HARD,10,35,10,42.0,86.425
2025,17,ANT,2,HARD,11,36,11,40.2,86.357
2025,17,ANT,2,HARD,12,37,12,38.4,86.522
2025,17,ANT,2,HARD,13,38,13,36.6,86.729
2025,17,ANT,2,HARD,14,39,14,34.8,86.591
2025,17,ANT,2,HARD,15,40,15,33.0,86.807
2025,17,ANT,2,HARD,16,41,16,31.2,86.651
2025,17,ANT,2,HARD,17,42,17,29.4,86.612
2025,17,ANT,2,HARD,18,43,18,27.6,86.622
2025,17,ANT,2,HARD,19,44,19,25.8,86.765
2025,17,ANT,2,HARD,20,45,20,24.0,86.82
2025,17,ANT,2,HARD,21,46,21,22.2,86.945
2025,17,ANT,2,HARD,22,47,22,20.4,86.784
2025,17,ANT,2,HARD,23,48,23,18.6,86.896
2025,17,ANT,2,HARD,24,49,24,16.8,87.104
2025,17,ANT,2,HARD,25,50,25,15.0,86.939
2025,17,ANT,2,HARD,26,51,26,13.2,87.098
2025,17,RUS,1,MEDIUM,1,1,1,103.2,86.955
2025,17,RUS,1,MEDIUM,2,2,2,101.4,86.909
2025,17,RUS,1,MEDIUM,3,3,3,99.6,86.926
2025,17,RUS,1,MEDIUM,4,4,4,97.8,86.969
2025,17,RUS,1,MEDIUM,5,5,5,96.0,87.12
2025,17,RUS,1,MEDIUM,6,6,6,94.2,87.0
2025,17,RUS,1,MEDIUM,7,7,7,92.4,87.183
2025,17,RUS,1,MEDIUM,8,8,8,90.6,87.122
2025,17,RUS,1,MEDIUM,9,9,9,88.8,87.241
2025,17,RUS,1,MEDIUM,10,10,10,87.0,87.276
2025,17,RUS,1,MEDIUM,11,11,11,85.2,87.295
2025,17,RUS,1,MEDIUM,12,12,12,83.4,87.259
2025,17,RUS,1,MEDIUM,13,13,13,81.6,87.339
2025,17,RUS,1,MEDIUM,14,14,14,79.8,87.501
2025,17,RUS,1,MEDIUM,15,15,15,78.0,87.486
2025,17,RUS,1,MEDIUM,16,16,16,76.2,87.587
2025,17,RUS,1,MEDIUM,17,17,17,74.4,87.544
2025,17,RUS,1,MEDIUM,18,18,18,72.6,87.621
2025,17,RUS,1,MEDIUM,19,19,19,70.8,87.545
2025,17,RUS,1,MEDIUM,20,20,20,69.0,87.78
2025,17,RUS,1,MEDIUM,21,21,21,67.2,87.826
2025,17,RUS,1,MEDIUM,22,22,22,65.4,87.813
2025,17,RUS,1,MEDIUM,23,23,23,63.6,87.922
2025,17,RUS,1,MEDIUM,24,24,24,61.8,87.861
2025,17,RUS,1,MEDIUM,25,25,25,60.0,87.958
2025,17,RUS,2,HARD,1,26,1,58.2,86.159
2025,17,RUS,2,HARD,2,27,2,56.4,86.218
2025,17,RUS,2,HARD,3,28,3,54.6,86.121
2025,17,RUS,2,HARD,4,29,4,52.8,86.259
2025,17,RUS,2,HARD,5,30,5,51.0,86.083
2025,17,RUS,2,HARD,6,31,6,49.2,86.15
2025,17,RUS,2,HARD,7,32,7,47.4,86.369
2025,17,RUS,2,HARD,8,33,8,45.6,86.412
2025,17,RUS,2,HARD,9,34,9,43.8,86.386
2025,17,RUS,2,HARD,10,35,10,42.0,86.51
2025,17,RUS,2,HARD,11,36,11,40.2,86.405
2025,17,RUS,2,HARD,12,37,12,38.4,86.537
2025,17,RUS,2,HARD,13,38,13,36.6,86.648
2025,17,RUS,2,HARD,14,39,14,34.8,86.542
2025,17,RUS,2,HARD,15,40,15,33.0,86.66
2025,17,RUS,2,HARD,16,41,16,31.2,86.705
2025,17,RUS,2,HARD,17,42,17,29.4,86.693
2025,17,RUS,2,HARD,18,43,18,27.6,86.744
2025,17,RUS,2,HARD,19,44,19,25.8,87.038
2025,17,RUS,2,HARD,20,45,20,24.0,87.147
2025,17,RUS,2,HARD,21,46,21,22.2,86.863
2025,17,RUS,2,HARD,22,47,22,20.4,86.985
2025,17,RUS,2,HARD,23,48,23,18.6,87.087
2025,17,RUS,2,HARD,24,49,24,16.8,87.158
2025,17,RUS,2,HARD,25,50,25,15.0,87.132
2025,17,RUS,2,HARD,26,51,26,13.2,87.177
2025,17,TSU,1,MEDIUM,1,1,1,103.2,86.969
2025,17,TSU,1,MEDIUM,2,2,2,101.4,86.937
2025,17,TSU,1,MEDIUM,3,3,3,99.6,87.008
2025,17,TSU,1,MEDIUM,4,4,4,97.8,87.144
2025,17,TSU,1,MEDIUM,5,5,5,96.0,87.112
2025,17,TSU,1,MEDIUM,6,6,6,94.2,87.073
2025,17,TSU,1,MEDIUM,7,7,7,92.4,87.257
2025,17,TSU,1,MEDIUM,8,8,8,90.6,87.369
2025,17,TSU,1,MEDIUM,9,9,9,88.8,87.348
2025,17,TSU,1,MEDIUM,10,10,10,87.0,87.264
2025,17,TSU,1,MEDIUM,11,11,11,85.2,87.478
2025,17,TSU,1,MEDIUM,12,12,12,83.4,87.452
2025,17,TSU,1,MEDIUM,13,13,13,81.6,87.481
2025,17,TSU,1,MEDIUM,14,14,14,79.8,87.376
2025,17,TSU,1,MEDIUM,15,15,15,78.0,87.529
2025,17,TSU,1,MEDIUM,16,16,16,76.2,87.553
2025,17,TSU,1,MEDIUM,17,17,17,74.4,87.663
2025,17,TSU,1,MEDIUM,18,18,18,72.6,87.735
2025,17,TSU,1,MEDIUM,19,19,19,70.8,87.739
2025,17,TSU,1,MEDIUM,20,20,20,69.0,87.761
2025,17,TSU,1,MEDIUM,21,21,21,67.2,87.896
2025,17,TSU,1,MEDIUM,22,22,22,65.4,87.861
2025,17,TSU,1,MEDIUM,23,23,23,63.6,87.955
2025,17,TSU,1,MEDIUM,24,24,24,61.8,88.056
2025,17,TSU,1,MEDIUM,25,25,25,60.0,87.984
2025,17,TSU,2,HARD,1,26,1,58.2,86.293
2025,17,TSU,2,HARD,2,27,2,56.4,86.144
2025,17,TSU,2,HARD,3,28,3,54.6,86.167
2025,17,TSU,2,HARD,4,29,4,52.8,86.227
2025,17,TSU,2,HARD,5,30,5,51.0,86.309
2025,17,TSU,2,HARD,6,31,6,49.2,86.453
2025,17,TSU,2,HARD,7,32,7,47.4,86.47
2025,17,TSU,2,HARD,8,33,8,45.6,86.4
2025,17,TSU,2,HARD,9,34,9,43.8,86.398
2025,17,TSU,2,HARD,10,35,10,42.0,86.493
2025,17,TSU,2,HARD,11,36,11,40.2,86.686
2025,17,TSU,2,HARD,12,37,12,38.4,86.56
2025,17,TSU,2,HARD,13,38,13,36.6,86.499
2025,17,TSU,2,HARD,14,39,14,34.8,86.684
2025,17,TSU,2,HARD,15,40,15,33.0,86.822
2025,17,TSU,2,HARD,16,41,16,31.2,86.864
2025,17,TSU,2,HARD,17,42,17,29.4,86.795
2025,17,TSU,2,HARD,18,43,18,27.6,86.726
2025,17,TSU,2,HARD,19,44,19,25.8,86.987
2025,17,TSU,2,HARD,20,45,20,24.0,86.983
2025,17,TSU,2,HARD,21,46,21,22.2,87.132
2025,17,TSU,2,HARD,22,47,22,20.4,86.983
2025,17,TSU,2,HARD,23,48,23,18.6,87.009
2025,17,TSU,2,HARD,24,49,24,16.8,87.258
2025,17,TSU,2,HARD,25,50,25,15.0,87.298
2025,17,TSU,2,HARD,26,51,26,13.2,87.134
2025,18,RUS,1,MEDIUM,1,1,1,103.2,86.529
2025,18,RUS,1,MEDIUM,2,2,2,101.4,86.523
2025,18,RUS,1,MEDIUM,3,3,3,99.6,86.665
2025,18,RUS,1,MEDIUM,4,4,4,97.8,86.661
2025,18,RUS,1,MEDIUM,5,5,5,96.0,86.655
2025,18,RUS,1,MEDIUM,6,6,6,94.2,86.591
2025,18,RUS,1,MEDIUM,7,7,7,92.4,86.885
2025,18,RUS,1,MEDIUM,8,8,8,90.6,86.851
2025,18,RUS,1,MEDIUM,9,9,9,88.8,86.925
2025,18,RUS,1,MEDIUM,10,10,10,87.0,86.878
2025,18,RUS,1,MEDIUM,11,11,11,85.2,87.143
2025,18,RUS,1,MEDIUM,12,12,12,83.4,87.078
2025,18,RUS,1,MEDIUM,13,13,13,81.6,87.042
2025,18,RUS,1,MEDIUM,14,14,14,79.8,87.171
2025,18,RUS,1,MEDIUM,15,15,15,78.0,87.21
2025,18,RUS,1,MEDIUM,16,16,16,76.2,87.169
2025,18,RUS,1,MEDIUM,17,17,17,74.4,87.401
2025,18,RUS,1,MEDIUM,18,18,18,72.6,87.427
2025,18,RUS,1,MEDIUM,19,19,19,70.8,87.37
2025,18,RUS,1,MEDIUM,20,20,20,69.0,87.266
2025,18,RUS,1,MEDIUM,21,21,21,67.2,87.426
2025,18,RUS,1,MEDIUM,22,22,22,65.4,87.395
2025,18,RUS,1,MEDIUM,23,23,23,63.6,87.512
2025,18,RUS,1,MEDIUM,24,24,24,61.8,87.712
2025,18,RUS,1,MEDIUM,25,25,25,60.0,87.81
2025,18,RUS,1,MEDIUM,26,26,26,58.2,87.637
2025,18,RUS,1,MEDIUM,27,27,27,56.4,87.897
2025,18,RUS,2,HARD,1,28,1,54.6,85.734
2025,18,RUS,2,HARD,2,29,2,52.8,85.647
2025,18,RUS,2,HARD,3,30,3,51.0,85.731
2025,18,RUS,2,HARD,4,31,4,49.2,85.692
2025,18,RUS,2,HARD,5,32,5,47.4,85.737
2025,18,RUS,2,HARD,6,33,6,45.6,85.93
2025,18,RUS,2,HARD,7,34,7,43.8,85.903
2025,18,RUS,2,HARD,8,35,8,42.0,85.992
2025,18,RUS,2,HARD,9,36,9,40.2,86.049
2025,18,RUS,2,HARD,10,37,10,38.4,86.107
2025,18,RUS,2,HARD,11,38,11,36.6,85.901
2025,18,RUS,2,HARD,12,39,12,34.8,86.103
2025,18,RUS,2,HARD,13,40,13,33.0,86.141
2025,18,RUS,2,HARD,14,41,14,31.2,86.199
2025,18,RUS,2,HARD,15,42,15,29.4,86.17
2025,18,RUS,2,HARD,16,43,16,27.6,86.287
2025,18,RUS,2,HARD,17,44,17,25.8,86.436
2025,18,RUS,2,HARD,18,45,18,24.0,86.488
2025,18,RUS,2,HARD,19,46,19,22.2,86.591
2025,18,RUS,2,HARD,20,47,20,20.4,86.531
2025,18,RUS,2,HARD,21,48,21,18.6,86.729
2025,18,RUS,2,HARD,22,49,22,16.8,86.754
2025,18,RUS,2,HARD,23,50,23,15.0,86.622
2025,18,RUS,2,HARD,24,51,24,13.2,86.844
2025,18,RUS,2,HARD,25,52,25,11.4,86.724
2025,18,RUS,2,HARD,26,53,26,9.6,86.783
2025,18,RUS,2,HARD,27,54,27,7.8,86.757
2025,18,RUS,2,HARD,28,55,28,6.0,86.853
2025,18,VER,1,MEDIUM,1,1,1,103.2,86.775
2025,18,VER,1,MEDIUM,2,2,2,101.4,86.789
2025,18,VER,1,MEDIUM,3,3,3,99.6,86.685
2025,18,VER,1,MEDIUM,4,4,4,97.8,86.782
2025,18,VER,1,MEDIUM,5,5,5,96.0,86.784
2025,18,VER,1,MEDIUM,6,6,6,94.2,86.862
2025,18,VER,1,MEDIUM,7,7,7,92.4,86.854
2025,18,VER,1,MEDIUM,8,8,8,90.6,87.024
2025,18,VER,1,MEDIUM,9,9,9,88.8,87.077
2025,18,VER,1,MEDIUM,10,10,10,87.0,86.992
2025,18,VER,1,MEDIUM,11,11,11,85.2,87.082
2025,18,VER,1,MEDIUM,12,12,12,83.4,87.07
2025,18,VER,1,MEDIUM,13,13,13,81.6,87.145
2025,18,VER,1,MEDIUM,14,14,14,79.8,87.239
2025,18,VER,1,MEDIUM,15,15,15,78.0,87.163
2025,18,VER,1,MEDIUM,16,16,16,76.2,87.095
2025,18,VER,1,MEDIUM,17,17,17,74.4,87.343
2025,18,VER,1,MEDIUM,18,18,18,72.6,87.31
2025,18,VER,1,MEDIUM,19,19,19,70.8,87.493
2025,18,VER,1,MEDIUM,20,20,20,69.0,87.567
2025,18,VER,1,MEDIUM,21,21,21,67.2,87.496
2025,18,VER,1,MEDIUM,22,22,22,65.4,87.594
2025,18,VER,1,MEDIUM,23,23,23,63.6,87.75
2025,18,VER,1,MEDIUM,24,24,24,61.8,87.613
2025,18,VER,1,MEDIUM,25,25,25,60.0,87.806
2025,18,VER,1,MEDIUM,26,26,26,58.2,87.868
2025,18,VER,1,MEDIUM,27,27,27,56.4,87.881
2025,18,VER,2,HARD,1,28,1,54.6,85.872
2025,18,VER,2,HARD,2,29,2,52.8,85.732
2025,18,VER,2,HARD,3,30,3,51.0,85.803
2025,18,VER,2,HARD,4,31,4,49.2,85.911
2025,18,VER,2,HARD,5,32,5,47.4,85.866
2025,18,VER,2,HARD,6,33,6,45.6,86.014
2025,18,VER,2,HARD,7,34,7,43.8,85.957
2025,18,VER,2,HARD,8,35,8,42.0,85.982
2025,18,VER,2,HARD,9,36,9,40.2,85.999
2025,18,VER,2,HARD,10,37,10,38.4,86.184
2025,18,VER,2,HARD,11,38,11,36.6,86.045
2025,18,VER,2,HARD,12,39,12,34.8,86.092
2025,18,VER,2,HARD,13,40,13,33.0,86.095
2025,18,VER,2,HARD,14,41,14,31.2,86.452
2025,18,VER,2,HARD,15,42,15,29.4,86.355
2025,18,VER,2,HARD,16,43,16,27.6,86.504
2025,18,VER,2,HARD,17,44,17,25.8,86.541
2025,18,VER,2,HARD,18,45,18,24.0,86.546
2025,18,VER,2,HARD,19,46,19,22.2,86.335
2025,18,VER,2,HARD,20,47,20,20.4,86.596
2025,18,VER,2,HARD,21,48,21,18.6,86.607
2025,18,VER,2,HARD,22,49,22,16.8,86.841
2025,18,VER,2,HARD,23,50,23,15.0,86.871
2025,18,VER,2,HARD,24,51,24,13.2,86.744
2025,18,VER,2,HARD,25,52,25,11.4,86.924
2025,18,VER,2,HARD,26,53,26,9.6,86.977
2025,18,VER,2,HARD,27,54,27,7.8,86.96
2025,18,VER,2,HARD,28,55,28,6.0,87.009
2025,18,PIA,1,MEDIUM,1,1,1,103.2,86.914
2025,18,PIA,1,MEDIUM,2,2,2,101.4,86.761
2025,18,PIA,1,MEDIUM,3,3,3,99.6,86.893
2025,18,PIA,1,MEDIUM,4,4,4,97.8,86.912
2025,18,PIA,1,MEDIUM,5,5,5,96.0,86.951
2025,18,PIA,1,MEDIUM,6,6,6,94.2,87.128
2025,18,PIA,1,MEDIUM,7,7,7,92.4,86.933
2025,18,PIA,1,MEDIUM,8,8,8,90.6,87.039
2025,18,PIA,1,MEDIUM,9,9,9,88.8,87.139
2025,18,PIA,1,MEDIUM,10,10,10,87.0,87.248
2025,18,PIA,1,MEDIUM,11,11,11,85.2,87.209
2025,18,PIA,1,MEDIUM,12,12,12,83.4,87.23
2025,18,PIA,1,MEDIUM,13,13,13,81.6,87.208
2025,18,PIA,1,MEDIUM,14,14,14,79.8,87.234
2025,18,PIA,1,MEDIUM,15,15,15,78.0,87.317
2025,18,PIA,1,MEDIUM,16,16,16,76.2,87.331
2025,18,PIA,1,MEDIUM,17,17,17,74.4,87.339
2025,18,PIA,1,MEDIUM,18,18,18,72.6,87.478
2025,18,PIA,1,MEDIUM,19,19,19,70.8,87.486
2025,18,PIA,1,MEDIUM,20,20,20,69.0,87.58
2025,18,PIA,1,MEDIUM,21,21,21,67.2,87.667
2025,18,PIA,1,MEDIUM,22,22,22,65.4,87.649
2025,18,PIA,1,MEDIUM,23,23,23,63.6,87.698
2025,18,PIA,1,MEDIUM,24,24,24,61.8,87.573
2025,18,PIA,1,MEDIUM,25,25,25,60.0,87.691
2025,18,PIA,1,MEDIUM,26,26,26,58.2,87.802
2025,18,PIA,1,MEDIUM,27,27,27,56.4,87.935
2025,18,PIA,2,HARD,1,28,1,54.6,85.913
2025,18,PIA,2,HARD,2,29,2,52.8,85.864
2025,18,PIA,2,HARD,3,30,3,51.0,85.825
2025,18,PIA,2,HARD,4,31,4,49.2,85.997
2025,18,PIA,2,HARD,5,32,5,47.4,86.134
2025,18,PIA,2,HARD,6,33,6,45.6,86.069
2025,18,PIA,2,HARD,7,34,7,43.8,86.216
2025,18,PIA,2,HARD,8,35,8,42.0,86.253
2025,18,PIA,2,HARD,9,36,9,40.2,86.135
2025,18,PIA,2,HARD,10,37,10,38.4,86.232
2025,18,PIA,2,HARD,11,38,11,36.6,86.271
2025,18,PIA,2,HARD,12,39,12,34.8,86.221
2025,18,PIA,2,HARD,13,40,13,33.0,86.293
2025,18,PIA,2,HARD,14,41,14,31.2,86.336
2025,18,PIA,2,HARD,15,42,15,29.4,86.42
2025,18,PIA,2,HARD,16,43,16,27.6,86.306
2025,18,PIA,2,HARD,17,44,17,25.8,86.427
2025,18,PIA,2,HARD,18,45,18,24.0,86.489
2025,18,PIA,2,HARD,19,46,19,22.2,86.628
2025,18,PIA,2,HARD,20,47,20,20.4,86.528
2025,18,PIA,2,HARD,21,48,21,18.6,86.749
2025,18,PIA,2,HARD,22,49,22,16.8,86.681
2025,18,PIA,2,HARD,23,50,23,15.0,86.728
2025,18,PIA,2,HARD,24,51,24,13.2,86.977
2025,18,PIA,2,HARD,25,52,25,11.4,86.87
2025,18,PIA,2,HARD,26,53,26,9.6,86.942
2025,18,PIA,2,HARD,27,54,27,7.8,87.056
2025,18,PIA,2,HARD,28,55,28,6.0,87.14
2025,18,ANT,1,MEDIUM,1,1,1,103.2,86.885
2025,18,ANT,1,MEDIUM,2,2,2,101.4,86.949
2025,18,ANT,1,MEDIUM,3,3,3,99.6,86.922
2025,18,ANT,1,MEDIUM,4,4,4,97.8,86.975
2025,18,ANT,1,MEDIUM,5,5,5,96.0,87.003
2025,18,ANT,1,MEDIUM,6,6,6,94.2,87.141
2025,18,ANT,1,MEDIUM,7,7,7,92.4,87.045
2025,18,ANT,1,MEDIUM,8,8,8,90.6,87.024
2025,18,ANT,1,MEDIUM,9,9,9,88.8,87.096
2025,18,ANT,1,MEDIUM,10,10,10,87.0,87.126
2025,18,ANT,1,MEDIUM,11,11,11,85.2,87.362
2025,18,ANT,1,MEDIUM,12,12,12,83.4,87.259
2025,18,ANT,1,MEDIUM,13,13,13,81.6,87.381
2025,18,ANT,1,MEDIUM,14,14,14,79.8,87.446
2025,18,ANT,1,MEDIUM,15,15,15,78.0,87.474
2025,18,ANT,1,MEDIUM,16,16,16,76.2,87.466
2025,18,ANT,1,MEDIUM,17,17,17,74.4,87.583
2025,18,ANT,1,MEDIUM,18,18,18,72.6,87.498
2025,18,ANT,1,MEDIUM,19,19,19,70.8,87.597
2025,18,ANT,1,MEDIUM,20,20,20,69.0,87.538
2025,18,ANT,1,MEDIUM,21,21,21,67.2,87.809
2025,18,ANT,1,MEDIUM,22,22,22,65.4,87.772
2025,18,ANT,1,MEDIUM,23,23,23,63.6,87.873
2025,18,ANT,1,MEDIUM,24,24,24,61.8,87.932
2025,18,ANT,1,MEDIUM,25,25,25,60.0,87.863
2025,18,ANT,1,MEDIUM,26,26,26,58.2,87.988
2025,18,ANT,1,MEDIUM,27,27,27,56.4,88.101
2025,18,ANT,2,HARD,1,28,1,54.6,86.109
2025,18,ANT,2,HARD,2,29,2,52.8,85.88
2025,18,ANT,2,HARD,3,30,3,51.0,86.128
2025,18,ANT,2,HARD,4,31,4,49.2,85.943
2025,18,ANT,2,HARD,5,32,5,47.4,85.999
2025,18,ANT,2,HARD,6,33,6,45.6,86.238
2025,18,ANT,2,HARD,7,34,7,43.8,86.028
2025,18,ANT,2,HARD,8,35,8,42.0,86.311
2025,18,ANT,2,HARD,9,36,9,40.2,86.34
2025,18,ANT,2,HARD,10,37,10,38.4,86.348
2025,18,ANT,2,HARD,11,38,11,36.6,86.27
2025,18,ANT,2,HARD,12,39,12,34.8,86.479
2025,18,ANT,2,HARD,13,40,13,33.0,86.562
2025,18,ANT,2,HARD,14,41,14,31.2,86.356
2025,18,ANT,2,HARD,15,42,15,29.4,86.347
2025,18,ANT,2,HARD,16,43,16,27.6,86.677
2025,18,ANT,2,HARD,17,44,17,25.8,86.629
2025,18,ANT,2,HARD,18,45,18,24.0,86.694
2025,18,ANT,2,HARD,19,46,19,22.2,86.669
2025,18,ANT,2,HARD,20,47,20,20.4,86.828
2025,18,ANT,2,HARD,21,48,21,18.6,87.0
2025,18,ANT,2,HARD,22,49,22,16.8,86.841
2025,18,ANT,2,HARD,23,50,23,15.0,86.871
2025,18,ANT,2,HARD,24,51,24,13.2,87.008
2025,18,ANT,2,HARD,25,52,25,11.4,87.047
2025,18,ANT,2,HARD,26,53,26,9.6,87.066
2025,18,ANT,2,HARD,27,54,27,7.8,87.195
2025,18,ANT,2,HARD,28,55,28,6.0,87.177
2025,18,NOR,1,MEDIUM,1,1,1,103.2,86.985
2025,18,NOR,1,MEDIUM,2,2,2,101.4,86.969
2025,18,NOR,1,MEDIUM,3,3,3,99.6,86.963
2025,18,NOR,1,MEDIUM,4,4,4,97.8,87.029
2025,18,NOR,1,MEDIUM,5,5,5,96.0,87.112
2025,18,NOR,1,MEDIUM,6,6,6,94.2,87.082
2025,18,NOR,1,MEDIUM,7,7,7,92.4,87.188
2025,18,NOR,1,MEDIUM,8,8,8,90.6,87.214
2025,18,NOR,1,MEDIUM,9,9,9,88.8,87.241
2025,18,NOR,1,MEDIUM,10,10,10,87.0,87.293
2025,18,NOR,1,MEDIUM,11,11,11,85.2,87.382
2025,18,NOR,1,MEDIUM,12,12,12,83.4,87.262
2025,18,NOR,1,MEDIUM,13,13,13,81.6,87.324
2025,18,NOR,1,MEDIUM,14,14,14,79.8,87.394
2025,18,NOR,1,MEDIUM,15,15,15,78.0,87.449
2025,18,NOR,1,MEDIUM,16,16,16,76.2,87.509
2025,18,NOR,1,MEDIUM,17,17,17,74.4,87.353
2025,18,NOR,1,MEDIUM,18,18,18,72.6,87.807
2025,18,NOR,1,MEDIUM,19,19,19,70.8,87.727
2025,18,NOR,1,MEDIUM,20,20,20,69.0,87.787
2025,18,NOR,1,MEDIUM,21,21,21,67.2,87.866
2025,18,NOR,1,MEDIUM,22,22,22,65.4,87.813
2025,18,NOR,1,MEDIUM,23,23,23,63.6,87.948
2025,18,NOR,1,MEDIUM,24,24,24,61.8,87.926
2025,18,NOR,1,MEDIUM,25,25,25,60.0,87.851
2025,18,NOR,1,MEDIUM,26,26,26,58.2,87.977
2025,18,NOR,1,MEDIUM,27,27,27,56.4,88.128
2025,18,NOR,2,HARD,1,28,1,54.6,85.957
2025,18,NOR,2,HARD,2,29,2,52.8,85.971
2025,18,NOR,2,HARD,3,30,3,51.0,86.233
2025,18,NOR,2,HARD,4,31,4,49.2,86.366
2025,18,NOR,2,HARD,5,32,5,47.4,86.018
2025,18,NOR,2,HARD,6,33,6,45.6,86.22
2025,18,NOR,2,HARD,7,34,7,43.8,86.161
2025,18,NOR,2,HARD,8,35,8,42.0,86.254
2025,18,NOR,2,HARD,9,36,9,40.2,86.175
2025,18,NOR,2,HARD,10,37,10,38.4,86.313
2025,18,NOR,2,HARD,11,38,11,36.6,86.497
2025,18,NOR,2,HARD,12,39,12,34.8,86.478
2025,18,NOR,2,HARD,13,40,13,33.0,86.49
2025,18,NOR,2,HARD,14,41,14,31.2,86.568
2025,18,NOR,2,HARD,15,42,15,29.4,86.53
2025,18,NOR,2,HARD,16,43,16,27.6,86.633
2025,18,NOR,2,HARD,17,44,17,25.8,86.687
2025,18,NOR,2,HARD,18,45,18,24.0,86.758
2025,18,NOR,2,HARD,19,46,19,22.2,86.676
2025,18,NOR,2,HARD,20,47,20,20.4,86.832
2025,18,NOR,2,HARD,21,48,21,18.6,86.828
2025,18,NOR,2,HARD,22,49,22,16.8,87.054
2025,18,NOR,2,HARD,23,50,23,15.0,86.96
2025,18,NOR,2,HARD,24,51,24,13.2,86.916
2025,18,NOR,2,HARD,25,52,25,11.4,87.12
2025,18,NOR,2,HARD,26,53,26,9.6,87.216
2025,18,NOR,2,HARD,27,54,27,7.8,87.25
2025,18,NOR,2,HARD,28,55,28,6.0,87.234
2025,18,LEC,1,MEDIUM,1,1,1,103.2,87.044
2025,18,LEC,1,MEDIUM,2,2,2,101.4,87.049
2025,18,LEC,1,MEDIUM,3,3,3,99.6,87.146
2025,18,LEC,1,MEDIUM,4,4,4,97.8,87.282
2025,18,LEC,1,MEDIUM,5,5,5,96.0,87.247
2025,18,LEC,1,MEDIUM,6,6,6,94.2,87.287
2025,18,LEC,1,MEDIUM,7,7,7,92.4,87.404
2025,18,LEC,1,MEDIUM,8,8,8,90.6,87.412
2025,18,LEC,1,MEDIUM,9,9,9,88.8,87.388
2025,18,LEC,1,MEDIUM,10,10,10,87.0,87.325
2025,18,LEC,1,MEDIUM,11,11,11,85.2,87.649
2025,18,LEC,1,MEDIUM,12,12,12,83.4,87.532
2025,18,LEC,1,MEDIUM,13,13,13,81.6,87.579
2025,18,LEC,1,MEDIUM,14,14,14,79.8,87.534
2025,18,LEC,1,MEDIUM,15,15,15,78.0,87.684
2025,18,LEC,1,MEDIUM,16,16,16,76.2,87.685
2025,18,LEC,1,MEDIUM,17,17,17,74.4,87.733
2025,18,LEC,1,MEDIUM,18,18,18,72.6,87.662
2025,18,LEC,1,MEDIUM,19,19,19,70.8,87.684
2025,18,LEC,1,MEDIUM,20,20,20,69.0,87.79
2025,18,LEC,1,MEDIUM,21,21,21,67.2,87.958
2025,18,LEC,1,MEDIUM,22,22,22,65.4,88.063
2025,18,LEC,1,MEDIUM,23,23,23,63.6,87.99
2025,18,LEC,1,MEDIUM,24,24,24,61.8,88.096
2025,18,LEC,1,MEDIUM,25,25,25,60.0,88.111
2025,18,LEC,1,MEDIUM,26,26,26,58.2,88.388
2025,18,LEC,1,MEDIUM,27,27,27,56.4,88.258
2025,18,LEC,2,HARD,1,28,1,54.6,86.19
2025,18,LEC,2,HARD,2,29,2,52.8,86.368
2025,18,LEC,2,HARD,3,30,3,51.0,86.338
2025,18,LEC,2,HARD,4,31,4,49.2,86.29
2025,18,LEC,2,HARD,5,32,5,47.4,86.38
2025,18,LEC,2,HARD,6,33,6,45.6,86.318
2025,18,LEC,2,HARD,7,34,7,43.8,86.457
2025,18,LEC,2,HARD,8,35,8,42.0,86.413
2025,18,LEC,2,HARD,9,36,9,40.2,86.543
2025,18,LEC,2,HARD,10,37,10,38.4,86.446
2025,18,LEC,2,HARD,11,38,11,36.6,86.544
2025,18,LEC,2,HARD,12,39,12,34.8,86.587
2025,18,LEC,2,HARD,13,40,13,33.0,86.776
2025,18,LEC,2,HARD,14,41,14,31.2,86.688
2025,18,LEC,2,HARD,15,42,15,29.4,86.767
2025,18,LEC,2,HARD,16,43,16,27.6,86.846
2025,18,LEC,2,HARD,17,44,17,25.8,86.862
2025,18,LEC,2,HARD,18,45,18,24.0,86.865
2025,18,LEC,2,HARD,19,46,19,22.2,87.054
2025,18,LEC,2,HARD,20,47,20,20.4,86.939
2025,18,LEC,2,HARD,21,48,21,18.6,87.15
2025,18,LEC,2,HARD,22,49,22,16.8,87.215
2025,18,LEC,2,HARD,23,50,23,15.0,87.131
2025,18,LEC,2,HARD,24,51,24,13.2,87.167
2025,18,LEC,2,HARD,25,52,25,11.4,87.413
2025,18,LEC,2,HARD,26,53,26,9.6,87.309
2025,18,LEC,2,HARD,27,54,27,7.8,87.412
2025,18,LEC,2,HARD,28,55,28,6.0,87.284
2025,19,VER,1,MEDIUM,1,1,1,103.2,86.585
2025,19,VER,1,MEDIUM,2,2,2,101.4,86.631
2025,19,VER,1,MEDIUM,3,3,3,99.6,86.685
2025,19,VER,1,MEDIUM,4,4,4,97.8,86.733
2025,19,VER,1,MEDIUM,5,5,5,96.0,86.864
2025,19,VER,1,MEDIUM,6,6,6,94.2,86.903
2025,19,VER,1,MEDIUM,7,7,7,92.4,86.9
2025,19,VER,1,MEDIUM,8,8,8,90.6,86.877
2025,19,VER,1,MEDIUM,9,9,9,88.8,87.047
2025,19,VER,1,MEDIUM,10,10,10,87.0,86.853
2025,19,VER,1,MEDIUM,11,11,11,85.2,87.064
2025,19,VER,1,MEDIUM,12,12,12,83.4,86.834
2025,19,VER,1,MEDIUM,13,13,13,81.6,87.074
2025,19,VER,1,MEDIUM,14,14,14,79.8,87.131
2025,19,VER,1,MEDIUM,15,15,15,78.0,87.194
2025,19,VER,1,MEDIUM,16,16,16,76.2,87.224
2025,19,VER,1,MEDIUM,17,17,17,74.4,87.294
2025,19,VER,1,MEDIUM,18,18,18,72.6,87.281
2025,19,VER,1,MEDIUM,19,19,19,70.8,87.452
2025,19,VER,1,MEDIUM,20,20,20,69.0,87.486
2025,19,VER,1,MEDIUM,21,21,21,67.2,87.477
2025,19,VER,1,MEDIUM,22,22,22,65.4,87.487
2025,19,VER,1,MEDIUM,23,23,23,63.6,87.711
2025,19,VER,1,MEDIUM,24,24,24,61.8,87.458
2025,19,VER,1,MEDIUM,25,25,25,60.0,87.739
2025,19,VER,1,MEDIUM,26,26,26,58.2,87.85
2025,19,VER,1,MEDIUM,27,27,27,56.4,87.851
2025,19,VER,2,HARD,1,28,1,54.6,85.664
2025,19,VER,2,HARD,2,29,2,52.8,85.776
2025,19,VER,2,HARD,3,30,3,51.0,85.702
2025,19,VER,2,HARD,4,31,4,49.2,85.913
2025,19,VER,2,HARD,5,32,5,47.4,85.805
2025,19,VER,2,HARD,6,33,6,45.6,85.829
2025,19,VER,2,HARD,7,34,7,43.8,85.994
2025,19,VER,2,HARD,8,35,8,42.0,86.006
2025,19,VER,2,HARD,9,36,9,40.2,85.98
2025,19,VER,2,HARD,10,37,10,38.4,86.049
2025,19,VER,2,HARD,11,38,11,36.6,86.074
2025,19,VER,2,HARD,12,39,12,34.8,86.104
2025,19,VER,2,HARD,13,40,13,33.0,86.074
2025,19,VER,2,HARD,14,41,14,31.2,86.146
2025,19,VER,2,HARD,15,42,15,29.4,86.202
2025,19,VER,2,HARD,16,43,16,27.6,86.215
2025,19,VER,2,HARD,17,44,17,25.8,86.33
2025,19,VER,2,HARD,18,45,18,24.0,86.549
2025,19,VER,2,HARD,19,46,19,22.2,86.488
2025,19,VER,2,HARD,20,47,20,20.4,86.543
2025,19,VER,2,HARD,21,48,21,18.6,86.503
2025,19,VER,2,HARD,22,49,22,16.8,86.706
2025,19,VER,2,HARD,23,50,23,15.0,86.628
2025,19,VER,2,HARD,24,51,24,13.2,86.753
2025,19,VER,2,HARD,25,52,25,11.4,86.827
2025,19,VER,2,HARD,26,53,26,9.6,86.888
2025,19,VER,2,HARD,27,54,27,7.8,86.918
2025,19,VER,2,HARD,28,55,28,6.0,86.798
2025,19,NOR,1,MEDIUM,1,1,1,103.2,86.74
2025,19,NOR,1,MEDIUM,2,2,2,101.4,86.742
2025,19,NOR,1,MEDIUM,3,3,3,99.6,86.773
2025,19,NOR,1,MEDIUM,4,4,4,97.8,86.744
2025,19,NOR,1,MEDIUM,5,5,5,96.0,86.759
2025,19,NOR,1,MEDIUM,6,6,6,94.2,86.807
2025,19,NOR,1,MEDIUM,7,7,7,92.4,86.996
2025,19,NOR,1,MEDIUM,8,8,8,90.6,86.886
2025,19,NOR,1,MEDIUM,9,9,9,88.8,86.976
2025,19,NOR,1,MEDIUM,10,10,10,87.0,87.032
2025,19,NOR,1,MEDIUM,11,11,11,85.2,86.936
2025,19,NOR,1,MEDIUM,12,12,12,83.4,87.177
2025,19,NOR,1,MEDIUM,13,13,13,81.6,87.14
2025,19,NOR,1,MEDIUM,14,14,14,79.8,87.257
2025,19,NOR,1,MEDIUM,15,15,15,78.0,87.261
2025,19,NOR,1,MEDIUM,16,16,16,76.2,87.278
2025,19,NOR,1,MEDIUM,17,17,17,74.4,87.178
2025,19,NOR,1,MEDIUM,18,18,18,72.6,87.333
2025,19,NOR,1,MEDIUM,19,19,19,70.8,87.393
2025,19,NOR,1,MEDIUM,20,20,20,69.0,87.392
2025,19,NOR,1,MEDIUM,21,21,21,67.2,87.73
2025,19,NOR,1,MEDIUM,22,22,22,65.4,87.555
2025,19,NOR,1,MEDIUM,23,23,23,63.6,87.62
2025,19,NOR,1,MEDIUM,24,24,24,61.8,87.592
2025,19,NOR,1,MEDIUM,25,25,25,60.0,87.759
2025,19,NOR,1,MEDIUM,26,26,26,58.2,87.758
2025,19,NOR,1,MEDIUM,27,27,27,56.4,88.115
2025,19,NOR,2,HARD,1,28,1,54.6,85.992
2025,19,NOR,2,HARD,2,29,2,52.8,85.87
2025,19,NOR,2,HARD,3,30,3,51.0,85.88
2025,19,NOR,2,HARD,4,31,4,49.2,85.835
2025,19,NOR,2,HARD,5,32,5,47.4,85.802
2025,19,NOR,2,HARD,6,33,6,45.6,86.011
2025,19,NOR,2,HARD,7,34,7,43.8,86.087
2025,19,NOR,2,HARD,8,35,8,42.0,86.022
2025,19,NOR,2,HARD,9,36,9,40.2,86.201
2025,19,NOR,2,HARD,10,37,10,38.4,86.078
2025,19,NOR,2,HARD,11,38,11,36.6,86.316
2025,19,NOR,2,HARD,12,39,12,34.8,86.179
2025,19,NOR,2,HARD,13,40,13,33.0,86.323
2025,19,NOR,2,HARD,14,41,14,31.2,86.379
2025,19,NOR,2,HARD,15,42,15,29.4,86.426
2025,19,NOR,2,HARD,16,43,16,27.6,86.366
2025,19,NOR,2,HARD,17,44,17,25.8,86.382
2025,19,NOR,2,HARD,18,45,18,24.0,86.489
2025,19,NOR,2,HARD,19,46,19,22.2,86.633
2025,19,NOR,2,HARD,20,47,20,20.4,86.639
2025,19,NOR,2,HARD,21,48,21,18.6,86.754
2025,19,NOR,2,HARD,22,49,22,16.8,86.704
2025,19,NOR,2,HARD,23,50,23,15.0,86.77
2025,19,NOR,2,HARD,24,51,24,13.2,86.828
2025,19,NOR,2,HARD,25,52,25,11.4,86.986
2025,19,NOR,2,HARD,26,53,26,9.6,86.914
2025,19,NOR,2,HARD,27,54,27,7.8,86.993
2025,19,NOR,2,HARD,28,55,28,6.0,87.037
2025,19,LEC,1,MEDIUM,1,1,1,103.2,86.731
2025,19,LEC,1,MEDIUM,2,2,2,101.4,86.716
2025,19,LEC,1,MEDIUM,3,3,3,99.6,86.776
2025,19,LEC,1,MEDIUM,4,4,4,97.8,86.825
2025,19,LEC,1,MEDIUM,5,5,5,96.0,86.953
2025,19,LEC,1,MEDIUM,6,6,6,94.2,86.884
2025,19,LEC,1,MEDIUM,7,7,7,92.4,86.973
2025,19,LEC,1,MEDIUM,8,8,8,90.6,87.043
2025,19,LEC,1,MEDIUM,9,9,9,88.8,87.056
2025,19,LEC,1,MEDIUM,10,10,10,87.0,87.11
2025,19,LEC,1,MEDIUM,11,11,11,85.2,87.152
2025,19,LEC,1,MEDIUM,12,12,12,83.4,87.232
2025,19,LEC,1,MEDIUM,13,13,13,81.6,87.186
2025,19,LEC,1,MEDIUM,14,14,14,79.8,87.076
2025,19,LEC,1,MEDIUM,15,15,15,78.0,87.192
2025,19,LEC,1,MEDIUM,16,16,16,76.2,87.404
2025,19,LEC,1,MEDIUM,17,17,17,74.4,87.328
2025,19,LEC,1,MEDIUM,18,18,18,72.6,87.523
2025,19,LEC,1,MEDIUM,19,19,19,70.8,87.451
2025,19,LEC,1,MEDIUM,20,20,20,69.0,87.584
2025,19,LEC,1,MEDIUM,21,21,21,67.2,87.761
2025,19,LEC,1,MEDIUM,22,22,22,65.4,87.72
2025,19,LEC,1,MEDIUM,23,23,23,63.6,87.793
2025,19,LEC,1,MEDIUM,24,24,24,61.8,87.691
2025,19,LEC,1,MEDIUM,25,25,25,60.0,87.869
2025,19,LEC,1,MEDIUM,26,26,26,58.2,87.772
2025,19,LEC,1,MEDIUM,27,27,27,56.4,87.99
2025,19,LEC,2,HARD,1,28,1,54.6,85.856
2025,19,LEC,2,HARD,2,29,2,52.8,85.873
2025,19,LEC,2,HARD,3,30,3,51.0,86.018
2025,19,LEC,2,HARD,4,31,4,49.2,85.93
2025,19,LEC,2,HARD,5,32,5,47.4,85.93
2025,19,LEC,2,HARD,6,33,6,45.6,86.006
2025,19,LEC,2,HARD,7,34,7,43.8,86.169
2025,19,LEC,2,HARD,8,35,8,42.0,86.157
2025,19,LEC,2,HARD,9,36,9,40.2,86.194
2025,19,LEC,2,HARD,10,37,10,38.4,86.101
2025,19,LEC,2,HARD,11,38,11,36.6,86.331
2025,19,LEC,2,HARD,12,39,12,34.8,86.211
2025,19,LEC,2,HARD,13,40,13,33.0,86.465
2025,19,LEC,2,HARD,14,41,14,31.2,86.362
2025,19,LEC,2,HARD,15,42,15,29.4,86.285
2025,19,LEC,2,HARD,16,43,16,27.6,86.547
2025,19,LEC,2,HARD,17,44,17,25.8,86.508
2025,19,LEC,2,HARD,18,45,18,24.0,86.642
2025,19,LEC,2,HARD,19,46,19,22.2,86.51
2025,19,LEC,2,HARD,20,47,20,20.4,86.726
2025,19,LEC,2,HARD,21,48,21,18.6,86.758
2025,19,LEC,2,HARD,22,49,22,16.8,86.646
2025,19,LEC,2,HARD,23,50,23,15.0,86.771
2025,19,LEC,2,HARD,24,51,24,13.2,86.829
2025,19,LEC,2,HARD,25,52,25,11.4,86.99
2025,19,LEC,2,HARD,26,53,26,9.6,87.008
2025,19,LEC,2,HARD,27,54,27,7.8,87.164
2025,19,LEC,2,HARD,28,55,28,6.0,87.122
2025,19,RUS,1,MEDIUM,1,1,1,103.2,86.774
2025,19,RUS,1,MEDIUM,2,2,2,101.4,86.94
2025,19,RUS,1,MEDIUM,3,3,3,99.6,86.84
2025,19,RUS,1,MEDIUM,4,4,4,97.8,86.896
2025,19,RUS,1,MEDIUM,5,5,5,96.0,87.013
2025,19,RUS,1,MEDIUM,6,6,6,94.2,86.856
2025,19,RUS,1,MEDIUM,7,7,7,92.4,87.063
2025,19,RUS,1,MEDIUM,8,8,8,90.6,87.061
2025,19,RUS,1,MEDIUM,9,9,9,88.8,87.132
2025,19,RUS,1,MEDIUM,10,10,10,87.0,87.171
2025,19,RUS,1,MEDIUM,11,11,11,85.2,87.085
2025,19,RUS,1,MEDIUM,12,12,12,83.4,87.407
2025,19,RUS,1,MEDIUM,13,13,13,81.6,87.351
2025,19,RUS,1,MEDIUM,14,14,14,79.8,87.417
2025,19,RUS,1,MEDIUM,15,15,15,78.0,87.266
2025,19,RUS,1,MEDIUM,16,16,16,76.2,87.31
2025,19,RUS,1,MEDIUM,17,17,17,74.4,87.453
2025,19,RUS,1,MEDIUM,18,18,18,72.6,87.597
2025,19,RUS,1,MEDIUM,19,19,19,70.8,87.427
2025,19,RUS,1,MEDIUM,20,20,20,69.0,87.564
2025,19,RUS,1,MEDIUM,21,21,21,67.2,87.797
2025,19,RUS,1,MEDIUM,22,22,22,65.4,87.708
2025,19,RUS,1,MEDIUM,23,23,23,63.6,87.584
2025,19,RUS,1,MEDIUM,24,24,24,61.8,87.867
2025,19,RUS,1,MEDIUM,25,25,25,60.0,87.88
2025,19,RUS,1,MEDIUM,26,26,26,58.2,87.983
2025,19,RUS,1,MEDIUM,27,27,27,56.4,87.933
2025,19,RUS,2,HARD,1,28,1,54.6,85.858
2025,19,RUS,2,HARD,2,29,2,52.8,85.959
2025,19,RUS,2,HARD,3,30,3,51.0,85.958
2025,19,RUS,2,HARD,4,31,4,49.2,85.966
2025,19,RUS,2,HARD,5,32,5,47.4,86.221
2025,19,RUS,2,HARD,6,33,6,45.6,86.09
2025,19,RUS,2,HARD,7,34,7,43.8,86.208
2025,19,RUS,2,HARD,8,35,8,42.0,86.119
2025,19,RUS,2,HARD,9,36,9,40.2,86.199
2025,19,RUS,2,HARD,10,37,10,38.4,86.373
2025,19,RUS,2,HARD,11,38,11,36.6,86.334
2025,19,RUS,2,HARD,12,39,12,34.8,86.391
2025,19,RUS,2,HARD,13,40,13,33.0,86.392
2025,19,RUS,2,HARD,14,41,14,31.2,86.485
2025,19,RUS,2,HARD,15,42,15,29.4,86.497
2025,19,RUS,2,HARD,16,43,16,27.6,86.513
2025,19,RUS,2,HARD,17,44,17,25.8,86.496
2025,19,RUS,2,HARD,18,45,18,24.0,86.709
2025,19,RUS,2,HARD,19,46,19,22.2,86.683
2025,19,RUS,2,HARD,20,47,20,20.4,86.731
2025,19,RUS,2,HARD,21,48,21,18.6,86.801
2025,19,RUS,2,HARD,22,49,22,16.8,86.897
2025,19,RUS,2,HARD,23,50,23,15.0,86.891
2025,19,RUS,2,HARD,24,51,24,13.2,87.126
2025,19,RUS,2,HARD,25,52,25,11.4,86.944
2025,19,RUS,2,HARD,26,53,26,9.6,87.127
2025,19,RUS,2,HARD,27,54,27,7.8,87.054
2025,19,RUS,2,HARD,28,55,28,6.0,87.141
2025,19,HAM,1,MEDIUM,1,1,1,103.2,86.869
2025,19,HAM,1,MEDIUM,2,2,2,101.4,86.985
2025,19,HAM,1,MEDIUM,3,3,3,99.6,87.171
2025,19,HAM,1,MEDIUM,4,4,4,97.8,87.065
2025,19,HAM,1,MEDIUM,5,5,5,96.0,87.214
2025,19,HAM,1,MEDIUM,6,6,6,94.2,87.134
2025,19,HAM,1,MEDIUM,7,7,7,92.4,87.18
2025,19,HAM,1,MEDIUM,8,8,8,90.6,87.146
2025,19,HAM,1,MEDIUM,9,9,9,88.8,87.237
2025,19,HAM,1,MEDIUM,10,10,10,87.0,87.317
2025,19,HAM,1,MEDIUM,11,11,11,85.2,87.15
2025,19,HAM,1,MEDIUM,12,12,12,83.4,87.215
2025,19,HAM,1,MEDIUM,13,13,13,81.6,87.5
2025,19,HAM,1,MEDIUM,14,14,14,79.8,87.402
2025,19,HAM,1,MEDIUM,15,15,15,78.0,87.584
2025,19,HAM,1,MEDIUM,16,16,16,76.2,87.554
2025,19,HAM,1,MEDIUM,17,17,17,74.4,87.522
2025,19,HAM,1,MEDIUM,18,18,18,72.6,87.593
2025,19,HAM,1,MEDIUM,19,19,19,70.8,87.749
2025,19,HAM,1,MEDIUM,20,20,20,69.0,87.702
2025,19,HAM,1,MEDIUM,21,21,21,67.2,87.74
2025,19,HAM,1,MEDIUM,22,22,22,65.4,87.905
2025,19,HAM,1,MEDIUM,23,23,23,63.6,87.816
2025,19,HAM,1,MEDIUM,24,24,24,61.8,87.927
2025,19,HAM,1,MEDIUM,25,25,25,60.0,88.095
2025,19,HAM,1,MEDIUM,26,26,26,58.2,88.029
2025,19,HAM,1,MEDIUM,27,27,27,56.4,88.153
2025,19,HAM,2,HARD,1,28,1,54.6,85.973
2025,19,HAM,2,HARD,2,29,2,52.8,86.098
2025,19,HAM,2,HARD,3,30,3,51.0,86.049
2025,19,HAM,2,HARD,4,31,4,49.2,86.143
2025,19,HAM,2,HARD,5,32,5,47.4,86.116
2025,19,HAM,2,HARD,6,33,6,45.6,86.235
2025,19,HAM,2,HARD,7,34,7,43.8,86.262
2025,19,HAM,2,HARD,8,35,8,42.0,86.232
2025,19,HAM,2,HARD,9,36,9,40.2,86.331
2025,19,HAM,2,HARD,10,37,10,38.4,86.309
2025,19,HAM,2,HARD,11,38,11,36.6,86.362
2025,19,HAM,2,HARD,12,39,12,34.8,86.539
2025,19,HAM,2,HARD,13,40,13,33.0,86.514
2025,19,HAM,2,HARD,14,41,14,31.2,86.446
2025,19,HAM,2,HARD,15,42,15,29.4,86.536
2025,19,HAM,2,HARD,16,43,16,27.6,86.722
2025,19,HAM,2,HARD,17,44,17,25.8,86.582
2025,19,HAM,2,HARD,18,45,18,24.0,86.799
2025,19,HAM,2,HARD,19,46,19,22.2,86.865
2025,19,HAM,2,HARD,20,47,20,20.4,86.712
2025,19,HAM,2,HARD,21,48,21,18.6,86.932
2025,19,HAM,2,HARD,22,49,22,16.8,86.832
2025,19,HAM,2,HARD,23,50,23,15.0,86.971
2025,19,HAM,2,HARD,24,51,24,13.2,86.937
2025,19,HAM,2,HARD,25,52,25,11.4,87.02
2025,19,HAM,2,HARD,26,53,26,9.6,86.976
2025,19,HAM,2,HARD,27,54,27,7.8,87.273
2025,19,HAM,2,HARD,28,55,28,6.0,87.229
2025,19,PIA,1,MEDIUM,1,1,1,103.2,86.846
2025,19,PIA,1,MEDIUM,2,2,2,101.4,87.248
2025,19,PIA,1,MEDIUM,3,3,3,99.6,87.06
2025,19,PIA,1,MEDIUM,4,4,4,97.8,87.073
2025,19,PIA,1,MEDIUM,5,5,5,96.0,87.091
2025,19,PIA,1,MEDIUM,6,6,6,94.2,87.248
2025,19,PIA,1,MEDIUM,7,7,7,92.4,87.144
2025,19,PIA,1,MEDIUM,8,8,8,90.6,87.302
2025,19,PIA,1,MEDIUM,9,9,9,88.8,87.406
2025,19,PIA,1,MEDIUM,10,10,10,87.0,87.33
2025,19,PIA,1,MEDIUM,11,11,11,85.2,87.225
2025,19,PIA,1,MEDIUM,12,12,12,83.4,87.433
2025,19,PIA,1,MEDIUM,13,13,13,81.6,87.437
2025,19,PIA,1,MEDIUM,14,14,14,79.8,87.444
2025,19,PIA,1,MEDIUM,15,15,15,78.0,87.608
2025,19,PIA,1,MEDIUM,16,16,16,76.2,87.582
2025,19,PIA,1,MEDIUM,17,17,17,74.4,87.696
2025,19,PIA,1,MEDIUM,18,18,18,72.6,87.638
2025,19,PIA,1,MEDIUM,19,19,19,70.8,87.816
2025,19,PIA,1,MEDIUM,20,20,20,69.0,87.856
2025,19,PIA,1,MEDIUM,21,21,21,67.2,87.795
2025,19,PIA,1,MEDIUM,22,22,22,65.4,87.837
2025,19,PIA,1,MEDIUM,23,23,23,63.6,87.945
2025,19,PIA,1,MEDIUM,24,24,24,61.8,88.024
2025,19,PIA,1,MEDIUM,25,25,25,60.0,87.913
2025,19,PIA,1,MEDIUM,26,26,26,58.2,88.176
2025,19,PIA,1,MEDIUM,27,27,27,56.4,88.157
2025,19,PIA,2,HARD,1,28,1,54.6,86.244
2025,19,PIA,2,HARD,2,29,2,52.8,86.12
2025,19,PIA,2,HARD,3,30,3,51.0,86.235
2025,19,PIA,2,HARD,4,31,4,49.2,86.227
2025,19,PIA,2,HARD,5,32,5,47.4,86.292
2025,19,PIA,2,HARD,6,33,6,45.6,86.215
2025,19,PIA,2,HARD,7,34,7,43.8,86.31
2025,19,PIA,2,HARD,8,35,8,42.0,86.372
2025,19,PIA,2,HARD,9,36,9,40.2,86.421
2025,19,PIA,2,HARD,10,37,10,38.4,86.535
2025,19,PIA,2,HARD,11,38,11,36.6,86.421
2025,19,PIA,2,HARD,12,39,12,34.8,86.44
2025,19,PIA,2,HARD,13,40,13,33.0,86.548
2025,19,PIA,2,HARD,14,41,14,31.2,86.545
2025,19,PIA,2,HARD,15,42,15,29.4,86.627
2025,19,PIA,2,HARD,16,43,16,27.6,86.65
2025,19,PIA,2,HARD,17,44,17,25.8,86.662
2025,19,PIA,2,HARD,18,45,18,24.0,86.847
2025,19,PIA,2,HARD,19,46,19,22.2,86.809
2025,19,PIA,2,HARD,20,47,20,20.4,86.931
2025,19,PIA,2,HARD,21,48,21,18.6,86.856
2025,19,PIA,2,HARD,22,49,22,16.8,87.067
2025,19,PIA,2,HARD,23,50,23,15.0,87.215
2025,19,PIA,2,HARD,24,51,24,13.2,87.178
2025,19,PIA,2,HARD,25,52,25,11.4,87.087
2025,19,PIA,2,HARD,26,53,26,9.6,87.157
2025,19,PIA,2,HARD,27,54,27,7.8,87.323
2025,19,PIA,2,HARD,28,55,28,6.0,87.376
2025,20,NOR,1,MEDIUM,1,1,1,103.2,86.565
2025,20,NOR,1,MEDIUM,2,2,2,101.4,86.743
2025,20,NOR,1,MEDIUM,3,3,3,99.6,86.539
2025,20,NOR,1,MEDIUM,4,4,4,97.8,86.789
2025,20,NOR,1,MEDIUM,5,5,5,96.0,86.725
2025,20,NOR,1,MEDIUM,6,6,6,94.2,86.669
2025,20,NOR,1,MEDIUM,7,7,7,92.4,86.885
2025,20,NOR,1,MEDIUM,8,8,8,90.6,86.784
2025,20,NOR,1,MEDIUM,9,9,9,88.8,86.896
2025,20,NOR,1,MEDIUM,10,10,10,87.0,87.057
2025,20,NOR,1,MEDIUM,11,11,11,85.2,86.934
2025,20,NOR,1,MEDIUM,12,12,12,83.4,86.948
2025,20,NOR,1,MEDIUM,13,13,13,81.6,87.023
2025,20,NOR,1,MEDIUM,14,14,14,79.8,87.172
2025,20,NOR,1,MEDIUM,15,15,15,78.0,87.079
2025,20,NOR,1,MEDIUM,16,16,16,76.2,87.233
2025,20,NOR,1,MEDIUM,17,17,17,74.4,87.348
2025,20,NOR,1,MEDIUM,18,18,18,72.6,87.3
2025,20,NOR,1,MEDIUM,19,19,19,70.8,87.296
2025,20,NOR,1,MEDIUM,20,20,20,69.0,87.448
2025,20,NOR,1,MEDIUM,21,21,21,67.2,87.415
2025,20,NOR,1,MEDIUM,22,22,22,65.4,87.561
2025,20,NOR,1,MEDIUM,23,23,23,63.6,87.549
2025,20,NOR,1,MEDIUM,24,24,24,61.8,87.516
2025,20,NOR,1,MEDIUM,25,25,25,60.0,87.612
2025,20,NOR,1,MEDIUM,26,26,26,58.2,87.662
2025,20,NOR,1,MEDIUM,27,27,27,56.4,87.815
2025,20,NOR,2,HARD,1,28,1,54.6,85.71
2025,20,NOR,2,HARD,2,29,2,52.8,85.786
2025,20,NOR,2,HARD,3,30,3,51.0,85.885
2025,20,NOR,2,HARD,4,31,4,49.2,85.972
2025,20,NOR,2,HARD,5,32,5,47.4,85.889
2025,20,NOR,2,HARD,6,33,6,45.6,85.869
2025,20,NOR,2,HARD,7,34,7,43.8,85.821
2025,20,NOR,2,HARD,8,35,8,42.0,85.915
2025,20,NOR,2,HARD,9,36,9,40.2,86.016
2025,20,NOR,2,HARD,10,37,10,38.4,85.97
2025,20,NOR,2,HARD,11,38,11,36.6,86.021
2025,20,NOR,2,HARD,12,39,12,34.8,86.157
2025,20,NOR,2,HARD,13,40,13,33.0,86.14
2025,20,NOR,2,HARD,14,41,14,31.2,86.175
2025,20,NOR,2,HARD,15,42,15,29.4,86.189
2025,20,NOR,2,HARD,16,43,16,27.6,86.443
2025,20,NOR,2,HARD,17,44,17,25.8,86.347
2025,20,NOR,2,HARD,18,45,18,24.0,86.53
2025,20,NOR,2,HARD,19,46,19,22.2,86.545
2025,20,NOR,2,HARD,20,47,20,20.4,86.642
2025,20,NOR,2,HARD,21,48,21,18.6,86.537
2025,20,NOR,2,HARD,22,49,22,16.8,86.594
2025,20,NOR,2,HARD,23,50,23,15.0,86.761
2025,20,NOR,2,HARD,24,51,24,13.2,86.647
2025,20,NOR,2,HARD,25,52,25,11.4,86.596
2025,20,NOR,2,HARD,26,53,26,9.6,86.827
2025,20,NOR,2,HARD,27,54,27,7.8,86.896
2025,20,NOR,2,HARD,28,55,28,6.0,86.91
2025,20,LEC,1,MEDIUM,1,1,1,103.2,86.619
2025,20,LEC,1,MEDIUM,2,2,2,101.4,86.776
2025,20,LEC,1,MEDIUM,3,3,3,99.6,86.767
2025,20,LEC,1,MEDIUM,4,4,4,97.8,86.825
2025,20,LEC,1,MEDIUM,5,5,5,96.0,86.787
2025,20,LEC,1,MEDIUM,6,6,6,94.2,86.822
2025,20,LEC,1,MEDIUM,7,7,7,92.4,86.912
2025,20,LEC,1,MEDIUM,8,8,8,90.6,87.116
2025,20,LEC,1,MEDIUM,9,9,9,88.8,87.051
2025,20,LEC,1,MEDIUM,10,10,10,87.0,87.012
2025,20,LEC,1,MEDIUM,11,11,11,85.2,87.112
2025,20,LEC,1,MEDIUM,12,12,12,83.4,87.207
2025,20,LEC,1,MEDIUM,13,13,13,81.6,87.199
2025,20,LEC,1,MEDIUM,14,14,14,79.8,87.173
2025,20,LEC,1,MEDIUM,15,15,15,78.0,87.348
2025,20,LEC,1,MEDIUM,16,16,16,76.2,87.248
2025,20,LEC,1,MEDIUM,17,17,17,74.4,87.388
2025,20,LEC,1,MEDIUM,18,18,18,72.6,87.53
2025,20,LEC,1,MEDIUM,19,19,19,70.8,87.235
2025,20,LEC,1,MEDIUM,20,20,20,69.0,87.468
2025,20,LEC,1,MEDIUM,21,21,21,67.2,87.597
2025,20,LEC,1,MEDIUM,22,22,22,65.4,87.599
2025,20,LEC,1,MEDIUM,23,23,23,63.6,87.669
2025,20,LEC,1,MEDIUM,24,24,24,61.8,87.837
2025,20,LEC,1,MEDIUM,25,25,25,60.0,87.76
2025,20,LEC,1,MEDIUM,26,26,26,58.2,87.756
2025,20,LEC,1,MEDIUM,27,27,27,56.4,87.774
2025,20,LEC,2,HARD,1,28,1,54.6,85.838
2025,20,LEC,2,HARD,2,29,2,52.8,85.767
2025,20,LEC,2,HARD,3,30,3,51.0,85.897
2025,20,LEC,2,HARD,4,31,4,49.2,85.923
2025,20,LEC,2,HARD,5,32,5,47.4,85.936
2025,20,LEC,2,HARD,6,33,6,45.6,85.889
2025,20,LEC,2,HARD,7,34,7,43.8,85.858
2025,20,LEC,2,HARD,8,35,8,42.0,85.935
2025,20,LEC,2,HARD,9,36,9,40.2,86.214
2025,20,LEC,2,HARD,10,37,10,38.4,86.135
2025,20,LEC,2,HARD,11,38,11,36.6,86.157
2025,20,LEC,2,HARD,12,39,12,34.8,86.228
2025,20,LEC,2,HARD,13,40,13,33.0,86.306
2025,20,LEC,2,HARD,14,41,14,31.2,86.322
2025,20,LEC,2,HARD,15,42,15,29.4,86.433
2025,20,LEC,2,HARD,16,43,16,27.6,86.472
2025,20,LEC,2,HARD,17,44,17,25.8,86.61
2025,20,LEC,2,HARD,18,45,18,24.0,86.448
2025,20,LEC,2,HARD,19,46,19,22.2,86.468
2025,20,LEC,2,HARD,20,47,20,20.4,86.546
2025,20,LEC,2,HARD,21,48,21,18.6,86.511
2025,20,LEC,2,HARD,22,49,22,16.8,86.646
2025,20,LEC,2,HARD,23,50,23,15.0,86.78
2025,20,LEC,2,HARD,24,51,24,13.2,86.878
2025,20,LEC,2,HARD,25,52,25,11.4,86.771
2025,20,LEC,2,HARD,26,53,26,9.6,87.036
2025,20,LEC,2,HARD,27,54,27,7.8,86.926
2025,20,LEC,2,HARD,28,55,28,6.0,86.987
2025,20,VER,1,MEDIUM,1,1,1,103.2,86.885
2025,20,VER,1,MEDIUM,2,2,2,101.4,86.937
2025,20,VER,1,MEDIUM,3,3,3,99.6,86.983
2025,20,VER,1,MEDIUM,4,4,4,97.8,87.0
2025,20,VER,1,MEDIUM,5,5,5,96.0,86.935
2025,20,VER,1,MEDIUM,6,6,6,94.2,87.141
2025,20,VER,1,MEDIUM,7,7,7,92.4,87.16
2025,20,VER,1,MEDIUM,8,8,8,90.6,87.203
2025,20,VER,1,MEDIUM,9,9,9,88.8,87.184
2025,20,VER,1,MEDIUM,10,10,10,87.0,87.2
2025,20,VER,1,MEDIUM,11,11,11,85.2,87.256
2025,20,VER,1,MEDIUM,12,12,12,83.4,87.393
2025,20,VER,1,MEDIUM,13,13,13,81.6,87.501
2025,20,VER,1,MEDIUM,14,14,14,79.8,87.345
2025,20,VER,1,MEDIUM,15,15,15,78.0,87.433
2025,20,VER,1,MEDIUM,16,16,16,76.2,87.479
2025,20,VER,1,MEDIUM,17,17,17,74.4,87.407
2025,20,VER,1,MEDIUM,18,18,18,72.6,87.583
2025,20,VER,1,MEDIUM,19,19,19,70.8,87.793
2025,20,VER,1,MEDIUM,20,20,20,69.0,87.784
2025,20,VER,1,MEDIUM,21,21,21,67.2,87.785
2025,20,VER,1,MEDIUM,22,22,22,65.4,87.851
2025,20,VER,1,MEDIUM,23,23,23,63.6,87.86
2025,20,VER,1,MEDIUM,24,24,24,61.8,87.874
2025,20,VER,1,MEDIUM,25,25,25,60.0,87.915
2025,20,VER,1,MEDIUM,26,26,26,58.2,87.988
2025,20,VER,1,MEDIUM,27,27,27,56.4,88.057
2025,20,VER,2,HARD,1,28,1,54.6,86.193
2025,20,VER,2,HARD,2,29,2,52.8,86.248
2025,20,VER,2,HARD,3,30,3,51.0,86.134
2025,20,VER,2,HARD,4,31,4,49.2,86.033
2025,20,VER,2,HARD,5,32,5,47.4,86.246
2025,20,VER,2,HARD,6,33,6,45.6,86.108
2025,20,VER,2,HARD,7,34,7,43.8,86.239
2025,20,VER,2,HARD,8,35,8,42.0,86.285
2025,20,VER,2,HARD,9,36,9,40.2,86.456
2025,20,VER,2,HARD,10,37,10,38.4,86.292
2025,20,VER,2,HARD,11,38,11,36.6,86.48
2025,20,VER,2,HARD,12,39,12,34.8,86.511
2025,20,VER,2,HARD,13,40,13,33.0,86.361
2025,20,VER,2,HARD,14,41,14,31.2,86.464
2025,20,VER,2,HARD,15,42,15,29.4,86.664
2025,20,VER,2,HARD,16,43,16,27.6,86.686
2025,20,VER,2,HARD,17,44,17,25.8,86.732
2025,20,VER,2,HARD,18,45,18,24.0,86.784
2025,20,VER,2,HARD,19,46,19,22.2,86.856
2025,20,VER,2,HARD,20,47,20,20.4,86.707
2025,20,VER,2,HARD,21,48,21,18.6,86.957
2025,20,VER,2,HARD,22,49,22,16.8,86.995
2025,20,VER,2,HARD,23,50,23,15.0,86.883
2025,20,VER,2,HARD,24,51,24,13.2,86.871
2025,20,VER,2,HARD,25,52,25,11.4,87.053
2025,20,VER,2,HARD,26,53,26,9.6,87.172
2025,20,VER,2,HARD,27,54,27,7.8,87.118
2025,20,VER,2,HARD,28,55,28,6.0,87.45
2025,20,ANT,1,MEDIUM,1,1,1,103.2,86.972
2025,20,ANT,1,MEDIUM,2,2,2,101.4,86.891
2025,20,ANT,1,MEDIUM,3,3,3,99.6,86.961
2025,20,ANT,1,MEDIUM,4,4,4,97.8,87.162
2025,20,ANT,1,MEDIUM,5,5,5,96.0,87.044
2025,20,ANT,1,MEDIUM,6,6,6,94.2,87.171
2025,20,ANT,1,MEDIUM,7,7,7,92.4,87.215
2025,20,ANT,1,MEDIUM,8,8,8,90.6,87.219
2025,20,ANT,1,MEDIUM,9,9,9,88.8,87.311
2025,20,ANT,1,MEDIUM,10,10,10,87.0,87.252
2025,20,ANT,1,MEDIUM,11,11,11,85.2,87.418
2025,20,ANT,1,MEDIUM,12,12,12,83.4,87.367
2025,20,ANT,1,MEDIUM,13,13,13,81.6,87.551
2025,20,ANT,1,MEDIUM,14,14,14,79.8,87.439
2025,20,ANT,1,MEDIUM,15,15,15,78.0,87.512
2025,20,ANT,1,MEDIUM,16,16,16,76.2,87.588
2025,20,ANT,1,MEDIUM,17,17,17,74.4,87.624
2025,20,ANT,1,MEDIUM,18,18,18,72.6,87.616
2025,20,ANT,1,MEDIUM,19,19,19,70.8,87.613
2025,20,ANT,1,MEDIUM,20,20,20,69.0,87.645
2025,20,ANT,1,MEDIUM,21,21,21,67.2,87.781
2025,20,ANT,1,MEDIUM,22,22,22,65.4,87.9
2025,20,ANT,1,MEDIUM,23,23,23,63.6,87.826
2025,20,ANT,1,MEDIUM,24,24,24,61.8,87.994
2025,20,ANT,1,MEDIUM,25,25,25,60.0,88.254
2025,20,ANT,1,MEDIUM,26,26,26,58.2,88.249
2025,20,ANT,1,MEDIUM,27,27,27,56.4,88.134
2025,20,ANT,2,HARD,1,28,1,54.6,86.128
2025,20,ANT,2,HARD,2,29,2,52.8,86.148
2025,20,ANT,2,HARD,3,30,3,51.0,86.197
2025,20,ANT,2,HARD,4,31,4,49.2,86.278
2025,20,ANT,2,HARD,5,32,5,47.4,86.136
2025,20,ANT,2,HARD,6,33,6,45.6,86.174
2025,20,ANT,2,HARD,7,34,7,43.8,86.398
2025,20,ANT,2,HARD,8,35,8,42.0,86.407
2025,20,ANT,2,HARD,9,36,9,40.2,86.289
2025,20,ANT,2,HARD,10,37,10,38.4,86.378
2025,20,ANT,2,HARD,11,38,11,36.6,86.518
2025,20,ANT,2,HARD,12,39,12,34.8,86.546
2025,20,ANT,2,HARD,13,40,13,33.0,86.547
2025,20,ANT,2,HARD,14,41,14,31.2,86.613
2025,20,ANT,2,HARD,15,42,15,29.4,86.849
2025,20,ANT,2,HARD,16,43,16,27.6,86.609
2025,20,ANT,2,HARD,17,44,17,25.8,86.8
2025,20,ANT,2,HARD,18,45,18,24.0,86.787
2025,20,ANT,2,HARD,19,46,19,22.2,86.832
2025,20,ANT,2,HARD,20,47,20,20.4,86.921
2025,20,ANT,2,HARD,21,48,21,18.6,86.895
2025,20,ANT,2,HARD,22,49,22,16.8,87.03
2025,20,ANT,2,HARD,23,50,23,15.0,87.061
2025,20,ANT,2,HARD,24,51,24,13.2,87.082
2025,20,ANT,2,HARD,25,52,25,11.4,87.25
2025,20,ANT,2,HARD,26,53,26,9.6,87.436
2025,20,ANT,2,HARD,27,54,27,7.8,87.317
2025,20,ANT,2,HARD,28,55,28,6.0,87.421
2025,20,PIA,1,MEDIUM,1,1,1,103.2,87.127
2025,20,PIA,1,MEDIUM,2,2,2,101.4,87.135
2025,20,PIA,1,MEDIUM,3,3,3,99.6,87.258
2025,20,PIA,1,MEDIUM,4,4,4,97.8,87.202
2025,20,PIA,1,MEDIUM,5,5,5,96.0,87.307
2025,20,PIA,1,MEDIUM,6,6,6,94.2,87.234
2025,20,PIA,1,MEDIUM,7,7,7,92.4,87.429
2025,20,PIA,1,MEDIUM,8,8,8,90.6,87.375
2025,20,PIA,1,MEDIUM,9,9,9,88.8,87.485
2025,20,PIA,1,MEDIUM,10,10,10,87.0,87.321
2025,20,PIA,1,MEDIUM,11,11,11,85.2,87.451
2025,20,PIA,1,MEDIUM,12,12,12,83.4,87.46
2025,20,PIA,1,MEDIUM,13,13,13,81.6,87.544
2025,20,PIA,1,MEDIUM,14,14,14,79.8,87.574
2025,20,PIA,1,MEDIUM,15,15,15,78.0,87.742
2025,20,PIA,1,MEDIUM,16,16,16,76.2,87.731
2025,20,PIA,1,MEDIUM,17,17,17,74.4,87.761
2025,20,PIA,1,MEDIUM,18,18,18,72.6,87.913
2025,20,PIA,1,MEDIUM,19,19,19,70.8,87.684
2025,20,PIA,1,MEDIUM,20,20,20,69.0,87.95
2025,20,PIA,1,MEDIUM,21,21,21,67.2,87.932
2025,20,PIA,1,MEDIUM,22,22,22,65.4,88.086
2025,20,PIA,1,MEDIUM,23,23,23,63.6,88.137
2025,20,PIA,1,MEDIUM,24,24,24,61.8,88.18
2025,20,PIA,1,MEDIUM,25,25,25,60.0,88.093
2025,20,PIA,1,MEDIUM,26,26,26,58.2,88.252
2025,20,PIA,1,MEDIUM,27,27,27,56.4,88.355
2025,20,PIA,2,HARD,1,28,1,54.6,86.041
2025,20,PIA,2,HARD,2,29,2,52.8,86.327
2025,20,PIA,2,HARD,3,30,3,51.0,86.212
2025,20,PIA,2,HARD,4,31,4,49.2,86.258
2025,20,PIA,2,HARD,5,32,5,47.4,86.327
2025,20,PIA,2,HARD,6,33,6,45.6,86.357
2025,20,PIA,2,HARD,7,34,7,43.8,86.35
2025,20,PIA,2,HARD,8,35,8,42.0,86.479
2025,20,PIA,2,HARD,9,36,9,40.2,86.524
2025,20,PIA,2,HARD,10,37,10,38.4,86.47
2025,20,PIA,2,HARD,11,38,11,36.6,86.468
2025,20,PIA,2,HARD,12,39,12,34.8,86.711
2025,20,PIA,2,HARD,13,40,13,33.0,86.629
2025,20,PIA,2,HARD,14,41,14,31.2,86.928
2025,20,PIA,2,HARD,15,42,15,29.4,86.639
2025,20,PIA,2,HARD,16,43,16,27.6,86.623
2025,20,PIA,2,HARD,17,44,17,25.8,86.84
2025,20,PIA,2,HARD,18,45,18,24.0,86.97
2025,20,PIA,2,HARD,19,46,19,22.2,86.96
2025,20,PIA,2,HARD,20,47,20,20.4,87.057
2025,20,PIA,2,HARD,21,48,21,18.6,87.079
2025,20,PIA,2,HARD,22,49,22,16.8,87.165
2025,20,PIA,2,HARD,23,50,23,15.0,87.164
2025,20,PIA,2,HARD,24,51,24,13.2,87.02
2025,20,PIA,2,HARD,25,52,25,11.4,87.244
2025,20,PIA,2,HARD,26,53,26,9.6,87.109
2025,20,PIA,2,HARD,27,54,27,7.8,87.417
2025,20,PIA,2,HARD,28,55,28,6.0,87.548
2025,20,BEA,1,MEDIUM,1,1,1,103.2,87.172
2025,20,BEA,1,MEDIUM,2,2,2,101.4,87.407
2025,20,BEA,1,MEDIUM,3,3,3,99.6,87.239
2025,20,BEA,1,MEDIUM,4,4,4,97.8,87.378
2025,20,BEA,1,MEDIUM,5,5,5,96.0,87.569
2025,20,BEA,1,MEDIUM,6,6,6,94.2,87.343
2025,20,BEA,1,MEDIUM,7,7,7,92.4,87.42
2025,20,BEA,1,MEDIUM,8,8,8,90.6,87.398
2025,20,BEA,1,MEDIUM,9,9,9,88.8,87.521
2025,20,BEA,1,MEDIUM,10,10,10,87.0,87.66
2025,20,BEA,1,MEDIUM,11,11,11,85.2,87.55
2025,20,BEA,1,MEDIUM,12,12,12,83.4,87.738
2025,20,BEA,1,MEDIUM,13,13,13,81.6,87.721
2025,20,BEA,1,MEDIUM,14,14,14,79.8,87.827
2025,20,BEA,1,MEDIUM,15,15,15,78.0,87.792
2025,20,BEA,1,MEDIUM,16,16,16,76.2,87.993
2025,20,BEA,1,MEDIUM,17,17,17,74.4,87.86
2025,20,BEA,1,MEDIUM,18,18,18,72.6,87.991
2025,20,BEA,1,MEDIUM,19,19,19,70.8,87.992
2025,20,BEA,1,MEDIUM,20,20,20,69.0,87.963
2025,20,BEA,1,MEDIUM,21,21,21,67.2,87.974
2025,20,BEA,1,MEDIUM,22,22,22,65.4,88.219
2025,20,BEA,1,MEDIUM,23,23,23,63.6,88.193
2025,20,BEA,1,MEDIUM,24,24,24,61.8,88.149
2025,20,BEA,1,MEDIUM,25,25,25,60.0,88.354
2025,20,BEA,1,MEDIUM,26,26,26,58.2,88.442
2025,20,BEA,1,MEDIUM,27,27,27,56.4,88.508
2025,20,BEA,2,HARD,1,28,1,54.6,86.397
2025,20,BEA,2,HARD,2,29,2,52.8,86.385
2025,20,BEA,2,HARD,3,30,3,51.0,86.527
2025,20,BEA,2,HARD,4,31,4,49.2,86.341
2025,20,BEA,2,HARD,5,32,5,47.4,86.299
2025,20,BEA,2,HARD,6,33,6,45.6,86.53
2025,20,BEA,2,HARD,7,34,7,43.8,86.532
2025,20,BEA,2,HARD,8,35,8,42.0,86.785
2025,20,BEA,2,HARD,9,36,9,40.2,86.679
2025,20,BEA,2,HARD,10,37,10,38.4,86.547
2025,20,BEA,2,HARD,11,38,11,36.6,86.812
2025,20,BEA,2,HARD,12,39,12,34.8,86.787
2025,20,BEA,2,HARD,13,40,13,33.0,86.913
2025,20,BEA,2,HARD,14,41,14,31.2,86.756
2025,20,BEA,2,HARD,15,42,15,29.4,86.913
2025,20,BEA,2,HARD,16,43,16,27.6,86.887
2025,20,BEA,2,HARD,17,44,17,25.8,87.039
2025,20,BEA,2,HARD,18,45,18,24.0,86.997
2025,20,BEA,2,HARD,19,46,19,22.2,87.221
2025,20,BEA,2,HARD,20,47,20,20.4,87.294
2025,20,BEA,2,HARD,21,48,21,18.6,87.169
2025,20,BEA,2,HARD,22,49,22,16.8,87.25
2025,20,BEA,2,HARD,23,50,23,15.0,87.172
2025,20,BEA,2,HARD,24,51,24,13.2,87.376
2025,20,BEA,2,HARD,25,52,25,11.4,87.415
2025,20,BEA,2,HARD,26,53,26,9.6,87.314
2025,20,BEA,2,HARD,27,54,27,7.8,87.479
2025,20,BEA,2,HARD,28,55,28,6.0,87.607
2025,21,NOR,1,MEDIUM,1,1,1,103.2,86.531
2025,21,NOR,1,MEDIUM,2,2,2,101.4,86.599
2025,21,NOR,1,MEDIUM,3,3,3,99.6,86.72
2025,21,NOR,1,MEDIUM,4,4,4,97.8,86.669
2025,21,NOR,1,MEDIUM,5,5,5,96.0,86.741
2025,21,NOR,1,MEDIUM,6,6,6,94.2,86.748
2025,21,NOR,1,MEDIUM,7,7,7,92.4,86.891
2025,21,NOR,1,MEDIUM,8,8,8,90.6,86.74
2025,21,NOR,1,MEDIUM,9,9,9,88.8,86.856
2025,21,NOR,1,MEDIUM,10,10,10,87.0,86.904
2025,21,NOR,1,MEDIUM,11,11,11,85.2,86.961
2025,21,NOR,1,MEDIUM,12,12,12,83.4,87.037
2025,21,NOR,1,MEDIUM,13,13,13,81.6,87.153
2025,21,NOR,1,MEDIUM,14,14,14,79.8,87.217
2025,21,NOR,1,MEDIUM,15,15,15,78.0,87.132
2025,21,NOR,1,MEDIUM,16,16,16,76.2,87.183
2025,21,NOR,1,MEDIUM,17,17,17,74.4,87.317
2025,21,NOR,1,MEDIUM,18,18,18,72.6,87.294
2025,21,NOR,1,MEDIUM,19,19,19,70.8,87.32
2025,21,NOR,1,MEDIUM,20,20,20,69.0,87.342
2025,21,NOR,1,MEDIUM,21,21,21,67.2,87.349
2025,21,NOR,1,MEDIUM,22,22,22,65.4,87.539
2025,21,NOR,1,MEDIUM,23,23,23,63.6,87.428
2025,21,NOR,1,MEDIUM,24,24,24,61.8,87.582
2025,21,NOR,1,MEDIUM,25,25,25,60.0,87.668
2025,21,NOR,1,MEDIUM,26,26,26,58.2,87.649
2025,21,NOR,1,MEDIUM,27,27,27,56.4,87.717
2025,21,NOR,2,HARD,1,28,1,54.6,85.763
2025,21,NOR,2,HARD,2,29,2,52.8,85.796
2025,21,NOR,2,HARD,3,30,3,51.0,85.748
2025,21,NOR,2,HARD,4,31,4,49.2,85.786
2025,21,NOR,2,HARD,5,32,5,47.4,85.848
2025,21,NOR,2,HARD,6,33,6,45.6,85.909
2025,21,NOR,2,HARD,7,34,7,43.8,85.917
2025,21,NOR,2,HARD,8,35,8,42.0,86.021
2025,21,NOR,2,HARD,9,36,9,40.2,85.998
2025,21,NOR,2,HARD,10,37,10,38.4,86.077
2025,21,NOR,2,HARD,11,38,11,36.6,86.155
2025,21,NOR,2,HARD,12,39,12,34.8,86.09
2025,21,NOR,2,HARD,13,40,13,33.0,86.208
2025,21,NOR,2,HARD,14,41,14,31.2,86.183
2025,21,NOR,2,HARD,15,42,15,29.4,86.387
2025,21,NOR,2,HARD,16,43,16,27.6,86.363
2025,21,NOR,2,HARD,17,44,17,25.8,86.393
2025,21,NOR,2,HARD,18,45,18,24.0,86.321
2025,21,NOR,2,HARD,19,46,19,22.2,86.565
2025,21,NOR,2,HARD,20,47,20,20.4,86.321
2025,21,NOR,2,HARD,21,48,21,18.6,86.446
2025,21,NOR,2,HARD,22,49,22,16.8,86.701
2025,21,NOR,2,HARD,23,50,23,15.0,86.773
2025,21,NOR,2,HARD,24,51,24,13.2,86.898
2025,21,NOR,2,HARD,25,52,25,11.4,86.664
2025,21,NOR,2,HARD,26,53,26,9.6,86.857
2025,21,NOR,2,HARD,27,54,27,7.8,86.87
2025,21,NOR,2,HARD,28,55,28,6.0,86.949
2025,21,ANT,1,MEDIUM,1,1,1,103.2,86.702
2025,21,ANT,1,MEDIUM,2,2,2,101.4,86.652
2025,21,ANT,1,MEDIUM,3,3,3,99.6,86.676
2025,21,ANT,1,MEDIUM,4,4,4,97.8,86.701
2025,21,ANT,1,MEDIUM,5,5,5,96.0,86.69
2025,21,ANT,1,MEDIUM,6,6,6,94.2,86.71
2025,21,ANT,1,MEDIUM,7,7,7,92.4,86.816
2025,21,ANT,1,MEDIUM,8,8,8,90.6,86.839
2025,21,ANT,1,MEDIUM,9,9,9,88.8,86.956
2025,21,ANT,1,MEDIUM,10,10,10,87.0,86.92
2025,21,ANT,1,MEDIUM,11,11,11,85.2,87.211
2025,21,ANT,1,MEDIUM,12,12,12,83.4,87.064
2025,21,ANT,1,MEDIUM,13,13,13,81.6,87.139
2025,21,ANT,1,MEDIUM,14,14,14,79.8,87.315
2025,21,ANT,1,MEDIUM,15,15,15,78.0,87.355
2025,21,ANT,1,MEDIUM,16,16,16,76.2,87.213
2025,21,ANT,1,MEDIUM,17,17,17,74.4,87.326
2025,21,ANT,1,MEDIUM,18,18,18,72.6,87.621
2025,21,ANT,1,MEDIUM,19,19,19,70.8,87.37
2025,21,ANT,1,MEDIUM,20,20,20,69.0,87.489
2025,21,ANT,1,MEDIUM,21,21,21,67.2,87.574
2025,21,ANT,1,MEDIUM,22,22,22,65.4,87.667
2025,21,ANT,1,MEDIUM,23,23,23,63.6,87.737
2025,21,ANT,1,MEDIUM,24,24,24,61.8,87.794
2025,21,ANT,1,MEDIUM,25,25,25,60.0,87.649
2025,21,ANT,1,MEDIUM,26,26,26,58.2,87.788
2025,21,ANT,1,MEDIUM,27,27,27,56.4,87.882
2025,21,ANT,2,HARD,1,28,1,54.6,85.824
2025,21,ANT,2,HARD,2,29,2,52.8,85.849
2025,21,ANT,2,HARD,3,30,3,51.0,85.84
2025,21,ANT,2,HARD,4,31,4,49.2,85.844
2025,21,ANT,2,HARD,5,32,5,47.4,85.739
2025,21,ANT,2,HARD,6,33,6,45.6,85.989
2025,21,ANT,2,HARD,7,34,7,43.8,85.948
2025,21,ANT,2,HARD,8,35,8,42.0,85.936
2025,21,ANT,2,HARD,9,36,9,40.2,86.061
2025,21,ANT,2,HARD,10,37,10,38.4,86.135
2025,21,ANT,2,HARD,11,38,11,36.6,86.241
2025,21,ANT,2,HARD,12,39,12,34.8,86.292
2025,21,ANT,2,HARD,13,40,13,33.0,86.421
2025,21,ANT,2,HARD,14,41,14,31.2,86.315
2025,21,ANT,2,HARD,15,42,15,29.4,86.384
2025,21,ANT,2,HARD,16,43,16,27.6,86.244
2025,21,ANT,2,HARD,17,44,17,25.8,86.379
2025,21,ANT,2,HARD,18,45,18,24.0,86.356
2025,21,ANT,2,HARD,19,46,19,22.2,86.58
2025,21,ANT,2,HARD,20,47,20,20.4,86.633
2025,21,ANT,2,HARD,21,48,21,18.6,86.723
2025,21,ANT,2,HARD,22,49,22,16.8,86.702
2025,21,ANT,2,HARD,23,50,23,15.0,86.643
2025,21,ANT,2,HARD,24,51,24,13.2,86.756
2025,21,ANT,2,HARD,25,52,25,11.4,86.914
2025,21,ANT,2,HARD,26,53,26,9.6,86.965
2025,21,ANT,2,HARD,27,54,27,7.8,86.871
2025,21,ANT,2,HARD,28,55,28,6.0,87.169
2025,21,PIA,1,MEDIUM,1,1,1,103.2,86.862
2025,21,PIA,1,MEDIUM,2,2,2,101.4,86.893
2025,21,PIA,1,MEDIUM,3,3,3,99.6,87.066
2025,21,PIA,1,MEDIUM,4,4,4,97.8,86.914
2025,21,PIA,1,MEDIUM,5,5,5,96.0,86.887
2025,21,PIA,1,MEDIUM,6,6,6,94.2,86.992
2025,21,PIA,1,MEDIUM,7,7,7,92.4,87.103
2025,21,PIA,1,MEDIUM,8,8,8,90.6,87.21
2025,21,PIA,1,MEDIUM,9,9,9,88.8,87.107
2025,21,PIA,1,MEDIUM,10,10,10,87.0,87.113
2025,21,PIA,1,MEDIUM,11,11,11,85.2,87.215
2025,21,PIA,1,MEDIUM,12,12,12,83.4,87.236
2025,21,PIA,1,MEDIUM,13,13,13,81.6,87.289
2025,21,PIA,1,MEDIUM,14,14,14,79.8,87.441
2025,21,PIA,1,MEDIUM,15,15,15,78.0,87.416
2025,21,PIA,1,MEDIUM,16,16,16,76.2,87.372
2025,21,PIA,1,MEDIUM,17,17,17,74.4,87.492
2025,21,PIA,1,MEDIUM,18,18,18,72.6,87.478
2025,21,PIA,1,MEDIUM,19,19,19,70.8,87.611
2025,21,PIA,1,MEDIUM,20,20,20,69.0,87.609
2025,21,PIA,1,MEDIUM,21,21,21,67.2,87.826
2025,21,PIA,1,MEDIUM,22,22,22,65.4,87.73
2025,21,PIA,1,MEDIUM,23,23,23,63.6,87.751
2025,21,PIA,1,MEDIUM,24,24,24,61.8,87.702
2025,21,PIA,1,MEDIUM,25,25,25,60.0,88.017
2025,21,PIA,1,MEDIUM,26,26,26,58.2,87.825
2025,21,PIA,1,MEDIUM,27,27,27,56.4,87.975
2025,21,PIA,2,HARD,1,28,1,54.6,85.986
2025,21,PIA,2,HARD,2,29,2,52.8,85.921
2025,21,PIA,2,HARD,3,30,3,51.0,86.09
2025,21,PIA,2,HARD,4,31,4,49.2,86.127
2025,21,PIA,2,HARD,5,32,5,47.4,86.051
2025,21,PIA,2,HARD,6,33,6,45.6,86.079
2025,21,PIA,2,HARD,7,34,7,43.8,86.101
2025,21,PIA,2,HARD,8,35,8,42.0,86.264
2025,21,PIA,2,HARD,9,36,9,40.2,86.338
2025,21,PIA,2,HARD,10,37,10,38.4,86.422
2025,21,PIA,2,HARD,11,38,11,36.6,86.357
2025,21,PIA,2,HARD,12,39,12,34.8,86.345
2025,21,PIA,2,HARD,13,40,13,33.0,86.447
2025,21,PIA,2,HARD,14,41,14,31.2,86.408
2025,21,PIA,2,HARD,15,42,15,29.4,86.725
2025,21,PIA,2,HARD,16,43,16,27.6,86.599
2025,21,PIA,2,HARD,17,44,17,25.8,86.582
2025,21,PIA,2,HARD,18,45,18,24.0,86.628
2025,21,PIA,2,HARD,19,46,19,22.2,86.617
2025,21,PIA,2,HARD,20,47,20,20.4,86.658
2025,21,PIA,2,HARD,21,48,21,18.6,86.763
2025,21,PIA,2,HARD,22,49,22,16.8,86.86
2025,21,PIA,2,HARD,23,50,23,15.0,86.951
2025,21,PIA,2,HARD,24,51,24,13.2,87.001
2025,21,PIA,2,HARD,25,52,25,11.4,87.065
2025,21,PIA,2,HARD,26,53,26,9.6,86.939
2025,21,PIA,2,HARD,27,54,27,7.8,87.116
2025,21,PIA,2,HARD,28,55,28,6.0,87.223
2025,21,RUS,1,MEDIUM,1,1,1,103.2,87.077
2025,21,RUS,1,MEDIUM,2,2,2,101.4,86.921
2025,21,RUS,1,MEDIUM,3,3,3,99.6,87.219
2025,21,RUS,1,MEDIUM,4,4,4,97.8,87.063
2025,21,RUS,1,MEDIUM,5,5,5,96.0,87.175
2025,21,RUS,1,MEDIUM,6,6,6,94.2,87.122
2025,21,RUS,1,MEDIUM,7,7,7,92.4,87.244
2025,21,RUS,1,MEDIUM,8,8,8,90.6,87.262
2025,21,RUS,1,MEDIUM,9,9,9,88.8,87.297
2025,21,RUS,1,MEDIUM,10,10,10,87.0,87.444
2025,21,RUS,1,MEDIUM,11,11,11,85.2,87.374
2025,21,RUS,1,MEDIUM,12,12,12,83.4,87.489
2025,21,RUS,1,MEDIUM,13,13,13,81.6,87.495
2025,21,RUS,1,MEDIUM,14,14,14,79.8,87.598
2025,21,RUS,1,MEDIUM,15,15,15,78.0,87.58
2025,21,RUS,1,MEDIUM,16,16,16,76.2,87.503
2025,21,RUS,1,MEDIUM,17,17,17,74.4,87.735
2025,21,RUS,1,MEDIUM,18,18,18,72.6,87.762
2025,21,RUS,1,MEDIUM,19,19,19,70.8,87.81
2025,21,RUS,1,MEDIUM,20,20,20,69.0,87.7
2025,21,RUS,1,MEDIUM,21,21,21,67.2,87.741
2025,21,RUS,1,MEDIUM,22,22,22,65.4,87.787
2025,21,RUS,1,MEDIUM,23,23,23,63.6,88.003
2025,21,RUS,1,MEDIUM,24,24,24,61.8,87.903
2025,21,RUS,1,MEDIUM,25,25,25,60.0,88.065
2025,21,RUS,1,MEDIUM,26,26,26,58.2,88.156
2025,21,RUS,1,MEDIUM,27,27,27,56.4,88.156
2025,21,RUS,2,HARD,1,28,1,54.6,85.944
2025,21,RUS,2,HARD,2,29,2,52.8,86.092
2025,21,RUS,2,HARD,3,30,3,51.0,86.103
2025,21,RUS,2,HARD,4,31,4,49.2,86.173
2025,21,RUS,2,HARD,5,32,5,47.4,86.096
2025,21,RUS,2,HARD,6,33,6,45.6,86.275
2025,21,RUS,2,HARD,7,34,7,43.8,86.386
2025,21,RUS,2,HARD,8,35,8,42.0,86.446
2025,21,RUS,2,HARD,9,36,9,40.2,86.534
2025,21,RUS,2,HARD,10,37,10,38.4,86.515
2025,21,RUS,2,HARD,11,38,11,36.6,86.439
2025,21,RUS,2,HARD,12,39,12,34.8,86.457
2025,21,RUS,2,HARD,13,40,13,33.0,86.506
2025,21,RUS,2,HARD,14,41,14,31.2,86.565
2025,21,RUS,2,HARD,15,42,15,29.4,86.712
2025,21,RUS,2,HARD,16,43,16,27.6,86.648
2025,21,RUS,2,HARD,17,44,17,25.8,86.884
2025,21,RUS,2,HARD,18,45,18,24.0,86.782
2025,21,RUS,2,HARD,19,46,19,22.2,86.922
2025,21,RUS,2,HARD,20,47,20,20.4,86.969
2025,21,RUS,2,HARD,21,48,21,18.6,86.835
2025,21,RUS,2,HARD,22,49,22,16.8,87.069
2025,21,RUS,2,HARD,23,50,23,15.0,87.024
2025,21,RUS,2,HARD,24,51,24,13.2,87.158
2025,21,RUS,2,HARD,25,52,25,11.4,87.098
2025,21,RUS,2,HARD,26,53,26,9.6,87.138
2025,21,RUS,2,HARD,27,54,27,7.8,87.292
2025,21,RUS,2,HARD,28,55,28,6.0,87.266
2025,21,BEA,1,MEDIUM,1,1,1,103.2,87.016
2025,21,BEA,1,MEDIUM,2,2,2,101.4,87.339
2025,21,BEA,1,MEDIUM,3,3,3,99.6,87.257
2025,21,BEA,1,MEDIUM,4,4,4,97.8,87.156
2025,21,BEA,1,MEDIUM,5,5,5,96.0,87.335
2025,21,BEA,1,MEDIUM,6,6,6,94.2,87.207
2025,21,BEA,1,MEDIUM,7,7,7,92.4,87.349
2025,21,BEA,1,MEDIUM,8,8,8,90.6,87.472
2025,21,BEA,1,MEDIUM,9,9,9,88.8,87.403
2025,21,BEA,1,MEDIUM,10,10,10,87.0,87.582
2025,21,BEA,1,MEDIUM,11,11,11,85.2,87.526
2025,21,BEA,1,MEDIUM,12,12,12,83.4,87.625
2025,21,BEA,1,MEDIUM,13,13,13,81.6,87.622
2025,21,BEA,1,MEDIUM,14,14,14,79.8,87.618
2025,21,BEA,1,MEDIUM,15,15,15,78.0,87.831
2025,21,BEA,1,MEDIUM,16,16,16,76.2,87.758
2025,21,BEA,1,MEDIUM,17,17,17,74.4,87.667
2025,21,BEA,1,MEDIUM,18,18,18,72.6,87.886
2025,21,BEA,1,MEDIUM,19,19,19,70.8,88.066
2025,21,BEA,1,MEDIUM,20,20,20,69.0,87.833
2025,21,BEA,1,MEDIUM,21,21,21,67.2,87.99
2025,21,BEA,1,MEDIUM,22,22,22,65.4,87.905
2025,21,BEA,1,MEDIUM,23,23,23,63.6,88.141
2025,21,BEA,1,MEDIUM,24,24,24,61.8,88.071
2025,21,BEA,1,MEDIUM,25,25,25,60.0,88.136
2025,21,BEA,1,MEDIUM,26,26,26,58.2,88.244
2025,21,BEA,1,MEDIUM,27,27,27,56.4,88.295
2025,21,BEA,2,HARD,1,28,1,54.6,86.12
2025,21,BEA,2,HARD,2,29,2,52.8,86.321
2025,21,BEA,2,HARD,3,30,3,51.0,86.409
2025,21,BEA,2,HARD,4,31,4,49.2,86.388
2025,21,BEA,2,HARD,5,32,5,47.4,86.283
2025,21,BEA,2,HARD,6,33,6,45.6,86.393
2025,21,BEA,2,HARD,7,34,7,43.8,86.586
2025,21,BEA,2,HARD,8,35,8,42.0,86.592
2025,21,BEA,2,HARD,9,36,9,40.2,86.519
2025,21,BEA,2,HARD,10,37,10,38.4,86.554
2025,21,BEA,2,HARD,11,38,11,36.6,86.691
2025,21,BEA,2,HARD,12,39,12,34.8,86.665
2025,21,BEA,2,HARD,13,40,13,33.0,86.759
2025,21,BEA,2,HARD,14,41,14,31.2,86.808
2025,21,BEA,2,HARD,15,42,15,29.4,86.846
2025,21,BEA,2,HARD,16,43,16,27.6,86.836
2025,21,BEA,2,HARD,17,44,17,25.8,86.842
2025,21,BEA,2,HARD,18,45,18,24.0,87.042
2025,21,BEA,2,HARD,19,46,19,22.2,87.082
2025,21,BEA,2,HARD,20,47,20,20.4,87.013
2025,21,BEA,2,HARD,21,48,21,18.6,87.111
2025,21,BEA,2,HARD,22,49,22,16.8,87.073
2025,21,BEA,2,HARD,23,50,23,15.0,87.316
2025,21,BEA,2,HARD,24,51,24,13.2,87.319
2025,21,BEA,2,HARD,25,52,25,11.4,87.299
2025,21,BEA,2,HARD,26,53,26,9.6,87.549
2025,21,BEA,2,HARD,27,54,27,7.8,87.401
2025,21,BEA,2,HARD,28,55,28,6.0,87.43
2025,21,VER,1,MEDIUM,1,1,1,103.2,88.16
2025,21,VER,1,MEDIUM,2,2,2,101.4,88.004
2025,21,VER,1,MEDIUM,3,3,3,99.6,88.164
2025,21,VER,1,MEDIUM,4,4,4,97.8,88.269
2025,21,VER,1,MEDIUM,5,5,5,96.0,88.095
2025,21,VER,1,MEDIUM,6,6,6,94.2,88.343
2025,21,VER,1,MEDIUM,7,7,7,92.4,88.341
2025,21,VER,1,MEDIUM,8,8,8,90.6,88.392
2025,21,VER,1,MEDIUM,9,9,9,88.8,88.397
2025,21,VER,1,MEDIUM,10,10,10,87.0,88.369
2025,21,VER,1,MEDIUM,11,11,11,85.2,88.418
2025,21,VER,1,MEDIUM,12,12,12,83.4,88.525
2025,21,VER,1,MEDIUM,13,13,13,81.6,88.537
2025,21,VER,1,MEDIUM,14,14,14,79.8,88.619
2025,21,VER,1,MEDIUM,15,15,15,78.0,88.664
2025,21,VER,1,MEDIUM,16,16,16,76.2,88.631
2025,21,VER,1,MEDIUM,17,17,17,74.4,88.774
2025,21,VER,1,MEDIUM,18,18,18,72.6,88.89
2025,21,VER,1,MEDIUM,19,19,19,70.8,88.85
2025,21,VER,1,MEDIUM,20,20,20,69.0,88.85
2025,21,VER,1,MEDIUM,21,21,21,67.2,88.994
2025,21,VER,1,MEDIUM,22,22,22,65.4,89.018
2025,21,VER,1,MEDIUM,23,23,23,63.6,89.047
2025,21,VER,1,MEDIUM,24,24,24,61.8,89.067
2025,21,VER,1,MEDIUM,25,25,25,60.0,89.264
2025,21,VER,1,MEDIUM,26,26,26,58.2,89.272
2025,21,VER,1,MEDIUM,27,27,27,56.4,89.284
2025,21,VER,2,HARD,1,28,1,54.6,87.331
2025,21,VER,2,HARD,2,29,2,52.8,87.307
2025,21,VER,2,HARD,3,30,3,51.0,87.147
2025,21,VER,2,HARD,4,31,4,49.2,87.292
2025,21,VER,2,HARD,5,32,5,47.4,87.373
2025,21,VER,2,HARD,6,33,6,45.6,87.353
2025,21,VER,2,HARD,7,34,7,43.8,87.55
2025,21,VER,2,HARD,8,35,8,42.0,87.446
2025,21,VER,2,HARD,9,36,9,40.2,87.425
2025,21,VER,2,HARD,10,37,10,38.4,87.5
2025,21,VER,2,HARD,11,38,11,36.6,87.656
2025,21,VER,2,HARD,12,39,12,34.8,87.705
2025,21,VER,2,HARD,13,40,13,33.0,87.743
2025,21,VER,2,HARD,14,41,14,31.2,87.703
2025,21,VER,2,HARD,15,42,15,29.4,87.714
2025,21,VER,2,HARD,16,43,16,27.6,87.764
2025,21,VER,2,HARD,17,44,17,25.8,87.962
2025,21,VER,2,HARD,18,45,18,24.0,88.002
2025,21,VER,2,HARD,19,46,19,22.2,88.014
2025,21,VER,2,HARD,20,47,20,20.4,88.07
2025,21,VER,2,HARD,21,48,21,18.6,87.965
2025,21,VER,2,HARD,22,49,22,16.8,88.075
2025,21,VER,2,HARD,23,50,23,15.0,88.156
2025,21,VER,2,HARD,24,51,24,13.2,88.302
2025,21,VER,2,HARD,25,52,25,11.4,88.239
2025,21,VER,2,HARD,26,53,26,9.6,88.206
2025,21,VER,2,HARD,27,54,27,7.8,88.427
2025,21,VER,2,HARD,28,55,28,6.0,88.375
2025,22,VER,1,MEDIUM,1,1,1,103.2,86.612
2025,22,VER,1,MEDIUM,2,2,2,101.4,86.758
2025,22,VER,1,MEDIUM,3,3,3,99.6,86.692
2025,22,VER,1,MEDIUM,4,4,4,97.8,86.77
2025,22,VER,1,MEDIUM,5,5,5,96.0,86.782
2025,22,VER,1,MEDIUM,6,6,6,94.2,86.937
2025,22,VER,1,MEDIUM,7,7,7,92.4,86.953
2025,22,VER,1,MEDIUM,8,8,8,90.6,86.937
2025,22,VER,1,MEDIUM,9,9,9,88.8,86.965
2025,22,VER,1,MEDIUM,10,10,10,87.0,86.875
2025,22,VER,1,MEDIUM,11,11,11,85.2,87.06
2025,22,VER,1,MEDIUM,12,12,12,83.4,87.106
2025,22,VER,1,MEDIUM,13,13,13,81.6,87.18
2025,22,VER,1,MEDIUM,14,14,14,79.8,87.14
2025,22,VER,1,MEDIUM,15,15,15,78.0,87.341
2025,22,VER,1,MEDIUM,16,16,16,76.2,87.404
2025,22,VER,1,MEDIUM,17,17,17,74.4,87.341
2025,22,VER,1,MEDIUM,18,18,18,72.6,87.373
2025,22,VER,1,MEDIUM,19,19,19,70.8,87.523
2025,22,VER,1,MEDIUM,20,20,20,69.0,87.577
2025,22,VER,1,MEDIUM,21,21,21,67.2,87.634
2025,22,VER,1,MEDIUM,22,22,22,65.4,87.637
2025,22,VER,1,MEDIUM,23,23,23,63.6,87.637
2025,22,VER,1,MEDIUM,24,24,24,61.8,87.472
2025,22,VER,1,MEDIUM,25,25,25,60.0,87.715
2025,22,VER,2,HARD,1,26,1,58.2,85.82
2025,22,VER,2,HARD,2,27,2,56.4,85.956
2025,22,VER,2,HARD,3,28,3,54.6,85.917
2025,22,VER,2,HARD,4,29,4,52.8,85.857
2025,22,VER,2,HARD,5,30,5,51.0,85.835
2025,22,VER,2,HARD,6,31,6,49.2,85.85
2025,22,VER,2,HARD,7,32,7,47.4,86.185
2025,22,VER,2,HARD,8,33,8,45.6,86.275
2025,22,VER,2,HARD,9,34,9,43.8,86.189
2025,22,VER,2,HARD,10,35,10,42.0,86.259
2025,22,VER,2,HARD,11,36,11,40.2,86.151
2025,22,VER,2,HARD,12,37,12,38.4,86.368
2025,22,VER,2,HARD,13,38,13,36.6,86.413
2025,22,VER,2,HARD,14,39,14,34.8,86.287
2025,22,VER,2,HARD,15,40,15,33.0,86.45
2025,22,VER,2,HARD,16,41,16,31.2,86.565
2025,22,VER,2,HARD,17,42,17,29.4,86.483
2025,22,VER,2,HARD,18,43,18,27.6,86.568
2025,22,VER,2,HARD,19,44,19,25.8,86.639
2025,22,VER,2,HARD,20,45,20,24.0,86.655
2025,22,VER,2,HARD,21,46,21,22.2,86.825
2025,22,VER,2,HARD,22,47,22,20.4,86.627
2025,22,VER,2,HARD,23,48,23,18.6,86.893
2025,22,VER,2,HARD,24,49,24,16.8,86.839
2025,22,VER,2,HARD,25,50,25,15.0,86.91
2025,22,SAI,1,MEDIUM,1,1,1,103.2,86.781
2025,22,SAI,1,MEDIUM,2,2,2,101.4,86.707
2025,22,SAI,1,MEDIUM,3,3,3,99.6,86.843
2025,22,SAI,1,MEDIUM,4,4,4,97.8,86.749
2025,22,SAI,1,MEDIUM,5,5,5,96.0,86.949
2025,22,SAI,1,MEDIUM,6,6,6,94.2,86.928
2025,22,SAI,1,MEDIUM,7,7,7,92.4,86.976
2025,22,SAI,1,MEDIUM,8,8,8,90.6,86.924
2025,22,SAI,1,MEDIUM,9,9,9,88.8,87.096
2025,22,SAI,1,MEDIUM,10,10,10,87.0,87.059
2025,22,SAI,1,MEDIUM,11,11,11,85.2,87.077
2025,22,SAI,1,MEDIUM,12,12,12,83.4,87.173
2025,22,SAI,1,MEDIUM,13,13,13,81.6,87.193
2025,22,SAI,1,MEDIUM,14,14,14,79.8,87.214
2025,22,SAI,1,MEDIUM,15,15,15,78.0,87.356
2025,22,SAI,1,MEDIUM,16,16,16,76.2,87.307
2025,22,SAI,1,MEDIUM,17,17,17,74.4,87.451
2025,22,SAI,1,MEDIUM,18,18,18,72.6,87.388
2025,22,SAI,1,MEDIUM,19,19,19,70.8,87.612
2025,22,SAI,1,MEDIUM,20,20,20,69.0,87.424
2025,22,SAI,1,MEDIUM,21,21,21,67.2,87.66
2025,22,SAI,1,MEDIUM,22,22,22,65.4,87.753
2025,22,SAI,1,MEDIUM,23,23,23,63.6,87.746
2025,22,SAI,1,MEDIUM,24,24,24,61.8,87.766
2025,22,SAI,1,MEDIUM,25,25,25,60.0,87.915
2025,22,SAI,2,HARD,1,26,1,58.2,85.921
2025,22,SAI,2,HARD,2,27,2,56.4,85.93
2025,22,SAI,2,HARD,3,28,3,54.6,86.152
2025,22,SAI,2,HARD,4,29,4,52.8,86.013
2025,22,SAI,2,HARD,5,30,5,51.0,86.162
2025,22,SAI,2,HARD,6,31,6,49.2,86.01
2025,22,SAI,2,HARD,7,32,7,47.4,86.198
2025,22,SAI,2,HARD,8,33,8,45.6,86.266
2025,22,SAI,2,HARD,9,34,9,43.8,86.259
2025,22,SAI,2,HARD,10,35,10,42.0,86.193
2025,22,SAI,2,HARD,11,36,11,40.2,86.414
2025,22,SAI,2,HARD,12,37,12,38.4,86.302
2025,22,SAI,2,HARD,13,38,13,36.6,86.548
2025,22,SAI,2,HARD,14,39,14,34.8,86.278
2025,22,SAI,2,HARD,15,40,15,33.0,86.416
2025,22,SAI,2,HARD,16,41,16,31.2,86.529
2025,22,SAI,2,HARD,17,42,17,29.4,86.478
2025,22,SAI,2,HARD,18,43,18,27.6,86.618
2025,22,SAI,2,HARD,19,44,19,25.8,86.763
2025,22,SAI,2,HARD,20,45,20,24.0,86.813
2025,22,SAI,2,HARD,21,46,21,22.2,86.663
2025,22,SAI,2,HARD,22,47,22,20.4,86.958
2025,22,SAI,2,HARD,23,48,23,18.6,86.886
2025,22,SAI,2,HARD,24,49,24,16.8,86.811
2025,22,SAI,2,HARD,25,50,25,15.0,86.98
2025,22,RUS,1,MEDIUM,1,1,1,103.2,86.78
2025,22,RUS,1,MEDIUM,2,2,2,101.4,86.867
2025,22,RUS,1,MEDIUM,3,3,3,99.6,87.017
2025,22,RUS,1,MEDIUM,4,4,4,97.8,87.027
2025,22,RUS,1,MEDIUM,5,5,5,96.0,87.021
2025,22,RUS,1,MEDIUM,6,6,6,94.2,86.95
2025,22,RUS,1,MEDIUM,7,7,7,92.4,87.122
2025,22,RUS,1,MEDIUM,8,8,8,90.6,87.064
2025,22,RUS,1,MEDIUM,9,9,9,88.8,87.128
2025,22,RUS,1,MEDIUM,10,10,10,87.0,87.138
2025,22,RUS,1,MEDIUM,11,11,11,85.2,87.193
2025,22,RUS,1,MEDIUM,12,12,12,83.4,87.328
2025,22,RUS,1,MEDIUM,13,13,13,81.6,87.335
2025,22,RUS,1,MEDIUM,14,14,14,79.8,87.546
2025,22,RUS,1,MEDIUM,15,15,15,78.0,87.517
2025,22,RUS,1,MEDIUM,16,16,16,76.2,87.528
2025,22,RUS,1,MEDIUM,17,17,17,74.4,87.6
2025,22,RUS,1,MEDIUM,18,18,18,72.6,87.44
2025,22,RUS,1,MEDIUM,19,19,19,70.8,87.618
2025,22,RUS,1,MEDIUM,20,20,20,69.0,87.675
2025,22,RUS,1,MEDIUM,21,21,21,67.2,87.688
2025,22,RUS,1,MEDIUM,22,22,22,65.4,87.903
2025,22,RUS,1,MEDIUM,23,23,23,63.6,87.838
2025,22,RUS,1,MEDIUM,24,24,24,61.8,87.844
2025,22,RUS,1,MEDIUM,25,25,25,60.0,87.949
2025,22,RUS,2,HARD,1,26,1,58.2,86.089
2025,22,RUS,2,HARD,2,27,2,56.4,86.008
2025,22,RUS,2,HARD,3,28,3,54.6,86.09
2025,22,RUS,2,HARD,4,29,4,52.8,86.264
2025,22,RUS,2,HARD,5,30,5,51.0,86.133
2025,22,RUS,2,HARD,6,31,6,49.2,86.078
2025,22,RUS,2,HARD,7,32,7,47.4,86.17
2025,22,RUS,2,HARD,8,33,8,45.6,86.277
2025,22,RUS,2,HARD,9,34,9,43.8,86.359
2025,22,RUS,2,HARD,10,35,10,42.0,86.377
2025,22,RUS,2,HARD,11,36,11,40.2,86.414
2025,22,RUS,2,HARD,12,37,12,38.4,86.506
2025,22,RUS,2,HARD,13,38,13,36.6,86.539
2025,22,RUS,2,HARD,14,39,14,34.8,86.555
2025,22,RUS,2,HARD,15,40,15,33.0,86.601
2025,22,RUS,2,HARD,16,41,16,31.2,86.531
2025,22,RUS,2,HARD,17,42,17,29.4,86.711
2025,22,RUS,2,HARD,18,43,18,27.6,86.776
2025,22,RUS,2,HARD,19,44,19,25.8,86.728
2025,22,RUS,2,HARD,20,45,20,24.0,86.953
2025,22,RUS,2,HARD,21,46,21,22.2,86.847
2025,22,RUS,2,HARD,22,47,22,20.4,86.9
2025,22,RUS,2,HARD,23,48,23,18.6,86.868
2025,22,RUS,2,HARD,24,49,24,16.8,86.99
2025,22,RUS,2,HARD,25,50,25,15.0,87.06
2025,22,HAD,1,MEDIUM,1,1,1,103.2,87.044
2025,22,HAD,1,MEDIUM,2,2,2,101.4,87.343
2025,22,HAD,1,MEDIUM,3,3,3,99.6,87.214
2025,22,HAD,1,MEDIUM,4,4,4,97.8,87.37
2025,22,HAD,1,MEDIUM,5,5,5,96.0,87.239
2025,22,HAD,1,MEDIUM,6,6,6,94.2,87.297
2025,22,HAD,1,MEDIUM,7,7,7,92.4,87.251
2025,22,HAD,1,MEDIUM,8,8,8,90.6,87.319
2025,22,HAD,1,MEDIUM,9,9,9,88.8,87.241
2025,22,HAD,1,MEDIUM,10,10,10,87.0,87.497
2025,22,HAD,1,MEDIUM,11,11,11,85.2,87.572
2025,22,HAD,1,MEDIUM,12,12,12,83.4,87.564
2025,22,HAD,1,MEDIUM,13,13,13,81.6,87.665
2025,22,HAD,1,MEDIUM,14,14,14,79.8,87.641
2025,22,HAD,1,MEDIUM,15,15,15,78.0,87.551
2025,22,HAD,1,MEDIUM,16,16,16,76.2,87.771
2025,22,HAD,1,MEDIUM,17,17,17,74.4,87.858
2025,22,HAD,1,MEDIUM,18,18,18,72.6,87.84
2025,22,HAD,1,MEDIUM,19,19,19,70.8,87.974
2025,22,HAD,1,MEDIUM,20,20,20,69.0,88.05
2025,22,HAD,1,MEDIUM,21,21,21,67.2,88.023
2025,22,HAD,1,MEDIUM,22,22,22,65.4,88.109
2025,22,HAD,1,MEDIUM,23,23,23,63.6,88.27
2025,22,HAD,1,MEDIUM,24,24,24,61.8,88.074
2025,22,HAD,1,MEDIUM,25,25,25,60.0,88.253
2025,22,HAD,2,HARD,1,26,1,58.2,86.412
2025,22,HAD,2,HARD,2,27,2,56.4,86.507
2025,22,HAD,2,HARD,3,28,3,54.6,86.485
2025,22,HAD,2,HARD,4,29,4,52.8,86.546
2025,22,HAD,2,HARD,5,30,5,51.0,86.487
2025,22,HAD,2,HARD,6,31,6,49.2,86.514
2025,22,HAD,2,HARD,7,32,7,47.4,86.568
2025,22,HAD,2,HARD,8,33,8,45.6,86.601
2025,22,HAD,2,HARD,9,34,9,43.8,86.693
2025,22,HAD,2,HARD,10,35,10,42.0,86.725
2025,22,HAD,2,HARD,11,36,11,40.2,86.641
2025,22,HAD,2,HARD,12,37,12,38.4,86.81
2025,22,HAD,2,HARD,13,38,13,36.6,86.88
2025,22,HAD,2,HARD,14,39,14,34.8,86.876
2025,22,HAD,2,HARD,15,40,15,33.0,86.849
2025,22,HAD,2,HARD,16,41,16,31.2,86.98
2025,22,HAD,2,HARD,17,42,17,29.4,86.944
2025,22,HAD,2,HARD,18,43,18,27.6,86.97
2025,22,HAD,2,HARD,19,44,19,25.8,87.138
2025,22,HAD,2,HARD,20,45,20,24.0,87.115
2025,22,HAD,2,HARD,21,46,21,22.2,87.262
2025,22,HAD,2,HARD,22,47,22,20.4,87.159
2025,22,HAD,2,HARD,23,48,23,18.6,87.263
2025,22,HAD,2,HARD,24,49,24,16.8,87.295
2025,22,HAD,2,HARD,25,50,25,15.0,87.414
2025,22,LEC,1,MEDIUM,1,1,1,103.2,87.253
2025,22,LEC,1,MEDIUM,2,2,2,101.4,87.291
2025,22,LEC,1,MEDIUM,3,3,3,99.6,87.497
2025,22,LEC,1,MEDIUM,4,4,4,97.8,87.194
2025,22,LEC,1,MEDIUM,5,5,5,96.0,87.4
2025,22,LEC,1,MEDIUM,6,6,6,94.2,87.367
2025,22,LEC,1,MEDIUM,7,7,7,92.4,87.416
2025,22,LEC,1,MEDIUM,8,8,8,90.6,87.599
2025,22,LEC,1,MEDIUM,9,9,9,88.8,87.64
2025,22,LEC,1,MEDIUM,10,10,10,87.0,87.629
2025,22,LEC,1,MEDIUM,11,11,11,85.2,87.699
2025,22,LEC,1,MEDIUM,12,12,12,83.4,87.554
2025,22,LEC,1,MEDIUM,13,13,13,81.6,87.838
2025,22,LEC,1,MEDIUM,14,14,14,79.8,87.898
2025,22,LEC,1,MEDIUM,15,15,15,78.0,87.891
2025,22,LEC,1,MEDIUM,16,16,16,76.2,87.699
2025,22,LEC,1,MEDIUM,17,17,17,74.4,87.865
2025,22,LEC,1,MEDIUM,18,18,18,72.6,87.972
2025,22,LEC,1,MEDIUM,19,19,19,70.8,87.955
2025,22,LEC,1,MEDIUM,20,20,20,69.0,88.231
2025,22,LEC,1,MEDIUM,21,21,21,67.2,88.019
2025,22,LEC,1,MEDIUM,22,22,22,65.4,88.165
2025,22,LEC,1,MEDIUM,23,23,23,63.6,88.167
2025,22,LEC,1,MEDIUM,24,24,24,61.8,88.176
2025,22,LEC,1,MEDIUM,25,25,25,60.0,88.249
2025,22,LEC,2,HARD,1,26,1,58.2,86.462
2025,22,LEC,2,HARD,2,27,2,56.4,86.461
2025,22,LEC,2,HARD,3,28,3,54.6,86.557
2025,22,LEC,2,HARD,4,29,4,52.8,86.653
2025,22,LEC,2,HARD,5,30,5,51.0,86.547
2025,22,LEC,2,HARD,6,31,6,49.2,86.458
2025,22,LEC,2,HARD,7,32,7,47.4,86.711
2025,22,LEC,2,HARD,8,33,8,45.6,86.722
2025,22,LEC,2,HARD,9,34,9,43.8,86.704
2025,22,LEC,2,HARD,10,35,10,42.0,86.732
2025,22,LEC,2,HARD,11,36,11,40.2,86.756
2025,22,LEC,2,HARD,12,37,12,38.4,86.892
2025,22,LEC,2,HARD,13,38,13,36.6,86.727
2025,22,LEC,2,HARD,14,39,14,34.8,86.94
2025,22,LEC,2,HARD,15,40,15,33.0,86.888
2025,22,LEC,2,HARD,16,41,16,31.2,87.086
2025,22,LEC,2,HARD,17,42,17,29.4,87.071
2025,22,LEC,2,HARD,18,43,18,27.6,87.195
2025,22,LEC,2,HARD,19,44,19,25.8,87.278
2025,22,LEC,2,HARD,20,45,20,24.0,87.255
2025,22,LEC,2,HARD,21,46,21,22.2,87.116
2025,22,LEC,2,HARD,22,47,22,20.4,87.369
2025,22,LEC,2,HARD,23,48,23,18.6,87.341
2025,22,LEC,2,HARD,24,49,24,16.8,87.402
2025,22,LEC,2,HARD,25,50,25,15.0,87.403
2025,22,ANT,1,MEDIUM,1,1,1,103.2,88.041
2025,22,ANT,1,MEDIUM,2,2,2,101.4,87.862
2025,22,ANT,1,MEDIUM,3,3,3,99.6,88.017
2025,22,ANT,1,MEDIUM,4,4,4,97.8,87.921
2025,22,ANT,1,MEDIUM,5,5,5,96.0,88.16
2025,22,ANT,1,MEDIUM,6,6,6,94.2,87.985
2025,22,ANT,1,MEDIUM,7,7,7,92.4,88.138
2025,22,ANT,1,MEDIUM,8,8,8,90.6,88.132
2025,22,ANT,1,MEDIUM,9,9,9,88.8,88.195
2025,22,ANT,1,MEDIUM,10,10,10,87.0,87.959
2025,22,ANT,1,MEDIUM,11,11,11,85.2,88.343
2025,22,ANT,1,MEDIUM,12,12,12,83.4,88.384
2025,22,ANT,1,MEDIUM,13,13,13,81.6,88.342
2025,22,ANT,1,MEDIUM,14,14,14,79.8,88.544
2025,22,ANT,1,MEDIUM,15,15,15,78.0,88.517
2025,22,ANT,1,MEDIUM,16,16,16,76.2,88.634
2025,22,ANT,1,MEDIUM,17,17,17,74.4,88.532
2025,22,ANT,1,MEDIUM,18,18,18,72.6,88.535
2025,22,ANT,1,MEDIUM,19,19,19,70.8,88.661
2025,22,ANT,1,MEDIUM,20,20,20,69.0,88.716
2025,22,ANT,1,MEDIUM,21,21,21,67.2,88.852
2025,22,ANT,1,MEDIUM,22,22,22,65.4,88.588
2025,22,ANT,1,MEDIUM,23,23,23,63.6,88.679
2025,22,ANT,1,MEDIUM,24,24,24,61.8,88.863
2025,22,ANT,1,MEDIUM,25,25,25,60.0,88.839
2025,22,ANT,2,HARD,1,26,1,58.2,87.058
2025,22,ANT,2,HARD,2,27,2,56.4,87.117
2025,22,ANT,2,HARD,3,28,3,54.6,87.238
2025,22,ANT,2,HARD,4,29,4,52.8,87.046
2025,22,ANT,2,HARD,5,30,5,51.0,87.217
2025,22,ANT,2,HARD,6,31,6,49.2,87.249
2025,22,ANT,2,HARD,7,32,7,47.4,87.229
2025,22,ANT,2,HARD,8,33,8,45.6,87.328
2025,22,ANT,2,HARD,9,34,9,43.8,87.198
2025,22,ANT,2,HARD,10,35,10,42.0,87.399
2025,22,ANT,2,HARD,11,36,11,40.2,87.435
2025,22,ANT,2,HARD,12,37,12,38.4,87.542
2025,22,ANT,2,HARD,13,38,13,36.6,87.486
2025,22,ANT,2,HARD,14,39,14,34.8,87.463
2025,22,ANT,2,HARD,15,40,15,33.0,87.579
2025,22,ANT,2,HARD,16,41,16,31.2,87.654
2025,22,ANT,2,HARD,17,42,17,29.4,87.704
2025,22,ANT,2,HARD,18,43,18,27.6,87.718
2025,22,ANT,2,HARD,19,44,19,25.8,87.779
2025,22,ANT,2,HARD,20,45,20,24.0,87.86
2025,22,ANT,2,HARD,21,46,21,22.2,87.75
2025,22,ANT,2,HARD,22,47,22,20.4,88.023
2025,22,ANT,2,HARD,23,48,23,18.6,88.026
2025,22,ANT,2,HARD,24,49,24,16.8,88.048
2025,22,ANT,2,HARD,25,50,25,15.0,88.087
2025,23,PIA,1,MEDIUM,1,1,1,103.2,86.655
2025,23,PIA,1,MEDIUM,2,2,2,101.4,86.635
2025,23,PIA,1,MEDIUM,3,3,3,99.6,86.585
2025,23,PIA,1,MEDIUM,4,4,4,97.8,86.683
2025,23,PIA,1,MEDIUM,5,5,5,96.0,86.688
2025,23,PIA,1,MEDIUM,6,6,6,94.2,86.774
2025,23,PIA,1,MEDIUM,7,7,7,92.4,86.756
2025,23,PIA,1,MEDIUM,8,8,8,90.6,86.787
2025,23,PIA,1,MEDIUM,9,9,9,88.8,86.746
2025,23,PIA,1,MEDIUM,10,10,10,87.0,86.908
2025,23,PIA,1,MEDIUM,11,11,11,85.2,86.963
2025,23,PIA,1,MEDIUM,12,12,12,83.4,86.905
2025,23,PIA,1,MEDIUM,13,13,13,81.6,86.963
2025,23,PIA,1,MEDIUM,14,14,14,79.8,87.042
2025,23,PIA,1,MEDIUM,15,15,15,78.0,87.158
2025,23,PIA,1,MEDIUM,16,16,16,76.2,87.194
2025,23,PIA,1,MEDIUM,17,17,17,74.4,87.063
2025,23,PIA,1,MEDIUM,18,18,18,72.6,87.359
2025,23,PIA,1,MEDIUM,19,19,19,70.8,87.318
2025,23,PIA,1,MEDIUM,20,20,20,69.0,87.335
2025,23,PIA,1,MEDIUM,21,21,21,67.2,87.422
2025,23,PIA,1,MEDIUM,22,22,22,65.4,87.563
2025,23,PIA,1,MEDIUM,23,23,23,63.6,87.46
2025,23,PIA,1,MEDIUM,24,24,24,61.8,87.661
2025,23,PIA,1,MEDIUM,25,25,25,60.0,87.742
2025,23,PIA,1,MEDIUM,26,26,26,58.2,87.686
2025,23,PIA,1,MEDIUM,27,27,27,56.4,87.764
2025,23,PIA,2,HARD,1,28,1,54.6,85.659
2025,23,PIA,2,HARD,2,29,2,52.8,85.638
2025,23,PIA,2,HARD,3,30,3,51.0,85.671
2025,23,PIA,2,HARD,4,31,4,49.2,85.946
2025,23,PIA,2,HARD,5,32,5,47.4,85.961
2025,23,PIA,2,HARD,6,33,6,45.6,85.854
2025,23,PIA,2,HARD,7,34,7,43.8,85.824
2025,23,PIA,2,HARD,8,35,8,42.0,86.047
2025,23,PIA,2,HARD,9,36,9,40.2,86.005
2025,23,PIA,2,HARD,10,37,10,38.4,85.969
2025,23,PIA,2,HARD,11,38,11,36.6,85.999
2025,23,PIA,2,HARD,12,39,12,34.8,86.063
2025,23,PIA,2,HARD,13,40,13,33.0,86.2
2025,23,PIA,2,HARD,14,41,14,31.2,86.19
2025,23,PIA,2,HARD,15,42,15,29.4,86.291
2025,23,PIA,2,HARD,16,43,16,27.6,86.429
2025,23,PIA,2,HARD,17,44,17,25.8,86.367
2025,23,PIA,2,HARD,18,45,18,24.0,86.482
2025,23,PIA,2,HARD,19,46,19,22.2,86.511
2025,23,PIA,2,HARD,20,47,20,20.4,86.531
2025,23,PIA,2,HARD,21,48,21,18.6,86.419
2025,23,PIA,2,HARD,22,49,22,16.8,86.624
2025,23,PIA,2,HARD,23,50,23,15.0,86.596
2025,23,PIA,2,HARD,24,51,24,13.2,86.726
2025,23,PIA,2,HARD,25,52,25,11.4,86.643
2025,23,PIA,2,HARD,26,53,26,9.6,86.827
2025,23,PIA,2,HARD,27,54,27,7.8,86.803
2025,23,PIA,2,HARD,28,55,28,6.0,86.909
2025,23,NOR,1,MEDIUM,1,1,1,103.2,86.654
2025,23,NOR,1,MEDIUM,2,2,2,101.4,86.583
2025,23,NOR,1,MEDIUM,3,3,3,99.6,86.72
2025,23,NOR,1,MEDIUM,4,4,4,97.8,86.826
2025,23,NOR,1,MEDIUM,5,5,5,96.0,86.812
2025,23,NOR,1,MEDIUM,6,6,6,94.2,86.846
2025,23,NOR,1,MEDIUM,7,7,7,92.4,86.832
2025,23,NOR,1,MEDIUM,8,8,8,90.6,87.075
2025,23,NOR,1,MEDIUM,9,9,9,88.8,86.99
2025,23,NOR,1,MEDIUM,10,10,10,87.0,86.995
2025,23,NOR,1,MEDIUM,11,11,11,85.2,86.924
2025,23,NOR,1,MEDIUM,12,12,12,83.4,87.118
2025,23,NOR,1,MEDIUM,13,13,13,81.6,87.257
2025,23,NOR,1,MEDIUM,14,14,14,79.8,87.196
2025,23,NOR,1,MEDIUM,15,15,15,78.0,87.209
2025,23,NOR,1,MEDIUM,16,16,16,76.2,87.233
2025,23,NOR,1,MEDIUM,17,17,17,74.4,87.419
2025,23,NOR,1,MEDIUM,18,18,18,72.6,87.409
2025,23,NOR,1,MEDIUM,19,19,19,70.8,87.495
2025,23,NOR,1,MEDIUM,20,20,20,69.0,87.551
2025,23,NOR,1,MEDIUM,21,21,21,67.2,87.597
2025,23,NOR,1,MEDIUM,22,22,22,65.4,87.535
2025,23,NOR,1,MEDIUM,23,23,23,63.6,87.597
2025,23,NOR,1,MEDIUM,24,24,24,61.8,87.591
2025,23,NOR,1,MEDIUM,25,25,25,60.0,87.725
2025,23,NOR,1,MEDIUM,26,26,26,58.2,87.725
2025,23,NOR,1,MEDIUM,27,27,27,56.4,87.909
2025,23,NOR,2,HARD,1,28,1,54.6,85.809
2025,23,NOR,2,HARD,2,29,2,52.8,86.002
2025,23,NOR,2,HARD,3,30,3,51.0,85.706
2025,23,NOR,2,HARD,4,31,4,49.2,85.937
2025,23,NOR,2,HARD,5,32,5,47.4,85.904
2025,23,NOR,2,HARD,6,33,6,45.6,85.986
2025,23,NOR,2,HARD,7,34,7,43.8,86.023
2025,23,NOR,2,HARD,8,35,8,42.0,85.91
2025,23,NOR,2,HARD,9,36,9,40.2,85.946
2025,23,NOR,2,HARD,10,37,10,38.4,86.144
2025,23,NOR,2,HARD,11,38,11,36.6,86.131
2025,23,NOR,2,HARD,12,39,12,34.8,86.17
2025,23,NOR,2,HARD,13,40,13,33.0,86.325
2025,23,NOR,2,HARD,14,41,14,31.2,86.306
2025,23,NOR,2,HARD,15,42,15,29.4,86.35
2025,23,NOR,2,HARD,16,43,16,27.6,86.319
2025,23,NOR,2,HARD,17,44,17,25.8,86.494
2025,23,NOR,2,HARD,18,45,18,24.0,86.483
2025,23,NOR,2,HARD,19,46,19,22.2,86.528
2025,23,NOR,2,HARD,20,47,20,20.4,86.703
2025,23,NOR,2,HARD,21,48,21,18.6,86.588
2025,23,NOR,2,HARD,22,49,22,16.8,86.907
2025,23,NOR,2,HARD,23,50,23,15.0,86.609
2025,23,NOR,2,HARD,24,51,24,13.2,86.978
2025,23,NOR,2,HARD,25,52,25,11.4,86.936
2025,23,NOR,2,HARD,26,53,26,9.6,86.982
2025,23,NOR,2,HARD,27,54,27,7.8,86.882
2025,23,NOR,2,HARD,28,55,28,6.0,86.969
2025,23,VER,1,MEDIUM,1,1,1,103.2,86.928
2025,23,VER,1,MEDIUM,2,2,2,101.4,86.755
2025,23,VER,1,MEDIUM,3,3,3,99.6,86.808
2025,23,VER,1,MEDIUM,4,4,4,97.8,86.922
2025,23,VER,1,MEDIUM,5,5,5,96.0,86.998
2025,23,VER,1,MEDIUM,6,6,6,94.2,87.049
2025,23,VER,1,MEDIUM,7,7,7,92.4,86.955
2025,23,VER,1,MEDIUM,8,8,8,90.6,86.969
2025,23,VER,1,MEDIUM,9,9,9,88.8,87.066
2025,23,VER,1,MEDIUM,10,10,10,87.0,87.074
2025,23,VER,1,MEDIUM,11,11,11,85.2,87.078
2025,23,VER,1,MEDIUM,12,12,12,83.4,87.222
2025,23,VER,1,MEDIUM,13,13,13,81.6,87.112
2025,23,VER,1,MEDIUM,14,14,14,79.8,87.321
2025,23,VER,1,MEDIUM,15,15,15,78.0,87.288
2025,23,VER,1,MEDIUM,16,16,16,76.2,87.45
2025,23,VER,1,MEDIUM,17,17,17,74.4,87.455
2025,23,VER,1,MEDIUM,18,18,18,72.6,87.334
2025,23,VER,1,MEDIUM,19,19,19,70.8,87.577
2025,23,VER,1,MEDIUM,20,20,20,69.0,87.428
2025,23,VER,1,MEDIUM,21,21,21,67.2,87.648
2025,23,VER,1,MEDIUM,22,22,22,65.4,87.547
2025,23,VER,1,MEDIUM,23,23,23,63.6,87.722
2025,23,VER,1,MEDIUM,24,24,24,61.8,87.741
2025,23,VER,1,MEDIUM,25,25,25,60.0,87.907
2025,23,VER,1,MEDIUM,26,26,26,58.2,87.795
2025,23,VER,1,MEDIUM,27,27,27,56.4,87.874
2025,23,VER,2,HARD,1,28,1,54.6,85.965
2025,23,VER,2,HARD,2,29,2,52.8,85.716
2025,23,VER,2,HARD,3,30,3,51.0,86.058
2025,23,VER,2,HARD,4,31,4,49.2,85.937
2025,23,VER,2,HARD,5,32,5,47.4,85.933
2025,23,VER,2,HARD,6,33,6,45.6,86.228
2025,23,VER,2,HARD,7,34,7,43.8,86.053
2025,23,VER,2,HARD,8,35,8,42.0,86.299
2025,23,VER,2,HARD,9,36,9,40.2,86.211
2025,23,VER,2,HARD,10,37,10,38.4,86.212
2025,23,VER,2,HARD,11,38,11,36.6,86.295
2025,23,VER,2,HARD,12,39,12,34.8,86.364
2025,23,VER,2,HARD,13,40,13,33.0,86.346
2025,23,VER,2,HARD,14,41,14,31.2,86.41
2025,23,VER,2,HARD,15,42,15,29.4,86.457
2025,23,VER,2,HARD,16,43,16,27.6,86.407
2025,23,VER,2,HARD,17,44,17,25.8,86.416
2025,23,VER,2,HARD,18,45,18,24.0,86.566
2025,23,VER,2,HARD,19,46,19,22.2,86.603
2025,23,VER,2,HARD,20,47,20,20.4,86.725
2025,23,VER,2,HARD,21,48,21,18.6,86.674
2025,23,VER,2,HARD,22,49,22,16.8,86.849
2025,23,VER,2,HARD,23,50,23,15.0,86.888
2025,23,VER,2,HARD,24,51,24,13.2,86.842
2025,23,VER,2,HARD,25,52,25,11.4,86.793
2025,23,VER,2,HARD,26,53,26,9.6,86.84
2025,23,VER,2,HARD,27,54,27,7.8,87.162
2025,23,VER,2,HARD,28,55,28,6.0,87.028
2025,23,RUS,1,MEDIUM,1,1,1,103.2,86.803
2025,23,RUS,1,MEDIUM,2,2,2,101.4,86.863
2025,23,RUS,1,MEDIUM,3,3,3,99.6,86.827
2025,23,RUS,1,MEDIUM,4,4,4,97.8,86.829
2025,23,RUS,1,MEDIUM,5,5,5,96.0,86.866
2025,23,RUS,1,MEDIUM,6,6,6,94.2,87.096
2025,23,RUS,1,MEDIUM,7,7,7,92.4,87.065
2025,23,RUS,1,MEDIUM,8,8,8,90.6,87.08
2025,23,RUS,1,MEDIUM,9,9,9,88.8,87.168
2025,23,RUS,1,MEDIUM,10,10,10,87.0,87.229
2025,23,RUS,1,MEDIUM,11,11,11,85.2,87.223
2025,23,RUS,1,MEDIUM,12,12,12,83.4,87.228
2025,23,RUS,1,MEDIUM,13,13,13,81.6,87.26
2025,23,RUS,1,MEDIUM,14,14,14,79.8,87.312
2025,23,RUS,1,MEDIUM,15,15,15,78.0,87.564
2025,23,RUS,1,MEDIUM,16,16,16,76.2,87.495
2025,23,RUS,1,MEDIUM,17,17,17,74.4,87.525
2025,23,RUS,1,MEDIUM,18,18,18,72.6,87.536
2025,23,RUS,1,MEDIUM,19,19,19,70.8,87.627
2025,23,RUS,1,MEDIUM,20,20,20,69.0,87.73
2025,23,RUS,1,MEDIUM,21,21,21,67.2,87.721
2025,23,RUS,1,MEDIUM,22,22,22,65.4,87.831
2025,23,RUS,1,MEDIUM,23,23,23,63.6,87.715
2025,23,RUS,1,MEDIUM,24,24,24,61.8,87.784
2025,23,RUS,1,MEDIUM,25,25,25,60.0,87.835
2025,23,RUS,1,MEDIUM,26,26,26,58.2,87.94
2025,23,RUS,1,MEDIUM,27,27,27,56.4,88.012
2025,23,RUS,2,HARD,1,28,1,54.6,85.941
2025,23,RUS,2,HARD,2,29,2,52.8,86.01
2025,23,RUS,2,HARD,3,30,3,51.0,85.866
2025,23,RUS,2,HARD,4,31,4,49.2,85.983
2025,23,RUS,2,HARD,5,32,5,47.4,86.056
2025,23,RUS,2,HARD,6,33,6,45.6,86.144
2025,23,RUS,2,HARD,7,34,7,43.8,86.098
2025,23,RUS,2,HARD,8,35,8,42.0,86.097
2025,23,RUS,2,HARD,9,36,9,40.2,86.223
2025,23,RUS,2,HARD,10,37,10,38.4,86.143
2025,23,RUS,2,HARD,11,38,11,36.6,86.339
2025,23,RUS,2,HARD,12,39,12,34.8,86.337
2025,23,RUS,2,HARD,13,40,13,33.0,86.305
2025,23,RUS,2,HARD,14,41,14,31.2,86.494
2025,23,RUS,2,HARD,15,42,15,29.4,86.508
2025,23,RUS,2,HARD,16,43,16,27.6,86.606
2025,23,RUS,2,HARD,17,44,17,25.8,86.555
2025,23,RUS,2,HARD,18,45,18,24.0,86.594
2025,23,RUS,2,HARD,19,46,19,22.2,86.855
2025,23,RUS,2,HARD,20,47,20,20.4,86.744
2025,23,RUS,2,HARD,21,48,21,18.6,86.908
2025,23,RUS,2,HARD,22,49,22,16.8,86.786
2025,23,RUS,2,HARD,23,50,23,15.0,86.855
2025,23,RUS,2,HARD,24,51,24,13.2,87.017
2025,23,RUS,2,HARD,25,52,25,11.4,87.06
2025,23,RUS,2,HARD,26,53,26,9.6,87.046
2025,23,RUS,2,HARD,27,54,27,7.8,87.104
2025,23,RUS,2,HARD,28,55,28,6.0,87.184
2025,23,ANT,1,MEDIUM,1,1,1,103.2,86.983
2025,23,ANT,1,MEDIUM,2,2,2,101.4,86.816
2025,23,ANT,1,MEDIUM,3,3,3,99.6,86.95
2025,23,ANT,1,MEDIUM,4,4,4,97.8,87.029
2025,23,ANT,1,MEDIUM,5,5,5,96.0,86.996
2025,23,ANT,1,MEDIUM,6,6,6,94.2,87.004
2025,23,ANT,1,MEDIUM,7,7,7,92.4,87.078
2025,23,ANT,1,MEDIUM,8,8,8,90.6,87.091
2025,23,ANT,1,MEDIUM,9,9,9,88.8,87.299
2025,23,ANT,1,MEDIUM,10,10,10,87.0,87.272
2025,23,ANT,1,MEDIUM,11,11,11,85.2,87.081
2025,23,ANT,1,MEDIUM,12,12,12,83.4,87.199
2025,23,ANT,1,MEDIUM,13,13,13,81.6,87.315
2025,23,ANT,1,MEDIUM,14,14,14,79.8,87.505
2025,23,ANT,1,MEDIUM,15,15,15,78.0,87.384
2025,23,ANT,1,MEDIUM,16,16,16,76.2,87.54
2025,23,ANT,1,MEDIUM,17,17,17,74.4,87.535
2025,23,ANT,1,MEDIUM,18,18,18,72.6,87.533
2025,23,ANT,1,MEDIUM,19,19,19,70.8,87.614
2025,23,ANT,1,MEDIUM,20,20,20,69.0,87.599
2025,23,ANT,1,MEDIUM,21,21,21,67.2,87.94
2025,23,ANT,1,MEDIUM,22,22,22,65.4,87.866
2025,23,ANT,1,MEDIUM,23,23,23,63.6,88.078
2025,23,ANT,1,MEDIUM,24,24,24,61.8,87.942
2025,23,ANT,1,MEDIUM,25,25,25,60.0,87.965
2025,23,ANT,1,MEDIUM,26,26,26,58.2,88.023
2025,23,ANT,1,MEDIUM,27,27,27,56.4,88.038
2025,23,ANT,2,HARD,1,28,1,54.6,86.222
2025,23,ANT,2,HARD,2,29,2,52.8,86.077
2025,23,ANT,2,HARD,3,30,3,51.0,86.13
2025,23,ANT,2,HARD,4,31,4,49.2,86.266
2025,23,ANT,2,HARD,5,32,5,47.4,86.128
2025,23,ANT,2,HARD,6,33,6,45.6,86.227
2025,23,ANT,2,HARD,7,34,7,43.8,86.319
2025,23,ANT,2,HARD,8,35,8,42.0,86.117
2025,23,ANT,2,HARD,9,36,9,40.2,86.233
2025,23,ANT,2,HARD,10,37,10,38.4,86.274
2025,23,ANT,2,HARD,11,38,11,36.6,86.461
2025,23,ANT,2,HARD,12,39,12,34.8,86.564
2025,23,ANT,2,HARD,13,40,13,33.0,86.532
2025,23,ANT,2,HARD,14,41,14,31.2,86.537
2025,23,ANT,2,HARD,15,42,15,29.4,86.624
2025,23,ANT,2,HARD,16,43,16,27.6,86.667
2025,23,ANT,2,HARD,17,44,17,25.8,86.854
2025,23,ANT,2,HARD,18,45,18,24.0,86.739
2025,23,ANT,2,HARD,19,46,19,22.2,86.732
2025,23,ANT,2,HARD,20,47,20,20.4,86.676
2025,23,ANT,2,HARD,21,48,21,18.6,87.097
2025,23,ANT,2,HARD,22,49,22,16.8,86.977
2025,23,ANT,2,HARD,23,50,23,15.0,87.134
2025,23,ANT,2,HARD,24,51,24,13.2,87.004
2025,23,ANT,2,HARD,25,52,25,11.4,87.206
2025,23,ANT,2,HARD,26,53,26,9.6,87.149
2025,23,ANT,2,HARD,27,54,27,7.8,87.237
2025,23,ANT,2,HARD,28,55,28,6.0,87.242
2025,23,SAI,1,MEDIUM,1,1,1,103.2,86.835
2025,23,SAI,1,MEDIUM,2,2,2,101.4,87.245
2025,23,SAI,1,MEDIUM,3,3,3,99.6,87.105
2025,23,SAI,1,MEDIUM,4,4,4,97.8,87.072
2025,23,SAI,1,MEDIUM,5,5,5,96.0,87.169
2025,23,SAI,1,MEDIUM,6,6,6,94.2,87.255
2025,23,SAI,1,MEDIUM,7,7,7,92.4,87.221
2025,23,SAI,1,MEDIUM,8,8,8,90.6,87.325
2025,23,SAI,1,MEDIUM,9,9,9,88.8,87.476
2025,23,SAI,1,MEDIUM,10,10,10,87.0,87.423
2025,23,SAI,1,MEDIUM,11,11,11,85.2,87.451
2025,23,SAI,1,MEDIUM,12,12,12,83.4,87.616
2025,23,SAI,1,MEDIUM,13,13,13,81.6,87.664
2025,23,SAI,1,MEDIUM,14,14,14,79.8,87.751
2025,23,SAI,1,MEDIUM,15,15,15,78.0,87.643
2025,23,SAI,1,MEDIUM,16,16,16,76.2,87.705
2025,23,SAI,1,MEDIUM,17,17,17,74.4,87.798
2025,23,SAI,1,MEDIUM,18,18,18,72.6,87.775
2025,23,SAI,1,MEDIUM,19,19,19,70.8,87.797
2025,23,SAI,1,MEDIUM,20,20,20,69.0,87.832
2025,23,SAI,1,MEDIUM,21,21,21,67.2,87.998
2025,23,SAI,1,MEDIUM,22,22,22,65.4,88.07
2025,23,SAI,1,MEDIUM,23,23,23,63.6,87.949
2025,23,SAI,1,MEDIUM,24,24,24,61.8,88.24
2025,23,SAI,1,MEDIUM,25,25,25,60.0,88.166
2025,23,SAI,1,MEDIUM,26,26,26,58.2,88.243
2025,23,SAI,1,MEDIUM,27,27,27,56.4,88.198
2025,23,SAI,2,HARD,1,28,1,54.6,86.044
2025,23,SAI,2,HARD,2,29,2,52.8,86.235
2025,23,SAI,2,HARD,3,30,3,51.0,86.112
2025,23,SAI,2,HARD,4,31,4,49.2,86.143
2025,23,SAI,2,HARD,5,32,5,47.4,86.394
2025,23,SAI,2,HARD,6,33,6,45.6,86.394
2025,23,SAI,2,HARD,7,34,7,43.8,86.283
2025,23,SAI,2,HARD,8,35,8,42.0,86.555
2025,23,SAI,2,HARD,9,36,9,40.2,86.527
2025,23,SAI,2,HARD,10,37,10,38.4,86.556
2025,23,SAI,2,HARD,11,38,11,36.6,86.758
2025,23,SAI,2,HARD,12,39,12,34.8,86.463
2025,23,SAI,2,HARD,13,40,13,33.0,86.611
2025,23,SAI,2,HARD,14,41,14,31.2,86.622
2025,23,SAI,2,HARD,15,42,15,29.4,86.729
2025,23,SAI,2,HARD,16,43,16,27.6,86.797
2025,23,SAI,2,HARD,17,44,17,25.8,86.934
2025,23,SAI,2,HARD,18,45,18,24.0,87.044
2025,23,SAI,2,HARD,19,46,19,22.2,86.857
2025,23,SAI,2,HARD,20,47,20,20.4,86.953
2025,23,SAI,2,HARD,21,48,21,18.6,87.174
2025,23,SAI,2,HARD,22,49,22,16.8,87.065
2025,23,SAI,2,HARD,23,50,23,15.0,87.284
2025,23,SAI,2,HARD,24,51,24,13.2,87.113
2025,23,SAI,2,HARD,25,52,25,11.4,87.139
2025,23,SAI,2,HARD,26,53,26,9.6,87.235
2025,23,SAI,2,HARD,27,54,27,7.8,87.215
2025,23,SAI,2,HARD,28,55,28,6.0,87.371
2025,24,VER,1,MEDIUM,1,1,1,103.2,86.601
2025,24,VER,1,MEDIUM,2,2,2,101.4,86.583
2025,24,VER,1,MEDIUM,3,3,3,99.6,86.651
2025,24,VER,1,MEDIUM,4,4,4,97.8,86.777
2025,24,VER,1,MEDIUM,5,5,5,96.0,86.742
2025,24,VER,1,MEDIUM,6,6,6,94.2,86.8
2025,24,VER,1,MEDIUM,7,7,7,92.4,86.868
2025,24,VER,1,MEDIUM,8,8,8,90.6,86.784
2025,24,VER,1,MEDIUM,9,9,9,88.8,86.954
2025,24,VER,1,MEDIUM,10,10,10,87.0,86.854
2025,24,VER,1,MEDIUM,11,11,11,85.2,86.897
2025,24,VER,1,MEDIUM,12,12,12,83.4,86.976
2025,24,VER,1,MEDIUM,13,13,13,81.6,87.056
2025,24,VER,1,MEDIUM,14,14,14,79.8,87.179
2025,24,VER,1,MEDIUM,15,15,15,78.0,87.224
2025,24,VER,1,MEDIUM,16,16,16,76.2,87.184
2025,24,VER,1,MEDIUM,17,17,17,74.4,87.252
2025,24,VER,1,MEDIUM,18,18,18,72.6,87.34
2025,24,VER,1,MEDIUM,19,19,19,70.8,87.465
2025,24,VER,1,MEDIUM,20,20,20,69.0,87.316
2025,24,VER,1,MEDIUM,21,21,21,67.2,87.414
2025,24,VER,1,MEDIUM,22,22,22,65.4,87.585
2025,24,VER,1,MEDIUM,23,23,23,63.6,87.54
2025,24,VER,1,MEDIUM,24,24,24,61.8,87.694
2025,24,VER,1,MEDIUM,25,25,25,60.0,87.675
2025,24,VER,1,MEDIUM,26,26,26,58.2,87.624
2025,24,VER,1,MEDIUM,27,27,27,56.4,87.644
2025,24,VER,2,HARD,1,28,1,54.6,85.84
2025,24,VER,2,HARD,2,29,2,52.8,85.752
2025,24,VER,2,HARD,3,30,3,51.0,85.616
2025,24,VER,2,HARD,4,31,4,49.2,85.79
2025,24,VER,2,HARD,5,32,5,47.4,85.921
2025,24,VER,2,HARD,6,33,6,45.6,85.869
2025,24,VER,2,HARD,7,34,7,43.8,85.941
2025,24,VER,2,HARD,8,35,8,42.0,85.997
2025,24,VER,2,HARD,9,36,9,40.2,86.166
2025,24,VER,2,HARD,10,37,10,38.4,86.146
2025,24,VER,2,HARD,11,38,11,36.6,86.106
2025,24,VER,2,HARD,12,39,12,34.8,86.164
2025,24,VER,2,HARD,13,40,13,33.0,86.139
2025,24,VER,2,HARD,14,41,14,31.2,86.163
2025,24,VER,2,HARD,15,42,15,29.4,86.251
2025,24,VER,2,HARD,16,43,16,27.6,86.239
2025,24,VER,2,HARD,17,44,17,25.8,86.341
2025,24,VER,2,HARD,18,45,18,24.0,86.368
2025,24,VER,2,HARD,19,46,19,22.2,86.505
2025,24,VER,2,HARD,20,47,20,20.4,86.631
2025,24,VER,2,HARD,21,48,21,18.6,86.515
2025,24,VER,2,HARD,22,49,22,16.8,86.606
2025,24,VER,2,HARD,23,50,23,15.0,86.67
2025,24,VER,2,HARD,24,51,24,13.2,86.74
2025,24,VER,2,HARD,25,52,25,11.4,86.723
2025,24,VER,2,HARD,26,53,26,9.6,86.899
2025,24,VER,2,HARD,27,54,27,7.8,86.76
2025,24,VER,2,HARD,28,55,28,6.0,86.998
2025,24,NOR,1,MEDIUM,1,1,1,103.2,86.616
2025,24,NOR,1,MEDIUM,2,2,2,101.4,86.88
2025,24,NOR,1,MEDIUM,3,3,3,99.6,86.819
2025,24,NOR,1,MEDIUM,4,4,4,97.8,86.783
2025,24,NOR,1,MEDIUM,5,5,5,96.0,86.864
2025,24,NOR,1,MEDIUM,6,6,6,94.2,86.849
2025,24,NOR,1,MEDIUM,7,7,7,92.4,86.714
2025,24,NOR,1,MEDIUM,8,8,8,90.6,86.95
2025,24,NOR,1,MEDIUM,9,9,9,88.8,86.953
2025,24,NOR,1,MEDIUM,10,10,10,87.0,87.108
2025,24,NOR,1,MEDIUM,11,11,11,85.2,87.118
2025,24,NOR,1,MEDIUM,12,12,12,83.4,87.008
2025,24,NOR,1,MEDIUM,13,13,13,81.6,87.104
2025,24,NOR,1,MEDIUM,14,14,14,79.8,87.133
2025,24,NOR,1,MEDIUM,15,15,15,78.0,87.263
2025,24,NOR,1,MEDIUM,16,16,16,76.2,87.247
2025,24,NOR,1,MEDIUM,17,17,17,74.4,87.373
2025,24,NOR,1,MEDIUM,18,18,18,72.6,87.444
2025,24,NOR,1,MEDIUM,19,19,19,70.8,87.58
2025,24,NOR,1,MEDIUM,20,20,20,69.0,87.414
2025,24,NOR,1,MEDIUM,21,21,21,67.2,87.61
2025,24,NOR,1,MEDIUM,22,22,22,65.4,87.531
2025,24,NOR,1,MEDIUM,23,23,23,63.6,87.612
2025,24,NOR,1,MEDIUM,24,24,24,61.8,87.738
2025,24,NOR,1,MEDIUM,25,25,25,60.0,87.814
2025,24,NOR,1,MEDIUM,26,26,26,58.2,87.853
2025,24,NOR,1,MEDIUM,27,27,27,56.4,87.824
2025,24,NOR,2,HARD,1,28,1,54.6,85.847
2025,24,NOR,2,HARD,2,29,2,52.8,85.776
2025,24,NOR,2,HARD,3,30,3,51.0,85.93
2025,24,NOR,2,HARD,4,31,4,49.2,86.053
2025,24,NOR,2,HARD,5,32,5,47.4,85.939
2025,24,NOR,2,HARD,6,33,6,45.6,86.036
2025,24,NOR,2,HARD,7,34,7,43.8,86.126
2025,24,NOR,2,HARD,8,35,8,42.0,85.997
2025,24,NOR,2,HARD,9,36,9,40.2,86.039
2025,24,NOR,2,HARD,10,37,10,38.4,86.28
2025,24,NOR,2,HARD,11,38,11,36.6,86.215
2025,24,NOR,2,HARD,12,39,12,34.8,86.301
2025,24,NOR,2,HARD,13,40,13,33.0,86.324
2025,24,NOR,2,HARD,14,41,14,31.2,86.236
2025,24,NOR,2,HARD,15,42,15,29.4,86.315
2025,24,NOR,2,HARD,16,43,16,27.6,86.284
2025,24,NOR,2,HARD,17,44,17,25.8,86.499
2025,24,NOR,2,HARD,18,45,18,24.0,86.491
2025,24,NOR,2,HARD,19,46,19,22.2,86.455
2025,24,NOR,2,HARD,20,47,20,20.4,86.717
2025,24,NOR,2,HARD,21,48,21,18.6,86.606
2025,24,NOR,2,HARD,22,49,22,16.8,86.634
2025,24,NOR,2,HARD,23,50,23,15.0,86.763
2025,24,NOR,2,HARD,24,51,24,13.2,86.732
2025,24,NOR,2,HARD,25,52,25,11.4,86.845
2025,24,NOR,2,HARD,26,53,26,9.6,86.908
2025,24,NOR,2,HARD,27,54,27,7.8,86.902
2025,24,NOR,2,HARD,28,55,28,6.0,87.04
2025,24,PIA,1,MEDIUM,1,1,1,103.2,86.758
2025,24,PIA,1,MEDIUM,2,2,2,101.4,86.812
2025,24,PIA,1,MEDIUM,3,3,3,99.6,86.752
2025,24,PIA,1,MEDIUM,4,4,4,97.8,86.72
2025,24,PIA,1,MEDIUM,5,5,5,96.0,86.885
2025,24,PIA,1,MEDIUM,6,6,6,94.2,86.976
2025,24,PIA,1,MEDIUM,7,7,7,92.4,86.967
2025,24,PIA,1,MEDIUM,8,8,8,90.6,86.949
2025,24,PIA,1,MEDIUM,9,9,9,88.8,86.869
2025,24,PIA,1,MEDIUM,10,10,10,87.0,87.082
2025,24,PIA,1,MEDIUM,11,11,11,85.2,87.031
2025,24,PIA,1,MEDIUM,12,12,12,83.4,86.92
2025,24,PIA,1,MEDIUM,13,13,13,81.6,87.285
2025,24,PIA,1,MEDIUM,14,14,14,79.8,87.355
2025,24,PIA,1,MEDIUM,15,15,15,78.0,87.366
2025,24,PIA,1,MEDIUM,16,16,16,76.2,87.393
2025,24,PIA,1,MEDIUM,17,17,17,74.4,87.47
2025,24,PIA,1,MEDIUM,18,18,18,72.6,87.36
2025,24,PIA,1,MEDIUM,19,19,19,70.8,87.504
2025,24,PIA,1,MEDIUM,20,20,20,69.0,87.588
2025,24,PIA,1,MEDIUM,21,21,21,67.2,87.594
2025,24,PIA,1,MEDIUM,22,22,22,65.4,87.581
2025,24,PIA,1,MEDIUM,23,23,23,63.6,87.725
2025,24,PIA,1,MEDIUM,24,24,24,61.8,87.811
2025,24,PIA,1,MEDIUM,25,25,25,60.0,87.929
2025,24,PIA,1,MEDIUM,26,26,26,58.2,87.866
2025,24,PIA,1,MEDIUM,27,27,27,56.4,87.917
2025,24,PIA,2,HARD,1,28,1,54.6,85.928
2025,24,PIA,2,HARD,2,29,2,52.8,85.812
2025,24,PIA,2,HARD,3,30,3,51.0,85.962
2025,24,PIA,2,HARD,4,31,4,49.2,85.803
2025,24,PIA,2,HARD,5,32,5,47.4,85.997
2025,24,PIA,2,HARD,6,33,6,45.6,85.937
2025,24,PIA,2,HARD,7,34,7,43.8,86.162
2025,24,PIA,2,HARD,8,35,8,42.0,86.089
2025,24,PIA,2,HARD,9,36,9,40.2,86.134
2025,24,PIA,2,HARD,10,37,10,38.4,86.284
2025,24,PIA,2,HARD,11,38,11,36.6,86.309
2025,24,PIA,2,HARD,12,39,12,34.8,86.169
2025,24,PIA,2,HARD,13,40,13,33.0,86.4
2025,24,PIA,2,HARD,14,41,14,31.2,86.368
2025,24,PIA,2,HARD,15,42,15,29.4,86.391
2025,24,PIA,2,HARD,16,43,16,27.6,86.504
2025,24,PIA,2,HARD,17,44,17,25.8,86.636
2025,24,PIA,2,HARD,18,45,18,24.0,86.475
2025,24,PIA,2,HARD,19,46,19,22.2,86.552
2025,24,PIA,2,HARD,20,47,20,20.4,86.449
2025,24,PIA,2,HARD,21,48,21,18.6,86.739
2025,24,PIA,2,HARD,22,49,22,16.8,86.832
2025,24,PIA,2,HARD,23,50,23,15.0,86.87
2025,24,PIA,2,HARD,24,51,24,13.2,86.793
2025,24,PIA,2,HARD,25,52,25,11.4,87.007
2025,24,PIA,2,HARD,26,53,26,9.6,86.938
2025,24,PIA,2,HARD,27,54,27,7.8,87.124
2025,24,PIA,2,HARD,28,55,28,6.0,87.124
2025,24,RUS,1,MEDIUM,1,1,1,103.2,87.023
2025,24,RUS,1,MEDIUM,2,2,2,101.4,86.936
2025,24,RUS,1,MEDIUM,3,3,3,99.6,86.809
2025,24,RUS,1,MEDIUM,4,4,4,97.8,87.088
2025,24,RUS,1,MEDIUM,5,5,5,96.0,87.059
2025,24,RUS,1,MEDIUM,6,6,6,94.2,87.02
2025,24,RUS,1,MEDIUM,7,7,7,92.4,87.029
2025,24,RUS,1,MEDIUM,8,8,8,90.6,87.04
2025,24,RUS,1,MEDIUM,9,9,9,88.8,87.161
2025,24,RUS,1,MEDIUM,10,10,10,87.0,87.2
2025,24,RUS,1,MEDIUM,11,11,11,85.2,87.381
2025,24,RUS,1,MEDIUM,12,12,12,83.4,87.316
2025,24,RUS,1,MEDIUM,13,13,13,81.6,87.293
2025,24,RUS,1,MEDIUM,14,14,14,79.8,87.367
2025,24,RUS,1,MEDIUM,15,15,15,78.0,87.529
2025,24,RUS,1,MEDIUM,16,16,16,76.2,87.44
2025,24,RUS,1,MEDIUM,17,17,17,74.4,87.559
2025,24,RUS,1,MEDIUM,18,18,18,72.6,87.505
2025,24,RUS,1,MEDIUM,19,19,19,70.8,87.655
2025,24,RUS,1,MEDIUM,20,20,20,69.0,87.722
2025,24,RUS,1,MEDIUM,21,21,21,67.2,87.626
2025,24,RUS,1,MEDIUM,22,22,22,65.4,87.704
2025,24,RUS,1,MEDIUM,23,23,23,63.6,87.834
2025,24,RUS,1,MEDIUM,24,24,24,61.8,87.901
2025,24,RUS,1,MEDIUM,25,25,25,60.0,87.973
2025,24,RUS,1,MEDIUM,26,26,26,58.2,87.943
2025,24,RUS,1,MEDIUM,27,27,27,56.4,88.084
2025,24,RUS,2,HARD,1,28,1,54.6,85.799
2025,24,RUS,2,HARD,2,29,2,52.8,85.961
2025,24,RUS,2,HARD,3,30,3,51.0,85.983
2025,24,RUS,2,HARD,4,31,4,49.2,86.085
2025,24,RUS,2,HARD,5,32,5,47.4,86.22
2025,24,RUS,2,HARD,6,33,6,45.6,86.158
2025,24,RUS,2,HARD,7,34,7,43.8,86.273
2025,24,RUS,2,HARD,8,35,8,42.0,86.338
2025,24,RUS,2,HARD,9,36,9,40.2,86.169
2025,24,RUS,2,HARD,10,37,10,38.4,86.295
2025,24,RUS,2,HARD,11,38,11,36.6,86.298
2025,24,RUS,2,HARD,12,39,12,34.8,86.375
2025,24,RUS,2,HARD,13,40,13,33.0,86.397
2025,24,RUS,2,HARD,14,41,14,31.2,86.471
2025,24,RUS,2,HARD,15,42,15,29.4,86.528
2025,24,RUS,2,HARD,16,43,16,27.6,86.608
2025,24,RUS,2,HARD,17,44,17,25.8,86.535
2025,24,RUS,2,HARD,18,45,18,24.0,86.64
2025,24,RUS,2,HARD,19,46,19,22.2,86.736
2025,24,RUS,2,HARD,20,47,20,20.4,86.734
2025,24,RUS,2,HARD,21,48,21,18.6,86.927
2025,24,RUS,2,HARD,22,49,22,16.8,86.935
2025,24,RUS,2,HARD,23,50,23,15.0,86.954
2025,24,RUS,2,HARD,24,51,24,13.2,87.188
2025,24,RUS,2,HARD,25,52,25,11.4,86.961
2025,24,RUS,2,HARD,26,53,26,9.6,87.085
2025,24,RUS,2,HARD,27,54,27,7.8,87.257
2025,24,RUS,2,HARD,28,55,28,6.0,87.215
2025,24,LEC,1,MEDIUM,1,1,1,103.2,86.893
2025,24,LEC,1,MEDIUM,2,2,2,101.4,86.9
2025,24,LEC,1,MEDIUM,3,3,3,99.6,87.026
2025,24,LEC,1,MEDIUM,4,4,4,97.8,86.993
2025,24,LEC,1,MEDIUM,5,5,5,96.0,87.071
2025,24,LEC,1,MEDIUM,6,6,6,94.2,87.03
2025,24,LEC,1,MEDIUM,7,7,7,92.4,87.172
2025,24,LEC,1,MEDIUM,8,8,8,90.6,87.212
2025,24,LEC,1,MEDIUM,9,9,9,88.8,87.238
2025,24,LEC,1,MEDIUM,10,10,10,87.0,87.174
2025,24,LEC,1,MEDIUM,11,11,11,85.2,87.213
2025,24,LEC,1,MEDIUM,12,12,12,83.4,87.325
2025,24,LEC,1,MEDIUM,13,13,13,81.6,87.431
2025,24,LEC,1,MEDIUM,14,14,14,79.8,87.439
2025,24,LEC,1,MEDIUM,15,15,15,78.0,87.578
2025,24,LEC,1,MEDIUM,16,16,16,76.2,87.584
2025,24,LEC,1,MEDIUM,17,17,17,74.4,87.564
2025,24,LEC,1,MEDIUM,18,18,18,72.6,87.687
2025,24,LEC,1,MEDIUM,19,19,19,70.8,87.709
2025,24,LEC,1,MEDIUM,20,20,20,69.0,87.794
2025,24,LEC,1,MEDIUM,21,21,21,67.2,87.685
2025,24,LEC,1,MEDIUM,22,22,22,65.4,87.848
2025,24,LEC,1,MEDIUM,23,23,23,63.6,87.799
2025,24,LEC,1,MEDIUM,24,24,24,61.8,88.073
2025,24,LEC,1,MEDIUM,25,25,25,60.0,87.894
2025,24,LEC,1,MEDIUM,26,26,26,58.2,87.984
2025,24,LEC,1,MEDIUM,27,27,27,56.4,88.05
2025,24,LEC,2,HARD,1,28,1,54.6,86.002
2025,24,LEC,2,HARD,2,29,2,52.8,86.032
2025,24,LEC,2,HARD,3,30,3,51.0,86.23
2025,24,LEC,2,HARD,4,31,4,49.2,86.069
2025,24,LEC,2,HARD,5,32,5,47.4,86.221
2025,24,LEC,2,HARD,6,33,6,45.6,86.184
2025,24,LEC,2,HARD,7,34,7,43.8,86.169
2025,24,LEC,2,HARD,8,35,8,42.0,86.142
2025,24,LEC,2,HARD,9,36,9,40.2,86.08
2025,24,LEC,2,HARD,10,37,10,38.4,86.43
2025,24,LEC,2,HARD,11,38,11,36.6,86.317
2025,24,LEC,2,HARD,12,39,12,34.8,86.512
2025,24,LEC,2,HARD,13,40,13,33.0,86.499
2025,24,LEC,2,HARD,14,41,14,31.2,86.507
2025,24,LEC,2,HARD,15,42,15,29.4,86.717
2025,24,LEC,2,HARD,16,43,16,27.6,86.604
2025,24,LEC,2,HARD,17,44,17,25.8,86.78
2025,24,LEC,2,HARD,18,45,18,24.0,86.864
2025,24,LEC,2,HARD,19,46,19,22.2,86.663
2025,24,LEC,2,HARD,20,47,20,20.4,86.961
2025,24,LEC,2,HARD,21,48,21,18.6,86.907
2025,24,LEC,2,HARD,22,49,22,16.8,86.875
2025,24,LEC,2,HARD,23,50,23,15.0,87.024
2025,24,LEC,2,HARD,24,51,24,13.2,87.019
2025,24,LEC,2,HARD,25,52,25,11.4,87.068
2025,24,LEC,2,HARD,26,53,26,9.6,86.976
2025,24,LEC,2,HARD,27,54,27,7.8,87.127
2025,24,LEC,2,HARD,28,55,28,6.0,87.283
2025,24,ALO,1,MEDIUM,1,1,1,103.2,86.996
2025,24,ALO,1,MEDIUM,2,2,2,101.4,86.932
2025,24,ALO,1,MEDIUM,3,3,3,99.6,87.114
2025,24,ALO,1,MEDIUM,4,4,4,97.8,87.162
2025,24,ALO,1,MEDIUM,5,5,5,96.0,87.148
2025,24,ALO,1,MEDIUM,6,6,6,94.2,87.156
2025,24,ALO,1,MEDIUM,7,7,7,92.4,87.146
2025,24,ALO,1,MEDIUM,8,8,8,90.6,87.433
2025,24,ALO,1,MEDIUM,9,9,9,88.8,87.226
2025,24,ALO,1,MEDIUM,10,10,10,87.0,87.264
2025,24,ALO,1,MEDIUM,11,11,11,85.2,87.337
2025,24,ALO,1,MEDIUM,12,12,12,83.4,87.292
2025,24,ALO,1,MEDIUM,13,13,13,81.6,87.445
2025,24,ALO,1,MEDIUM,14,14,14,79.8,87.375
2025,24,ALO,1,MEDIUM,15,15,15,78.0,87.616
2025,24,ALO,1,MEDIUM,16,16,16,76.2,87.786
2025,24,ALO,1,MEDIUM,17,17,17,74.4,87.732
2025,24,ALO,1,MEDIUM,18,18,18,72.6,87.706
2025,24,ALO,1,MEDIUM,19,19,19,70.8,87.629
2025,24,ALO,1,MEDIUM,20,20,20,69.0,87.721
2025,24,ALO,1,MEDIUM,21,21,21,67.2,87.732
2025,24,ALO,1,MEDIUM,22,22,22,65.4,87.984
2025,24,ALO,1,MEDIUM,23,23,23,63.6,88.085
2025,24,ALO,1,MEDIUM,24,24,24,61.8,87.999
2025,24,ALO,1,MEDIUM,25,25,25,60.0,88.049
2025,24,ALO,1,MEDIUM,26,26,26,58.2,88.171
2025,24,ALO,1,MEDIUM,27,27,27,56.4,88.21
2025,24,ALO,2,HARD,1,28,1,54.6,86.14
2025,24,ALO,2,HARD,2,29,2,52.8,86.039
2025,24,ALO,2,HARD,3,30,3,51.0,86.168
2025,24,ALO,2,HARD,4,31,4,49.2,86.057
2025,24,ALO,2,HARD,5,32,5,47.4,86.313
2025,24,ALO,2,HARD,6,33,6,45.6,86.117
2025,24,ALO,2,HARD,7,34,7,43.8,86.397
2025,24,ALO,2,HARD,8,35,8,42.0,86.379
2025,24,ALO,2,HARD,9,36,9,40.2,86.404
2025,24,ALO,2,HARD,10,37,10,38.4,86.408
2025,24,ALO,2,HARD,11,38,11,36.6,86.619
2025,24,ALO,2,HARD,12,39,12,34.8,86.551
2025,24,ALO,2,HARD,13,40,13,33.0,86.564
2025,24,ALO,2,HARD,14,41,14,31.2,86.628
2025,24,ALO,2,HARD,15,42,15,29.4,86.575
2025,24,ALO,2,HARD,16,43,16,27.6,86.772
2025,24,ALO,2,HARD,17,44,17,25.8,86.761
2025,24,ALO,2,HARD,18,45,18,24.0,86.825
2025,24,ALO,2,HARD,19,46,19,22.2,86.936
2025,24,ALO,2,HARD,20,47,20,20.4,86.819
2025,24,ALO,2,HARD,21,48,21,18.6,86.947
2025,24,ALO,2,HARD,22,49,22,16.8,86.929
2025,24,ALO,2,HARD,23,50,23,15.0,87.022
2025,24,ALO,2,HARD,24,51,24,13.2,87.247
2025,24,ALO,2,HARD,25,52,25,11.4,87.226
2025,24,ALO,2,HARD,26,53,26,9.6,87.116
2025,24,ALO,2,HARD,27,54,27,7.8,87.323
2025,24,ALO,2,HARD,28,55,28,6.0,87.187
2026,1,RUS,1,MEDIUM,1,1,1,103.2,86.707
2026,1,RUS,1,MEDIUM,2,2,2,101.4,86.545
2026,1,RUS,1,MEDIUM,3,3,3,99.6,86.687
2026,1,RUS,1,MEDIUM,4,4,4,97.8,86.718
2026,1,RUS,1,MEDIUM,5,5,5,96.0,86.628
2026,1,RUS,1,MEDIUM,6,6,6,94.2,86.821
2026,1,RUS,1,MEDIUM,7,7,7,92.4,86.743
2026,1,RUS,1,MEDIUM,8,8,8,90.6,86.932
2026,1,RUS,1,MEDIUM,9,9,9,88.8,86.896
2026,1,RUS,1,MEDIUM,10,10,10,87.0,86.803
2026,1,RUS,1,MEDIUM,11,11,11,85.2,86.911
2026,1,RUS,1,MEDIUM,12,12,12,83.4,86.974
2026,1,RUS,1,MEDIUM,13,13,13,81.6,87.006
2026,1,RUS,1,MEDIUM,14,14,14,79.8,87.026
2026,1,RUS,1,MEDIUM,15,15,15,78.0,87.166
2026,1,RUS,1,MEDIUM,16,16,16,76.2,87.205
2026,1,RUS,1,MEDIUM,17,17,17,74.4,87.297
2026,1,RUS,1,MEDIUM,18,18,18,72.6,87.394
2026,1,RUS,1,MEDIUM,19,19,19,70.8,87.266
2026,1,RUS,1,MEDIUM,20,20,20,69.0,87.471
2026,1,RUS,1,MEDIUM,21,21,21,67.2,87.463
2026,1,RUS,1,MEDIUM,22,22,22,65.4,87.536
2026,1,RUS,1,MEDIUM,23,23,23,63.6,87.491
2026,1,RUS,1,MEDIUM,24,24,24,61.8,87.728
2026,1,RUS,1,MEDIUM,25,25,25,60.0,87.655
2026,1,RUS,1,MEDIUM,26,26,26,58.2,87.721
2026,1,RUS,1,MEDIUM,27,27,27,56.4,87.642
2026,1,RUS,2,HARD,1,28,1,54.6,85.739
2026,1,RUS,2,HARD,2,29,2,52.8,85.648
2026,1,RUS,2,HARD,3,30,3,51.0,85.803
2026,1,RUS,2,HARD,4,31,4,49.2,85.956
2026,1,RUS,2,HARD,5,32,5,47.4,85.89
2026,1,RUS,2,HARD,6,33,6,45.6,85.814
2026,1,RUS,2,HARD,7,34,7,43.8,85.801
2026,1,RUS,2,HARD,8,35,8,42.0,86.039
2026,1,RUS,2,HARD,9,36,9,40.2,86.086
2026,1,RUS,2,HARD,10,37,10,38.4,85.892
2026,1,RUS,2,HARD,11,38,11,36.6,86.097
2026,1,RUS,2,HARD,12,39,12,34.8,86.107
2026,1,RUS,2,HARD,13,40,13,33.0,85.969
2026,1,RUS,2,HARD,14,41,14,31.2,86.252
2026,1,RUS,2,HARD,15,42,15,29.4,86.245
2026,1,RUS,2,HARD,16,43,16,27.6,86.256
2026,1,RUS,2,HARD,17,44,17,25.8,86.306
2026,1,RUS,2,HARD,18,45,18,24.0,86.336
2026,1,RUS,2,HARD,19,46,19,22.2,86.44
2026,1,RUS,2,HARD,20,47,20,20.4,86.418
2026,1,RUS,2,HARD,21,48,21,18.6,86.551
2026,1,RUS,2,HARD,22,49,22,16.8,86.613
2026,1,RUS,2,HARD,23,50,23,15.0,86.556
2026,1,RUS,2,HARD,24,51,24,13.2,86.801
2026,1,RUS,2,HARD,25,52,25,11.4,86.66
2026,1,RUS,2,HARD,26,53,26,9.6,86.828
2026,1,RUS,2,HARD,27,54,27,7.8,86.753
2026,1,RUS,2,HARD,28,55,28,6.0,86.952
2026,1,ANT,1,MEDIUM,1,1,1,103.2,86.669
2026,1,ANT,1,MEDIUM,2,2,2,101.4,86.726
2026,1,ANT,1,MEDIUM,3,3,3,99.6,86.851
2026,1,ANT,1,MEDIUM,4,4,4,97.8,86.802
2026,1,ANT,1,MEDIUM,5,5,5,96.0,86.986
2026,1,ANT,1,MEDIUM,6,6,6,94.2,86.938
2026,1,ANT,1,MEDIUM,7,7,7,92.4,86.859
2026,1,ANT,1,MEDIUM,8,8,8,90.6,86.89
2026,1,ANT,1,MEDIUM,9,9,9,88.8,86.886
2026,1,ANT,1,MEDIUM,10,10,10,87.0,86.95
2026,1,ANT,1,MEDIUM,11,11,11,85.2,87.028
2026,1,ANT,1,MEDIUM,12,12,12,83.4,87.166
2026,1,ANT,1,MEDIUM,13,13,13,81.6,87.232
2026,1,ANT,1,MEDIUM,14,14,14,79.8,87.327
2026,1,ANT,1,MEDIUM,15,15,15,78.0,87.203
2026,1,ANT,1,MEDIUM,16,16,16,76.2,87.283
2026,1,ANT,1,MEDIUM,17,17,17,74.4,87.396
2026,1,ANT,1,MEDIUM,18,18,18,72.6,87.487
2026,1,ANT,1,MEDIUM,19,19,19,70.8,87.433
2026,1,ANT,1,MEDIUM,20,20,20,69.0,87.537
2026,1,ANT,1,MEDIUM,21,21,21,67.2,87.555
2026,1,ANT,1,MEDIUM,22,22,22,65.4,87.553
2026,1,ANT,1,MEDIUM,23,23,23,63.6,87.614
2026,1,ANT,1,MEDIUM,24,24,24,61.8,87.696
2026,1,ANT,1,MEDIUM,25,25,25,60.0,87.883
2026,1,ANT,1,MEDIUM,26,26,26,58.2,87.811
2026,1,ANT,1,MEDIUM,27,27,27,56.4,87.817
2026,1,ANT,2,HARD,1,28,1,54.6,85.799
2026,1,ANT,2,HARD,2,29,2,52.8,85.952
2026,1,ANT,2,HARD,3,30,3,51.0,85.783
2026,1,ANT,2,HARD,4,31,4,49.2,85.848
2026,1,ANT,2,HARD,5,32,5,47.4,85.801
2026,1,ANT,2,HARD,6,33,6,45.6,86.005
2026,1,ANT,2,HARD,7,34,7,43.8,86.059
2026,1,ANT,2,HARD,8,35,8,42.0,86.128
2026,1,ANT,2,HARD,9,36,9,40.2,86.046
2026,1,ANT,2,HARD,10,37,10,38.4,86.078
2026,1,ANT,2,HARD,11,38,11,36.6,86.111
2026,1,ANT,2,HARD,12,39,12,34.8,86.129
2026,1,ANT,2,HARD,13,40,13,33.0,86.418
2026,1,ANT,2,HARD,14,41,14,31.2,86.37
2026,1,ANT,2,HARD,15,42,15,29.4,86.321
2026,1,ANT,2,HARD,16,43,16,27.6,86.382
2026,1,ANT,2,HARD,17,44,17,25.8,86.526
2026,1,ANT,2,HARD,18,45,18,24.0,86.412
2026,1,ANT,2,HARD,19,46,19,22.2,86.499
2026,1,ANT,2,HARD,20,47,20,20.4,86.571
2026,1,ANT,2,HARD,21,48,21,18.6,86.648
2026,1,ANT,2,HARD,22,49,22,16.8,86.727
2026,1,ANT,2,HARD,23,50,23,15.0,86.909
2026,1,ANT,2,HARD,24,51,24,13.2,86.828
2026,1,ANT,2,HARD,25,52,25,11.4,86.755
2026,1,ANT,2,HARD,26,53,26,9.6,86.959
2026,1,ANT,2,HARD,27,54,27,7.8,87.01
2026,1,ANT,2,HARD,28,55,28,6.0,86.952
2026,1,LEC,1,MEDIUM,1,1,1,103.2,86.82
2026,1,LEC,1,MEDIUM,2,2,2,101.4,86.84
2026,1,LEC,1,MEDIUM,3,3,3,99.6,86.952
2026,1,LEC,1,MEDIUM,4,4,4,97.8,86.713
2026,1,LEC,1,MEDIUM,5,5,5,96.0,87.089
2026,1,LEC,1,MEDIUM,6,6,6,94.2,87.027
2026,1,LEC,1,MEDIUM,7,7,7,92.4,87.164
2026,1,LEC,1,MEDIUM,8,8,8,90.6,87.009
2026,1,LEC,1,MEDIUM,9,9,9,88.8,87.099
2026,1,LEC,1,MEDIUM,10,10,10,87.0,87.06
2026,1,LEC,1,MEDIUM,11,11,11,85.2,87.201
2026,1,LEC,1,MEDIUM,12,12,12,83.4,87.329
2026,1,LEC,1,MEDIUM,13,13,13,81.6,87.338
2026,1,LEC,1,MEDIUM,14,14,14,79.8,87.258
2026,1,LEC,1,MEDIUM,15,15,15,78.0,87.484
2026,1,LEC,1,MEDIUM,16,16,16,76.2,87.537
2026,1,LEC,1,MEDIUM,17,17,17,74.4,87.528
2026,1,LEC,1,MEDIUM,18,18,18,72.6,87.601
2026,1,LEC,1,MEDIUM,19,19,19,70.8,87.582
2026,1,LEC,1,MEDIUM,20,20,20,69.0,87.729
2026,1,LEC,1,MEDIUM,21,21,21,67.2,87.614
2026,1,LEC,1,MEDIUM,22,22,22,65.4,87.739
2026,1,LEC,1,MEDIUM,23,23,23,63.6,87.743
2026,1,LEC,1,MEDIUM,24,24,24,61.8,87.967
2026,1,LEC,1,MEDIUM,25,25,25,60.0,87.926
2026,1,LEC,1,MEDIUM,26,26,26,58.2,87.863
2026,1,LEC,1,MEDIUM,27,27,27,56.4,88.07
2026,1,LEC,2,HARD,1,28,1,54.6,86.073
2026,1,LEC,2,HARD,2,29,2,52.8,86.058
2026,1,LEC,2,HARD,3,30,3,51.0,86.037
2026,1,LEC,2,HARD,4,31,4,49.2,85.987
2026,1,LEC,2,HARD,5,32,5,47.4,86.035
2026,1,LEC,2,HARD,6,33,6,45.6,86.15
2026,1,LEC,2,HARD,7,34,7,43.8,86.035
2026,1,LEC,2,HARD,8,35,8,42.0,86.21
2026,1,LEC,2,HARD,9,36,9,40.2,86.206
2026,1,LEC,2,HARD,10,37,10,38.4,86.308
2026,1,LEC,2,HARD,11,38,11,36.6,86.135
2026,1,LEC,2,HARD,12,39,12,34.8,86.327
2026,1,LEC,2,HARD,13,40,13,33.0,86.46
2026,1,LEC,2,HARD,14,41,14,31.2,86.381
2026,1,LEC,2,HARD,15,42,15,29.4,86.405
2026,1,LEC,2,HARD,16,43,16,27.6,86.598
2026,1,LEC,2,HARD,17,44,17,25.8,86.832
2026,1,LEC,2,HARD,18,45,18,24.0,86.589
2026,1,LEC,2,HARD,19,46,19,22.2,86.704
2026,1,LEC,2,HARD,20,47,20,20.4,86.818
2026,1,LEC,2,HARD,21,48,21,18.6,86.738
2026,1,LEC,2,HARD,22,49,22,16.8,86.76
2026,1,LEC,2,HARD,23,50,23,15.0,86.739
2026,1,LEC,2,HARD,24,51,24,13.2,86.827
2026,1,LEC,2,HARD,25,52,25,11.4,87.088
2026,1,LEC,2,HARD,26,53,26,9.6,87.039
2026,1,LEC,2,HARD,27,54,27,7.8,87.278
2026,1,LEC,2,HARD,28,55,28,6.0,87.131
2026,1,NOR,1,MEDIUM,1,1,1,103.2,86.941
2026,1,NOR,1,MEDIUM,2,2,2,101.4,87.126
2026,1,NOR,1,MEDIUM,3,3,3,99.6,87.252
2026,1,NOR,1,MEDIUM,4,4,4,97.8,87.09
2026,1,NOR,1,MEDIUM,5,5,5,96.0,87.12
2026,1,NOR,1,MEDIUM,6,6,6,94.2,87.197
2026,1,NOR,1,MEDIUM,7,7,7,92.4,87.306
2026,1,NOR,1,MEDIUM,8,8,8,90.6,87.281
2026,1,NOR,1,MEDIUM,9,9,9,88.8,87.173
2026,1,NOR,1,MEDIUM,10,10,10,87.0,87.297
2026,1,NOR,1,MEDIUM,11,11,11,85.2,87.362
2026,1,NOR,1,MEDIUM,12,12,12,83.4,87.391
2026,1,NOR,1,MEDIUM,13,13,13,81.6,87.392
2026,1,NOR,1,MEDIUM,14,14,14,79.8,87.479
2026,1,NOR,1,MEDIUM,15,15,15,78.0,87.496
2026,1,NOR,1,MEDIUM,16,16,16,76.2,87.632
2026,1,NOR,1,MEDIUM,17,17,17,74.4,87.696
2026,1,NOR,1,MEDIUM,18,18,18,72.6,87.716
2026,1,NOR,1,MEDIUM,19,19,19,70.8,87.732
2026,1,NOR,1,MEDIUM,20,20,20,69.0,87.76
2026,1,NOR,1,MEDIUM,21,21,21,67.2,87.76
2026,1,NOR,1,MEDIUM,22,22,22,65.4,87.712
2026,1,NOR,1,MEDIUM,23,23,23,63.6,87.965
2026,1,NOR,1,MEDIUM,24,24,24,61.8,88.032
2026,1,NOR,1,MEDIUM,25,25,25,60.0,88.014
2026,1,NOR,1,MEDIUM,26,26,26,58.2,87.996
2026,1,NOR,1,MEDIUM,27,27,27,56.4,88.224
2026,1,NOR,2,HARD,1,28,1,54.6,85.998
2026,1,NOR,2,HARD,2,29,2,52.8,86.164
2026,1,NOR,2,HARD,3,30,3,51.0,86.234
2026,1,NOR,2,HARD,4,31,4,49.2,86.319
2026,1,NOR,2,HARD,5,32,5,47.4,86.093
2026,1,NOR,2,HARD,6,33,6,45.6,86.248
2026,1,NOR,2,HARD,7,34,7,43.8,86.329
2026,1,NOR,2,HARD,8,35,8,42.0,86.29
2026,1,NOR,2,HARD,9,36,9,40.2,86.465
2026,1,NOR,2,HARD,10,37,10,38.4,86.478
2026,1,NOR,2,HARD,11,38,11,36.6,86.548
2026,1,NOR,2,HARD,12,39,12,34.8,86.493
2026,1,NOR,2,HARD,13,40,13,33.0,86.755
2026,1,NOR,2,HARD,14,41,14,31.2,86.619
2026,1,NOR,2,HARD,15,42,15,29.4,86.645
2026,1,NOR,2,HARD,16,43,16,27.6,86.786
2026,1,NOR,2,HARD,17,44,17,25.8,86.778
2026,1,NOR,2,HARD,18,45,18,24.0,86.832
2026,1,NOR,2,HARD,19,46,19,22.2,86.72
2026,1,NOR,2,HARD,20,47,20,20.4,87.043
2026,1,NOR,2,HARD,21,48,21,18.6,86.951
2026,1,NOR,2,HARD,22,49,22,16.8,86.968
2026,1,NOR,2,HARD,23,50,23,15.0,87.127
2026,1,NOR,2,HARD,24,51,24,13.2,87.179
2026,1,NOR,2,HARD,25,52,25,11.4,87.355
2026,1,NOR,2,HARD,26,53,26,9.6,87.222
2026,1,NOR,2,HARD,27,54,27,7.8,87.326
2026,1,NOR,2,HARD,28,55,28,6.0,87.348
2026,1,HAM,1,MEDIUM,1,1,1,103.2,87.167
2026,1,HAM,1,MEDIUM,2,2,2,101.4,86.988
2026,1,HAM,1,MEDIUM,3,3,3,99.6,87.077
2026,1,HAM,1,MEDIUM,4,4,4,97.8,87.286
2026,1,HAM,1,MEDIUM,5,5,5,96.0,87.117
2026,1,HAM,1,MEDIUM,6,6,6,94.2,87.177
2026,1,HAM,1,MEDIUM,7,7,7,92.4,87.418
2026,1,HAM,1,MEDIUM,8,8,8,90.6,87.304
2026,1,HAM,1,MEDIUM,9,9,9,88.8,87.242
2026,1,HAM,1,MEDIUM,10,10,10,87.0,87.546
2026,1,HAM,1,MEDIUM,11,11,11,85.2,87.542
2026,1,HAM,1,MEDIUM,12,12,12,83.4,87.598
2026,1,HAM,1,MEDIUM,13,13,13,81.6,87.429
2026,1,HAM,1,MEDIUM,14,14,14,79.8,87.515
2026,1,HAM,1,MEDIUM,15,15,15,78.0,87.689
2026,1,HAM,1,MEDIUM,16,16,16,76.2,87.672
2026,1,HAM,1,MEDIUM,17,17,17,74.4,87.597
2026,1,HAM,1,MEDIUM,18,18,18,72.6,87.858
2026,1,HAM,1,MEDIUM,19,19,19,70.8,87.77
2026,1,HAM,1,MEDIUM,20,20,20,69.0,87.917
2026,1,HAM,1,MEDIUM,21,21,21,67.2,87.941
2026,1,HAM,1,MEDIUM,22,22,22,65.4,87.988
2026,1,HAM,1,MEDIUM,23,23,23,63.6,88.105
2026,1,HAM,1,MEDIUM,24,24,24,61.8,87.955
2026,1,HAM,1,MEDIUM,25,25,25,60.0,88.151
2026,1,HAM,1,MEDIUM,26,26,26,58.2,88.185
2026,1,HAM,1,MEDIUM,27,27,27,56.4,88.309
2026,1,HAM,2,HARD,1,28,1,54.6,86.174
2026,1,HAM,2,HARD,2,29,2,52.8,86.099
2026,1,HAM,2,HARD,3,30,3,51.0,86.124
2026,1,HAM,2,HARD,4,31,4,49.2,86.213
2026,1,HAM,2,HARD,5,32,5,47.4,86.327
2026,1,HAM,2,HARD,6,33,6,45.6,86.34
2026,1,HAM,2,HARD,7,34,7,43.8,86.376
2026,1,HAM,2,HARD,8,35,8,42.0,86.644
2026,1,HAM,2,HARD,9,36,9,40.2,86.424
2026,1,HAM,2,HARD,10,37,10,38.4,86.587
2026,1,HAM,2,HARD,11,38,11,36.6,86.625
2026,1,HAM,2,HARD,12,39,12,34.8,86.677
2026,1,HAM,2,HARD,13,40,13,33.0,86.574
2026,1,HAM,2,HARD,14,41,14,31.2,86.767
2026,1,HAM,2,HARD,15,42,15,29.4,86.8
2026,1,HAM,2,HARD,16,43,16,27.6,86.836
2026,1,HAM,2,HARD,17,44,17,25.8,86.928
2026,1,HAM,2,HARD,18,45,18,24.0,86.941
2026,1,HAM,2,HARD,19,46,19,22.2,86.913
2026,1,HAM,2,HARD,20,47,20,20.4,87.096
2026,1,HAM,2,HARD,21,48,21,18.6,87.02
2026,1,HAM,2,HARD,22,49,22,16.8,87.115
2026,1,HAM,2,HARD,23,50,23,15.0,87.192
2026,1,HAM,2,HARD,24,51,24,13.2,87.263
2026,1,HAM,2,HARD,25,52,25,11.4,87.288
2026,1,HAM,2,HARD,26,53,26,9.6,87.421
2026,1,HAM,2,HARD,27,54,27,7.8,87.51
2026,1,HAM,2,HARD,28,55,28,6.0,87.365
2026,1,VER,1,MEDIUM,1,1,1,103.2,88.099
2026,1,VER,1,MEDIUM,2,2,2,101.4,88.254
2026,1,VER,1,MEDIUM,3,3,3,99.6,88.238
2026,1,VER,1,MEDIUM,4,4,4,97.8,88.203
2026,1,VER,1,MEDIUM,5,5,5,96.0,88.269
2026,1,VER,1,MEDIUM,6,6,6,94.2,88.331
2026,1,VER,1,MEDIUM,7,7,7,92.4,88.413
2026,1,VER,1,MEDIUM,8,8,8,90.6,88.527
2026,1,VER,1,MEDIUM,9,9,9,88.8,88.447
2026,1,VER,1,MEDIUM,10,10,10,87.0,88.586
2026,1,VER,1,MEDIUM,11,11,11,85.2,88.519
2026,1,VER,1,MEDIUM,12,12,12,83.4,88.484
2026,1,VER,1,MEDIUM,13,13,13,81.6,88.597
2026,1,VER,1,MEDIUM,14,14,14,79.8,88.633
2026,1,VER,1,MEDIUM,15,15,15,78.0,88.64
2026,1,VER,1,MEDIUM,16,16,16,76.2,88.632
2026,1,VER,1,MEDIUM,17,17,17,74.4,88.785
2026,1,VER,1,MEDIUM,18,18,18,72.6,88.797
2026,1,VER,1,MEDIUM,19,19,19,70.8,88.849
2026,1,VER,1,MEDIUM,20,20,20,69.0,88.994
2026,1,VER,1,MEDIUM,21,21,21,67.2,88.851
2026,1,VER,1,MEDIUM,22,22,22,65.4,89.025
2026,1,VER,1,MEDIUM,23,23,23,63.6,89.097
2026,1,VER,1,MEDIUM,24,24,24,61.8,89.181
2026,1,VER,1,MEDIUM,25,25,25,60.0,89.16
2026,1,VER,1,MEDIUM,26,26,26,58.2,89.17
2026,1,VER,1,MEDIUM,27,27,27,56.4,89.187
2026,1,VER,2,HARD,1,28,1,54.6,87.21
2026,1,VER,2,HARD,2,29,2,52.8,87.298
2026,1,VER,2,HARD,3,30,3,51.0,87.177
2026,1,VER,2,HARD,4,31,4,49.2,87.363
2026,1,VER,2,HARD,5,32,5,47.4,87.346
2026,1,VER,2,HARD,6,33,6,45.6,87.469
2026,1,VER,2,HARD,7,34,7,43.8,87.276
2026,1,VER,2,HARD,8,35,8,42.0,87.443
2026,1,VER,2,HARD,9,36,9,40.2,87.392
2026,1,VER,2,HARD,10,37,10,38.4,87.481
2026,1,VER,2,HARD,11,38,11,36.6,87.585
2026,1,VER,2,HARD,12,39,12,34.8,87.691
2026,1,VER,2,HARD,13,40,13,33.0,87.705
2026,1,VER,2,HARD,14,41,14,31.2,87.837
2026,1,VER,2,HARD,15,42,15,29.4,87.719
2026,1,VER,2,HARD,16,43,16,27.6,87.851
2026,1,VER,2,HARD,17,44,17,25.8,87.76
2026,1,VER,2,HARD,18,45,18,24.0,88.043
2026,1,VER,2,HARD,19,46,19,22.2,87.979
2026,1,VER,2,HARD,20,47,20,20.4,88.049
2026,1,VER,2,HARD,21,48,21,18.6,88.087
2026,1,VER,2,HARD,22,49,22,16.8,88.087
2026,1,VER,2,HARD,23,50,23,15.0,88.07
2026,1,VER,2,HARD,24,51,24,13.2,88.218
2026,1,VER,2,HARD,25,52,25,11.4,88.299
2026,1,VER,2,HARD,26,53,26,9.6,88.347
2026,1,VER,2,HARD,27,54,27,7.8,88.396
2026,1,VER,2,HARD,28,55,28,6.0,88.498
2026,2,ANT,1,MEDIUM,1,1,1,103.2,86.69
2026,2,ANT,1,MEDIUM,2,2,2,101.4,86.656
2026,2,ANT,1,MEDIUM,3,3,3,99.6,86.532
2026,2,ANT,1,MEDIUM,4,4,4,97.8,86.777
2026,2,ANT,1,MEDIUM,5,5,5,96.0,86.747
2026,2,ANT,1,MEDIUM,6,6,6,94.2,86.765
2026,2,ANT,1,MEDIUM,7,7,7,92.4,86.739
2026,2,ANT,1,MEDIUM,8,8,8,90.6,86.866
2026,2,ANT,1,MEDIUM,9,9,9,88.8,86.964
2026,2,ANT,1,MEDIUM,10,10,10,87.0,86.983
2026,2,ANT,1,MEDIUM,11,11,11,85.2,87.117
2026,2,ANT,1,MEDIUM,12,12,12,83.4,87.028
2026,2,ANT,1,MEDIUM,13,13,13,81.6,87.124
2026,2,ANT,1,MEDIUM,14,14,14,79.8,87.086
2026,2,ANT,1,MEDIUM,15,15,15,78.0,87.179
2026,2,ANT,1,MEDIUM,16,16,16,76.2,87.146
2026,2,ANT,1,MEDIUM,17,17,17,74.4,87.355
2026,2,ANT,1,MEDIUM,18,18,18,72.6,87.291
2026,2,ANT,1,MEDIUM,19,19,19,70.8,87.464
2026,2,ANT,1,MEDIUM,20,20,20,69.0,87.398
2026,2,ANT,1,MEDIUM,21,21,21,67.2,87.497
2026,2,ANT,1,MEDIUM,22,22,22,65.4,87.522
2026,2,ANT,1,MEDIUM,23,23,23,63.6,87.521
2026,2,ANT,1,MEDIUM,24,24,24,61.8,87.549
2026,2,ANT,1,MEDIUM,25,25,25,60.0,87.703
2026,2,ANT,1,MEDIUM,26,26,26,58.2,87.736
2026,2,ANT,1,MEDIUM,27,27,27,56.4,87.814
2026,2,ANT,2,HARD,1,28,1,54.6,85.697
2026,2,ANT,2,HARD,2,29,2,52.8,85.824
2026,2,ANT,2,HARD,3,30,3,51.0,85.77
2026,2,ANT,2,HARD,4,31,4,49.2,85.975
2026,2,ANT,2,HARD,5,32,5,47.4,85.925
2026,2,ANT,2,HARD,6,33,6,45.6,85.844
2026,2,ANT,2,HARD,7,34,7,43.8,85.839
2026,2,ANT,2,HARD,8,35,8,42.0,85.974
2026,2,ANT,2,HARD,9,36,9,40.2,85.942
2026,2,ANT,2,HARD,10,37,10,38.4,85.821
2026,2,ANT,2,HARD,11,38,11,36.6,86.1
2026,2,ANT,2,HARD,12,39,12,34.8,86.223
2026,2,ANT,2,HARD,13,40,13,33.0,86.407
2026,2,ANT,2,HARD,14,41,14,31.2,86.192
2026,2,ANT,2,HARD,15,42,15,29.4,86.275
2026,2,ANT,2,HARD,16,43,16,27.6,86.302
2026,2,ANT,2,HARD,17,44,17,25.8,86.235
2026,2,ANT,2,HARD,18,45,18,24.0,86.38
2026,2,ANT,2,HARD,19,46,19,22.2,86.471
2026,2,ANT,2,HARD,20,47,20,20.4,86.519
2026,2,ANT,2,HARD,21,48,21,18.6,86.704
2026,2,ANT,2,HARD,22,49,22,16.8,86.536
2026,2,ANT,2,HARD,23,50,23,15.0,86.706
2026,2,ANT,2,HARD,24,51,24,13.2,86.783
2026,2,ANT,2,HARD,25,52,25,11.4,86.887
2026,2,ANT,2,HARD,26,53,26,9.6,86.904
2026,2,ANT,2,HARD,27,54,27,7.8,86.854
2026,2,ANT,2,HARD,28,55,28,6.0,86.956
2026,2,RUS,1,MEDIUM,1,1,1,103.2,86.671
2026,2,RUS,1,MEDIUM,2,2,2,101.4,86.707
2026,2,RUS,1,MEDIUM,3,3,3,99.6,86.644
2026,2,RUS,1,MEDIUM,4,4,4,97.8,86.73
2026,2,RUS,1,MEDIUM,5,5,5,96.0,86.756
2026,2,RUS,1,MEDIUM,6,6,6,94.2,86.839
2026,2,RUS,1,MEDIUM,7,7,7,92.4,86.83
2026,2,RUS,1,MEDIUM,8,8,8,90.6,86.786
2026,2,RUS,1,MEDIUM,9,9,9,88.8,87.024
2026,2,RUS,1,MEDIUM,10,10,10,87.0,87.041
2026,2,RUS,1,MEDIUM,11,11,11,85.2,87.094
2026,2,RUS,1,MEDIUM,12,12,12,83.4,87.251
2026,2,RUS,1,MEDIUM,13,13,13,81.6,87.185
2026,2,RUS,1,MEDIUM,14,14,14,79.8,87.279
2026,2,RUS,1,MEDIUM,15,15,15,78.0,87.222
2026,2,RUS,1,MEDIUM,16,16,16,76.2,87.401
2026,2,RUS,1,MEDIUM,17,17,17,74.4,87.271
2026,2,RUS,1,MEDIUM,18,18,18,72.6,87.453
2026,2,RUS,1,MEDIUM,19,19,19,70.8,87.43
2026,2,RUS,1,MEDIUM,20,20,20,69.0,87.445
2026,2,RUS,1,MEDIUM,21,21,21,67.2,87.469
2026,2,RUS,1,MEDIUM,22,22,22,65.4,87.511
2026,2,RUS,1,MEDIUM,23,23,23,63.6,87.753
2026,2,RUS,1,MEDIUM,24,24,24,61.8,87.823
2026,2,RUS,1,MEDIUM,25,25,25,60.0,87.702
2026,2,RUS,1,MEDIUM,26,26,26,58.2,87.748
2026,2,RUS,1,MEDIUM,27,27,27,56.4,87.791
2026,2,RUS,2,HARD,1,28,1,54.6,85.728
2026,2,RUS,2,HARD,2,29,2,52.8,85.801
2026,2,RUS,2,HARD,3,30,3,51.0,85.932
2026,2,RUS,2,HARD,4,31,4,49.2,85.835
2026,2,RUS,2,HARD,5,32,5,47.4,85.933
2026,2,RUS,2,HARD,6,33,6,45.6,85.928
2026,2,RUS,2,HARD,7,34,7,43.8,85.944
2026,2,RUS,2,HARD,8,35,8,42.0,86.092
2026,2,RUS,2,HARD,9,36,9,40.2,86.022
2026,2,RUS,2,HARD,10,37,10,38.4,86.116
2026,2,RUS,2,HARD,11,38,11,36.6,86.145
2026,2,RUS,2,HARD,12,39,12,34.8,86.266
2026,2,RUS,2,HARD,13,40,13,33.0,86.277
2026,2,RUS,2,HARD,14,41,14,31.2,86.357
2026,2,RUS,2,HARD,15,42,15,29.4,86.376
2026,2,RUS,2,HARD,16,43,16,27.6,86.471
2026,2,RUS,2,HARD,17,44,17,25.8,86.343
2026,2,RUS,2,HARD,18,45,18,24.0,86.549
2026,2,RUS,2,HARD,19,46,19,22.2,86.425
2026,2,RUS,2,HARD,20,47,20,20.4,86.603
2026,2,RUS,2,HARD,21,48,21,18.6,86.584
2026,2,RUS,2,HARD,22,49,22,16.8,86.791
2026,2,RUS,2,HARD,23,50,23,15.0,86.734
2026,2,RUS,2,HARD,24,51,24,13.2,86.657
2026,2,RUS,2,HARD,25,52,25,11.4,86.901
2026,2,RUS,2,HARD,26,53,26,9.6,86.971
2026,2,RUS,2,HARD,27,54,27,7.8,86.931
2026,2,RUS,2,HARD,28,55,28,6.0,86.996
2026,2,HAM,1,MEDIUM,1,1,1,103.2,86.762
2026,2,HAM,1,MEDIUM,2,2,2,101.4,86.852
2026,2,HAM,1,MEDIUM,3,3,3,99.6,86.807
2026,2,HAM,1,MEDIUM,4,4,4,97.8,86.857
2026,2,HAM,1,MEDIUM,5,5,5,96.0,86.906
2026,2,HAM,1,MEDIUM,6,6,6,94.2,86.894
2026,2,HAM,1,MEDIUM,7,7,7,92.4,86.96
2026,2,HAM,1,MEDIUM,8,8,8,90.6,87.122
2026,2,HAM,1,MEDIUM,9,9,9,88.8,87.04
2026,2,HAM,1,MEDIUM,10,10,10,87.0,86.944
2026,2,HAM,1,MEDIUM,11,11,11,85.2,87.169
2026,2,HAM,1,MEDIUM,12,12,12,83.4,87.216
2026,2,HAM,1,MEDIUM,13,13,13,81.6,87.258
2026,2,HAM,1,MEDIUM,14,14,14,79.8,87.361
2026,2,HAM,1,MEDIUM,15,15,15,78.0,87.138
2026,2,HAM,1,MEDIUM,16,16,16,76.2,87.34
2026,2,HAM,1,MEDIUM,17,17,17,74.4,87.472
2026,2,HAM,1,MEDIUM,18,18,18,72.6,87.521
2026,2,HAM,1,MEDIUM,19,19,19,70.8,87.438
2026,2,HAM,1,MEDIUM,20,20,20,69.0,87.556
2026,2,HAM,1,MEDIUM,21,21,21,67.2,87.659
2026,2,HAM,1,MEDIUM,22,22,22,65.4,87.66
2026,2,HAM,1,MEDIUM,23,23,23,63.6,87.631
2026,2,HAM,1,MEDIUM,24,24,24,61.8,87.864
2026,2,HAM,1,MEDIUM,25,25,25,60.0,87.888
2026,2,HAM,1,MEDIUM,26,26,26,58.2,87.964
2026,2,HAM,1,MEDIUM,27,27,27,56.4,87.858
2026,2,HAM,2,HARD,1,28,1,54.6,85.917
2026,2,HAM,2,HARD,2,29,2,52.8,85.988
2026,2,HAM,2,HARD,3,30,3,51.0,86.007
2026,2,HAM,2,HARD,4,31,4,49.2,85.83
2026,2,HAM,2,HARD,5,32,5,47.4,86.078
2026,2,HAM,2,HARD,6,33,6,45.6,85.895
2026,2,HAM,2,HARD,7,34,7,43.8,86.007
2026,2,HAM,2,HARD,8,35,8,42.0,86.196
2026,2,HAM,2,HARD,9,36,9,40.2,86.283
2026,2,HAM,2,HARD,10,37,10,38.4,86.157
2026,2,HAM,2,HARD,11,38,11,36.6,86.215
2026,2,HAM,2,HARD,12,39,12,34.8,86.276
2026,2,HAM,2,HARD,13,40,13,33.0,86.369
2026,2,HAM,2,HARD,14,41,14,31.2,86.353
2026,2,HAM,2,HARD,15,42,15,29.4,86.361
2026,2,HAM,2,HARD,16,43,16,27.6,86.467
2026,2,HAM,2,HARD,17,44,17,25.8,86.627
2026,2,HAM,2,HARD,18,45,18,24.0,86.568
2026,2,HAM,2,HARD,19,46,19,22.2,86.455
2026,2,HAM,2,HARD,20,47,20,20.4,86.666
2026,2,HAM,2,HARD,21,48,21,18.6,86.717
2026,2,HAM,2,HARD,22,49,22,16.8,86.597
2026,2,HAM,2,HARD,23,50,23,15.0,86.801
2026,2,HAM,2,HARD,24,51,24,13.2,86.831
2026,2,HAM,2,HARD,25,52,25,11.4,86.795
2026,2,HAM,2,HARD,26,53,26,9.6,87.085
2026,2,HAM,2,HARD,27,54,27,7.8,87.055
2026,2,HAM,2,HARD,28,55,28,6.0,87.052
2026,2,LEC,1,MEDIUM,1,1,1,103.2,86.698
2026,2,LEC,1,MEDIUM,2,2,2,101.4,86.751
2026,2,LEC,1,MEDIUM,3,3,3,99.6,86.959
2026,2,LEC,1,MEDIUM,4,4,4,97.8,86.913
2026,2,LEC,1,MEDIUM,5,5,5,96.0,87.012
2026,2,LEC,1,MEDIUM,6,6,6,94.2,86.897
2026,2,LEC,1,MEDIUM,7,7,7,92.4,87.248
2026,2,LEC,1,MEDIUM,8,8,8,90.6,87.143
2026,2,LEC,1,MEDIUM,9,9,9,88.8,87.179
2026,2,LEC,1,MEDIUM,10,10,10,87.0,87.165
2026,2,LEC,1,MEDIUM,11,11,11,85.2,87.156
2026,2,LEC,1,MEDIUM,12,12,12,83.4,87.279
2026,2,LEC,1,MEDIUM,13,13,13,81.6,87.303
2026,2,LEC,1,MEDIUM,14,14,14,79.8,87.262
2026,2,LEC,1,MEDIUM,15,15,15,78.0,87.521
2026,2,LEC,1,MEDIUM,16,16,16,76.2,87.391
2026,2,LEC,1,MEDIUM,17,17,17,74.4,87.361
2026,2,LEC,1,MEDIUM,18,18,18,72.6,87.6
2026,2,LEC,1,MEDIUM,19,19,19,70.8,87.612
2026,2,LEC,1,MEDIUM,20,20,20,69.0,87.502
2026,2,LEC,1,MEDIUM,21,21,21,67.2,87.751
2026,2,LEC,1,MEDIUM,22,22,22,65.4,87.902
2026,2,LEC,1,MEDIUM,23,23,23,63.6,87.636
2026,2,LEC,1,MEDIUM,24,24,24,61.8,87.877
2026,2,LEC,1,MEDIUM,25,25,25,60.0,87.836
2026,2,LEC,1,MEDIUM,26,26,26,58.2,88.004
2026,2,LEC,1,MEDIUM,27,27,27,56.4,87.929
2026,2,LEC,2,HARD,1,28,1,54.6,86.0
2026,2,LEC,2,HARD,2,29,2,52.8,86.034
2026,2,LEC,2,HARD,3,30,3,51.0,86.088
2026,2,LEC,2,HARD,4,31,4,49.2,86.374
2026,2,LEC,2,HARD,5,32,5,47.4,86.014
2026,2,LEC,2,HARD,6,33,6,45.6,86.153
2026,2,LEC,2,HARD,7,34,7,43.8,86.16
2026,2,LEC,2,HARD,8,35,8,42.0,86.281
2026,2,LEC,2,HARD,9,36,9,40.2,86.328
2026,2,LEC,2,HARD,10,37,10,38.4,86.247
2026,2,LEC,2,HARD,11,38,11,36.6,86.378
2026,2,LEC,2,HARD,12,39,12,34.8,86.331
2026,2,LEC,2,HARD,13,40,13,33.0,86.401
2026,2,LEC,2,HARD,14,41,14,31.2,86.571
2026,2,LEC,2,HARD,15,42,15,29.4,86.453
2026,2,LEC,2,HARD,16,43,16,27.6,86.522
2026,2,LEC,2,HARD,17,44,17,25.8,86.673
2026,2,LEC,2,HARD,18,45,18,24.0,86.63
2026,2,LEC,2,HARD,19,46,19,22.2,86.746
2026,2,LEC,2,HARD,20,47,20,20.4,86.782
2026,2,LEC,2,HARD,21,48,21,18.6,86.884
2026,2,LEC,2,HARD,22,49,22,16.8,86.818
2026,2,LEC,2,HARD,23,50,23,15.0,86.854
2026,2,LEC,2,HARD,24,51,24,13.2,86.885
2026,2,LEC,2,HARD,25,52,25,11.4,86.92
2026,2,LEC,2,HARD,26,53,26,9.6,87.185
2026,2,LEC,2,HARD,27,54,27,7.8,87.019
2026,2,LEC,2,HARD,28,55,28,6.0,87.113
2026,2,GAS,1,MEDIUM,1,1,1,103.2,87.107
2026,2,GAS,1,MEDIUM,2,2,2,101.4,87.114
2026,2,GAS,1,MEDIUM,3,3,3,99.6,87.097
2026,2,GAS,1,MEDIUM,4,4,4,97.8,87.297
2026,2,GAS,1,MEDIUM,5,5,5,96.0,87.202
2026,2,GAS,1,MEDIUM,6,6,6,94.2,87.134
2026,2,GAS,1,MEDIUM,7,7,7,92.4,87.358
2026,2,GAS,1,MEDIUM,8,8,8,90.6,87.333
2026,2,GAS,1,MEDIUM,9,9,9,88.8,87.426
2026,2,GAS,1,MEDIUM,10,10,10,87.0,87.535
2026,2,GAS,1,MEDIUM,11,11,11,85.2,87.547
2026,2,GAS,1,MEDIUM,12,12,12,83.4,87.381
2026,2,GAS,1,MEDIUM,13,13,13,81.6,87.608
2026,2,GAS,1,MEDIUM,14,14,14,79.8,87.714
2026,2,GAS,1,MEDIUM,15,15,15,78.0,87.644
2026,2,GAS,1,MEDIUM,16,16,16,76.2,87.703
2026,2,GAS,1,MEDIUM,17,17,17,74.4,87.647
2026,2,GAS,1,MEDIUM,18,18,18,72.6,87.691
2026,2,GAS,1,MEDIUM,19,19,19,70.8,87.87
2026,2,GAS,1,MEDIUM,20,20,20,69.0,87.979
2026,2,GAS,1,MEDIUM,21,21,21,67.2,88.143
2026,2,GAS,1,MEDIUM,22,22,22,65.4,87.998
2026,2,GAS,1,MEDIUM,23,23,23,63.6,88.086
2026,2,GAS,1,MEDIUM,24,24,24,61.8,88.015
2026,2,GAS,1,MEDIUM,25,25,25,60.0,88.145
2026,2,GAS,1,MEDIUM,26,26,26,58.2,88.109
2026,2,GAS,1,MEDIUM,27,27,27,56.4,88.177
2026,2,GAS,2,HARD,1,28,1,54.6,86.203
2026,2,GAS,2,HARD,2,29,2,52.8,86.195
2026,2,GAS,2,HARD,3,30,3,51.0,86.169
2026,2,GAS,2,HARD,4,31,4,49.2,86.161
2026,2,GAS,2,HARD,5,32,5,47.4,86.263
2026,2,GAS,2,HARD,6,33,6,45.6,86.335
2026,2,GAS,2,HARD,7,34,7,43.8,86.428
2026,2,GAS,2,HARD,8,35,8,42.0,86.423
2026,2,GAS,2,HARD,9,36,9,40.2,86.466
2026,2,GAS,2,HARD,10,37,10,38.4,86.452
2026,2,GAS,2,HARD,11,38,11,36.6,86.559
2026,2,GAS,2,HARD,12,39,12,34.8,86.66
2026,2,GAS,2,HARD,13,40,13,33.0,86.791
2026,2,GAS,2,HARD,14,41,14,31.2,86.764
2026,2,GAS,2,HARD,15,42,15,29.4,86.824
2026,2,GAS,2,HARD,16,43,16,27.6,86.755
2026,2,GAS,2,HARD,17,44,17,25.8,86.847
2026,2,GAS,2,HARD,18,45,18,24.0,86.815
2026,2,GAS,2,HARD,19,46,19,22.2,86.888
2026,2,GAS,2,HARD,20,47,20,20.4,86.869
2026,2,GAS,2,HARD,21,48,21,18.6,87.261
2026,2,GAS,2,HARD,22,49,22,16.8,87.095
2026,2,GAS,2,HARD,23,50,23,15.0,87.074
2026,2,GAS,2,HARD,24,51,24,13.2,87.227
2026,2,GAS,2,HARD,25,52,25,11.4,87.183
2026,2,GAS,2,HARD,26,53,26,9.6,87.295
2026,2,GAS,2,HARD,27,54,27,7.8,87.37
2026,2,GAS,2,HARD,28,55,28,6.0,87.56
2026,2,BEA,1,MEDIUM,1,1,1,103.2,87.311
2026,2,BEA,1,MEDIUM,2,2,2,101.4,87.425
2026,2,BEA,1,MEDIUM,3,3,3,99.6,87.366
2026,2,BEA,1,MEDIUM,4,4,4,97.8,87.506
2026,2,BEA,1,MEDIUM,5,5,5,96.0,87.495
2026,2,BEA,1,MEDIUM,6,6,6,94.2,87.519
2026,2,BEA,1,MEDIUM,7,7,7,92.4,87.426
2026,2,BEA,1,MEDIUM,8,8,8,90.6,87.645
2026,2,BEA,1,MEDIUM,9,9,9,88.8,87.474
2026,2,BEA,1,MEDIUM,10,10,10,87.0,87.633
2026,2,BEA,1,MEDIUM,11,11,11,85.2,87.633
2026,2,BEA,1,MEDIUM,12,12,12,83.4,87.74
2026,2,BEA,1,MEDIUM,13,13,13,81.6,87.886
2026,2,BEA,1,MEDIUM,14,14,14,79.8,87.871
2026,2,BEA,1,MEDIUM,15,15,15,78.0,87.86
2026,2,BEA,1,MEDIUM,16,16,16,76.2,87.854
2026,2,BEA,1,MEDIUM,17,17,17,74.4,88.075
2026,2,BEA,1,MEDIUM,18,18,18,72.6,88.123
2026,2,BEA,1,MEDIUM,19,19,19,70.8,88.073
2026,2,BEA,1,MEDIUM,20,20,20,69.0,88.213
2026,2,BEA,1,MEDIUM,21,21,21,67.2,88.173
2026,2,BEA,1,MEDIUM,22,22,22,65.4,88.195
2026,2,BEA,1,MEDIUM,23,23,23,63.6,88.401
2026,2,BEA,1,MEDIUM,24,24,24,61.8,88.423
2026,2,BEA,1,MEDIUM,25,25,25,60.0,88.468
2026,2,BEA,1,MEDIUM,26,26,26,58.2,88.296
2026,2,BEA,1,MEDIUM,27,27,27,56.4,88.53
2026,2,BEA,2,HARD,1,28,1,54.6,86.405
2026,2,BEA,2,HARD,2,29,2,52.8,86.509
2026,2,BEA,2,HARD,3,30,3,51.0,86.35
2026,2,BEA,2,HARD,4,31,4,49.2,86.636
2026,2,BEA,2,HARD,5,32,5,47.4,86.58
2026,2,BEA,2,HARD,6,33,6,45.6,86.48
2026,2,BEA,2,HARD,7,34,7,43.8,86.763
2026,2,BEA,2,HARD,8,35,8,42.0,86.766
2026,2,BEA,2,HARD,9,36,9,40.2,86.661
2026,2,BEA,2,HARD,10,37,10,38.4,86.63
2026,2,BEA,2,HARD,11,38,11,36.6,86.778
2026,2,BEA,2,HARD,12,39,12,34.8,86.903
2026,2,BEA,2,HARD,13,40,13,33.0,86.967
2026,2,BEA,2,HARD,14,41,14,31.2,86.867
2026,2,BEA,2,HARD,15,42,15,29.4,87.053
2026,2,BEA,2,HARD,16,43,16,27.6,87.266
2026,2,BEA,2,HARD,17,44,17,25.8,86.986
2026,2,BEA,2,HARD,18,45,18,24.0,87.182
2026,2,BEA,2,HARD,19,46,19,22.2,87.151
2026,2,BEA,2,HARD,20,47,20,20.4,87.188
2026,2,BEA,2,HARD,21,48,21,18.6,87.268
2026,2,BEA,2,HARD,22,49,22,16.8,87.273
2026,2,BEA,2,HARD,23,50,23,15.0,87.332
2026,2,BEA,2,HARD,24,51,24,13.2,87.402
2026,2,BEA,2,HARD,25,52,25,11.4,87.477
2026,2,BEA,2,HARD,26,53,26,9.6,87.74
2026,2,BEA,2,HARD,27,54,27,7.8,87.755
2026,2,BEA,2,HARD,28,55,28,6.0,87.712
2026,3,ANT,1,MEDIUM,1,1,1,103.2,86.665
2026,3,ANT,1,MEDIUM,2,2,2,101.4,86.571
2026,3,ANT,1,MEDIUM,3,3,3,99.6,86.728
2026,3,ANT,1,MEDIUM,4,4,4,97.8,86.569
2026,3,ANT,1,MEDIUM,5,5,5,96.0,86.515
2026,3,ANT,1,MEDIUM,6,6,6,94.2,86.65
2026,3,ANT,1,MEDIUM,7,7,7,92.4,86.808
2026,3,ANT,1,MEDIUM,8,8,8,90.6,86.877
2026,3,ANT,1,MEDIUM,9,9,9,88.8,86.841
2026,3,ANT,1,MEDIUM,10,10,10,87.0,86.839
2026,3,ANT,1,MEDIUM,11,11,11,85.2,86.845
2026,3,ANT,1,MEDIUM,12,12,12,83.4,86.978
2026,3,ANT,1,MEDIUM,13,13,13,81.6,87.234
2026,3,ANT,1,MEDIUM,14,14,14,79.8,87.145
2026,3,ANT,1,MEDIUM,15,15,15,78.0,87.261
2026,3,ANT,1,MEDIUM,16,16,16,76.2,87.401
2026,3,ANT,1,MEDIUM,17,17,17,74.4,87.344
2026,3,ANT,1,MEDIUM,18,18,18,72.6,87.415
2026,3,ANT,1,MEDIUM,19,19,19,70.8,87.244
2026,3,ANT,1,MEDIUM,20,20,20,69.0,87.621
2026,3,ANT,1,MEDIUM,21,21,21,67.2,87.422
2026,3,ANT,1,MEDIUM,22,22,22,65.4,87.59
2026,3,ANT,1,MEDIUM,23,23,23,63.6,87.477
2026,3,ANT,1,MEDIUM,24,24,24,61.8,87.575
2026,3,ANT,1,MEDIUM,25,25,25,60.0,87.685
2026,3,ANT,1,MEDIUM,26,26,26,58.2,87.703
2026,3,ANT,2,HARD,1,27,1,56.4,85.644
2026,3,ANT,2,HARD,2,28,2,54.6,85.692
2026,3,ANT,2,HARD,3,29,3,52.8,85.981
2026,3,ANT,2,HARD,4,30,4,51.0,85.746
2026,3,ANT,2,HARD,5,31,5,49.2,85.758
2026,3,ANT,2,HARD,6,32,6,47.4,85.997
2026,3,ANT,2,HARD,7,33,7,45.6,86.091
2026,3,ANT,2,HARD,8,34,8,43.8,86.207
2026,3,ANT,2,HARD,9,35,9,42.0,85.986
2026,3,ANT,2,HARD,10,36,10,40.2,86.038
2026,3,ANT,2,HARD,11,37,11,38.4,86.168
2026,3,ANT,2,HARD,12,38,12,36.6,86.063
2026,3,ANT,2,HARD,13,39,13,34.8,86.225
2026,3,ANT,2,HARD,14,40,14,33.0,86.205
2026,3,ANT,2,HARD,15,41,15,31.2,86.267
2026,3,ANT,2,HARD,16,42,16,29.4,86.203
2026,3,ANT,2,HARD,17,43,17,27.6,86.435
2026,3,ANT,2,HARD,18,44,18,25.8,86.359
2026,3,ANT,2,HARD,19,45,19,24.0,86.678
2026,3,ANT,2,HARD,20,46,20,22.2,86.552
2026,3,ANT,2,HARD,21,47,21,20.4,86.611
2026,3,ANT,2,HARD,22,48,22,18.6,86.509
2026,3,ANT,2,HARD,23,49,23,16.8,86.701
2026,3,ANT,2,HARD,24,50,24,15.0,86.645
2026,3,ANT,2,HARD,25,51,25,13.2,86.685
2026,3,ANT,2,HARD,26,52,26,11.4,86.764
2026,3,ANT,2,HARD,27,53,27,9.6,86.892
2026,3,RUS,1,MEDIUM,1,1,1,103.2,86.644
2026,3,RUS,1,MEDIUM,2,2,2,101.4,86.581
2026,3,RUS,1,MEDIUM,3,3,3,99.6,86.818
2026,3,RUS,1,MEDIUM,4,4,4,97.8,86.728
2026,3,RUS,1,MEDIUM,5,5,5,96.0,87.006
2026,3,RUS,1,MEDIUM,6,6,6,94.2,86.838
2026,3,RUS,1,MEDIUM,7,7,7,92.4,86.907
2026,3,RUS,1,MEDIUM,8,8,8,90.6,86.892
2026,3,RUS,1,MEDIUM,9,9,9,88.8,87.107
2026,3,RUS,1,MEDIUM,10,10,10,87.0,86.968
2026,3,RUS,1,MEDIUM,11,11,11,85.2,87.139
2026,3,RUS,1,MEDIUM,12,12,12,83.4,87.083
2026,3,RUS,1,MEDIUM,13,13,13,81.6,87.12
2026,3,RUS,1,MEDIUM,14,14,14,79.8,87.3
2026,3,RUS,1,MEDIUM,15,15,15,78.0,87.308
2026,3,RUS,1,MEDIUM,16,16,16,76.2,87.355
2026,3,RUS,1,MEDIUM,17,17,17,74.4,87.395
2026,3,RUS,1,MEDIUM,18,18,18,72.6,87.266
2026,3,RUS,1,MEDIUM,19,19,19,70.8,87.372
2026,3,RUS,1,MEDIUM,20,20,20,69.0,87.574
2026,3,RUS,1,MEDIUM,21,21,21,67.2,87.65
2026,3,RUS,1,MEDIUM,22,22,22,65.4,87.491
2026,3,RUS,1,MEDIUM,23,23,23,63.6,87.726
2026,3,RUS,1,MEDIUM,24,24,24,61.8,87.555
2026,3,RUS,1,MEDIUM,25,25,25,60.0,87.852
2026,3,RUS,1,MEDIUM,26,26,26,58.2,87.807
2026,3,RUS,2,HARD,1,27,1,56.4,85.805
2026,3,RUS,2,HARD,2,28,2,54.6,85.695
2026,3,RUS,2,HARD,3,29,3,52.8,85.833
2026,3,RUS,2,HARD,4,30,4,51.0,85.823
2026,3,RUS,2,HARD,5,31,5,49.2,85.793
2026,3,RUS,2,HARD,6,32,6,47.4,86.025
2026,3,RUS,2,HARD,7,33,7,45.6,86.133
2026,3,RUS,2,HARD,8,34,8,43.8,86.146
2026,3,RUS,2,HARD,9,35,9,42.0,86.116
2026,3,RUS,2,HARD,10,36,10,40.2,86.156
2026,3,RUS,2,HARD,11,37,11,38.4,86.112
2026,3,RUS,2,HARD,12,38,12,36.6,86.271
2026,3,RUS,2,HARD,13,39,13,34.8,86.451
2026,3,RUS,2,HARD,14,40,14,33.0,86.335
2026,3,RUS,2,HARD,15,41,15,31.2,86.493
2026,3,RUS,2,HARD,16,42,16,29.4,86.279
2026,3,RUS,2,HARD,17,43,17,27.6,86.453
2026,3,RUS,2,HARD,18,44,18,25.8,86.421
2026,3,RUS,2,HARD,19,45,19,24.0,86.651
2026,3,RUS,2,HARD,20,46,20,22.2,86.637
2026,3,RUS,2,HARD,21,47,21,20.4,86.741
2026,3,RUS,2,HARD,22,48,22,18.6,86.676
2026,3,RUS,2,HARD,23,49,23,16.8,86.75
2026,3,RUS,2,HARD,24,50,24,15.0,86.854
2026,3,RUS,2,HARD,25,51,25,13.2,86.945
2026,3,RUS,2,HARD,26,52,26,11.4,86.863
2026,3,RUS,2,HARD,27,53,27,9.6,86.979
2026,3,PIA,1,MEDIUM,1,1,1,103.2,86.803
2026,3,PIA,1,MEDIUM,2,2,2,101.4,86.676
2026,3,PIA,1,MEDIUM,3,3,3,99.6,86.801
2026,3,PIA,1,MEDIUM,4,4,4,97.8,86.813
2026,3,PIA,1,MEDIUM,5,5,5,96.0,86.774
2026,3,PIA,1,MEDIUM,6,6,6,94.2,87.03
2026,3,PIA,1,MEDIUM,7,7,7,92.4,86.913
2026,3,PIA,1,MEDIUM,8,8,8,90.6,87.16
2026,3,PIA,1,MEDIUM,9,9,9,88.8,86.983
2026,3,PIA,1,MEDIUM,10,10,10,87.0,87.175
2026,3,PIA,1,MEDIUM,11,11,11,85.2,87.144
2026,3,PIA,1,MEDIUM,12,12,12,83.4,87.211
2026,3,PIA,1,MEDIUM,13,13,13,81.6,87.19
2026,3,PIA,1,MEDIUM,14,14,14,79.8,87.332
2026,3,PIA,1,MEDIUM,15,15,15,78.0,87.315
2026,3,PIA,1,MEDIUM,16,16,16,76.2,87.528
2026,3,PIA,1,MEDIUM,17,17,17,74.4,87.485
2026,3,PIA,1,MEDIUM,18,18,18,72.6,87.435
2026,3,PIA,1,MEDIUM,19,19,19,70.8,87.5
2026,3,PIA,1,MEDIUM,20,20,20,69.0,87.628
2026,3,PIA,1,MEDIUM,21,21,21,67.2,87.603
2026,3,PIA,1,MEDIUM,22,22,22,65.4,87.622
2026,3,PIA,1,MEDIUM,23,23,23,63.6,87.882
2026,3,PIA,1,MEDIUM,24,24,24,61.8,87.764
2026,3,PIA,1,MEDIUM,25,25,25,60.0,87.869
2026,3,PIA,1,MEDIUM,26,26,26,58.2,88.031
2026,3,PIA,2,HARD,1,27,1,56.4,85.776
2026,3,PIA,2,HARD,2,28,2,54.6,85.902
2026,3,PIA,2,HARD,3,29,3,52.8,86.002
2026,3,PIA,2,HARD,4,30,4,51.0,86.076
2026,3,PIA,2,HARD,5,31,5,49.2,86.125
2026,3,PIA,2,HARD,6,32,6,47.4,86.254
2026,3,PIA,2,HARD,7,33,7,45.6,86.05
2026,3,PIA,2,HARD,8,34,8,43.8,86.14
2026,3,PIA,2,HARD,9,35,9,42.0,86.291
2026,3,PIA,2,HARD,10,36,10,40.2,86.264
2026,3,PIA,2,HARD,11,37,11,38.4,86.339
2026,3,PIA,2,HARD,12,38,12,36.6,86.233
2026,3,PIA,2,HARD,13,39,13,34.8,86.467
2026,3,PIA,2,HARD,14,40,14,33.0,86.346
2026,3,PIA,2,HARD,15,41,15,31.2,86.449
2026,3,PIA,2,HARD,16,42,16,29.4,86.565
2026,3,PIA,2,HARD,17,43,17,27.6,86.642
2026,3,PIA,2,HARD,18,44,18,25.8,86.513
2026,3,PIA,2,HARD,19,45,19,24.0,86.506
2026,3,PIA,2,HARD,20,46,20,22.2,86.72
2026,3,PIA,2,HARD,21,47,21,20.4,86.823
2026,3,PIA,2,HARD,22,48,22,18.6,86.947
2026,3,PIA,2,HARD,23,49,23,16.8,86.783
2026,3,PIA,2,HARD,24,50,24,15.0,86.94
2026,3,PIA,2,HARD,25,51,25,13.2,87.034
2026,3,PIA,2,HARD,26,52,26,11.4,87.203
2026,3,PIA,2,HARD,27,53,27,9.6,87.117
2026,3,LEC,1,MEDIUM,1,1,1,103.2,86.775
2026,3,LEC,1,MEDIUM,2,2,2,101.4,86.745
2026,3,LEC,1,MEDIUM,3,3,3,99.6,86.839
2026,3,LEC,1,MEDIUM,4,4,4,97.8,87.02
2026,3,LEC,1,MEDIUM,5,5,5,96.0,86.945
2026,3,LEC,1,MEDIUM,6,6,6,94.2,86.984
2026,3,LEC,1,MEDIUM,7,7,7,92.4,87.007
2026,3,LEC,1,MEDIUM,8,8,8,90.6,87.073
2026,3,LEC,1,MEDIUM,9,9,9,88.8,87.164
2026,3,LEC,1,MEDIUM,10,10,10,87.0,87.127
2026,3,LEC,1,MEDIUM,11,11,11,85.2,87.306
2026,3,LEC,1,MEDIUM,12,12,12,83.4,87.334
2026,3,LEC,1,MEDIUM,13,13,13,81.6,87.143
2026,3,LEC,1,MEDIUM,14,14,14,79.8,87.31
2026,3,LEC,1,MEDIUM,15,15,15,78.0,87.263
2026,3,LEC,1,MEDIUM,16,16,16,76.2,87.365
2026,3,LEC,1,MEDIUM,17,17,17,74.4,87.614
2026,3,LEC,1,MEDIUM,18,18,18,72.6,87.472
2026,3,LEC,1,MEDIUM,19,19,19,70.8,87.597
2026,3,LEC,1,MEDIUM,20,20,20,69.0,87.718
2026,3,LEC,1,MEDIUM,21,21,21,67.2,87.673
2026,3,LEC,1,MEDIUM,22,22,22,65.4,87.694
2026,3,LEC,1,MEDIUM,23,23,23,63.6,87.811
2026,3,LEC,1,MEDIUM,24,24,24,61.8,87.786
2026,3,LEC,1,MEDIUM,25,25,25,60.0,87.945
2026,3,LEC,1,MEDIUM,26,26,26,58.2,87.972
2026,3,LEC,2,HARD,1,27,1,56.4,85.962
2026,3,LEC,2,HARD,2,28,2,54.6,85.962
2026,3,LEC,2,HARD,3,29,3,52.8,86.15
2026,3,LEC,2,HARD,4,30,4,51.0,86.223
2026,3,LEC,2,HARD,5,31,5,49.2,86.299
2026,3,LEC,2,HARD,6,32,6,47.4,86.245
2026,3,LEC,2,HARD,7,33,7,45.6,86.089
2026,3,LEC,2,HARD,8,34,8,43.8,86.171
2026,3,LEC,2,HARD,9,35,9,42.0,86.366
2026,3,LEC,2,HARD,10,36,10,40.2,86.482
2026,3,LEC,2,HARD,11,37,11,38.4,86.483
2026,3,LEC,2,HARD,12,38,12,36.6,86.328
2026,3,LEC,2,HARD,13,39,13,34.8,86.435
2026,3,LEC,2,HARD,14,40,14,33.0,86.45
2026,3,LEC,2,HARD,15,41,15,31.2,86.609
2026,3,LEC,2,HARD,16,42,16,29.4,86.564
2026,3,LEC,2,HARD,17,43,17,27.6,86.562
2026,3,LEC,2,HARD,18,44,18,25.8,86.689
2026,3,LEC,2,HARD,19,45,19,24.0,86.604
2026,3,LEC,2,HARD,20,46,20,22.2,86.86
2026,3,LEC,2,HARD,21,47,21,20.4,86.856
2026,3,LEC,2,HARD,22,48,22,18.6,86.951
2026,3,LEC,2,HARD,23,49,23,16.8,87.038
2026,3,LEC,2,HARD,24,50,24,15.0,86.98
2026,3,LEC,2,HARD,25,51,25,13.2,86.849
2026,3,LEC,2,HARD,26,52,26,11.4,87.137
2026,3,LEC,2,HARD,27,53,27,9.6,87.106
2026,3,NOR,1,MEDIUM,1,1,1,103.2,86.882
2026,3,NOR,1,MEDIUM,2,2,2,101.4,87.086
2026,3,NOR,1,MEDIUM,3,3,3,99.6,86.957
2026,3,NOR,1,MEDIUM,4,4,4,97.8,87.043
2026,3,NOR,1,MEDIUM,5,5,5,96.0,87.149
2026,3,NOR,1,MEDIUM,6,6,6,94.2,87.082
2026,3,NOR,1,MEDIUM,7,7,7,92.4,87.109
2026,3,NOR,1,MEDIUM,8,8,8,90.6,87.128
2026,3,NOR,1,MEDIUM,9,9,9,88.8,87.16
2026,3,NOR,1,MEDIUM,10,10,10,87.0,87.409
2026,3,NOR,1,MEDIUM,11,11,11,85.2,87.265
2026,3,NOR,1,MEDIUM,12,12,12,83.4,87.23
2026,3,NOR,1,MEDIUM,13,13,13,81.6,87.51
2026,3,NOR,1,MEDIUM,14,14,14,79.8,87.453
2026,3,NOR,1,MEDIUM,15,15,15,78.0,87.5
2026,3,NOR,1,MEDIUM,16,16,16,76.2,87.443
2026,3,NOR,1,MEDIUM,17,17,17,74.4,87.54
2026,3,NOR,1,MEDIUM,18,18,18,72.6,87.702
2026,3,NOR,1,MEDIUM,19,19,19,70.8,87.713
2026,3,NOR,1,MEDIUM,20,20,20,69.0,87.7
2026,3,NOR,1,MEDIUM,21,21,21,67.2,87.882
2026,3,NOR,1,MEDIUM,22,22,22,65.4,87.961
2026,3,NOR,1,MEDIUM,23,23,23,63.6,87.779
2026,3,NOR,1,MEDIUM,24,24,24,61.8,88.038
2026,3,NOR,1,MEDIUM,25,25,25,60.0,88.07
2026,3,NOR,1,MEDIUM,26,26,26,58.2,88.144
2026,3,NOR,2,HARD,1,27,1,56.4,86.125
2026,3,NOR,2,HARD,2,28,2,54.6,86.025
2026,3,NOR,2,HARD,3,29,3,52.8,85.999
2026,3,NOR,2,HARD,4,30,4,51.0,86.043
2026,3,NOR,2,HARD,5,31,5,49.2,86.247
2026,3,NOR,2,HARD,6,32,6,47.4,86.198
2026,3,NOR,2,HARD,7,33,7,45.6,86.223
2026,3,NOR,2,HARD,8,34,8,43.8,86.254
2026,3,NOR,2,HARD,9,35,9,42.0,86.399
2026,3,NOR,2,HARD,10,36,10,40.2,86.458
2026,3,NOR,2,HARD,11,37,11,38.4,86.567
2026,3,NOR,2,HARD,12,38,12,36.6,86.524
2026,3,NOR,2,HARD,13,39,13,34.8,86.587
2026,3,NOR,2,HARD,14,40,14,33.0,86.619
2026,3,NOR,2,HARD,15,41,15,31.2,86.559
2026,3,NOR,2,HARD,16,42,16,29.4,86.62
2026,3,NOR,2,HARD,17,43,17,27.6,86.767
2026,3,NOR,2,HARD,18,44,18,25.8,86.811
2026,3,NOR,2,HARD,19,45,19,24.0,86.848
2026,3,NOR,2,HARD,20,46,20,22.2,86.896
2026,3,NOR,2,HARD,21,47,21,20.4,86.997
2026,3,NOR,2,HARD,22,48,22,18.6,87.055
2026,3,NOR,2,HARD,23,49,23,16.8,87.035
2026,3,NOR,2,HARD,24,50,24,15.0,87.061
2026,3,NOR,2,HARD,25,51,25,13.2,87.215
2026,3,NOR,2,HARD,26,52,26,11.4,87.178
2026,3,NOR,2,HARD,27,53,27,9.6,87.38
2026,3,HAM,1,MEDIUM,1,1,1,103.2,87.151
2026,3,HAM,1,MEDIUM,2,2,2,101.4,87.01
2026,3,HAM,1,MEDIUM,3,3,3,99.6,87.022
2026,3,HAM,1,MEDIUM,4,4,4,97.8,87.163
2026,3,HAM,1,MEDIUM,5,5,5,96.0,87.006
2026,3,HAM,1,MEDIUM,6,6,6,94.2,87.07
2026,3,HAM,1,MEDIUM,7,7,7,92.4,87.164
2026,3,HAM,1,MEDIUM,8,8,8,90.6,87.197
2026,3,HAM,1,MEDIUM,9,9,9,88.8,87.239
2026,3,HAM,1,MEDIUM,10,10,10,87.0,87.495
2026,3,HAM,1,MEDIUM,11,11,11,85.2,87.382
2026,3,HAM,1,MEDIUM,12,12,12,83.4,87.393
2026,3,HAM,1,MEDIUM,13,13,13,81.6,87.59
2026,3,HAM,1,MEDIUM,14,14,14,79.8,87.404
2026,3,HAM,1,MEDIUM,15,15,15,78.0,87.552
2026,3,HAM,1,MEDIUM,16,16,16,76.2,87.622
2026,3,HAM,1,MEDIUM,17,17,17,74.4,87.695
2026,3,HAM,1,MEDIUM,18,18,18,72.6,87.719
2026,3,HAM,1,MEDIUM,19,19,19,70.8,87.965
2026,3,HAM,1,MEDIUM,20,20,20,69.0,87.802
2026,3,HAM,1,MEDIUM,21,21,21,67.2,87.88
2026,3,HAM,1,MEDIUM,22,22,22,65.4,87.977
2026,3,HAM,1,MEDIUM,23,23,23,63.6,88.001
2026,3,HAM,1,MEDIUM,24,24,24,61.8,88.055
2026,3,HAM,1,MEDIUM,25,25,25,60.0,88.162
2026,3,HAM,1,MEDIUM,26,26,26,58.2,88.052
2026,3,HAM,2,HARD,1,27,1,56.4,86.117
2026,3,HAM,2,HARD,2,28,2,54.6,86.384
2026,3,HAM,2,HARD,3,29,3,52.8,86.223
2026,3,HAM,2,HARD,4,30,4,51.0,86.244
2026,3,HAM,2,HARD,5,31,5,49.2,86.322
2026,3,HAM,2,HARD,6,32,6,47.4,86.182
2026,3,HAM,2,HARD,7,33,7,45.6,86.294
2026,3,HAM,2,HARD,8,34,8,43.8,86.494
2026,3,HAM,2,HARD,9,35,9,42.0,86.419
2026,3,HAM,2,HARD,10,36,10,40.2,86.334
2026,3,HAM,2,HARD,11,37,11,38.4,86.414
2026,3,HAM,2,HARD,12,38,12,36.6,86.483
2026,3,HAM,2,HARD,13,39,13,34.8,86.615
2026,3,HAM,2,HARD,14,40,14,33.0,86.773
2026,3,HAM,2,HARD,15,41,15,31.2,86.713
2026,3,HAM,2,HARD,16,42,16,29.4,86.765
2026,3,HAM,2,HARD,17,43,17,27.6,86.653
2026,3,HAM,2,HARD,18,44,18,25.8,86.792
2026,3,HAM,2,HARD,19,45,19,24.0,86.981
2026,3,HAM,2,HARD,20,46,20,22.2,87.178
2026,3,HAM,2,HARD,21,47,21,20.4,86.938
2026,3,HAM,2,HARD,22,48,22,18.6,86.91
2026,3,HAM,2,HARD,23,49,23,16.8,87.077
2026,3,HAM,2,HARD,24,50,24,15.0,87.19
2026,3,HAM,2,HARD,25,51,25,13.2,87.266
2026,3,HAM,2,HARD,26,52,26,11.4,87.28
2026,3,HAM,2,HARD,27,53,27,9.6,87.248
2026,4,ANT,1,MEDIUM,1,1,1,103.2,86.603
2026,4,ANT,1,MEDIUM,2,2,2,101.4,86.609
2026,4,ANT,1,MEDIUM,3,3,3,99.6,86.679
2026,4,ANT,1,MEDIUM,4,4,4,97.8,86.659
2026,4,ANT,1,MEDIUM,5,5,5,96.0,86.664
2026,4,ANT,1,MEDIUM,6,6,6,94.2,86.722
2026,4,ANT,1,MEDIUM,7,7,7,92.4,86.763
2026,4,ANT,1,MEDIUM,8,8,8,90.6,86.847
2026,4,ANT,1,MEDIUM,9,9,9,88.8,86.844
2026,4,ANT,1,MEDIUM,10,10,10,87.0,86.918
2026,4,ANT,1,MEDIUM,11,11,11,85.2,86.786
2026,4,ANT,1,MEDIUM,12,12,12,83.4,86.969
2026,4,ANT,1,MEDIUM,13,13,13,81.6,87.145
2026,4,ANT,1,MEDIUM,14,14,14,79.8,87.192
2026,4,ANT,1,MEDIUM,15,15,15,78.0,86.988
2026,4,ANT,1,MEDIUM,16,16,16,76.2,87.277
2026,4,ANT,1,MEDIUM,17,17,17,74.4,87.195
2026,4,ANT,1,MEDIUM,18,18,18,72.6,87.452
2026,4,ANT,1,MEDIUM,19,19,19,70.8,87.371
2026,4,ANT,1,MEDIUM,20,20,20,69.0,87.33
2026,4,ANT,1,MEDIUM,21,21,21,67.2,87.379
2026,4,ANT,1,MEDIUM,22,22,22,65.4,87.484
2026,4,ANT,1,MEDIUM,23,23,23,63.6,87.502
2026,4,ANT,1,MEDIUM,24,24,24,61.8,87.611
2026,4,ANT,1,MEDIUM,25,25,25,60.0,87.645
2026,4,ANT,1,MEDIUM,26,26,26,58.2,87.632
2026,4,ANT,1,MEDIUM,27,27,27,56.4,87.764
2026,4,ANT,2,HARD,1,28,1,54.6,85.818
2026,4,ANT,2,HARD,2,29,2,52.8,85.788
2026,4,ANT,2,HARD,3,30,3,51.0,85.818
2026,4,ANT,2,HARD,4,31,4,49.2,85.676
2026,4,ANT,2,HARD,5,32,5,47.4,85.788
2026,4,ANT,2,HARD,6,33,6,45.6,85.831
2026,4,ANT,2,HARD,7,34,7,43.8,85.919
2026,4,ANT,2,HARD,8,35,8,42.0,85.888
2026,4,ANT,2,HARD,9,36,9,40.2,85.85
2026,4,ANT,2,HARD,10,37,10,38.4,86.011
2026,4,ANT,2,HARD,11,38,11,36.6,86.088
2026,4,ANT,2,HARD,12,39,12,34.8,86.215
2026,4,ANT,2,HARD,13,40,13,33.0,86.18
2026,4,ANT,2,HARD,14,41,14,31.2,86.202
2026,4,ANT,2,HARD,15,42,15,29.4,86.326
2026,4,ANT,2,HARD,16,43,16,27.6,86.335
2026,4,ANT,2,HARD,17,44,17,25.8,86.425
2026,4,ANT,2,HARD,18,45,18,24.0,86.548
2026,4,ANT,2,HARD,19,46,19,22.2,86.396
2026,4,ANT,2,HARD,20,47,20,20.4,86.606
2026,4,ANT,2,HARD,21,48,21,18.6,86.55
2026,4,ANT,2,HARD,22,49,22,16.8,86.721
2026,4,ANT,2,HARD,23,50,23,15.0,86.61
2026,4,ANT,2,HARD,24,51,24,13.2,86.696
2026,4,ANT,2,HARD,25,52,25,11.4,86.73
2026,4,ANT,2,HARD,26,53,26,9.6,87.022
2026,4,ANT,2,HARD,27,54,27,7.8,86.782
2026,4,ANT,2,HARD,28,55,28,6.0,86.979
2026,4,VER,1,MEDIUM,1,1,1,103.2,86.609
2026,4,VER,1,MEDIUM,2,2,2,101.4,86.78
2026,4,VER,1,MEDIUM,3,3,3,99.6,86.847
2026,4,VER,1,MEDIUM,4,4,4,97.8,86.919
2026,4,VER,1,MEDIUM,5,5,5,96.0,86.783
2026,4,VER,1,MEDIUM,6,6,6,94.2,86.677
2026,4,VER,1,MEDIUM,7,7,7,92.4,86.79
2026,4,VER,1,MEDIUM,8,8,8,90.6,86.936
2026,4,VER,1,MEDIUM,9,9,9,88.8,86.912
2026,4,VER,1,MEDIUM,10,10,10,87.0,87.089
2026,4,VER,1,MEDIUM,11,11,11,85.2,87.226
2026,4,VER,1,MEDIUM,12,12,12,83.4,87.228
2026,4,VER,1,MEDIUM,13,13,13,81.6,87.27
2026,4,VER,1,MEDIUM,14,14,14,79.8,87.192
2026,4,VER,1,MEDIUM,15,15,15,78.0,87.155
2026,4,VER,1,MEDIUM,16,16,16,76.2,87.313
2026,4,VER,1,MEDIUM,17,17,17,74.4,87.431
2026,4,VER,1,MEDIUM,18,18,18,72.6,87.373
2026,4,VER,1,MEDIUM,19,19,19,70.8,87.367
2026,4,VER,1,MEDIUM,20,20,20,69.0,87.465
2026,4,VER,1,MEDIUM,21,21,21,67.2,87.514
2026,4,VER,1,MEDIUM,22,22,22,65.4,87.606
2026,4,VER,1,MEDIUM,23,23,23,63.6,87.574
2026,4,VER,1,MEDIUM,24,24,24,61.8,87.675
2026,4,VER,1,MEDIUM,25,25,25,60.0,87.687
2026,4,VER,1,MEDIUM,26,26,26,58.2,87.858
2026,4,VER,1,MEDIUM,27,27,27,56.4,87.767
2026,4,VER,2,HARD,1,28,1,54.6,85.728
2026,4,VER,2,HARD,2,29,2,52.8,85.964
2026,4,VER,2,HARD,3,30,3,51.0,85.818
2026,4,VER,2,HARD,4,31,4,49.2,85.95
2026,4,VER,2,HARD,5,32,5,47.4,86.027
2026,4,VER,2,HARD,6,33,6,45.6,85.947
2026,4,VER,2,HARD,7,34,7,43.8,85.86
2026,4,VER,2,HARD,8,35,8,42.0,86.156
2026,4,VER,2,HARD,9,36,9,40.2,86.202
2026,4,VER,2,HARD,10,37,10,38.4,86.143
2026,4,VER,2,HARD,11,38,11,36.6,86.18
2026,4,VER,2,HARD,12,39,12,34.8,86.193
2026,4,VER,2,HARD,13,40,13,33.0,86.16
2026,4,VER,2,HARD,14,41,14,31.2,86.28
2026,4,VER,2,HARD,15,42,15,29.4,86.31
2026,4,VER,2,HARD,16,43,16,27.6,86.521
2026,4,VER,2,HARD,17,44,17,25.8,86.356
2026,4,VER,2,HARD,18,45,18,24.0,86.597
2026,4,VER,2,HARD,19,46,19,22.2,86.637
2026,4,VER,2,HARD,20,47,20,20.4,86.691
2026,4,VER,2,HARD,21,48,21,18.6,86.686
2026,4,VER,2,HARD,22,49,22,16.8,86.615
2026,4,VER,2,HARD,23,50,23,15.0,86.787
2026,4,VER,2,HARD,24,51,24,13.2,86.781
2026,4,VER,2,HARD,25,52,25,11.4,86.779
2026,4,VER,2,HARD,26,53,26,9.6,86.88
2026,4,VER,2,HARD,27,54,27,7.8,87.045
2026,4,VER,2,HARD,28,55,28,6.0,87.088
2026,4,NOR,1,MEDIUM,1,1,1,103.2,86.943
2026,4,NOR,1,MEDIUM,2,2,2,101.4,86.765
2026,4,NOR,1,MEDIUM,3,3,3,99.6,86.963
2026,4,NOR,1,MEDIUM,4,4,4,97.8,87.055
2026,4,NOR,1,MEDIUM,5,5,5,96.0,86.96
2026,4,NOR,1,MEDIUM,6,6,6,94.2,86.976
2026,4,NOR,1,MEDIUM,7,7,7,92.4,87.022
2026,4,NOR,1,MEDIUM,8,8,8,90.6,87.039
2026,4,NOR,1,MEDIUM,9,9,9,88.8,87.287
2026,4,NOR,1,MEDIUM,10,10,10,87.0,87.06
2026,4,NOR,1,MEDIUM,11,11,11,85.2,87.124
2026,4,NOR,1,MEDIUM,12,12,12,83.4,87.195
2026,4,NOR,1,MEDIUM,13,13,13,81.6,87.224
2026,4,NOR,1,MEDIUM,14,14,14,79.8,87.377
2026,4,NOR,1,MEDIUM,15,15,15,78.0,87.379
2026,4,NOR,1,MEDIUM,16,16,16,76.2,87.438
2026,4,NOR,1,MEDIUM,17,17,17,74.4,87.575
2026,4,NOR,1,MEDIUM,18,18,18,72.6,87.636
2026,4,NOR,1,MEDIUM,19,19,19,70.8,87.56
2026,4,NOR,1,MEDIUM,20,20,20,69.0,87.647
2026,4,NOR,1,MEDIUM,21,21,21,67.2,87.753
2026,4,NOR,1,MEDIUM,22,22,22,65.4,87.684
2026,4,NOR,1,MEDIUM,23,23,23,63.6,87.806
2026,4,NOR,1,MEDIUM,24,24,24,61.8,87.933
2026,4,NOR,1,MEDIUM,25,25,25,60.0,88.019
2026,4,NOR,1,MEDIUM,26,26,26,58.2,87.961
2026,4,NOR,1,MEDIUM,27,27,27,56.4,87.992
2026,4,NOR,2,HARD,1,28,1,54.6,85.872
2026,4,NOR,2,HARD,2,29,2,52.8,86.145
2026,4,NOR,2,HARD,3,30,3,51.0,86.133
2026,4,NOR,2,HARD,4,31,4,49.2,85.953
2026,4,NOR,2,HARD,5,32,5,47.4,86.099
2026,4,NOR,2,HARD,6,33,6,45.6,86.253
2026,4,NOR,2,HARD,7,34,7,43.8,86.099
2026,4,NOR,2,HARD,8,35,8,42.0,86.133
2026,4,NOR,2,HARD,9,36,9,40.2,86.18
2026,4,NOR,2,HARD,10,37,10,38.4,86.324
2026,4,NOR,2,HARD,11,38,11,36.6,86.443
2026,4,NOR,2,HARD,12,39,12,34.8,86.441
2026,4,NOR,2,HARD,13,40,13,33.0,86.312
2026,4,NOR,2,HARD,14,41,14,31.2,86.577
2026,4,NOR,2,HARD,15,42,15,29.4,86.564
2026,4,NOR,2,HARD,16,43,16,27.6,86.593
2026,4,NOR,2,HARD,17,44,17,25.8,86.57
2026,4,NOR,2,HARD,18,45,18,24.0,86.686
2026,4,NOR,2,HARD,19,46,19,22.2,86.685
2026,4,NOR,2,HARD,20,47,20,20.4,86.757
2026,4,NOR,2,HARD,21,48,21,18.6,86.849
2026,4,NOR,2,HARD,22,49,22,16.8,86.946
2026,4,NOR,2,HARD,23,50,23,15.0,86.988
2026,4,NOR,2,HARD,24,51,24,13.2,86.817
2026,4,NOR,2,HARD,25,52,25,11.4,87.01
2026,4,NOR,2,HARD,26,53,26,9.6,87.216
2026,4,NOR,2,HARD,27,54,27,7.8,87.093
2026,4,NOR,2,HARD,28,55,28,6.0,87.167
2026,4,RUS,1,MEDIUM,1,1,1,103.2,86.85
2026,4,RUS,1,MEDIUM,2,2,2,101.4,86.931
2026,4,RUS,1,MEDIUM,3,3,3,99.6,87.03
2026,4,RUS,1,MEDIUM,4,4,4,97.8,87.039
2026,4,RUS,1,MEDIUM,5,5,5,96.0,86.991
2026,4,RUS,1,MEDIUM,6,6,6,94.2,86.998
2026,4,RUS,1,MEDIUM,7,7,7,92.4,87.15
2026,4,RUS,1,MEDIUM,8,8,8,90.6,87.056
2026,4,RUS,1,MEDIUM,9,9,9,88.8,87.272
2026,4,RUS,1,MEDIUM,10,10,10,87.0,87.241
2026,4,RUS,1,MEDIUM,11,11,11,85.2,87.336
2026,4,RUS,1,MEDIUM,12,12,12,83.4,87.25
2026,4,RUS,1,MEDIUM,13,13,13,81.6,87.492
2026,4,RUS,1,MEDIUM,14,14,14,79.8,87.465
2026,4,RUS,1,MEDIUM,15,15,15,78.0,87.427
2026,4,RUS,1,MEDIUM,16,16,16,76.2,87.502
2026,4,RUS,1,MEDIUM,17,17,17,74.4,87.637
2026,4,RUS,1,MEDIUM,18,18,18,72.6,87.711
2026,4,RUS,1,MEDIUM,19,19,19,70.8,87.675
2026,4,RUS,1,MEDIUM,20,20,20,69.0,87.746
2026,4,RUS,1,MEDIUM,21,21,21,67.2,87.804
2026,4,RUS,1,MEDIUM,22,22,22,65.4,87.762
2026,4,RUS,1,MEDIUM,23,23,23,63.6,87.917
2026,4,RUS,1,MEDIUM,24,24,24,61.8,87.931
2026,4,RUS,1,MEDIUM,25,25,25,60.0,88.082
2026,4,RUS,1,MEDIUM,26,26,26,58.2,87.97
2026,4,RUS,1,MEDIUM,27,27,27,56.4,88.063
2026,4,RUS,2,HARD,1,28,1,54.6,86.085
2026,4,RUS,2,HARD,2,29,2,52.8,86.142
2026,4,RUS,2,HARD,3,30,3,51.0,86.18
2026,4,RUS,2,HARD,4,31,4,49.2,86.095
2026,4,RUS,2,HARD,5,32,5,47.4,86.163
2026,4,RUS,2,HARD,6,33,6,45.6,86.283
2026,4,RUS,2,HARD,7,34,7,43.8,86.23
2026,4,RUS,2,HARD,8,35,8,42.0,86.202
2026,4,RUS,2,HARD,9,36,9,40.2,86.374
2026,4,RUS,2,HARD,10,37,10,38.4,86.362
2026,4,RUS,2,HARD,11,38,11,36.6,86.501
2026,4,RUS,2,HARD,12,39,12,34.8,86.49
2026,4,RUS,2,HARD,13,40,13,33.0,86.445
2026,4,RUS,2,HARD,14,41,14,31.2,86.619
2026,4,RUS,2,HARD,15,42,15,29.4,86.567
2026,4,RUS,2,HARD,16,43,16,27.6,86.592
2026,4,RUS,2,HARD,17,44,17,25.8,86.647
2026,4,RUS,2,HARD,18,45,18,24.0,86.748
2026,4,RUS,2,HARD,19,46,19,22.2,86.752
2026,4,RUS,2,HARD,20,47,20,20.4,86.863
2026,4,RUS,2,HARD,21,48,21,18.6,86.863
2026,4,RUS,2,HARD,22,49,22,16.8,86.983
2026,4,RUS,2,HARD,23,50,23,15.0,87.194
2026,4,RUS,2,HARD,24,51,24,13.2,87.126
2026,4,RUS,2,HARD,25,52,25,11.4,87.164
2026,4,RUS,2,HARD,26,53,26,9.6,87.072
2026,4,RUS,2,HARD,27,54,27,7.8,87.109
2026,4,RUS,2,HARD,28,55,28,6.0,87.232
2026,4,HAM,1,MEDIUM,1,1,1,103.2,86.922
2026,4,HAM,1,MEDIUM,2,2,2,101.4,87.12
2026,4,HAM,1,MEDIUM,3,3,3,99.6,87.076
2026,4,HAM,1,MEDIUM,4,4,4,97.8,86.972
2026,4,HAM,1,MEDIUM,5,5,5,96.0,87.137
2026,4,HAM,1,MEDIUM,6,6,6,94.2,87.165
2026,4,HAM,1,MEDIUM,7,7,7,92.4,87.073
2026,4,HAM,1,MEDIUM,8,8,8,90.6,87.27
2026,4,HAM,1,MEDIUM,9,9,9,88.8,87.287
2026,4,HAM,1,MEDIUM,10,10,10,87.0,87.31
2026,4,HAM,1,MEDIUM,11,11,11,85.2,87.417
2026,4,HAM,1,MEDIUM,12,12,12,83.4,87.539
2026,4,HAM,1,MEDIUM,13,13,13,81.6,87.458
2026,4,HAM,1,MEDIUM,14,14,14,79.8,87.542
2026,4,HAM,1,MEDIUM,15,15,15,78.0,87.63
2026,4,HAM,1,MEDIUM,16,16,16,76.2,87.556
2026,4,HAM,1,MEDIUM,17,17,17,74.4,87.828
2026,4,HAM,1,MEDIUM,18,18,18,72.6,87.737
2026,4,HAM,1,MEDIUM,19,19,19,70.8,87.753
2026,4,HAM,1,MEDIUM,20,20,20,69.0,87.897
2026,4,HAM,1,MEDIUM,21,21,21,67.2,87.982
2026,4,HAM,1,MEDIUM,22,22,22,65.4,87.956
2026,4,HAM,1,MEDIUM,23,23,23,63.6,88.064
2026,4,HAM,1,MEDIUM,24,24,24,61.8,88.051
2026,4,HAM,1,MEDIUM,25,25,25,60.0,88.024
2026,4,HAM,1,MEDIUM,26,26,26,58.2,87.962
2026,4,HAM,1,MEDIUM,27,27,27,56.4,88.134
2026,4,HAM,2,HARD,1,28,1,54.6,86.065
2026,4,HAM,2,HARD,2,29,2,52.8,86.201
2026,4,HAM,2,HARD,3,30,3,51.0,86.238
2026,4,HAM,2,HARD,4,31,4,49.2,86.312
2026,4,HAM,2,HARD,5,32,5,47.4,86.196
2026,4,HAM,2,HARD,6,33,6,45.6,86.196
2026,4,HAM,2,HARD,7,34,7,43.8,86.313
2026,4,HAM,2,HARD,8,35,8,42.0,86.377
2026,4,HAM,2,HARD,9,36,9,40.2,86.379
2026,4,HAM,2,HARD,10,37,10,38.4,86.396
2026,4,HAM,2,HARD,11,38,11,36.6,86.537
2026,4,HAM,2,HARD,12,39,12,34.8,86.6
2026,4,HAM,2,HARD,13,40,13,33.0,86.404
2026,4,HAM,2,HARD,14,41,14,31.2,86.685
2026,4,HAM,2,HARD,15,42,15,29.4,86.674
2026,4,HAM,2,HARD,16,43,16,27.6,86.744
2026,4,HAM,2,HARD,17,44,17,25.8,86.867
2026,4,HAM,2,HARD,18,45,18,24.0,86.781
2026,4,HAM,2,HARD,19,46,19,22.2,86.909
2026,4,HAM,2,HARD,20,47,20,20.4,86.798
2026,4,HAM,2,HARD,21,48,21,18.6,86.95
2026,4,HAM,2,HARD,22,49,22,16.8,86.932
2026,4,HAM,2,HARD,23,50,23,15.0,87.095
2026,4,HAM,2,HARD,24,51,24,13.2,87.174
2026,4,HAM,2,HARD,25,52,25,11.4,87.181
2026,4,HAM,2,HARD,26,53,26,9.6,87.231
2026,4,HAM,2,HARD,27,54,27,7.8,87.266
2026,4,HAM,2,HARD,28,55,28,6.0,87.343
2026,4,PIA,1,MEDIUM,1,1,1,103.2,87.102
2026,4,PIA,1,MEDIUM,2,2,2,101.4,87.075
2026,4,PIA,1,MEDIUM,3,3,3,99.6,87.112
2026,4,PIA,1,MEDIUM,4,4,4,97.8,87.119
2026,4,PIA,1,MEDIUM,5,5,5,96.0,87.101
2026,4,PIA,1,MEDIUM,6,6,6,94.2,87.323
2026,4,PIA,1,MEDIUM,7,7,7,92.4,87.285
2026,4,PIA,1,MEDIUM,8,8,8,90.6,87.317
2026,4,PIA,1,MEDIUM,9,9,9,88.8,87.316
2026,4,PIA,1,MEDIUM,10,10,10,87.0,87.496
2026,4,PIA,1,MEDIUM,11,11,11,85.2,87.337
2026,4,PIA,1,MEDIUM,12,12,12,83.4,87.643
2026,4,PIA,1,MEDIUM,13,13,13,81.6,87.575
2026,4,PIA,1,MEDIUM,14,14,14,79.8,87.721
2026,4,PIA,1,MEDIUM,15,15,15,78.0,87.564
2026,4,PIA,1,MEDIUM,16,16,16,76.2,87.76
2026,4,PIA,1,MEDIUM,17,17,17,74.4,87.792
2026,4,PIA,1,MEDIUM,18,18,18,72.6,87.878
2026,4,PIA,1,MEDIUM,19,19,19,70.8,87.869
2026,4,PIA,1,MEDIUM,20,20,20,69.0,87.923
2026,4,PIA,1,MEDIUM,21,21,21,67.2,87.876
2026,4,PIA,1,MEDIUM,22,22,22,65.4,87.866
2026,4,PIA,1,MEDIUM,23,23,23,63.6,87.985
2026,4,PIA,1,MEDIUM,24,24,24,61.8,88.132
2026,4,PIA,1,MEDIUM,25,25,25,60.0,88.092
2026,4,PIA,1,MEDIUM,26,26,26,58.2,88.284
2026,4,PIA,1,MEDIUM,27,27,27,56.4,88.34
2026,4,PIA,2,HARD,1,28,1,54.6,86.174
2026,4,PIA,2,HARD,2,29,2,52.8,86.242
2026,4,PIA,2,HARD,3,30,3,51.0,86.326
2026,4,PIA,2,HARD,4,31,4,49.2,86.314
2026,4,PIA,2,HARD,5,32,5,47.4,86.364
2026,4,PIA,2,HARD,6,33,6,45.6,86.296
2026,4,PIA,2,HARD,7,34,7,43.8,86.444
2026,4,PIA,2,HARD,8,35,8,42.0,86.58
2026,4,PIA,2,HARD,9,36,9,40.2,86.62
2026,4,PIA,2,HARD,10,37,10,38.4,86.383
2026,4,PIA,2,HARD,11,38,11,36.6,86.491
2026,4,PIA,2,HARD,12,39,12,34.8,86.778
2026,4,PIA,2,HARD,13,40,13,33.0,86.615
2026,4,PIA,2,HARD,14,41,14,31.2,86.655
2026,4,PIA,2,HARD,15,42,15,29.4,86.824
2026,4,PIA,2,HARD,16,43,16,27.6,86.746
2026,4,PIA,2,HARD,17,44,17,25.8,86.757
2026,4,PIA,2,HARD,18,45,18,24.0,87.008
2026,4,PIA,2,HARD,19,46,19,22.2,86.9
2026,4,PIA,2,HARD,20,47,20,20.4,87.076
2026,4,PIA,2,HARD,21,48,21,18.6,86.946
2026,4,PIA,2,HARD,22,49,22,16.8,87.111
2026,4,PIA,2,HARD,23,50,23,15.0,87.097
2026,4,PIA,2,HARD,24,51,24,13.2,87.279
2026,4,PIA,2,HARD,25,52,25,11.4,87.23
2026,4,PIA,2,HARD,26,53,26,9.6,87.227
2026,4,PIA,2,HARD,27,54,27,7.8,87.337
2026,4,PIA,2,HARD,28,55,28,6.0,87.446
2026,5,ANT,1,MEDIUM,1,1,1,103.2,86.775
2026,5,ANT,1,MEDIUM,2,2,2,101.4,86.578
2026,5,ANT,1,MEDIUM,3,3,3,99.6,86.78
2026,5,ANT,1,MEDIUM,4,4,4,97.8,86.8
2026,5,ANT,1,MEDIUM,5,5,5,96.0,86.792
2026,5,ANT,1,MEDIUM,6,6,6,94.2,86.839
2026,5,ANT,1,MEDIUM,7,7,7,92.4,86.913
2026,5,ANT,1,MEDIUM,8,8,8,90.6,86.906
2026,5,ANT,1,MEDIUM,9,9,9,88.8,86.859
2026,5,ANT,1,MEDIUM,10,10,10,87.0,86.984
2026,5,ANT,1,MEDIUM,11,11,11,85.2,86.865
2026,5,ANT,1,MEDIUM,12,12,12,83.4,86.995
2026,5,ANT,1,MEDIUM,13,13,13,81.6,87.171
2026,5,ANT,1,MEDIUM,14,14,14,79.8,87.2
2026,5,ANT,1,MEDIUM,15,15,15,78.0,87.267
2026,5,ANT,1,MEDIUM,16,16,16,76.2,87.329
2026,5,ANT,1,MEDIUM,17,17,17,74.4,87.387
2026,5,ANT,1,MEDIUM,18,18,18,72.6,87.297
2026,5,ANT,1,MEDIUM,19,19,19,70.8,87.352
2026,5,ANT,1,MEDIUM,20,20,20,69.0,87.529
2026,5,ANT,1,MEDIUM,21,21,21,67.2,87.536
2026,5,ANT,1,MEDIUM,22,22,22,65.4,87.59
2026,5,ANT,1,MEDIUM,23,23,23,63.6,87.583
2026,5,ANT,1,MEDIUM,24,24,24,61.8,87.872
2026,5,ANT,1,MEDIUM,25,25,25,60.0,87.809
2026,5,ANT,1,MEDIUM,26,26,26,58.2,87.854
2026,5,ANT,1,MEDIUM,27,27,27,56.4,87.953
2026,5,ANT,2,HARD,1,28,1,54.6,85.767
2026,5,ANT,2,HARD,2,29,2,52.8,85.936
2026,5,ANT,2,HARD,3,30,3,51.0,85.795
2026,5,ANT,2,HARD,4,31,4,49.2,85.92
2026,5,ANT,2,HARD,5,32,5,47.4,85.739
2026,5,ANT,2,HARD,6,33,6,45.6,86.075
2026,5,ANT,2,HARD,7,34,7,43.8,86.023
2026,5,ANT,2,HARD,8,35,8,42.0,85.995
2026,5,ANT,2,HARD,9,36,9,40.2,86.052
2026,5,ANT,2,HARD,10,37,10,38.4,86.13
2026,5,ANT,2,HARD,11,38,11,36.6,86.086
2026,5,ANT,2,HARD,12,39,12,34.8,86.186
2026,5,ANT,2,HARD,13,40,13,33.0,86.177
2026,5,ANT,2,HARD,14,41,14,31.2,86.194
2026,5,ANT,2,HARD,15,42,15,29.4,86.384
2026,5,ANT,2,HARD,16,43,16,27.6,86.351
2026,5,ANT,2,HARD,17,44,17,25.8,86.518
2026,5,ANT,2,HARD,18,45,18,24.0,86.463
2026,5,ANT,2,HARD,19,46,19,22.2,86.679
2026,5,ANT,2,HARD,20,47,20,20.4,86.562
2026,5,ANT,2,HARD,21,48,21,18.6,86.625
2026,5,ANT,2,HARD,22,49,22,16.8,86.544
2026,5,ANT,2,HARD,23,50,23,15.0,86.696
2026,5,ANT,2,HARD,24,51,24,13.2,86.839
2026,5,ANT,2,HARD,25,52,25,11.4,86.689
2026,5,ANT,2,HARD,26,53,26,9.6,86.903
2026,5,ANT,2,HARD,27,54,27,7.8,86.904
2026,5,ANT,2,HARD,28,55,28,6.0,87.105
2026,5,HAM,1,MEDIUM,1,1,1,103.2,86.916
2026,5,HAM,1,MEDIUM,2,2,2,101.4,86.772
2026,5,HAM,1,MEDIUM,3,3,3,99.6,86.826
2026,5,HAM,1,MEDIUM,4,4,4,97.8,87.12
2026,5,HAM,1,MEDIUM,5,5,5,96.0,87.095
2026,5,HAM,1,MEDIUM,6,6,6,94.2,87.015
2026,5,HAM,1,MEDIUM,7,7,7,92.4,87.119
2026,5,HAM,1,MEDIUM,8,8,8,90.6,87.28
2026,5,HAM,1,MEDIUM,9,9,9,88.8,87.203
2026,5,HAM,1,MEDIUM,10,10,10,87.0,87.21
2026,5,HAM,1,MEDIUM,11,11,11,85.2,87.295
2026,5,HAM,1,MEDIUM,12,12,12,83.4,87.428
2026,5,HAM,1,MEDIUM,13,13,13,81.6,87.414
2026,5,HAM,1,MEDIUM,14,14,14,79.8,87.38
2026,5,HAM,1,MEDIUM,15,15,15,78.0,87.47
2026,5,HAM,1,MEDIUM,16,16,16,76.2,87.5
2026,5,HAM,1,MEDIUM,17,17,17,74.4,87.685
2026,5,HAM,1,MEDIUM,18,18,18,72.6,87.837
2026,5,HAM,1,MEDIUM,19,19,19,70.8,87.729
2026,5,HAM,1,MEDIUM,20,20,20,69.0,87.699
2026,5,HAM,1,MEDIUM,21,21,21,67.2,87.799
2026,5,HAM,1,MEDIUM,22,22,22,65.4,87.807
2026,5,HAM,1,MEDIUM,23,23,23,63.6,87.922
2026,5,HAM,1,MEDIUM,24,24,24,61.8,87.977
2026,5,HAM,1,MEDIUM,25,25,25,60.0,88.101
2026,5,HAM,1,MEDIUM,26,26,26,58.2,87.989
2026,5,HAM,1,MEDIUM,27,27,27,56.4,88.058
2026,5,HAM,2,HARD,1,28,1,54.6,86.068
2026,5,HAM,2,HARD,2,29,2,52.8,86.038
2026,5,HAM,2,HARD,3,30,3,51.0,86.282
2026,5,HAM,2,HARD,4,31,4,49.2,86.046
2026,5,HAM,2,HARD,5,32,5,47.4,86.246
2026,5,HAM,2,HARD,6,33,6,45.6,86.09
2026,5,HAM,2,HARD,7,34,7,43.8,86.294
2026,5,HAM,2,HARD,8,35,8,42.0,86.289
2026,5,HAM,2,HARD,9,36,9,40.2,86.24
2026,5,HAM,2,HARD,10,37,10,38.4,86.314
2026,5,HAM,2,HARD,11,38,11,36.6,86.376
2026,5,HAM,2,HARD,12,39,12,34.8,86.413
2026,5,HAM,2,HARD,13,40,13,33.0,86.495
2026,5,HAM,2,HARD,14,41,14,31.2,86.542
2026,5,HAM,2,HARD,15,42,15,29.4,86.436
2026,5,HAM,2,HARD,16,43,16,27.6,86.79
2026,5,HAM,2,HARD,17,44,17,25.8,86.721
2026,5,HAM,2,HARD,18,45,18,24.0,86.598
2026,5,HAM,2,HARD,19,46,19,22.2,86.672
2026,5,HAM,2,HARD,20,47,20,20.4,86.947
2026,5,HAM,2,HARD,21,48,21,18.6,86.997
2026,5,HAM,2,HARD,22,49,22,16.8,86.938
2026,5,HAM,2,HARD,23,50,23,15.0,86.853
2026,5,HAM,2,HARD,24,51,24,13.2,86.971
2026,5,HAM,2,HARD,25,52,25,11.4,87.201
2026,5,HAM,2,HARD,26,53,26,9.6,87.124
2026,5,HAM,2,HARD,27,54,27,7.8,87.245
2026,5,HAM,2,HARD,28,55,28,6.0,87.348
2026,5,VER,1,MEDIUM,1,1,1,103.2,86.966
2026,5,VER,1,MEDIUM,2,2,2,101.4,87.108
2026,5,VER,1,MEDIUM,3,3,3,99.6,87.013
2026,5,VER,1,MEDIUM,4,4,4,97.8,86.985
2026,5,VER,1,MEDIUM,5,5,5,96.0,87.181
2026,5,VER,1,MEDIUM,6,6,6,94.2,87.264
2026,5,VER,1,MEDIUM,7,7,7,92.4,87.175
2026,5,VER,1,MEDIUM,8,8,8,90.6,87.134
2026,5,VER,1,MEDIUM,9,9,9,88.8,87.309
2026,5,VER,1,MEDIUM,10,10,10,87.0,87.408
2026,5,VER,1,MEDIUM,11,11,11,85.2,87.482
2026,5,VER,1,MEDIUM,12,12,12,83.4,87.292
2026,5,VER,1,MEDIUM,13,13,13,81.6,87.325
2026,5,VER,1,MEDIUM,14,14,14,79.8,87.522
2026,5,VER,1,MEDIUM,15,15,15,78.0,87.686
2026,5,VER,1,MEDIUM,16,16,16,76.2,87.6
2026,5,VER,1,MEDIUM,17,17,17,74.4,87.664
2026,5,VER,1,MEDIUM,18,18,18,72.6,87.635
2026,5,VER,1,MEDIUM,19,19,19,70.8,87.657
2026,5,VER,1,MEDIUM,20,20,20,69.0,87.845
2026,5,VER,1,MEDIUM,21,21,21,67.2,87.871
2026,5,VER,1,MEDIUM,22,22,22,65.4,87.846
2026,5,VER,1,MEDIUM,23,23,23,63.6,87.916
2026,5,VER,1,MEDIUM,24,24,24,61.8,87.95
2026,5,VER,1,MEDIUM,25,25,25,60.0,88.198
2026,5,VER,1,MEDIUM,26,26,26,58.2,88.261
2026,5,VER,1,MEDIUM,27,27,27,56.4,88.098
2026,5,VER,2,HARD,1,28,1,54.6,86.178
2026,5,VER,2,HARD,2,29,2,52.8,86.22
2026,5,VER,2,HARD,3,30,3,51.0,86.282
2026,5,VER,2,HARD,4,31,4,49.2,86.28
2026,5,VER,2,HARD,5,32,5,47.4,86.206
2026,5,VER,2,HARD,6,33,6,45.6,86.226
2026,5,VER,2,HARD,7,34,7,43.8,86.349
2026,5,VER,2,HARD,8,35,8,42.0,86.441
2026,5,VER,2,HARD,9,36,9,40.2,86.343
2026,5,VER,2,HARD,10,37,10,38.4,86.493
2026,5,VER,2,HARD,11,38,11,36.6,86.51
2026,5,VER,2,HARD,12,39,12,34.8,86.402
2026,5,VER,2,HARD,13,40,13,33.0,86.701
2026,5,VER,2,HARD,14,41,14,31.2,86.609
2026,5,VER,2,HARD,15,42,15,29.4,86.693
2026,5,VER,2,HARD,16,43,16,27.6,86.881
2026,5,VER,2,HARD,17,44,17,25.8,86.848
2026,5,VER,2,HARD,18,45,18,24.0,86.837
2026,5,VER,2,HARD,19,46,19,22.2,86.878
2026,5,VER,2,HARD,20,47,20,20.4,87.015
2026,5,VER,2,HARD,21,48,21,18.6,86.75
2026,5,VER,2,HARD,22,49,22,16.8,87.019
2026,5,VER,2,HARD,23,50,23,15.0,87.154
2026,5,VER,2,HARD,24,51,24,13.2,87.115
2026,5,VER,2,HARD,25,52,25,11.4,87.212
2026,5,VER,2,HARD,26,53,26,9.6,87.308
2026,5,VER,2,HARD,27,54,27,7.8,87.438
2026,5,VER,2,HARD,28,55,28,6.0,87.363
2026,5,HAD,1,MEDIUM,1,1,1,103.2,87.08
2026,5,HAD,1,MEDIUM,2,2,2,101.4,87.023
2026,5,HAD,1,MEDIUM,3,3,3,99.6,87.102
2026,5,HAD,1,MEDIUM,4,4,4,97.8,87.147
2026,5,HAD,1,MEDIUM,5,5,5,96.0,87.346
2026,5,HAD,1,MEDIUM,6,6,6,94.2,87.144
2026,5,HAD,1,MEDIUM,7,7,7,92.4,87.307
2026,5,HAD,1,MEDIUM,8,8,8,90.6,87.281
2026,5,HAD,1,MEDIUM,9,9,9,88.8,87.374
2026,5,HAD,1,MEDIUM,10,10,10,87.0,87.479
2026,5,HAD,1,MEDIUM,11,11,11,85.2,87.588
2026,5,HAD,1,MEDIUM,12,12,12,83.4,87.459
2026,5,HAD,1,MEDIUM,13,13,13,81.6,87.506
2026,5,HAD,1,MEDIUM,14,14,14,79.8,87.489
2026,5,HAD,1,MEDIUM,15,15,15,78.0,87.656
2026,5,HAD,1,MEDIUM,16,16,16,76.2,87.742
2026,5,HAD,1,MEDIUM,17,17,17,74.4,87.689
2026,5,HAD,1,MEDIUM,18,18,18,72.6,87.725
2026,5,HAD,1,MEDIUM,19,19,19,70.8,87.891
2026,5,HAD,1,MEDIUM,20,20,20,69.0,87.802
2026,5,HAD,1,MEDIUM,21,21,21,67.2,87.863
2026,5,HAD,1,MEDIUM,22,22,22,65.4,88.062
2026,5,HAD,1,MEDIUM,23,23,23,63.6,87.871
2026,5,HAD,1,MEDIUM,24,24,24,61.8,88.145
2026,5,HAD,1,MEDIUM,25,25,25,60.0,88.101
2026,5,HAD,1,MEDIUM,26,26,26,58.2,88.134
2026,5,HAD,1,MEDIUM,27,27,27,56.4,88.287
2026,5,HAD,2,HARD,1,28,1,54.6,86.013
2026,5,HAD,2,HARD,2,29,2,52.8,86.229
2026,5,HAD,2,HARD,3,30,3,51.0,86.284
2026,5,HAD,2,HARD,4,31,4,49.2,86.286
2026,5,HAD,2,HARD,5,32,5,47.4,86.242
2026,5,HAD,2,HARD,6,33,6,45.6,86.292
2026,5,HAD,2,HARD,7,34,7,43.8,86.36
2026,5,HAD,2,HARD,8,35,8,42.0,86.44
2026,5,HAD,2,HARD,9,36,9,40.2,86.499
2026,5,HAD,2,HARD,10,37,10,38.4,86.548
2026,5,HAD,2,HARD,11,38,11,36.6,86.512
2026,5,HAD,2,HARD,12,39,12,34.8,86.752
2026,5,HAD,2,HARD,13,40,13,33.0,86.791
2026,5,HAD,2,HARD,14,41,14,31.2,86.675
2026,5,HAD,2,HARD,15,42,15,29.4,86.731
2026,5,HAD,2,HARD,16,43,16,27.6,86.729
2026,5,HAD,2,HARD,17,44,17,25.8,86.922
2026,5,HAD,2,HARD,18,45,18,24.0,86.869
2026,5,HAD,2,HARD,19,46,19,22.2,86.95
2026,5,HAD,2,HARD,20,47,20,20.4,86.915
2026,5,HAD,2,HARD,21,48,21,18.6,87.188
2026,5,HAD,2,HARD,22,49,22,16.8,87.157
2026,5,HAD,2,HARD,23,50,23,15.0,87.137
2026,5,HAD,2,HARD,24,51,24,13.2,87.06
2026,5,HAD,2,HARD,25,52,25,11.4,87.262
2026,5,HAD,2,HARD,26,53,26,9.6,87.269
2026,5,HAD,2,HARD,27,54,27,7.8,87.409
2026,5,HAD,2,HARD,28,55,28,6.0,87.45
2026,5,LEC,1,MEDIUM,1,1,1,103.2,87.225
2026,5,LEC,1,MEDIUM,2,2,2,101.4,87.3
2026,5,LEC,1,MEDIUM,3,3,3,99.6,87.245
2026,5,LEC,1,MEDIUM,4,4,4,97.8,87.332
2026,5,LEC,1,MEDIUM,5,5,5,96.0,87.305
2026,5,LEC,1,MEDIUM,6,6,6,94.2,87.407
2026,5,LEC,1,MEDIUM,7,7,7,92.4,87.35
2026,5,LEC,1,MEDIUM,8,8,8,90.6,87.503
2026,5,LEC,1,MEDIUM,9,9,9,88.8,87.25
2026,5,LEC,1,MEDIUM,10,10,10,87.0,87.443
2026,5,LEC,1,MEDIUM,11,11,11,85.2,87.537
2026,5,LEC,1,MEDIUM,12,12,12,83.4,87.555
2026,5,LEC,1,MEDIUM,13,13,13,81.6,87.642
2026,5,LEC,1,MEDIUM,14,14,14,79.8,87.626
2026,5,LEC,1,MEDIUM,15,15,15,78.0,87.775
2026,5,LEC,1,MEDIUM,16,16,16,76.2,87.72
2026,5,LEC,1,MEDIUM,17,17,17,74.4,87.753
2026,5,LEC,1,MEDIUM,18,18,18,72.6,87.963
2026,5,LEC,1,MEDIUM,19,19,19,70.8,87.908
2026,5,LEC,1,MEDIUM,20,20,20,69.0,88.141
2026,5,LEC,1,MEDIUM,21,21,21,67.2,87.958
2026,5,LEC,1,MEDIUM,22,22,22,65.4,87.992
2026,5,LEC,1,MEDIUM,23,23,23,63.6,88.155
2026,5,LEC,1,MEDIUM,24,24,24,61.8,88.209
2026,5,LEC,1,MEDIUM,25,25,25,60.0,88.256
2026,5,LEC,1,MEDIUM,26,26,26,58.2,88.235
2026,5,LEC,1,MEDIUM,27,27,27,56.4,88.274
2026,5,LEC,2,HARD,1,28,1,54.6,86.155
2026,5,LEC,2,HARD,2,29,2,52.8,86.35
2026,5,LEC,2,HARD,3,30,3,51.0,86.307
2026,5,LEC,2,HARD,4,31,4,49.2,86.402
2026,5,LEC,2,HARD,5,32,5,47.4,86.332
2026,5,LEC,2,HARD,6,33,6,45.6,86.431
2026,5,LEC,2,HARD,7,34,7,43.8,86.52
2026,5,LEC,2,HARD,8,35,8,42.0,86.56
2026,5,LEC,2,HARD,9,36,9,40.2,86.6
2026,5,LEC,2,HARD,10,37,10,38.4,86.611
2026,5,LEC,2,HARD,11,38,11,36.6,86.572
2026,5,LEC,2,HARD,12,39,12,34.8,86.686
2026,5,LEC,2,HARD,13,40,13,33.0,86.668
2026,5,LEC,2,HARD,14,41,14,31.2,86.728
2026,5,LEC,2,HARD,15,42,15,29.4,86.845
2026,5,LEC,2,HARD,16,43,16,27.6,86.882
2026,5,LEC,2,HARD,17,44,17,25.8,87.014
2026,5,LEC,2,HARD,18,45,18,24.0,87.107
2026,5,LEC,2,HARD,19,46,19,22.2,86.981
2026,5,LEC,2,HARD,20,47,20,20.4,87.131
2026,5,LEC,2,HARD,21,48,21,18.6,87.248
2026,5,LEC,2,HARD,22,49,22,16.8,87.193
2026,5,LEC,2,HARD,23,50,23,15.0,87.231
2026,5,LEC,2,HARD,24,51,24,13.2,87.256
2026,5,LEC,2,HARD,25,52,25,11.4,87.279
2026,5,LEC,2,HARD,26,53,26,9.6,87.377
2026,5,LEC,2,HARD,27,54,27,7.8,87.352
2026,5,LEC,2,HARD,28,55,28,6.0,87.627
2026,5,COL,1,MEDIUM,1,1,1,103.2,87.221
2026,5,COL,1,MEDIUM,2,2,2,101.4,87.27
2026,5,COL,1,MEDIUM,3,3,3,99.6,87.431
2026,5,COL,1,MEDIUM,4,4,4,97.8,87.51
2026,5,COL,1,MEDIUM,5,5,5,96.0,87.332
2026,5,COL,1,MEDIUM,6,6,6,94.2,87.51
2026,5,COL,1,MEDIUM,7,7,7,92.4,87.695
2026,5,COL,1,MEDIUM,8,8,8,90.6,87.514
2026,5,COL,1,MEDIUM,9,9,9,88.8,87.65
2026,5,COL,1,MEDIUM,10,10,10,87.0,87.637
2026,5,COL,1,MEDIUM,11,11,11,85.2,87.638
2026,5,COL,1,MEDIUM,12,12,12,83.4,87.773
2026,5,COL,1,MEDIUM,13,13,13,81.6,87.797
2026,5,COL,1,MEDIUM,14,14,14,79.8,87.906
2026,5,COL,1,MEDIUM,15,15,15,78.0,87.891
2026,5,COL,1,MEDIUM,16,16,16,76.2,87.941
2026,5,COL,1,MEDIUM,17,17,17,74.4,88.085
2026,5,COL,1,MEDIUM,18,18,18,72.6,87.963
2026,5,COL,1,MEDIUM,19,19,19,70.8,87.977
2026,5,COL,1,MEDIUM,20,20,20,69.0,88.257
2026,5,COL,1,MEDIUM,21,21,21,67.2,88.297
2026,5,COL,1,MEDIUM,22,22,22,65.4,88.197
2026,5,COL,1,MEDIUM,23,23,23,63.6,88.294
2026,5,COL,1,MEDIUM,24,24,24,61.8,88.214
2026,5,COL,1,MEDIUM,25,25,25,60.0,88.343
2026,5,COL,1,MEDIUM,26,26,26,58.2,88.325
2026,5,COL,1,MEDIUM,27,27,27,56.4,88.476
2026,5,COL,2,HARD,1,28,1,54.6,86.423
2026,5,COL,2,HARD,2,29,2,52.8,86.539
2026,5,COL,2,HARD,3,30,3,51.0,86.489
2026,5,COL,2,HARD,4,31,4,49.2,86.472
2026,5,COL,2,HARD,5,32,5,47.4,86.806
2026,5,COL,2,HARD,6,33,6,45.6,86.63
2026,5,COL,2,HARD,7,34,7,43.8,86.578
2026,5,COL,2,HARD,8,35,8,42.0,86.712
2026,5,COL,2,HARD,9,36,9,40.2,86.816
2026,5,COL,2,HARD,10,37,10,38.4,86.658
2026,5,COL,2,HARD,11,38,11,36.6,86.732
2026,5,COL,2,HARD,12,39,12,34.8,86.896
2026,5,COL,2,HARD,13,40,13,33.0,86.968
2026,5,COL,2,HARD,14,41,14,31.2,86.922
2026,5,COL,2,HARD,15,42,15,29.4,87.02
2026,5,COL,2,HARD,16,43,16,27.6,86.962
2026,5,COL,2,HARD,17,44,17,25.8,86.984
2026,5,COL,2,HARD,18,45,18,24.0,87.275
2026,5,COL,2,HARD,19,46,19,22.2,87.312
2026,5,COL,2,HARD,20,47,20,20.4,87.159
2026,5,COL,2,HARD,21,48,21,18.6,87.207
2026,5,COL,2,HARD,22,49,22,16.8,87.366
2026,5,COL,2,HARD,23,50,23,15.0,87.365
2026,5,COL,2,HARD,24,51,24,13.2,87.359
2026,5,COL,2,HARD,25,52,25,11.4,87.583
2026,5,COL,2,HARD,26,53,26,9.6,87.619
2026,5,COL,2,HARD,27,54,27,7.8,87.611
2026,5,COL,2,HARD,28,55,28,6.0,87.553
2026,6,ANT,1,MEDIUM,1,1,1,103.2,86.615
2026,6,ANT,1,MEDIUM,2,2,2,101.4,86.652
2026,6,ANT,1,MEDIUM,3,3,3,99.6,86.709
2026,6,ANT,1,MEDIUM,4,4,4,97.8,86.588
2026,6,ANT,1,MEDIUM,5,5,5,96.0,86.84
2026,6,ANT,1,MEDIUM,6,6,6,94.2,86.769
2026,6,ANT,1,MEDIUM,7,7,7,92.4,86.716
2026,6,ANT,1,MEDIUM,8,8,8,90.6,86.919
2026,6,ANT,1,MEDIUM,9,9,9,88.8,86.956
2026,6,ANT,1,MEDIUM,10,10,10,87.0,86.85
2026,6,ANT,1,MEDIUM,11,11,11,85.2,86.969
2026,6,ANT,1,MEDIUM,12,12,12,83.4,87.06
2026,6,ANT,1,MEDIUM,13,13,13,81.6,87.047
2026,6,ANT,1,MEDIUM,14,14,14,79.8,87.06
2026,6,ANT,1,MEDIUM,15,15,15,78.0,87.162
2026,6,ANT,1,MEDIUM,16,16,16,76.2,87.07
2026,6,ANT,1,MEDIUM,17,17,17,74.4,87.318
2026,6,ANT,1,MEDIUM,18,18,18,72.6,87.359
2026,6,ANT,1,MEDIUM,19,19,19,70.8,87.503
2026,6,ANT,1,MEDIUM,20,20,20,69.0,87.23
2026,6,ANT,1,MEDIUM,21,21,21,67.2,87.557
2026,6,ANT,1,MEDIUM,22,22,22,65.4,87.647
2026,6,ANT,1,MEDIUM,23,23,23,63.6,87.497
2026,6,ANT,1,MEDIUM,24,24,24,61.8,87.576
2026,6,ANT,1,MEDIUM,25,25,25,60.0,87.698
2026,6,ANT,1,MEDIUM,26,26,26,58.2,87.773
2026,6,ANT,1,MEDIUM,27,27,27,56.4,87.683
2026,6,ANT,2,HARD,1,28,1,54.6,85.841
2026,6,ANT,2,HARD,2,29,2,52.8,85.76
2026,6,ANT,2,HARD,3,30,3,51.0,85.856
2026,6,ANT,2,HARD,4,31,4,49.2,85.893
2026,6,ANT,2,HARD,5,32,5,47.4,85.845
2026,6,ANT,2,HARD,6,33,6,45.6,85.835
2026,6,ANT,2,HARD,7,34,7,43.8,85.784
2026,6,ANT,2,HARD,8,35,8,42.0,85.975
2026,6,ANT,2,HARD,9,36,9,40.2,85.978
2026,6,ANT,2,HARD,10,37,10,38.4,86.14
2026,6,ANT,2,HARD,11,38,11,36.6,85.946
2026,6,ANT,2,HARD,12,39,12,34.8,86.176
2026,6,ANT,2,HARD,13,40,13,33.0,86.14
2026,6,ANT,2,HARD,14,41,14,31.2,86.156
2026,6,ANT,2,HARD,15,42,15,29.4,86.132
2026,6,ANT,2,HARD,16,43,16,27.6,86.309
2026,6,ANT,2,HARD,17,44,17,25.8,86.468
2026,6,ANT,2,HARD,18,45,18,24.0,86.416
2026,6,ANT,2,HARD,19,46,19,22.2,86.509
2026,6,ANT,2,HARD,20,47,20,20.4,86.268
2026,6,ANT,2,HARD,21,48,21,18.6,86.573
2026,6,ANT,2,HARD,22,49,22,16.8,86.622
2026,6,ANT,2,HARD,23,50,23,15.0,86.678
2026,6,ANT,2,HARD,24,51,24,13.2,86.873
2026,6,ANT,2,HARD,25,52,25,11.4,86.671
2026,6,ANT,2,HARD,26,53,26,9.6,86.733
2026,6,ANT,2,HARD,27,54,27,7.8,86.875
2026,6,ANT,2,HARD,28,55,28,6.0,86.929
2026,6,HAM,1,MEDIUM,1,1,1,103.2,86.682
2026,6,HAM,1,MEDIUM,2,2,2,101.4,86.621
2026,6,HAM,1,MEDIUM,3,3,3,99.6,86.921
2026,6,HAM,1,MEDIUM,4,4,4,97.8,86.919
2026,6,HAM,1,MEDIUM,5,5,5,96.0,86.893
2026,6,HAM,1,MEDIUM,6,6,6,94.2,86.939
2026,6,HAM,1,MEDIUM,7,7,7,92.4,86.94
2026,6,HAM,1,MEDIUM,8,8,8,90.6,87.162
2026,6,HAM,1,MEDIUM,9,9,9,88.8,87.048
2026,6,HAM,1,MEDIUM,10,10,10,87.0,87.245
2026,6,HAM,1,MEDIUM,11,11,11,85.2,87.136
2026,6,HAM,1,MEDIUM,12,12,12,83.4,87.014
2026,6,HAM,1,MEDIUM,13,13,13,81.6,87.293
2026,6,HAM,1,MEDIUM,14,14,14,79.8,87.299
2026,6,HAM,1,MEDIUM,15,15,15,78.0,87.315
2026,6,HAM,1,MEDIUM,16,16,16,76.2,87.399
2026,6,HAM,1,MEDIUM,17,17,17,74.4,87.475
2026,6,HAM,1,MEDIUM,18,18,18,72.6,87.607
2026,6,HAM,1,MEDIUM,19,19,19,70.8,87.558
2026,6,HAM,1,MEDIUM,20,20,20,69.0,87.55
2026,6,HAM,1,MEDIUM,21,21,21,67.2,87.562
2026,6,HAM,1,MEDIUM,22,22,22,65.4,87.735
2026,6,HAM,1,MEDIUM,23,23,23,63.6,87.641
2026,6,HAM,1,MEDIUM,24,24,24,61.8,87.752
2026,6,HAM,1,MEDIUM,25,25,25,60.0,87.884
2026,6,HAM,1,MEDIUM,26,26,26,58.2,87.834
2026,6,HAM,1,MEDIUM,27,27,27,56.4,87.84
2026,6,HAM,2,HARD,1,28,1,54.6,85.806
2026,6,HAM,2,HARD,2,29,2,52.8,85.881
2026,6,HAM,2,HARD,3,30,3,51.0,85.922
2026,6,HAM,2,HARD,4,31,4,49.2,85.951
2026,6,HAM,2,HARD,5,32,5,47.4,86.048
2026,6,HAM,2,HARD,6,33,6,45.6,86.061
2026,6,HAM,2,HARD,7,34,7,43.8,86.13
2026,6,HAM,2,HARD,8,35,8,42.0,85.937
2026,6,HAM,2,HARD,9,36,9,40.2,86.248
2026,6,HAM,2,HARD,10,37,10,38.4,86.164
2026,6,HAM,2,HARD,11,38,11,36.6,86.023
2026,6,HAM,2,HARD,12,39,12,34.8,86.386
2026,6,HAM,2,HARD,13,40,13,33.0,86.313
2026,6,HAM,2,HARD,14,41,14,31.2,86.353
2026,6,HAM,2,HARD,15,42,15,29.4,86.508
2026,6,HAM,2,HARD,16,43,16,27.6,86.364
2026,6,HAM,2,HARD,17,44,17,25.8,86.37
2026,6,HAM,2,HARD,18,45,18,24.0,86.532
2026,6,HAM,2,HARD,19,46,19,22.2,86.61
2026,6,HAM,2,HARD,20,47,20,20.4,86.66
2026,6,HAM,2,HARD,21,48,21,18.6,86.724
2026,6,HAM,2,HARD,22,49,22,16.8,86.662
2026,6,HAM,2,HARD,23,50,23,15.0,86.883
2026,6,HAM,2,HARD,24,51,24,13.2,86.833
2026,6,HAM,2,HARD,25,52,25,11.4,86.854
2026,6,HAM,2,HARD,26,53,26,9.6,86.878
2026,6,HAM,2,HARD,27,54,27,7.8,87.156
2026,6,HAM,2,HARD,28,55,28,6.0,87.078
2026,6,HAD,1,MEDIUM,1,1,1,103.2,86.953
2026,6,HAD,1,MEDIUM,2,2,2,101.4,86.813
2026,6,HAD,1,MEDIUM,3,3,3,99.6,87.091
2026,6,HAD,1,MEDIUM,4,4,4,97.8,87.055
2026,6,HAD,1,MEDIUM,5,5,5,96.0,87.113
2026,6,HAD,1,MEDIUM,6,6,6,94.2,87.095
2026,6,HAD,1,MEDIUM,7,7,7,92.4,87.214
2026,6,HAD,1,MEDIUM,8,8,8,90.6,87.133
2026,6,HAD,1,MEDIUM,9,9,9,88.8,87.278
2026,6,HAD,1,MEDIUM,10,10,10,87.0,87.258
2026,6,HAD,1,MEDIUM,11,11,11,85.2,87.277
2026,6,HAD,1,MEDIUM,12,12,12,83.4,87.303
2026,6,HAD,1,MEDIUM,13,13,13,81.6,87.416
2026,6,HAD,1,MEDIUM,14,14,14,79.8,87.322
2026,6,HAD,1,MEDIUM,15,15,15,78.0,87.318
2026,6,HAD,1,MEDIUM,16,16,16,76.2,87.423
2026,6,HAD,1,MEDIUM,17,17,17,74.4,87.704
2026,6,HAD,1,MEDIUM,18,18,18,72.6,87.624
2026,6,HAD,1,MEDIUM,19,19,19,70.8,87.579
2026,6,HAD,1,MEDIUM,20,20,20,69.0,87.717
2026,6,HAD,1,MEDIUM,21,21,21,67.2,87.841
2026,6,HAD,1,MEDIUM,22,22,22,65.4,87.834
2026,6,HAD,1,MEDIUM,23,23,23,63.6,87.694
2026,6,HAD,1,MEDIUM,24,24,24,61.8,88.134
2026,6,HAD,1,MEDIUM,25,25,25,60.0,87.973
2026,6,HAD,1,MEDIUM,26,26,26,58.2,88.066
2026,6,HAD,1,MEDIUM,27,27,27,56.4,88.095
2026,6,HAD,2,HARD,1,28,1,54.6,85.934
2026,6,HAD,2,HARD,2,29,2,52.8,86.061
2026,6,HAD,2,HARD,3,30,3,51.0,86.029
2026,6,HAD,2,HARD,4,31,4,49.2,86.077
2026,6,HAD,2,HARD,5,32,5,47.4,86.382
2026,6,HAD,2,HARD,6,33,6,45.6,86.173
2026,6,HAD,2,HARD,7,34,7,43.8,86.312
2026,6,HAD,2,HARD,8,35,8,42.0,86.205
2026,6,HAD,2,HARD,9,36,9,40.2,86.391
2026,6,HAD,2,HARD,10,37,10,38.4,86.438
2026,6,HAD,2,HARD,11,38,11,36.6,86.46
2026,6,HAD,2,HARD,12,39,12,34.8,86.597
2026,6,HAD,2,HARD,13,40,13,33.0,86.632
2026,6,HAD,2,HARD,14,41,14,31.2,86.551
2026,6,HAD,2,HARD,15,42,15,29.4,86.521
2026,6,HAD,2,HARD,16,43,16,27.6,86.655
2026,6,HAD,2,HARD,17,44,17,25.8,86.775
2026,6,HAD,2,HARD,18,45,18,24.0,86.938
2026,6,HAD,2,HARD,19,46,19,22.2,86.783
2026,6,HAD,2,HARD,20,47,20,20.4,86.823
2026,6,HAD,2,HARD,21,48,21,18.6,86.98
2026,6,HAD,2,HARD,22,49,22,16.8,86.901
2026,6,HAD,2,HARD,23,50,23,15.0,86.912
2026,6,HAD,2,HARD,24,51,24,13.2,87.129
2026,6,HAD,2,HARD,25,52,25,11.4,87.168
2026,6,HAD,2,HARD,26,53,26,9.6,87.079
2026,6,HAD,2,HARD,27,54,27,7.8,87.317
2026,6,HAD,2,HARD,28,55,28,6.0,87.252
2026,6,PIA,1,MEDIUM,1,1,1,103.2,87.018
2026,6,PIA,1,MEDIUM,2,2,2,101.4,87.092
2026,6,PIA,1,MEDIUM,3,3,3,99.6,87.16
2026,6,PIA,1,MEDIUM,4,4,4,97.8,87.235
2026,6,PIA,1,MEDIUM,5,5,5,96.0,87.307
2026,6,PIA,1,MEDIUM,6,6,6,94.2,87.27
2026,6,PIA,1,MEDIUM,7,7,7,92.4,87.386
2026,6,PIA,1,MEDIUM,8,8,8,90.6,87.308
2026,6,PIA,1,MEDIUM,9,9,9,88.8,87.431
2026,6,PIA,1,MEDIUM,10,10,10,87.0,87.42
2026,6,PIA,1,MEDIUM,11,11,11,85.2,87.501
2026,6,PIA,1,MEDIUM,12,12,12,83.4,87.579
2026,6,PIA,1,MEDIUM,13,13,13,81.6,87.592
2026,6,PIA,1,MEDIUM,14,14,14,79.8,87.612
2026,6,PIA,1,MEDIUM,15,15,15,78.0,87.759
2026,6,PIA,1,MEDIUM,16,16,16,76.2,87.479
2026,6,PIA,1,MEDIUM,17,17,17,74.4,87.729
2026,6,PIA,1,MEDIUM,18,18,18,72.6,87.612
2026,6,PIA,1,MEDIUM,19,19,19,70.8,87.867
2026,6,PIA,1,MEDIUM,20,20,20,69.0,87.988
2026,6,PIA,1,MEDIUM,21,21,21,67.2,87.944
2026,6,PIA,1,MEDIUM,22,22,22,65.4,87.761
2026,6,PIA,1,MEDIUM,23,23,23,63.6,87.861
2026,6,PIA,1,MEDIUM,24,24,24,61.8,88.141
2026,6,PIA,1,MEDIUM,25,25,25,60.0,88.242
2026,6,PIA,1,MEDIUM,26,26,26,58.2,88.09
2026,6,PIA,1,MEDIUM,27,27,27,56.4,88.272
2026,6,PIA,2,HARD,1,28,1,54.6,86.159
2026,6,PIA,2,HARD,2,29,2,52.8,86.366
2026,6,PIA,2,HARD,3,30,3,51.0,86.282
2026,6,PIA,2,HARD,4,31,4,49.2,86.275
2026,6,PIA,2,HARD,5,32,5,47.4,86.354
2026,6,PIA,2,HARD,6,33,6,45.6,86.421
2026,6,PIA,2,HARD,7,34,7,43.8,86.393
2026,6,PIA,2,HARD,8,35,8,42.0,86.347
2026,6,PIA,2,HARD,9,36,9,40.2,86.419
2026,6,PIA,2,HARD,10,37,10,38.4,86.584
2026,6,PIA,2,HARD,11,38,11,36.6,86.691
2026,6,PIA,2,HARD,12,39,12,34.8,86.777
2026,6,PIA,2,HARD,13,40,13,33.0,86.618
2026,6,PIA,2,HARD,14,41,14,31.2,86.633
2026,6,PIA,2,HARD,15,42,15,29.4,86.75
2026,6,PIA,2,HARD,16,43,16,27.6,86.667
2026,6,PIA,2,HARD,17,44,17,25.8,86.924
2026,6,PIA,2,HARD,18,45,18,24.0,86.937
2026,6,PIA,2,HARD,19,46,19,22.2,86.897
2026,6,PIA,2,HARD,20,47,20,20.4,87.028
2026,6,PIA,2,HARD,21,48,21,18.6,87.131
2026,6,PIA,2,HARD,22,49,22,16.8,87.165
2026,6,PIA,2,HARD,23,50,23,15.0,87.151
2026,6,PIA,2,HARD,24,51,24,13.2,87.208
2026,6,PIA,2,HARD,25,52,25,11.4,87.19
2026,6,PIA,2,HARD,26,53,26,9.6,87.361
2026,6,PIA,2,HARD,27,54,27,7.8,87.411
2026,6,PIA,2,HARD,28,55,28,6.0,87.509
2026,6,LAW,1,MEDIUM,1,1,1,103.2,87.247
2026,6,LAW,1,MEDIUM,2,2,2,101.4,87.296
2026,6,LAW,1,MEDIUM,3,3,3,99.6,87.378
2026,6,LAW,1,MEDIUM,4,4,4,97.8,87.381
2026,6,LAW,1,MEDIUM,5,5,5,96.0,87.595
2026,6,LAW,1,MEDIUM,6,6,6,94.2,87.538
2026,6,LAW,1,MEDIUM,7,7,7,92.4,87.534
2026,6,LAW,1,MEDIUM,8,8,8,90.6,87.598
2026,6,LAW,1,MEDIUM,9,9,9,88.8,87.65
2026,6,LAW,1,MEDIUM,10,10,10,87.0,87.707
2026,6,LAW,1,MEDIUM,11,11,11,85.2,87.66
2026,6,LAW,1,MEDIUM,12,12,12,83.4,87.72
2026,6,LAW,1,MEDIUM,13,13,13,81.6,87.777
2026,6,LAW,1,MEDIUM,14,14,14,79.8,87.843
2026,6,LAW,1,MEDIUM,15,15,15,78.0,87.809
2026,6,LAW,1,MEDIUM,16,16,16,76.2,87.802
2026,6,LAW,1,MEDIUM,17,17,17,74.4,88.03
2026,6,LAW,1,MEDIUM,18,18,18,72.6,88.05
2026,6,LAW,1,MEDIUM,19,19,19,70.8,88.027
2026,6,LAW,1,MEDIUM,20,20,20,69.0,88.072
2026,6,LAW,1,MEDIUM,21,21,21,67.2,88.137
2026,6,LAW,1,MEDIUM,22,22,22,65.4,88.155
2026,6,LAW,1,MEDIUM,23,23,23,63.6,88.446
2026,6,LAW,1,MEDIUM,24,24,24,61.8,88.422
2026,6,LAW,1,MEDIUM,25,25,25,60.0,88.416
2026,6,LAW,1,MEDIUM,26,26,26,58.2,88.409
2026,6,LAW,1,MEDIUM,27,27,27,56.4,88.538
2026,6,LAW,2,HARD,1,28,1,54.6,86.509
2026,6,LAW,2,HARD,2,29,2,52.8,86.364
2026,6,LAW,2,HARD,3,30,3,51.0,86.524
2026,6,LAW,2,HARD,4,31,4,49.2,86.517
2026,6,LAW,2,HARD,5,32,5,47.4,86.464
2026,6,LAW,2,HARD,6,33,6,45.6,86.574
2026,6,LAW,2,HARD,7,34,7,43.8,86.59
2026,6,LAW,2,HARD,8,35,8,42.0,86.695
2026,6,LAW,2,HARD,9,36,9,40.2,86.795
2026,6,LAW,2,HARD,10,37,10,38.4,86.802
2026,6,LAW,2,HARD,11,38,11,36.6,86.891
2026,6,LAW,2,HARD,12,39,12,34.8,86.87
2026,6,LAW,2,HARD,13,40,13,33.0,86.971
2026,6,LAW,2,HARD,14,41,14,31.2,87.015
2026,6,LAW,2,HARD,15,42,15,29.4,87.106
2026,6,LAW,2,HARD,16,43,16,27.6,87.03
2026,6,LAW,2,HARD,17,44,17,25.8,87.061
2026,6,LAW,2,HARD,18,45,18,24.0,87.078
2026,6,LAW,2,HARD,19,46,19,22.2,87.2
2026,6,LAW,2,HARD,20,47,20,20.4,87.193
2026,6,LAW,2,HARD,21,48,21,18.6,87.163
2026,6,LAW,2,HARD,22,49,22,16.8,87.464
2026,6,LAW,2,HARD,23,50,23,15.0,87.316
2026,6,LAW,2,HARD,24,51,24,13.2,87.402
2026,6,LAW,2,HARD,25,52,25,11.4,87.525
2026,6,LAW,2,HARD,26,53,26,9.6,87.554
2026,6,LAW,2,HARD,27,54,27,7.8,87.743
2026,6,LAW,2,HARD,28,55,28,6.0,87.755
2026,6,LIN,1,MEDIUM,1,1,1,103.2,87.623
2026,6,LIN,1,MEDIUM,2,2,2,101.4,87.768
2026,6,LIN,1,MEDIUM,3,3,3,99.6,87.825
2026,6,LIN,1,MEDIUM,4,4,4,97.8,87.863
2026,6,LIN,1,MEDIUM,5,5,5,96.0,87.844
2026,6,LIN,1,MEDIUM,6,6,6,94.2,87.94
2026,6,LIN,1,MEDIUM,7,7,7,92.4,87.759
2026,6,LIN,1,MEDIUM,8,8,8,90.6,88.042
2026,6,LIN,1,MEDIUM,9,9,9,88.8,88.026
2026,6,LIN,1,MEDIUM,10,10,10,87.0,88.095
2026,6,LIN,1,MEDIUM,11,11,11,85.2,88.068
2026,6,LIN,1,MEDIUM,12,12,12,83.4,88.039
2026,6,LIN,1,MEDIUM,13,13,13,81.6,88.155
2026,6,LIN,1,MEDIUM,14,14,14,79.8,88.153
2026,6,LIN,1,MEDIUM,15,15,15,78.0,88.292
2026,6,LIN,1,MEDIUM,16,16,16,76.2,88.301
2026,6,LIN,1,MEDIUM,17,17,17,74.4,88.52
2026,6,LIN,1,MEDIUM,18,18,18,72.6,88.391
2026,6,LIN,1,MEDIUM,19,19,19,70.8,88.647
2026,6,LIN,1,MEDIUM,20,20,20,69.0,88.535
2026,6,LIN,1,MEDIUM,21,21,21,67.2,88.588
2026,6,LIN,1,MEDIUM,22,22,22,65.4,88.692
2026,6,LIN,1,MEDIUM,23,23,23,63.6,88.632
2026,6,LIN,1,MEDIUM,24,24,24,61.8,88.851
2026,6,LIN,1,MEDIUM,25,25,25,60.0,88.763
2026,6,LIN,1,MEDIUM,26,26,26,58.2,88.877
2026,6,LIN,1,MEDIUM,27,27,27,56.4,88.92
2026,6,LIN,2,HARD,1,28,1,54.6,86.73
2026,6,LIN,2,HARD,2,29,2,52.8,86.884
2026,6,LIN,2,HARD,3,30,3,51.0,86.884
2026,6,LIN,2,HARD,4,31,4,49.2,86.817
2026,6,LIN,2,HARD,5,32,5,47.4,87.001
2026,6,LIN,2,HARD,6,33,6,45.6,86.841
2026,6,LIN,2,HARD,7,34,7,43.8,87.07
2026,6,LIN,2,HARD,8,35,8,42.0,87.032
2026,6,LIN,2,HARD,9,36,9,40.2,87.05
2026,6,LIN,2,HARD,10,37,10,38.4,87.108
2026,6,LIN,2,HARD,11,38,11,36.6,87.279
2026,6,LIN,2,HARD,12,39,12,34.8,87.215
2026,6,LIN,2,HARD,13,40,13,33.0,87.289
2026,6,LIN,2,HARD,14,41,14,31.2,87.306
2026,6,LIN,2,HARD,15,42,15,29.4,87.346
2026,6,LIN,2,HARD,16,43,16,27.6,87.439
2026,6,LIN,2,HARD,17,44,17,25.8,87.541
2026,6,LIN,2,HARD,18,45,18,24.0,87.624
2026,6,LIN,2,HARD,19,46,19,22.2,87.526
2026,6,LIN,2,HARD,20,47,20,20.4,87.618
2026,6,LIN,2,HARD,21,48,21,18.6,87.654
2026,6,LIN,2,HARD,22,49,22,16.8,87.804
2026,6,LIN,2,HARD,23,50,23,15.0,87.677
2026,6,LIN,2,HARD,24,51,24,13.2,87.823
2026,6,LIN,2,HARD,25,52,25,11.4,87.825
2026,6,LIN,2,HARD,26,53,26,9.6,87.895
2026,6,LIN,2,HARD,27,54,27,7.8,87.915
2026,6,LIN,2,HARD,28,55,28,6.0,87.946
2026,7,RUS,1,MEDIUM,1,1,1,103.2,86.586
2026,7,RUS,1,MEDIUM,2,2,2,101.4,86.553
2026,7,RUS,1,MEDIUM,3,3,3,99.6,86.543
2026,7,RUS,1,MEDIUM,4,4,4,97.8,86.831
2026,7,RUS,1,MEDIUM,5,5,5,96.0,86.695
2026,7,RUS,1,MEDIUM,6,6,6,94.2,86.95
2026,7,RUS,1,MEDIUM,7,7,7,92.4,86.734
2026,7,RUS,1,MEDIUM,8,8,8,90.6,86.796
2026,7,RUS,1,MEDIUM,9,9,9,88.8,86.815
2026,7,RUS,1,MEDIUM,10,10,10,87.0,86.986
2026,7,RUS,1,MEDIUM,11,11,11,85.2,86.814
2026,7,RUS,1,MEDIUM,12,12,12,83.4,86.942
2026,7,RUS,1,MEDIUM,13,13,13,81.6,87.043
2026,7,RUS,1,MEDIUM,14,14,14,79.8,86.942
2026,7,RUS,1,MEDIUM,15,15,15,78.0,87.28
2026,7,RUS,1,MEDIUM,16,16,16,76.2,87.135
2026,7,RUS,1,MEDIUM,17,17,17,74.4,87.181
2026,7,RUS,1,MEDIUM,18,18,18,72.6,87.321
2026,7,RUS,1,MEDIUM,19,19,19,70.8,87.464
2026,7,RUS,1,MEDIUM,20,20,20,69.0,87.45
2026,7,RUS,1,MEDIUM,21,21,21,67.2,87.455
2026,7,RUS,1,MEDIUM,22,22,22,65.4,87.352
2026,7,RUS,1,MEDIUM,23,23,23,63.6,87.635
2026,7,RUS,1,MEDIUM,24,24,24,61.8,87.597
2026,7,RUS,1,MEDIUM,25,25,25,60.0,87.462
2026,7,RUS,1,MEDIUM,26,26,26,58.2,87.738
2026,7,RUS,1,MEDIUM,27,27,27,56.4,87.737
2026,7,RUS,2,HARD,1,28,1,54.6,85.689
2026,7,RUS,2,HARD,2,29,2,52.8,85.692
2026,7,RUS,2,HARD,3,30,3,51.0,85.894
2026,7,RUS,2,HARD,4,31,4,49.2,85.748
2026,7,RUS,2,HARD,5,32,5,47.4,85.835
2026,7,RUS,2,HARD,6,33,6,45.6,85.903
2026,7,RUS,2,HARD,7,34,7,43.8,85.87
2026,7,RUS,2,HARD,8,35,8,42.0,86.066
2026,7,RUS,2,HARD,9,36,9,40.2,86.069
2026,7,RUS,2,HARD,10,37,10,38.4,86.057
2026,7,RUS,2,HARD,11,38,11,36.6,86.179
2026,7,RUS,2,HARD,12,39,12,34.8,86.102
2026,7,RUS,2,HARD,13,40,13,33.0,86.204
2026,7,RUS,2,HARD,14,41,14,31.2,86.23
2026,7,RUS,2,HARD,15,42,15,29.4,86.243
2026,7,RUS,2,HARD,16,43,16,27.6,86.231
2026,7,RUS,2,HARD,17,44,17,25.8,86.235
2026,7,RUS,2,HARD,18,45,18,24.0,86.416
2026,7,RUS,2,HARD,19,46,19,22.2,86.524
2026,7,RUS,2,HARD,20,47,20,20.4,86.665
2026,7,RUS,2,HARD,21,48,21,18.6,86.526
2026,7,RUS,2,HARD,22,49,22,16.8,86.63
2026,7,RUS,2,HARD,23,50,23,15.0,86.735
2026,7,RUS,2,HARD,24,51,24,13.2,86.668
2026,7,RUS,2,HARD,25,52,25,11.4,86.783
2026,7,RUS,2,HARD,26,53,26,9.6,86.884
2026,7,RUS,2,HARD,27,54,27,7.8,86.989
2026,7,RUS,2,HARD,28,55,28,6.0,86.874
2026,7,HAM,1,MEDIUM,1,1,1,103.2,86.557
2026,7,HAM,1,MEDIUM,2,2,2,101.4,86.768
2026,7,HAM,1,MEDIUM,3,3,3,99.6,86.603
2026,7,HAM,1,MEDIUM,4,4,4,97.8,86.757
2026,7,HAM,1,MEDIUM,5,5,5,96.0,86.761
2026,7,HAM,1,MEDIUM,6,6,6,94.2,86.795
2026,7,HAM,1,MEDIUM,7,7,7,92.4,86.965
2026,7,HAM,1,MEDIUM,8,8,8,90.6,86.996
2026,7,HAM,1,MEDIUM,9,9,9,88.8,86.929
2026,7,HAM,1,MEDIUM,10,10,10,87.0,86.916
2026,7,HAM,1,MEDIUM,11,11,11,85.2,87.196
2026,7,HAM,1,MEDIUM,12,12,12,83.4,87.09
2026,7,HAM,1,MEDIUM,13,13,13,81.6,87.156
2026,7,HAM,1,MEDIUM,14,14,14,79.8,87.112
2026,7,HAM,1,MEDIUM,15,15,15,78.0,87.332
2026,7,HAM,1,MEDIUM,16,16,16,76.2,87.276
2026,7,HAM,1,MEDIUM,17,17,17,74.4,87.239
2026,7,HAM,1,MEDIUM,18,18,18,72.6,87.42
2026,7,HAM,1,MEDIUM,19,19,19,70.8,87.505
2026,7,HAM,1,MEDIUM,20,20,20,69.0,87.567
2026,7,HAM,1,MEDIUM,21,21,21,67.2,87.517
2026,7,HAM,1,MEDIUM,22,22,22,65.4,87.53
2026,7,HAM,1,MEDIUM,23,23,23,63.6,87.574
2026,7,HAM,1,MEDIUM,24,24,24,61.8,87.754
2026,7,HAM,1,MEDIUM,25,25,25,60.0,87.757
2026,7,HAM,1,MEDIUM,26,26,26,58.2,87.763
2026,7,HAM,1,MEDIUM,27,27,27,56.4,87.95
2026,7,HAM,2,HARD,1,28,1,54.6,85.875
2026,7,HAM,2,HARD,2,29,2,52.8,85.724
2026,7,HAM,2,HARD,3,30,3,51.0,85.831
2026,7,HAM,2,HARD,4,31,4,49.2,85.982
2026,7,HAM,2,HARD,5,32,5,47.4,85.933
2026,7,HAM,2,HARD,6,33,6,45.6,86.0
2026,7,HAM,2,HARD,7,34,7,43.8,86.031
2026,7,HAM,2,HARD,8,35,8,42.0,86.135
2026,7,HAM,2,HARD,9,36,9,40.2,86.05
2026,7,HAM,2,HARD,10,37,10,38.4,86.119
2026,7,HAM,2,HARD,11,38,11,36.6,86.127
2026,7,HAM,2,HARD,12,39,12,34.8,86.247
2026,7,HAM,2,HARD,13,40,13,33.0,86.332
2026,7,HAM,2,HARD,14,41,14,31.2,86.204
2026,7,HAM,2,HARD,15,42,15,29.4,86.27
2026,7,HAM,2,HARD,16,43,16,27.6,86.347
2026,7,HAM,2,HARD,17,44,17,25.8,86.406
2026,7,HAM,2,HARD,18,45,18,24.0,86.432
2026,7,HAM,2,HARD,19,46,19,22.2,86.59
2026,7,HAM,2,HARD,20,47,20,20.4,86.424
2026,7,HAM,2,HARD,21,48,21,18.6,86.68
2026,7,HAM,2,HARD,22,49,22,16.8,86.745
2026,7,HAM,2,HARD,23,50,23,15.0,86.546
2026,7,HAM,2,HARD,24,51,24,13.2,86.848
2026,7,HAM,2,HARD,25,52,25,11.4,87.066
2026,7,HAM,2,HARD,26,53,26,9.6,86.93
2026,7,HAM,2,HARD,27,54,27,7.8,87.078
2026,7,HAM,2,HARD,28,55,28,6.0,86.901
2026,7,NOR,1,MEDIUM,1,1,1,103.2,86.846
2026,7,NOR,1,MEDIUM,2,2,2,101.4,86.906
2026,7,NOR,1,MEDIUM,3,3,3,99.6,87.105
2026,7,NOR,1,MEDIUM,4,4,4,97.8,86.863
2026,7,NOR,1,MEDIUM,5,5,5,96.0,87.003
2026,7,NOR,1,MEDIUM,6,6,6,94.2,86.982
2026,7,NOR,1,MEDIUM,7,7,7,92.4,86.952
2026,7,NOR,1,MEDIUM,8,8,8,90.6,87.035
2026,7,NOR,1,MEDIUM,9,9,9,88.8,87.065
2026,7,NOR,1,MEDIUM,10,10,10,87.0,87.163
2026,7,NOR,1,MEDIUM,11,11,11,85.2,87.231
2026,7,NOR,1,MEDIUM,12,12,12,83.4,87.267
2026,7,NOR,1,MEDIUM,13,13,13,81.6,87.319
2026,7,NOR,1,MEDIUM,14,14,14,79.8,87.38
2026,7,NOR,1,MEDIUM,15,15,15,78.0,87.412
2026,7,NOR,1,MEDIUM,16,16,16,76.2,87.464
2026,7,NOR,1,MEDIUM,17,17,17,74.4,87.521
2026,7,NOR,1,MEDIUM,18,18,18,72.6,87.53
2026,7,NOR,1,MEDIUM,19,19,19,70.8,87.66
2026,7,NOR,1,MEDIUM,20,20,20,69.0,87.517
2026,7,NOR,1,MEDIUM,21,21,21,67.2,87.596
2026,7,NOR,1,MEDIUM,22,22,22,65.4,87.943
2026,7,NOR,1,MEDIUM,23,23,23,63.6,87.639
2026,7,NOR,1,MEDIUM,24,24,24,61.8,87.987
2026,7,NOR,1,MEDIUM,25,25,25,60.0,88.048
2026,7,NOR,1,MEDIUM,26,26,26,58.2,87.974
2026,7,NOR,1,MEDIUM,27,27,27,56.4,88.155
2026,7,NOR,2,HARD,1,28,1,54.6,85.901
2026,7,NOR,2,HARD,2,29,2,52.8,85.978
2026,7,NOR,2,HARD,3,30,3,51.0,86.016
2026,7,NOR,2,HARD,4,31,4,49.2,86.138
2026,7,NOR,2,HARD,5,32,5,47.4,86.225
2026,7,NOR,2,HARD,6,33,6,45.6,86.048
2026,7,NOR,2,HARD,7,34,7,43.8,86.24
2026,7,NOR,2,HARD,8,35,8,42.0,86.345
2026,7,NOR,2,HARD,9,36,9,40.2,86.153
2026,7,NOR,2,HARD,10,37,10,38.4,86.105
2026,7,NOR,2,HARD,11,38,11,36.6,86.351
2026,7,NOR,2,HARD,12,39,12,34.8,86.337
2026,7,NOR,2,HARD,13,40,13,33.0,86.589
2026,7,NOR,2,HARD,14,41,14,31.2,86.508
2026,7,NOR,2,HARD,15,42,15,29.4,86.672
2026,7,NOR,2,HARD,16,43,16,27.6,86.402
2026,7,NOR,2,HARD,17,44,17,25.8,86.593
2026,7,NOR,2,HARD,18,45,18,24.0,86.65
2026,7,NOR,2,HARD,19,46,19,22.2,86.747
2026,7,NOR,2,HARD,20,47,20,20.4,86.864
2026,7,NOR,2,HARD,21,48,21,18.6,86.867
2026,7,NOR,2,HARD,22,49,22,16.8,86.819
2026,7,NOR,2,HARD,23,50,23,15.0,86.936
2026,7,NOR,2,HARD,24,51,24,13.2,86.966
2026,7,NOR,2,HARD,25,52,25,11.4,87.031
2026,7,NOR,2,HARD,26,53,26,9.6,87.039
2026,7,NOR,2,HARD,27,54,27,7.8,87.215
2026,7,NOR,2,HARD,28,55,28,6.0,87.102
2026,7,VER,1,MEDIUM,1,1,1,103.2,86.827
2026,7,VER,1,MEDIUM,2,2,2,101.4,86.947
2026,7,VER,1,MEDIUM,3,3,3,99.6,86.954
2026,7,VER,1,MEDIUM,4,4,4,97.8,87.127
2026,7,VER,1,MEDIUM,5,5,5,96.0,87.239
2026,7,VER,1,MEDIUM,6,6,6,94.2,86.953
2026,7,VER,1,MEDIUM,7,7,7,92.4,86.89
2026,7,VER,1,MEDIUM,8,8,8,90.6,87.057
2026,7,VER,1,MEDIUM,9,9,9,88.8,87.163
2026,7,VER,1,MEDIUM,10,10,10,87.0,87.292
2026,7,VER,1,MEDIUM,11,11,11,85.2,87.247
2026,7,VER,1,MEDIUM,12,12,12,83.4,87.323
2026,7,VER,1,MEDIUM,13,13,13,81.6,87.416
2026,7,VER,1,MEDIUM,14,14,14,79.8,87.482
2026,7,VER,1,MEDIUM,15,15,15,78.0,87.445
2026,7,VER,1,MEDIUM,16,16,16,76.2,87.538
2026,7,VER,1,MEDIUM,17,17,17,74.4,87.707
2026,7,VER,1,MEDIUM,18,18,18,72.6,87.667
2026,7,VER,1,MEDIUM,19,19,19,70.8,87.513
2026,7,VER,1,MEDIUM,20,20,20,69.0,87.859
2026,7,VER,1,MEDIUM,21,21,21,67.2,87.631
2026,7,VER,1,MEDIUM,22,22,22,65.4,87.932
2026,7,VER,1,MEDIUM,23,23,23,63.6,87.848
2026,7,VER,1,MEDIUM,24,24,24,61.8,88.026
2026,7,VER,1,MEDIUM,25,25,25,60.0,88.034
2026,7,VER,1,MEDIUM,26,26,26,58.2,87.997
2026,7,VER,1,MEDIUM,27,27,27,56.4,88.215
2026,7,VER,2,HARD,1,28,1,54.6,86.074
2026,7,VER,2,HARD,2,29,2,52.8,86.061
2026,7,VER,2,HARD,3,30,3,51.0,86.239
2026,7,VER,2,HARD,4,31,4,49.2,86.158
2026,7,VER,2,HARD,5,32,5,47.4,86.205
2026,7,VER,2,HARD,6,33,6,45.6,86.182
2026,7,VER,2,HARD,7,34,7,43.8,86.216
2026,7,VER,2,HARD,8,35,8,42.0,86.292
2026,7,VER,2,HARD,9,36,9,40.2,86.397
2026,7,VER,2,HARD,10,37,10,38.4,86.428
2026,7,VER,2,HARD,11,38,11,36.6,86.382
2026,7,VER,2,HARD,12,39,12,34.8,86.464
2026,7,VER,2,HARD,13,40,13,33.0,86.515
2026,7,VER,2,HARD,14,41,14,31.2,86.737
2026,7,VER,2,HARD,15,42,15,29.4,86.617
2026,7,VER,2,HARD,16,43,16,27.6,86.707
2026,7,VER,2,HARD,17,44,17,25.8,86.614
2026,7,VER,2,HARD,18,45,18,24.0,86.689
2026,7,VER,2,HARD,19,46,19,22.2,86.886
2026,7,VER,2,HARD,20,47,20,20.4,86.87
2026,7,VER,2,HARD,21,48,21,18.6,86.794
2026,7,VER,2,HARD,22,49,22,16.8,86.932
2026,7,VER,2,HARD,23,50,23,15.0,87.04
2026,7,VER,2,HARD,24,51,24,13.2,87.011
2026,7,VER,2,HARD,25,52,25,11.4,87.024
2026,7,VER,2,HARD,26,53,26,9.6,87.039
2026,7,VER,2,HARD,27,54,27,7.8,87.239
2026,7,VER,2,HARD,28,55,28,6.0,87.167
2026,7,HAD,1,MEDIUM,1,1,1,103.2,87.013
2026,7,HAD,1,MEDIUM,2,2,2,101.4,87.004
2026,7,HAD,1,MEDIUM,3,3,3,99.6,87.034
2026,7,HAD,1,MEDIUM,4,4,4,97.8,87.034
2026,7,HAD,1,MEDIUM,5,5,5,96.0,87.127
2026,7,HAD,1,MEDIUM,6,6,6,94.2,87.202
2026,7,HAD,1,MEDIUM,7,7,7,92.4,87.155
2026,7,HAD,1,MEDIUM,8,8,8,90.6,87.165
2026,7,HAD,1,MEDIUM,9,9,9,88.8,87.44
2026,7,HAD,1,MEDIUM,10,10,10,87.0,87.317
2026,7,HAD,1,MEDIUM,11,11,11,85.2,87.239
2026,7,HAD,1,MEDIUM,12,12,12,83.4,87.476
2026,7,HAD,1,MEDIUM,13,13,13,81.6,87.496
2026,7,HAD,1,MEDIUM,14,14,14,79.8,87.573
2026,7,HAD,1,MEDIUM,15,15,15,78.0,87.448
2026,7,HAD,1,MEDIUM,16,16,16,76.2,87.466
2026,7,HAD,1,MEDIUM,17,17,17,74.4,87.602
2026,7,HAD,1,MEDIUM,18,18,18,72.6,87.678
2026,7,HAD,1,MEDIUM,19,19,19,70.8,87.73
2026,7,HAD,1,MEDIUM,20,20,20,69.0,87.809
2026,7,HAD,1,MEDIUM,21,21,21,67.2,87.768
2026,7,HAD,1,MEDIUM,22,22,22,65.4,87.964
2026,7,HAD,1,MEDIUM,23,23,23,63.6,88.084
2026,7,HAD,1,MEDIUM,24,24,24,61.8,87.992
2026,7,HAD,1,MEDIUM,25,25,25,60.0,88.082
2026,7,HAD,1,MEDIUM,26,26,26,58.2,87.971
2026,7,HAD,1,MEDIUM,27,27,27,56.4,88.337
2026,7,HAD,2,HARD,1,28,1,54.6,85.95
2026,7,HAD,2,HARD,2,29,2,52.8,86.005
2026,7,HAD,2,HARD,3,30,3,51.0,86.124
2026,7,HAD,2,HARD,4,31,4,49.2,86.035
2026,7,HAD,2,HARD,5,32,5,47.4,86.362
2026,7,HAD,2,HARD,6,33,6,45.6,86.238
2026,7,HAD,2,HARD,7,34,7,43.8,86.256
2026,7,HAD,2,HARD,8,35,8,42.0,86.317
2026,7,HAD,2,HARD,9,36,9,40.2,86.444
2026,7,HAD,2,HARD,10,37,10,38.4,86.341
2026,7,HAD,2,HARD,11,38,11,36.6,86.497
2026,7,HAD,2,HARD,12,39,12,34.8,86.524
2026,7,HAD,2,HARD,13,40,13,33.0,86.619
2026,7,HAD,2,HARD,14,41,14,31.2,86.619
2026,7,HAD,2,HARD,15,42,15,29.4,86.59
2026,7,HAD,2,HARD,16,43,16,27.6,86.753
2026,7,HAD,2,HARD,17,44,17,25.8,86.788
2026,7,HAD,2,HARD,18,45,18,24.0,86.872
2026,7,HAD,2,HARD,19,46,19,22.2,86.875
2026,7,HAD,2,HARD,20,47,20,20.4,86.824
2026,7,HAD,2,HARD,21,48,21,18.6,87.058
2026,7,HAD,2,HARD,22,49,22,16.8,87.127
2026,7,HAD,2,HARD,23,50,23,15.0,87.119
2026,7,HAD,2,HARD,24,51,24,13.2,87.09
2026,7,HAD,2,HARD,25,52,25,11.4,87.335
2026,7,HAD,2,HARD,26,53,26,9.6,87.294
2026,7,HAD,2,HARD,27,54,27,7.8,87.268
2026,7,HAD,2,HARD,28,55,28,6.0,87.326
2026,7,PIA,1,MEDIUM,1,1,1,103.2,87.148
2026,7,PIA,1,MEDIUM,2,2,2,101.4,86.959
2026,7,PIA,1,MEDIUM,3,3,3,99.6,87.272
2026,7,PIA,1,MEDIUM,4,4,4,97.8,87.095
2026,7,PIA,1,MEDIUM,5,5,5,96.0,87.273
2026,7,PIA,1,MEDIUM,6,6,6,94.2,87.176
2026,7,PIA,1,MEDIUM,7,7,7,92.4,87.269
2026,7,PIA,1,MEDIUM,8,8,8,90.6,87.2
2026,7,PIA,1,MEDIUM,9,9,9,88.8,87.461
2026,7,PIA,1,MEDIUM,10,10,10,87.0,87.465
2026,7,PIA,1,MEDIUM,11,11,11,85.2,87.454
2026,7,PIA,1,MEDIUM,12,12,12,83.4,87.537
2026,7,PIA,1,MEDIUM,13,13,13,81.6,87.385
2026,7,PIA,1,MEDIUM,14,14,14,79.8,87.548
2026,7,PIA,1,MEDIUM,15,15,15,78.0,87.679
2026,7,PIA,1,MEDIUM,16,16,16,76.2,87.794
2026,7,PIA,1,MEDIUM,17,17,17,74.4,87.743
2026,7,PIA,1,MEDIUM,18,18,18,72.6,87.869
2026,7,PIA,1,MEDIUM,19,19,19,70.8,87.833
2026,7,PIA,1,MEDIUM,20,20,20,69.0,87.932
2026,7,PIA,1,MEDIUM,21,21,21,67.2,87.935
2026,7,PIA,1,MEDIUM,22,22,22,65.4,88.01
2026,7,PIA,1,MEDIUM,23,23,23,63.6,87.9
2026,7,PIA,1,MEDIUM,24,24,24,61.8,88.138
2026,7,PIA,1,MEDIUM,25,25,25,60.0,88.099
2026,7,PIA,1,MEDIUM,26,26,26,58.2,88.18
2026,7,PIA,1,MEDIUM,27,27,27,56.4,88.252
2026,7,PIA,2,HARD,1,28,1,54.6,86.075
2026,7,PIA,2,HARD,2,29,2,52.8,86.361
2026,7,PIA,2,HARD,3,30,3,51.0,86.208
2026,7,PIA,2,HARD,4,31,4,49.2,86.372
2026,7,PIA,2,HARD,5,32,5,47.4,86.395
2026,7,PIA,2,HARD,6,33,6,45.6,86.378
2026,7,PIA,2,HARD,7,34,7,43.8,86.454
2026,7,PIA,2,HARD,8,35,8,42.0,86.521
2026,7,PIA,2,HARD,9,36,9,40.2,86.352
2026,7,PIA,2,HARD,10,37,10,38.4,86.455
2026,7,PIA,2,HARD,11,38,11,36.6,86.648
2026,7,PIA,2,HARD,12,39,12,34.8,86.702
2026,7,PIA,2,HARD,13,40,13,33.0,86.688
2026,7,PIA,2,HARD,14,41,14,31.2,86.652
2026,7,PIA,2,HARD,15,42,15,29.4,86.715
2026,7,PIA,2,HARD,16,43,16,27.6,86.899
2026,7,PIA,2,HARD,17,44,17,25.8,86.754
2026,7,PIA,2,HARD,18,45,18,24.0,86.961
2026,7,PIA,2,HARD,19,46,19,22.2,86.865
2026,7,PIA,2,HARD,20,47,20,20.4,87.027
2026,7,PIA,2,HARD,21,48,21,18.6,87.069
2026,7,PIA,2,HARD,22,49,22,16.8,87.001
2026,7,PIA,2,HARD,23,50,23,15.0,87.091
2026,7,PIA,2,HARD,24,51,24,13.2,87.243
2026,7,PIA,2,HARD,25,52,25,11.4,87.197
2026,7,PIA,2,HARD,26,53,26,9.6,87.509
2026,7,PIA,2,HARD,27,54,27,7.8,87.498
2026,7,PIA,2,HARD,28,55,28,6.0,87.327
2026,8,RUS,1,MEDIUM,1,1,1,103.2,86.675
2026,8,RUS,1,MEDIUM,2,2,2,101.4,86.522
2026,8,RUS,1,MEDIUM,3,3,3,99.6,86.722
2026,8,RUS,1,MEDIUM,4,4,4,97.8,86.684
2026,8,RUS,1,MEDIUM,5,5,5,96.0,86.698
2026,8,RUS,1,MEDIUM,6,6,6,94.2,86.77
2026,8,RUS,1,MEDIUM,7,7,7,92.4,87.055
2026,8,RUS,1,MEDIUM,8,8,8,90.6,86.714
2026,8,RUS,1,MEDIUM,9,9,9,88.8,87.032
2026,8,RUS,1,MEDIUM,10,10,10,87.0,87.01
2026,8,RUS,1,MEDIUM,11,11,11,85.2,86.919
2026,8,RUS,1,MEDIUM,12,12,12,83.4,87.087
2026,8,RUS,1,MEDIUM,13,13,13,81.6,87.031
2026,8,RUS,1,MEDIUM,14,14,14,79.8,87.211
2026,8,RUS,1,MEDIUM,15,15,15,78.0,87.18
2026,8,RUS,1,MEDIUM,16,16,16,76.2,87.197
2026,8,RUS,1,MEDIUM,17,17,17,74.4,87.185
2026,8,RUS,1,MEDIUM,18,18,18,72.6,87.441
2026,8,RUS,1,MEDIUM,19,19,19,70.8,87.45
2026,8,RUS,1,MEDIUM,20,20,20,69.0,87.422
2026,8,RUS,1,MEDIUM,21,21,21,67.2,87.571
2026,8,RUS,1,MEDIUM,22,22,22,65.4,87.481
2026,8,RUS,1,MEDIUM,23,23,23,63.6,87.565
2026,8,RUS,1,MEDIUM,24,24,24,61.8,87.63
2026,8,RUS,1,MEDIUM,25,25,25,60.0,87.749
2026,8,RUS,1,MEDIUM,26,26,26,58.2,87.836
2026,8,RUS,1,MEDIUM,27,27,27,56.4,87.818
2026,8,RUS,2,HARD,1,28,1,54.6,85.836
2026,8,RUS,2,HARD,2,29,2,52.8,85.615
2026,8,RUS,2,HARD,3,30,3,51.0,85.778
2026,8,RUS,2,HARD,4,31,4,49.2,85.931
2026,8,RUS,2,HARD,5,32,5,47.4,85.949
2026,8,RUS,2,HARD,6,33,6,45.6,85.956
2026,8,RUS,2,HARD,7,34,7,43.8,85.938
2026,8,RUS,2,HARD,8,35,8,42.0,85.974
2026,8,RUS,2,HARD,9,36,9,40.2,85.92
2026,8,RUS,2,HARD,10,37,10,38.4,85.927
2026,8,RUS,2,HARD,11,38,11,36.6,86.172
2026,8,RUS,2,HARD,12,39,12,34.8,86.236
2026,8,RUS,2,HARD,13,40,13,33.0,86.068
2026,8,RUS,2,HARD,14,41,14,31.2,86.146
2026,8,RUS,2,HARD,15,42,15,29.4,86.154
2026,8,RUS,2,HARD,16,43,16,27.6,86.423
2026,8,RUS,2,HARD,17,44,17,25.8,86.429
2026,8,RUS,2,HARD,18,45,18,24.0,86.393
2026,8,RUS,2,HARD,19,46,19,22.2,86.432
2026,8,RUS,2,HARD,20,47,20,20.4,86.526
2026,8,RUS,2,HARD,21,48,21,18.6,86.546
2026,8,RUS,2,HARD,22,49,22,16.8,86.657
2026,8,RUS,2,HARD,23,50,23,15.0,86.737
2026,8,RUS,2,HARD,24,51,24,13.2,86.782
2026,8,RUS,2,HARD,25,52,25,11.4,86.784
2026,8,RUS,2,HARD,26,53,26,9.6,86.899
2026,8,RUS,2,HARD,27,54,27,7.8,86.955
2026,8,RUS,2,HARD,28,55,28,6.0,86.917
2026,8,HAM,1,MEDIUM,1,1,1,103.2,86.674
2026,8,HAM,1,MEDIUM,2,2,2,101.4,86.699
2026,8,HAM,1,MEDIUM,3,3,3,99.6,86.75
2026,8,HAM,1,MEDIUM,4,4,4,97.8,86.843
2026,8,HAM,1,MEDIUM,5,5,5,96.0,86.865
2026,8,HAM,1,MEDIUM,6,6,6,94.2,86.858
2026,8,HAM,1,MEDIUM,7,7,7,92.4,86.937
2026,8,HAM,1,MEDIUM,8,8,8,90.6,87.059
2026,8,HAM,1,MEDIUM,9,9,9,88.8,87.1
2026,8,HAM,1,MEDIUM,10,10,10,87.0,87.109
2026,8,HAM,1,MEDIUM,11,11,11,85.2,87.236
2026,8,HAM,1,MEDIUM,12,12,12,83.4,87.011
2026,8,HAM,1,MEDIUM,13,13,13,81.6,87.174
2026,8,HAM,1,MEDIUM,14,14,14,79.8,87.175
2026,8,HAM,1,MEDIUM,15,15,15,78.0,87.346
2026,8,HAM,1,MEDIUM,16,16,16,76.2,87.386
2026,8,HAM,1,MEDIUM,17,17,17,74.4,87.523
2026,8,HAM,1,MEDIUM,18,18,18,72.6,87.589
2026,8,HAM,1,MEDIUM,19,19,19,70.8,87.435
2026,8,HAM,1,MEDIUM,20,20,20,69.0,87.5
2026,8,HAM,1,MEDIUM,21,21,21,67.2,87.664
2026,8,HAM,1,MEDIUM,22,22,22,65.4,87.595
2026,8,HAM,1,MEDIUM,23,23,23,63.6,87.758
2026,8,HAM,1,MEDIUM,24,24,24,61.8,87.826
2026,8,HAM,1,MEDIUM,25,25,25,60.0,87.694
2026,8,HAM,1,MEDIUM,26,26,26,58.2,87.779
2026,8,HAM,1,MEDIUM,27,27,27,56.4,87.968
2026,8,HAM,2,HARD,1,28,1,54.6,85.847
2026,8,HAM,2,HARD,2,29,2,52.8,85.986
2026,8,HAM,2,HARD,3,30,3,51.0,85.857
2026,8,HAM,2,HARD,4,31,4,49.2,86.039
2026,8,HAM,2,HARD,5,32,5,47.4,86.003
2026,8,HAM,2,HARD,6,33,6,45.6,85.901
2026,8,HAM,2,HARD,7,34,7,43.8,85.934
2026,8,HAM,2,HARD,8,35,8,42.0,86.187
2026,8,HAM,2,HARD,9,36,9,40.2,86.084
2026,8,HAM,2,HARD,10,37,10,38.4,86.172
2026,8,HAM,2,HARD,11,38,11,36.6,86.264
2026,8,HAM,2,HARD,12,39,12,34.8,86.291
2026,8,HAM,2,HARD,13,40,13,33.0,86.28
2026,8,HAM,2,HARD,14,41,14,31.2,86.356
2026,8,HAM,2,HARD,15,42,15,29.4,86.348
2026,8,HAM,2,HARD,16,43,16,27.6,86.391
2026,8,HAM,2,HARD,17,44,17,25.8,86.517
2026,8,HAM,2,HARD,18,45,18,24.0,86.766
2026,8,HAM,2,HARD,19,46,19,22.2,86.672
2026,8,HAM,2,HARD,20,47,20,20.4,86.636
2026,8,HAM,2,HARD,21,48,21,18.6,86.694
2026,8,HAM,2,HARD,22,49,22,16.8,86.733
2026,8,HAM,2,HARD,23,50,23,15.0,86.844
2026,8,HAM,2,HARD,24,51,24,13.2,86.694
2026,8,HAM,2,HARD,25,52,25,11.4,86.88
2026,8,HAM,2,HARD,26,53,26,9.6,86.924
2026,8,HAM,2,HARD,27,54,27,7.8,86.94
2026,8,HAM,2,HARD,28,55,28,6.0,87.068
2026,8,ANT,1,MEDIUM,1,1,1,103.2,86.76
2026,8,ANT,1,MEDIUM,2,2,2,101.4,86.803
2026,8,ANT,1,MEDIUM,3,3,3,99.6,86.764
2026,8,ANT,1,MEDIUM,4,4,4,97.8,86.995
2026,8,ANT,1,MEDIUM,5,5,5,96.0,87.088
2026,8,ANT,1,MEDIUM,6,6,6,94.2,87.024
2026,8,ANT,1,MEDIUM,7,7,7,92.4,86.934
2026,8,ANT,1,MEDIUM,8,8,8,90.6,86.976
2026,8,ANT,1,MEDIUM,9,9,9,88.8,87.06
2026,8,ANT,1,MEDIUM,10,10,10,87.0,87.289
2026,8,ANT,1,MEDIUM,11,11,11,85.2,87.098
2026,8,ANT,1,MEDIUM,12,12,12,83.4,87.258
2026,8,ANT,1,MEDIUM,13,13,13,81.6,87.272
2026,8,ANT,1,MEDIUM,14,14,14,79.8,87.441
2026,8,ANT,1,MEDIUM,15,15,15,78.0,87.327
2026,8,ANT,1,MEDIUM,16,16,16,76.2,87.472
2026,8,ANT,1,MEDIUM,17,17,17,74.4,87.315
2026,8,ANT,1,MEDIUM,18,18,18,72.6,87.593
2026,8,ANT,1,MEDIUM,19,19,19,70.8,87.495
2026,8,ANT,1,MEDIUM,20,20,20,69.0,87.616
2026,8,ANT,1,MEDIUM,21,21,21,67.2,87.803
2026,8,ANT,1,MEDIUM,22,22,22,65.4,87.881
2026,8,ANT,1,MEDIUM,23,23,23,63.6,87.643
2026,8,ANT,1,MEDIUM,24,24,24,61.8,87.884
2026,8,ANT,1,MEDIUM,25,25,25,60.0,88.033
2026,8,ANT,1,MEDIUM,26,26,26,58.2,87.929
2026,8,ANT,1,MEDIUM,27,27,27,56.4,87.917
2026,8,ANT,2,HARD,1,28,1,54.6,86.022
2026,8,ANT,2,HARD,2,29,2,52.8,85.957
2026,8,ANT,2,HARD,3,30,3,51.0,85.947
2026,8,ANT,2,HARD,4,31,4,49.2,86.271
2026,8,ANT,2,HARD,5,32,5,47.4,86.144
2026,8,ANT,2,HARD,6,33,6,45.6,86.142
2026,8,ANT,2,HARD,7,34,7,43.8,86.104
2026,8,ANT,2,HARD,8,35,8,42.0,86.302
2026,8,ANT,2,HARD,9,36,9,40.2,86.273
2026,8,ANT,2,HARD,10,37,10,38.4,86.277
2026,8,ANT,2,HARD,11,38,11,36.6,86.415
2026,8,ANT,2,HARD,12,39,12,34.8,86.292
2026,8,ANT,2,HARD,13,40,13,33.0,86.407
2026,8,ANT,2,HARD,14,41,14,31.2,86.485
2026,8,ANT,2,HARD,15,42,15,29.4,86.46
2026,8,ANT,2,HARD,16,43,16,27.6,86.603
2026,8,ANT,2,HARD,17,44,17,25.8,86.508
2026,8,ANT,2,HARD,18,45,18,24.0,86.554
2026,8,ANT,2,HARD,19,46,19,22.2,86.843
2026,8,ANT,2,HARD,20,47,20,20.4,86.707
2026,8,ANT,2,HARD,21,48,21,18.6,86.797
2026,8,ANT,2,HARD,22,49,22,16.8,86.844
2026,8,ANT,2,HARD,23,50,23,15.0,87.092
2026,8,ANT,2,HARD,24,51,24,13.2,86.939
2026,8,ANT,2,HARD,25,52,25,11.4,87.078
2026,8,ANT,2,HARD,26,53,26,9.6,87.0
2026,8,ANT,2,HARD,27,54,27,7.8,87.201
2026,8,ANT,2,HARD,28,55,28,6.0,87.31
2026,8,VER,1,MEDIUM,1,1,1,103.2,86.841
2026,8,VER,1,MEDIUM,2,2,2,101.4,86.877
2026,8,VER,1,MEDIUM,3,3,3,99.6,87.006
2026,8,VER,1,MEDIUM,4,4,4,97.8,86.902
2026,8,VER,1,MEDIUM,5,5,5,96.0,87.009
2026,8,VER,1,MEDIUM,6,6,6,94.2,87.102
2026,8,VER,1,MEDIUM,7,7,7,92.4,87.119
2026,8,VER,1,MEDIUM,8,8,8,90.6,87.092
2026,8,VER,1,MEDIUM,9,9,9,88.8,87.195
2026,8,VER,1,MEDIUM,10,10,10,87.0,87.293
2026,8,VER,1,MEDIUM,11,11,11,85.2,87.328
2026,8,VER,1,MEDIUM,12,12,12,83.4,87.372
2026,8,VER,1,MEDIUM,13,13,13,81.6,87.611
2026,8,VER,1,MEDIUM,14,14,14,79.8,87.386
2026,8,VER,1,MEDIUM,15,15,15,78.0,87.444
2026,8,VER,1,MEDIUM,16,16,16,76.2,87.6
2026,8,VER,1,MEDIUM,17,17,17,74.4,87.608
2026,8,VER,1,MEDIUM,18,18,18,72.6,87.595
2026,8,VER,1,MEDIUM,19,19,19,70.8,87.649
2026,8,VER,1,MEDIUM,20,20,20,69.0,87.832
2026,8,VER,1,MEDIUM,21,21,21,67.2,87.873
2026,8,VER,1,MEDIUM,22,22,22,65.4,87.868
2026,8,VER,1,MEDIUM,23,23,23,63.6,87.876
2026,8,VER,1,MEDIUM,24,24,24,61.8,87.858
2026,8,VER,1,MEDIUM,25,25,25,60.0,87.976
2026,8,VER,1,MEDIUM,26,26,26,58.2,88.038
2026,8,VER,1,MEDIUM,27,27,27,56.4,88.237
2026,8,VER,2,HARD,1,28,1,54.6,86.114
2026,8,VER,2,HARD,2,29,2,52.8,86.099
2026,8,VER,2,HARD,3,30,3,51.0,86.246
2026,8,VER,2,HARD,4,31,4,49.2,86.073
2026,8,VER,2,HARD,5,32,5,47.4,86.197
2026,8,VER,2,HARD,6,33,6,45.6,86.478
2026,8,VER,2,HARD,7,34,7,43.8,86.061
2026,8,VER,2,HARD,8,35,8,42.0,86.193
2026,8,VER,2,HARD,9,36,9,40.2,86.237
2026,8,VER,2,HARD,10,37,10,38.4,86.413
2026,8,VER,2,HARD,11,38,11,36.6,86.498
2026,8,VER,2,HARD,12,39,12,34.8,86.489
2026,8,VER,2,HARD,13,40,13,33.0,86.489
2026,8,VER,2,HARD,14,41,14,31.2,86.373
2026,8,VER,2,HARD,15,42,15,29.4,86.546
2026,8,VER,2,HARD,16,43,16,27.6,86.566
2026,8,VER,2,HARD,17,44,17,25.8,86.753
2026,8,VER,2,HARD,18,45,18,24.0,86.658
2026,8,VER,2,HARD,19,46,19,22.2,86.719
2026,8,VER,2,HARD,20,47,20,20.4,86.837
2026,8,VER,2,HARD,21,48,21,18.6,86.754
2026,8,VER,2,HARD,22,49,22,16.8,86.874
2026,8,VER,2,HARD,23,50,23,15.0,86.942
2026,8,VER,2,HARD,24,51,24,13.2,87.078
2026,8,VER,2,HARD,25,52,25,11.4,86.954
2026,8,VER,2,HARD,26,53,26,9.6,87.127
2026,8,VER,2,HARD,27,54,27,7.8,87.276
2026,8,VER,2,HARD,28,55,28,6.0,87.249
2026,8,PIA,1,MEDIUM,1,1,1,103.2,87.206
2026,8,PIA,1,MEDIUM,2,2,2,101.4,87.04
2026,8,PIA,1,MEDIUM,3,3,3,99.6,87.056
2026,8,PIA,1,MEDIUM,4,4,4,97.8,87.015
2026,8,PIA,1,MEDIUM,5,5,5,96.0,87.154
2026,8,PIA,1,MEDIUM,6,6,6,94.2,87.137
2026,8,PIA,1,MEDIUM,7,7,7,92.4,87.263
2026,8,PIA,1,MEDIUM,8,8,8,90.6,87.26
2026,8,PIA,1,MEDIUM,9,9,9,88.8,87.346
2026,8,PIA,1,MEDIUM,10,10,10,87.0,87.488
2026,8,PIA,1,MEDIUM,11,11,11,85.2,87.372
2026,8,PIA,1,MEDIUM,12,12,12,83.4,87.681
2026,8,PIA,1,MEDIUM,13,13,13,81.6,87.569
2026,8,PIA,1,MEDIUM,14,14,14,79.8,87.532
2026,8,PIA,1,MEDIUM,15,15,15,78.0,87.57
2026,8,PIA,1,MEDIUM,16,16,16,76.2,87.671
2026,8,PIA,1,MEDIUM,17,17,17,74.4,87.946
2026,8,PIA,1,MEDIUM,18,18,18,72.6,87.783
2026,8,PIA,1,MEDIUM,19,19,19,70.8,87.816
2026,8,PIA,1,MEDIUM,20,20,20,69.0,87.929
2026,8,PIA,1,MEDIUM,21,21,21,67.2,87.963
2026,8,PIA,1,MEDIUM,22,22,22,65.4,87.963
2026,8,PIA,1,MEDIUM,23,23,23,63.6,88.029
2026,8,PIA,1,MEDIUM,24,24,24,61.8,88.174
2026,8,PIA,1,MEDIUM,25,25,25,60.0,88.164
2026,8,PIA,1,MEDIUM,26,26,26,58.2,88.215
2026,8,PIA,1,MEDIUM,27,27,27,56.4,88.245
2026,8,PIA,2,HARD,1,28,1,54.6,85.984
2026,8,PIA,2,HARD,2,29,2,52.8,86.241
2026,8,PIA,2,HARD,3,30,3,51.0,86.246
2026,8,PIA,2,HARD,4,31,4,49.2,86.076
2026,8,PIA,2,HARD,5,32,5,47.4,86.48
2026,8,PIA,2,HARD,6,33,6,45.6,86.369
2026,8,PIA,2,HARD,7,34,7,43.8,86.427
2026,8,PIA,2,HARD,8,35,8,42.0,86.343
2026,8,PIA,2,HARD,9,36,9,40.2,86.512
2026,8,PIA,2,HARD,10,37,10,38.4,86.459
2026,8,PIA,2,HARD,11,38,11,36.6,86.522
2026,8,PIA,2,HARD,12,39,12,34.8,86.662
2026,8,PIA,2,HARD,13,40,13,33.0,86.772
2026,8,PIA,2,HARD,14,41,14,31.2,86.811
2026,8,PIA,2,HARD,15,42,15,29.4,86.838
2026,8,PIA,2,HARD,16,43,16,27.6,86.744
2026,8,PIA,2,HARD,17,44,17,25.8,86.742
2026,8,PIA,2,HARD,18,45,18,24.0,86.917
2026,8,PIA,2,HARD,19,46,19,22.2,86.938
2026,8,PIA,2,HARD,20,47,20,20.4,86.981
2026,8,PIA,2,HARD,21,48,21,18.6,87.057
2026,8,PIA,2,HARD,22,49,22,16.8,86.957
2026,8,PIA,2,HARD,23,50,23,15.0,87.146
2026,8,PIA,2,HARD,24,51,24,13.2,87.227
2026,8,PIA,2,HARD,25,52,25,11.4,87.162
2026,8,PIA,2,HARD,26,53,26,9.6,87.23
2026,8,PIA,2,HARD,27,54,27,7.8,87.337
2026,8,PIA,2,HARD,28,55,28,6.0,87.401
2026,8,HAD,1,MEDIUM,1,1,1,103.2,87.288
2026,8,HAD,1,MEDIUM,2,2,2,101.4,87.163
2026,8,HAD,1,MEDIUM,3,3,3,99.6,87.174
2026,8,HAD,1,MEDIUM,4,4,4,97.8,87.206
2026,8,HAD,1,MEDIUM,5,5,5,96.0,87.179
2026,8,HAD,1,MEDIUM,6,6,6,94.2,87.342
2026,8,HAD,1,MEDIUM,7,7,7,92.4,87.307
2026,8,HAD,1,MEDIUM,8,8,8,90.6,87.488
2026,8,HAD,1,MEDIUM,9,9,9,88.8,87.301
2026,8,HAD,1,MEDIUM,10,10,10,87.0,87.505
2026,8,HAD,1,MEDIUM,11,11,11,85.2,87.647
2026,8,HAD,1,MEDIUM,12,12,12,83.4,87.438
2026,8,HAD,1,MEDIUM,13,13,13,81.6,87.793
2026,8,HAD,1,MEDIUM,14,14,14,79.8,87.547
2026,8,HAD,1,MEDIUM,15,15,15,78.0,87.573
2026,8,HAD,1,MEDIUM,16,16,16,76.2,87.693
2026,8,HAD,1,MEDIUM,17,17,17,74.4,87.716
2026,8,HAD,1,MEDIUM,18,18,18,72.6,87.911
2026,8,HAD,1,MEDIUM,19,19,19,70.8,88.057
2026,8,HAD,1,MEDIUM,20,20,20,69.0,87.861
2026,8,HAD,1,MEDIUM,21,21,21,67.2,88.035
2026,8,HAD,1,MEDIUM,22,22,22,65.4,88.092
2026,8,HAD,1,MEDIUM,23,23,23,63.6,88.198
2026,8,HAD,1,MEDIUM,24,24,24,61.8,88.187
2026,8,HAD,1,MEDIUM,25,25,25,60.0,88.261
2026,8,HAD,1,MEDIUM,26,26,26,58.2,88.369
2026,8,HAD,1,MEDIUM,27,27,27,56.4,88.285
2026,8,HAD,2,HARD,1,28,1,54.6,86.2
2026,8,HAD,2,HARD,2,29,2,52.8,86.392
2026,8,HAD,2,HARD,3,30,3,51.0,86.333
2026,8,HAD,2,HARD,4,31,4,49.2,86.394
2026,8,HAD,2,HARD,5,32,5,47.4,86.488
2026,8,HAD,2,HARD,6,33,6,45.6,86.386
2026,8,HAD,2,HARD,7,34,7,43.8,86.47
2026,8,HAD,2,HARD,8,35,8,42.0,86.529
2026,8,HAD,2,HARD,9,36,9,40.2,86.489
2026,8,HAD,2,HARD,10,37,10,38.4,86.555
2026,8,HAD,2,HARD,11,38,11,36.6,86.752
2026,8,HAD,2,HARD,12,39,12,34.8,86.756
2026,8,HAD,2,HARD,13,40,13,33.0,86.642
2026,8,HAD,2,HARD,14,41,14,31.2,86.746
2026,8,HAD,2,HARD,15,42,15,29.4,86.918
2026,8,HAD,2,HARD,16,43,16,27.6,86.858
2026,8,HAD,2,HARD,17,44,17,25.8,86.973
2026,8,HAD,2,HARD,18,45,18,24.0,86.822
2026,8,HAD,2,HARD,19,46,19,22.2,86.978
2026,8,HAD,2,HARD,20,47,20,20.4,87.014
2026,8,HAD,2,HARD,21,48,21,18.6,87.182
2026,8,HAD,2,HARD,22,49,22,16.8,87.202
2026,8,HAD,2,HARD,23,50,23,15.0,87.294
2026,8,HAD,2,HARD,24,51,24,13.2,87.237
2026,8,HAD,2,HARD,25,52,25,11.4,87.292
2026,8,HAD,2,HARD,26,53,26,9.6,87.401
2026,8,HAD,2,HARD,27,54,27,7.8,87.37
2026,8,HAD,2,HARD,28,55,28,6.0,87.568
2026,9,LEC,1,MEDIUM,1,1,1,103.2,86.73
2026,9,LEC,1,MEDIUM,2,2,2,101.4,86.819
2026,9,LEC,1,MEDIUM,3,3,3,99.6,86.649
2026,9,LEC,1,MEDIUM,4,4,4,97.8,86.9
2026,9,LEC,1,MEDIUM,5,5,5,96.0,86.757
2026,9,LEC,1,MEDIUM,6,6,6,94.2,86.85
2026,9,LEC,1,MEDIUM,7,7,7,92.4,86.82
2026,9,LEC,1,MEDIUM,8,8,8,90.6,87.061
2026,9,LEC,1,MEDIUM,9,9,9,88.8,86.948
2026,9,LEC,1,MEDIUM,10,10,10,87.0,86.991
2026,9,LEC,1,MEDIUM,11,11,11,85.2,86.958
2026,9,LEC,1,MEDIUM,12,12,12,83.4,87.12
2026,9,LEC,1,MEDIUM,13,13,13,81.6,87.121
2026,9,LEC,1,MEDIUM,14,14,14,79.8,87.254
2026,9,LEC,1,MEDIUM,15,15,15,78.0,87.205
2026,9,LEC,1,MEDIUM,16,16,16,76.2,87.327
2026,9,LEC,1,MEDIUM,17,17,17,74.4,87.493
2026,9,LEC,1,MEDIUM,18,18,18,72.6,87.353
2026,9,LEC,1,MEDIUM,19,19,19,70.8,87.502
2026,9,LEC,1,MEDIUM,20,20,20,69.0,87.559
2026,9,LEC,1,MEDIUM,21,21,21,67.2,87.661
2026,9,LEC,1,MEDIUM,22,22,22,65.4,87.742
2026,9,LEC,1,MEDIUM,23,23,23,63.6,87.577
2026,9,LEC,1,MEDIUM,24,24,24,61.8,87.657
2026,9,LEC,1,MEDIUM,25,25,25,60.0,87.841
2026,9,LEC,1,MEDIUM,26,26,26,58.2,87.864
2026,9,LEC,2,HARD,1,27,1,56.4,85.855
2026,9,LEC,2,HARD,2,28,2,54.6,85.892
2026,9,LEC,2,HARD,3,29,3,52.8,85.936
2026,9,LEC,2,HARD,4,30,4,51.0,85.912
2026,9,LEC,2,HARD,5,31,5,49.2,85.946
2026,9,LEC,2,HARD,6,32,6,47.4,86.029
2026,9,LEC,2,HARD,7,33,7,45.6,86.105
2026,9,LEC,2,HARD,8,34,8,43.8,86.144
2026,9,LEC,2,HARD,9,35,9,42.0,86.183
2026,9,LEC,2,HARD,10,36,10,40.2,86.155
2026,9,LEC,2,HARD,11,37,11,38.4,86.189
2026,9,LEC,2,HARD,12,38,12,36.6,86.209
2026,9,LEC,2,HARD,13,39,13,34.8,86.437
2026,9,LEC,2,HARD,14,40,14,33.0,86.268
2026,9,LEC,2,HARD,15,41,15,31.2,86.357
2026,9,LEC,2,HARD,16,42,16,29.4,86.419
2026,9,LEC,2,HARD,17,43,17,27.6,86.559
2026,9,LEC,2,HARD,18,44,18,25.8,86.509
2026,9,LEC,2,HARD,19,45,19,24.0,86.517
2026,9,LEC,2,HARD,20,46,20,22.2,86.729
2026,9,LEC,2,HARD,21,47,21,20.4,86.655
2026,9,LEC,2,HARD,22,48,22,18.6,86.88
2026,9,LEC,2,HARD,23,49,23,16.8,86.842
2026,9,LEC,2,HARD,24,50,24,15.0,86.775
2026,9,LEC,2,HARD,25,51,25,13.2,86.95
2026,9,LEC,2,HARD,26,52,26,11.4,87.087
2026,9,HAM,1,MEDIUM,1,1,1,103.2,86.615
2026,9,HAM,1,MEDIUM,2,2,2,101.4,86.878
2026,9,HAM,1,MEDIUM,3,3,3,99.6,86.923
2026,9,HAM,1,MEDIUM,4,4,4,97.8,86.843
2026,9,HAM,1,MEDIUM,5,5,5,96.0,86.91
2026,9,HAM,1,MEDIUM,6,6,6,94.2,86.93
2026,9,HAM,1,MEDIUM,7,7,7,92.4,86.849
2026,9,HAM,1,MEDIUM,8,8,8,90.6,86.835
2026,9,HAM,1,MEDIUM,9,9,9,88.8,87.112
2026,9,HAM,1,MEDIUM,10,10,10,87.0,87.161
2026,9,HAM,1,MEDIUM,11,11,11,85.2,87.104
2026,9,HAM,1,MEDIUM,12,12,12,83.4,87.239
2026,9,HAM,1,MEDIUM,13,13,13,81.6,87.198
2026,9,HAM,1,MEDIUM,14,14,14,79.8,87.297
2026,9,HAM,1,MEDIUM,15,15,15,78.0,87.273
2026,9,HAM,1,MEDIUM,16,16,16,76.2,87.327
2026,9,HAM,1,MEDIUM,17,17,17,74.4,87.495
2026,9,HAM,1,MEDIUM,18,18,18,72.6,87.396
2026,9,HAM,1,MEDIUM,19,19,19,70.8,87.532
2026,9,HAM,1,MEDIUM,20,20,20,69.0,87.517
2026,9,HAM,1,MEDIUM,21,21,21,67.2,87.671
2026,9,HAM,1,MEDIUM,22,22,22,65.4,87.666
2026,9,HAM,1,MEDIUM,23,23,23,63.6,87.764
2026,9,HAM,1,MEDIUM,24,24,24,61.8,87.693
2026,9,HAM,1,MEDIUM,25,25,25,60.0,87.698
2026,9,HAM,1,MEDIUM,26,26,26,58.2,88.046
2026,9,HAM,2,HARD,1,27,1,56.4,85.84
2026,9,HAM,2,HARD,2,28,2,54.6,85.997
2026,9,HAM,2,HARD,3,29,3,52.8,85.969
2026,9,HAM,2,HARD,4,30,4,51.0,85.891
2026,9,HAM,2,HARD,5,31,5,49.2,85.986
2026,9,HAM,2,HARD,6,32,6,47.4,86.152
2026,9,HAM,2,HARD,7,33,7,45.6,86.054
2026,9,HAM,2,HARD,8,34,8,43.8,86.1
2026,9,HAM,2,HARD,9,35,9,42.0,86.343
2026,9,HAM,2,HARD,10,36,10,40.2,86.192
2026,9,HAM,2,HARD,11,37,11,38.4,86.275
2026,9,HAM,2,HARD,12,38,12,36.6,86.389
2026,9,HAM,2,HARD,13,39,13,34.8,86.206
2026,9,HAM,2,HARD,14,40,14,33.0,86.458
2026,9,HAM,2,HARD,15,41,15,31.2,86.493
2026,9,HAM,2,HARD,16,42,16,29.4,86.468
2026,9,HAM,2,HARD,17,43,17,27.6,86.435
2026,9,HAM,2,HARD,18,44,18,25.8,86.552
2026,9,HAM,2,HARD,19,45,19,24.0,86.683
2026,9,HAM,2,HARD,20,46,20,22.2,86.49
2026,9,HAM,2,HARD,21,47,21,20.4,86.809
2026,9,HAM,2,HARD,22,48,22,18.6,86.593
2026,9,HAM,2,HARD,23,49,23,16.8,86.955
2026,9,HAM,2,HARD,24,50,24,15.0,86.938
2026,9,HAM,2,HARD,25,51,25,13.2,87.114
2026,9,HAM,2,HARD,26,52,26,11.4,86.882
2026,9,RUS,1,MEDIUM,1,1,1,103.2,86.852
2026,9,RUS,1,MEDIUM,2,2,2,101.4,86.942
2026,9,RUS,1,MEDIUM,3,3,3,99.6,86.945
2026,9,RUS,1,MEDIUM,4,4,4,97.8,87.166
2026,9,RUS,1,MEDIUM,5,5,5,96.0,87.115
2026,9,RUS,1,MEDIUM,6,6,6,94.2,87.052
2026,9,RUS,1,MEDIUM,7,7,7,92.4,87.068
2026,9,RUS,1,MEDIUM,8,8,8,90.6,87.073
2026,9,RUS,1,MEDIUM,9,9,9,88.8,87.13
2026,9,RUS,1,MEDIUM,10,10,10,87.0,87.179
2026,9,RUS,1,MEDIUM,11,11,11,85.2,87.127
2026,9,RUS,1,MEDIUM,12,12,12,83.4,87.193
2026,9,RUS,1,MEDIUM,13,13,13,81.6,87.256
2026,9,RUS,1,MEDIUM,14,14,14,79.8,87.329
2026,9,RUS,1,MEDIUM,15,15,15,78.0,87.323
2026,9,RUS,1,MEDIUM,16,16,16,76.2,87.506
2026,9,RUS,1,MEDIUM,17,17,17,74.4,87.501
2026,9,RUS,1,MEDIUM,18,18,18,72.6,87.406
2026,9,RUS,1,MEDIUM,19,19,19,70.8,87.711
2026,9,RUS,1,MEDIUM,20,20,20,69.0,87.586
2026,9,RUS,1,MEDIUM,21,21,21,67.2,87.594
2026,9,RUS,1,MEDIUM,22,22,22,65.4,87.723
2026,9,RUS,1,MEDIUM,23,23,23,63.6,87.805
2026,9,RUS,1,MEDIUM,24,24,24,61.8,87.846
2026,9,RUS,1,MEDIUM,25,25,25,60.0,87.85
2026,9,RUS,1,MEDIUM,26,26,26,58.2,87.91
2026,9,RUS,2,HARD,1,27,1,56.4,86.03
2026,9,RUS,2,HARD,2,28,2,54.6,85.99
2026,9,RUS,2,HARD,3,29,3,52.8,85.825
2026,9,RUS,2,HARD,4,30,4,51.0,86.118
2026,9,RUS,2,HARD,5,31,5,49.2,86.057
2026,9,RUS,2,HARD,6,32,6,47.4,86.23
2026,9,RUS,2,HARD,7,33,7,45.6,86.187
2026,9,RUS,2,HARD,8,34,8,43.8,86.374
2026,9,RUS,2,HARD,9,35,9,42.0,86.415
2026,9,RUS,2,HARD,10,36,10,40.2,86.347
2026,9,RUS,2,HARD,11,37,11,38.4,86.317
2026,9,RUS,2,HARD,12,38,12,36.6,86.42
2026,9,RUS,2,HARD,13,39,13,34.8,86.569
2026,9,RUS,2,HARD,14,40,14,33.0,86.526
2026,9,RUS,2,HARD,15,41,15,31.2,86.555
2026,9,RUS,2,HARD,16,42,16,29.4,86.59
2026,9,RUS,2,HARD,17,43,17,27.6,86.474
2026,9,RUS,2,HARD,18,44,18,25.8,86.794
2026,9,RUS,2,HARD,19,45,19,24.0,86.725
2026,9,RUS,2,HARD,20,46,20,22.2,86.819
2026,9,RUS,2,HARD,21,47,21,20.4,86.83
2026,9,RUS,2,HARD,22,48,22,18.6,86.936
2026,9,RUS,2,HARD,23,49,23,16.8,86.852
2026,9,RUS,2,HARD,24,50,24,15.0,87.014
2026,9,RUS,2,HARD,25,51,25,13.2,87.256
2026,9,RUS,2,HARD,26,52,26,11.4,87.043
2026,9,HAD,1,MEDIUM,1,1,1,103.2,86.727
2026,9,HAD,1,MEDIUM,2,2,2,101.4,87.017
2026,9,HAD,1,MEDIUM,3,3,3,99.6,86.92
2026,9,HAD,1,MEDIUM,4,4,4,97.8,87.094
2026,9,HAD,1,MEDIUM,5,5,5,96.0,87.142
2026,9,HAD,1,MEDIUM,6,6,6,94.2,87.229
2026,9,HAD,1,MEDIUM,7,7,7,92.4,87.143
2026,9,HAD,1,MEDIUM,8,8,8,90.6,87.129
2026,9,HAD,1,MEDIUM,9,9,9,88.8,87.218
2026,9,HAD,1,MEDIUM,10,10,10,87.0,87.271
2026,9,HAD,1,MEDIUM,11,11,11,85.2,87.307
2026,9,HAD,1,MEDIUM,12,12,12,83.4,87.322
2026,9,HAD,1,MEDIUM,13,13,13,81.6,87.475
2026,9,HAD,1,MEDIUM,14,14,14,79.8,87.49
2026,9,HAD,1,MEDIUM,15,15,15,78.0,87.559
2026,9,HAD,1,MEDIUM,16,16,16,76.2,87.549
2026,9,HAD,1,MEDIUM,17,17,17,74.4,87.513
2026,9,HAD,1,MEDIUM,18,18,18,72.6,87.537
2026,9,HAD,1,MEDIUM,19,19,19,70.8,87.799
2026,9,HAD,1,MEDIUM,20,20,20,69.0,87.727
2026,9,HAD,1,MEDIUM,21,21,21,67.2,87.676
2026,9,HAD,1,MEDIUM,22,22,22,65.4,87.996
2026,9,HAD,1,MEDIUM,23,23,23,63.6,87.935
2026,9,HAD,1,MEDIUM,24,24,24,61.8,87.954
2026,9,HAD,1,MEDIUM,25,25,25,60.0,88.063
2026,9,HAD,1,MEDIUM,26,26,26,58.2,88.15
2026,9,HAD,2,HARD,1,27,1,56.4,86.065
2026,9,HAD,2,HARD,2,28,2,54.6,86.069
2026,9,HAD,2,HARD,3,29,3,52.8,86.213
2026,9,HAD,2,HARD,4,30,4,51.0,86.095
2026,9,HAD,2,HARD,5,31,5,49.2,86.245
2026,9,HAD,2,HARD,6,32,6,47.4,86.235
2026,9,HAD,2,HARD,7,33,7,45.6,86.157
2026,9,HAD,2,HARD,8,34,8,43.8,86.335
2026,9,HAD,2,HARD,9,35,9,42.0,86.477
2026,9,HAD,2,HARD,10,36,10,40.2,86.431
2026,9,HAD,2,HARD,11,37,11,38.4,86.459
2026,9,HAD,2,HARD,12,38,12,36.6,86.519
2026,9,HAD,2,HARD,13,39,13,34.8,86.594
2026,9,HAD,2,HARD,14,40,14,33.0,86.523
2026,9,HAD,2,HARD,15,41,15,31.2,86.569
2026,9,HAD,2,HARD,16,42,16,29.4,86.814
2026,9,HAD,2,HARD,17,43,17,27.6,86.81
2026,9,HAD,2,HARD,18,44,18,25.8,86.841
2026,9,HAD,2,HARD,19,45,19,24.0,86.934
2026,9,HAD,2,HARD,20,46,20,22.2,86.943
2026,9,HAD,2,HARD,21,47,21,20.4,86.894
2026,9,HAD,2,HARD,22,48,22,18.6,87.057
2026,9,HAD,2,HARD,23,49,23,16.8,86.787
2026,9,HAD,2,HARD,24,50,24,15.0,87.141
2026,9,HAD,2,HARD,25,51,25,13.2,87.026
2026,9,HAD,2,HARD,26,52,26,11.4,87.213
2026,9,NOR,1,MEDIUM,1,1,1,103.2,86.927
2026,9,NOR,1,MEDIUM,2,2,2,101.4,87.202
2026,9,NOR,1,MEDIUM,3,3,3,99.6,86.966
2026,9,NOR,1,MEDIUM,4,4,4,97.8,87.043
2026,9,NOR,1,MEDIUM,5,5,5,96.0,87.32
2026,9,NOR,1,MEDIUM,6,6,6,94.2,87.191
2026,9,NOR,1,MEDIUM,7,7,7,92.4,87.17
2026,9,NOR,1,MEDIUM,8,8,8,90.6,87.215
2026,9,NOR,1,MEDIUM,9,9,9,88.8,87.439
2026,9,NOR,1,MEDIUM,10,10,10,87.0,87.39
2026,9,NOR,1,MEDIUM,11,11,11,85.2,87.358
2026,9,NOR,1,MEDIUM,12,12,12,83.4,87.374
2026,9,NOR,1,MEDIUM,13,13,13,81.6,87.304
2026,9,NOR,1,MEDIUM,14,14,14,79.8,87.565
2026,9,NOR,1,MEDIUM,15,15,15,78.0,87.776
2026,9,NOR,1,MEDIUM,16,16,16,76.2,87.625
2026,9,NOR,1,MEDIUM,17,17,17,74.4,87.582
2026,9,NOR,1,MEDIUM,18,18,18,72.6,87.635
2026,9,NOR,1,MEDIUM,19,19,19,70.8,87.921
2026,9,NOR,1,MEDIUM,20,20,20,69.0,87.755
2026,9,NOR,1,MEDIUM,21,21,21,67.2,87.776
2026,9,NOR,1,MEDIUM,22,22,22,65.4,88.025
2026,9,NOR,1,MEDIUM,23,23,23,63.6,87.903
2026,9,NOR,1,MEDIUM,24,24,24,61.8,88.014
2026,9,NOR,1,MEDIUM,25,25,25,60.0,88.007
2026,9,NOR,1,MEDIUM,26,26,26,58.2,88.078
2026,9,NOR,2,HARD,1,27,1,56.4,86.131
2026,9,NOR,2,HARD,2,28,2,54.6,86.138
2026,9,NOR,2,HARD,3,29,3,52.8,86.204
2026,9,NOR,2,HARD,4,30,4,51.0,86.413
2026,9,NOR,2,HARD,5,31,5,49.2,86.254
2026,9,NOR,2,HARD,6,32,6,47.4,86.242
2026,9,NOR,2,HARD,7,33,7,45.6,86.264
2026,9,NOR,2,HARD,8,34,8,43.8,86.39
2026,9,NOR,2,HARD,9,35,9,42.0,86.377
2026,9,NOR,2,HARD,10,36,10,40.2,86.538
2026,9,NOR,2,HARD,11,37,11,38.4,86.639
2026,9,NOR,2,HARD,12,38,12,36.6,86.626
2026,9,NOR,2,HARD,13,39,13,34.8,86.529
2026,9,NOR,2,HARD,14,40,14,33.0,86.618
2026,9,NOR,2,HARD,15,41,15,31.2,86.748
2026,9,NOR,2,HARD,16,42,16,29.4,86.792
2026,9,NOR,2,HARD,17,43,17,27.6,86.857
2026,9,NOR,2,HARD,18,44,18,25.8,86.896
2026,9,NOR,2,HARD,19,45,19,24.0,86.903
2026,9,NOR,2,HARD,20,46,20,22.2,86.928
2026,9,NOR,2,HARD,21,47,21,20.4,86.927
2026,9,NOR,2,HARD,22,48,22,18.6,87.062
2026,9,NOR,2,HARD,23,49,23,16.8,87.156
2026,9,NOR,2,HARD,24,50,24,15.0,87.162
2026,9,NOR,2,HARD,25,51,25,13.2,87.218
2026,9,NOR,2,HARD,26,52,26,11.4,87.24
2026,9,LAW,1,MEDIUM,1,1,1,103.2,87.283
2026,9,LAW,1,MEDIUM,2,2,2,101.4,87.331
2026,9,LAW,1,MEDIUM,3,3,3,99.6,87.229
2026,9,LAW,1,MEDIUM,4,4,4,97.8,87.422
2026,9,LAW,1,MEDIUM,5,5,5,96.0,87.314
2026,9,LAW,1,MEDIUM,6,6,6,94.2,87.507
2026,9,LAW,1,MEDIUM,7,7,7,92.4,87.474
2026,9,LAW,1,MEDIUM,8,8,8,90.6,87.571
2026,9,LAW,1,MEDIUM,9,9,9,88.8,87.504
2026,9,LAW,1,MEDIUM,10,10,10,87.0,87.861
2026,9,LAW,1,MEDIUM,11,11,11,85.2,87.701
2026,9,LAW,1,MEDIUM,12,12,12,83.4,87.727
2026,9,LAW,1,MEDIUM,13,13,13,81.6,87.734
2026,9,LAW,1,MEDIUM,14,14,14,79.8,87.877
2026,9,LAW,1,MEDIUM,15,15,15,78.0,87.879
2026,9,LAW,1,MEDIUM,16,16,16,76.2,87.675
2026,9,LAW,1,MEDIUM,17,17,17,74.4,88.066
2026,9,LAW,1,MEDIUM,18,18,18,72.6,87.996
2026,9,LAW,1,MEDIUM,19,19,19,70.8,87.929
2026,9,LAW,1,MEDIUM,20,20,20,69.0,88.133
2026,9,LAW,1,MEDIUM,21,21,21,67.2,88.206
2026,9,LAW,1,MEDIUM,22,22,22,65.4,88.213
2026,9,LAW,1,MEDIUM,23,23,23,63.6,88.363
2026,9,LAW,1,MEDIUM,24,24,24,61.8,88.397
2026,9,LAW,1,MEDIUM,25,25,25,60.0,88.336
2026,9,LAW,1,MEDIUM,26,26,26,58.2,88.323
2026,9,LAW,2,HARD,1,27,1,56.4,86.536
2026,9,LAW,2,HARD,2,28,2,54.6,86.443
2026,9,LAW,2,HARD,3,29,3,52.8,86.582
2026,9,LAW,2,HARD,4,30,4,51.0,86.667
2026,9,LAW,2,HARD,5,31,5,49.2,86.674
2026,9,LAW,2,HARD,6,32,6,47.4,86.604
2026,9,LAW,2,HARD,7,33,7,45.6,86.652
2026,9,LAW,2,HARD,8,34,8,43.8,86.711
2026,9,LAW,2,HARD,9,35,9,42.0,86.855
2026,9,LAW,2,HARD,10,36,10,40.2,86.774
2026,9,LAW,2,HARD,11,37,11,38.4,86.824
2026,9,LAW,2,HARD,12,38,12,36.6,86.873
2026,9,LAW,2,HARD,13,39,13,34.8,86.874
2026,9,LAW,2,HARD,14,40,14,33.0,87.085
2026,9,LAW,2,HARD,15,41,15,31.2,87.137
2026,9,LAW,2,HARD,16,42,16,29.4,87.046
2026,9,LAW,2,HARD,17,43,17,27.6,87.044
2026,9,LAW,2,HARD,18,44,18,25.8,87.035
2026,9,LAW,2,HARD,19,45,19,24.0,87.222
2026,9,LAW,2,HARD,20,46,20,22.2,87.352
2026,9,LAW,2,HARD,21,47,21,20.4,87.285
2026,9,LAW,2,HARD,22,48,22,18.6,87.488
2026,9,LAW,2,HARD,23,49,23,16.8,87.404
2026,9,LAW,2,HARD,24,50,24,15.0,87.353
2026,9,LAW,2,HARD,25,51,25,13.2,87.605
2026,9,LAW,2,HARD,26,52,26,11.4,87.579
2026,10,ANT,1,MEDIUM,1,1,1,103.2,86.668
2026,10,ANT,1,MEDIUM,2,2,2,101.4,86.655
2026,10,ANT,1,MEDIUM,3,3,3,99.6,86.763
2026,10,ANT,1,MEDIUM,4,4,4,97.8,86.767
2026,10,ANT,1,MEDIUM,5,5,5,96.0,86.772
2026,10,ANT,1,MEDIUM,6,6,6,94.2,86.722
2026,10,ANT,1,MEDIUM,7,7,7,92.4,86.65
2026,10,ANT,1,MEDIUM,8,8,8,90.6,86.913
2026,10,ANT,1,MEDIUM,9,9,9,88.8,87.097
2026,10,ANT,1,MEDIUM,10,10,10,87.0,86.939
2026,10,ANT,1,MEDIUM,11,11,11,85.2,86.913
2026,10,ANT,1,MEDIUM,12,12,12,83.4,87.024
2026,10,ANT,1,MEDIUM,13,13,13,81.6,87.183
2026,10,ANT,1,MEDIUM,14,14,14,79.8,87.123
2026,10,ANT,1,MEDIUM,15,15,15,78.0,87.156
2026,10,ANT,1,MEDIUM,16,16,16,76.2,87.33
2026,10,ANT,1,MEDIUM,17,17,17,74.4,87.169
2026,10,ANT,1,MEDIUM,18,18,18,72.6,87.188
2026,10,ANT,1,MEDIUM,19,19,19,70.8,87.327
2026,10,ANT,1,MEDIUM,20,20,20,69.0,87.458
2026,10,ANT,1,MEDIUM,21,21,21,67.2,87.42
2026,10,ANT,1,MEDIUM,22,22,22,65.4,87.468
2026,10,ANT,2,HARD,1,23,1,63.6,85.869
2026,10,ANT,2,HARD,2,24,2,61.8,85.872
2026,10,ANT,2,HARD,3,25,3,60.0,85.912
2026,10,ANT,2,HARD,4,26,4,58.2,85.942
2026,10,ANT,2,HARD,5,27,5,56.4,86.028
2026,10,ANT,2,HARD,6,28,6,54.6,86.111
2026,10,ANT,2,HARD,7,29,7,52.8,86.137
2026,10,ANT,2,HARD,8,30,8,51.0,85.937
2026,10,ANT,2,HARD,9,31,9,49.2,86.191
2026,10,ANT,2,HARD,10,32,10,47.4,86.403
2026,10,ANT,2,HARD,11,33,11,45.6,86.258
2026,10,ANT,2,HARD,12,34,12,43.8,86.384
2026,10,ANT,2,HARD,13,35,13,42.0,86.457
2026,10,ANT,2,HARD,14,36,14,40.2,86.388
2026,10,ANT,2,HARD,15,37,15,38.4,86.461
2026,10,ANT,2,HARD,16,38,16,36.6,86.537
2026,10,ANT,2,HARD,17,39,17,34.8,86.616
2026,10,ANT,2,HARD,18,40,18,33.0,86.7
2026,10,ANT,2,HARD,19,41,19,31.2,86.51
2026,10,ANT,2,HARD,20,42,20,29.4,86.731
2026,10,ANT,2,HARD,21,43,21,27.6,86.712
2026,10,ANT,2,HARD,22,44,22,25.8,86.641
2026,10,VER,1,MEDIUM,1,1,1,103.2,86.656
2026,10,VER,1,MEDIUM,2,2,2,101.4,86.619
2026,10,VER,1,MEDIUM,3,3,3,99.6,86.726
2026,10,VER,1,MEDIUM,4,4,4,97.8,86.617
2026,10,VER,1,MEDIUM,5,5,5,96.0,86.897
2026,10,VER,1,MEDIUM,6,6,6,94.2,86.831
2026,10,VER,1,MEDIUM,7,7,7,92.4,86.828
2026,10,VER,1,MEDIUM,8,8,8,90.6,86.922
2026,10,VER,1,MEDIUM,9,9,9,88.8,86.976
2026,10,VER,1,MEDIUM,10,10,10,87.0,87.019
2026,10,VER,1,MEDIUM,11,11,11,85.2,87.144
2026,10,VER,1,MEDIUM,12,12,12,83.4,87.032
2026,10,VER,1,MEDIUM,13,13,13,81.6,87.194
2026,10,VER,1,MEDIUM,14,14,14,79.8,87.262
2026,10,VER,1,MEDIUM,15,15,15,78.0,87.267
2026,10,VER,1,MEDIUM,16,16,16,76.2,87.127
2026,10,VER,1,MEDIUM,17,17,17,74.4,87.409
2026,10,VER,1,MEDIUM,18,18,18,72.6,87.269
2026,10,VER,1,MEDIUM,19,19,19,70.8,87.396
2026,10,VER,1,MEDIUM,20,20,20,69.0,87.597
2026,10,VER,1,MEDIUM,21,21,21,67.2,87.478
2026,10,VER,1,MEDIUM,22,22,22,65.4,87.626
2026,10,VER,2,HARD,1,23,1,63.6,85.831
2026,10,VER,2,HARD,2,24,2,61.8,85.904
2026,10,VER,2,HARD,3,25,3,60.0,86.11
2026,10,VER,2,HARD,4,26,4,58.2,85.979
2026,10,VER,2,HARD,5,27,5,56.4,86.302
2026,10,VER,2,HARD,6,28,6,54.6,86.163
2026,10,VER,2,HARD,7,29,7,52.8,86.16
2026,10,VER,2,HARD,8,30,8,51.0,86.217
2026,10,VER,2,HARD,9,31,9,49.2,86.191
2026,10,VER,2,HARD,10,32,10,47.4,86.328
2026,10,VER,2,HARD,11,33,11,45.6,86.453
2026,10,VER,2,HARD,12,34,12,43.8,86.434
2026,10,VER,2,HARD,13,35,13,42.0,86.572
2026,10,VER,2,HARD,14,36,14,40.2,86.482
2026,10,VER,2,HARD,15,37,15,38.4,86.738
2026,10,VER,2,HARD,16,38,16,36.6,86.581
2026,10,VER,2,HARD,17,39,17,34.8,86.671
2026,10,VER,2,HARD,18,40,18,33.0,86.653
2026,10,VER,2,HARD,19,41,19,31.2,86.639
2026,10,VER,2,HARD,20,42,20,29.4,86.839
2026,10,VER,2,HARD,21,43,21,27.6,86.798
2026,10,VER,2,HARD,22,44,22,25.8,86.697
2026,10,LEC,1,MEDIUM,1,1,1,103.2,86.837
2026,10,LEC,1,MEDIUM,2,2,2,101.4,86.987
2026,10,LEC,1,MEDIUM,3,3,3,99.6,86.874
2026,10,LEC,1,MEDIUM,4,4,4,97.8,86.986
2026,10,LEC,1,MEDIUM,5,5,5,96.0,87.0
2026,10,LEC,1,MEDIUM,6,6,6,94.2,87.078
2026,10,LEC,1,MEDIUM,7,7,7,92.4,86.891
2026,10,LEC,1,MEDIUM,8,8,8,90.6,87.266
2026,10,LEC,1,MEDIUM,9,9,9,88.8,87.064
2026,10,LEC,1,MEDIUM,10,10,10,87.0,87.258
2026,10,LEC,1,MEDIUM,11,11,11,85.2,87.189
2026,10,LEC,1,MEDIUM,12,12,12,83.4,87.264
2026,10,LEC,1,MEDIUM,13,13,13,81.6,87.285
2026,10,LEC,1,MEDIUM,14,14,14,79.8,87.335
2026,10,LEC,1,MEDIUM,15,15,15,78.0,87.501
2026,10,LEC,1,MEDIUM,16,16,16,76.2,87.599
2026,10,LEC,1,MEDIUM,17,17,17,74.4,87.365
2026,10,LEC,1,MEDIUM,18,18,18,72.6,87.341
2026,10,LEC,1,MEDIUM,19,19,19,70.8,87.645
2026,10,LEC,1,MEDIUM,20,20,20,69.0,87.673
2026,10,LEC,1,MEDIUM,21,21,21,67.2,87.679
2026,10,LEC,1,MEDIUM,22,22,22,65.4,87.619
2026,10,LEC,2,HARD,1,23,1,63.6,86.089
2026,10,LEC,2,HARD,2,24,2,61.8,85.984
2026,10,LEC,2,HARD,3,25,3,60.0,86.168
2026,10,LEC,2,HARD,4,26,4,58.2,86.189
2026,10,LEC,2,HARD,5,27,5,56.4,86.12
2026,10,LEC,2,HARD,6,28,6,54.6,86.315
2026,10,LEC,2,HARD,7,29,7,52.8,86.46
2026,10,LEC,2,HARD,8,30,8,51.0,86.485
2026,10,LEC,2,HARD,9,31,9,49.2,86.451
2026,10,LEC,2,HARD,10,32,10,47.4,86.584
2026,10,LEC,2,HARD,11,33,11,45.6,86.588
2026,10,LEC,2,HARD,12,34,12,43.8,86.433
2026,10,LEC,2,HARD,13,35,13,42.0,86.597
2026,10,LEC,2,HARD,14,36,14,40.2,86.474
2026,10,LEC,2,HARD,15,37,15,38.4,86.816
2026,10,LEC,2,HARD,16,38,16,36.6,86.825
2026,10,LEC,2,HARD,17,39,17,34.8,86.816
2026,10,LEC,2,HARD,18,40,18,33.0,86.861
2026,10,LEC,2,HARD,19,41,19,31.2,86.847
2026,10,LEC,2,HARD,20,42,20,29.4,87.005
2026,10,LEC,2,HARD,21,43,21,27.6,86.96
2026,10,LEC,2,HARD,22,44,22,25.8,86.913
2026,10,HAM,1,MEDIUM,1,1,1,103.2,86.844
2026,10,HAM,1,MEDIUM,2,2,2,101.4,86.889
2026,10,HAM,1,MEDIUM,3,3,3,99.6,87.055
2026,10,HAM,1,MEDIUM,4,4,4,97.8,86.803
2026,10,HAM,1,MEDIUM,5,5,5,96.0,87.171
2026,10,HAM,1,MEDIUM,6,6,6,94.2,87.046
2026,10,HAM,1,MEDIUM,7,7,7,92.4,87.19
2026,10,HAM,1,MEDIUM,8,8,8,90.6,87.136
2026,10,HAM,1,MEDIUM,9,9,9,88.8,87.024
2026,10,HAM,1,MEDIUM,10,10,10,87.0,87.157
2026,10,HAM,1,MEDIUM,11,11,11,85.2,87.217
2026,10,HAM,1,MEDIUM,12,12,12,83.4,87.303
2026,10,HAM,1,MEDIUM,13,13,13,81.6,87.487
2026,10,HAM,1,MEDIUM,14,14,14,79.8,87.495
2026,10,HAM,1,MEDIUM,15,15,15,78.0,87.446
2026,10,HAM,1,MEDIUM,16,16,16,76.2,87.526
2026,10,HAM,1,MEDIUM,17,17,17,74.4,87.67
2026,10,HAM,1,MEDIUM,18,18,18,72.6,87.657
2026,10,HAM,1,MEDIUM,19,19,19,70.8,87.727
2026,10,HAM,1,MEDIUM,20,20,20,69.0,87.626
2026,10,HAM,1,MEDIUM,21,21,21,67.2,87.699
2026,10,HAM,1,MEDIUM,22,22,22,65.4,87.896
2026,10,HAM,2,HARD,1,23,1,63.6,86.226
2026,10,HAM,2,HARD,2,24,2,61.8,86.242
2026,10,HAM,2,HARD,3,25,3,60.0,86.259
2026,10,HAM,2,HARD,4,26,4,58.2,86.28
2026,10,HAM,2,HARD,5,27,5,56.4,86.287
2026,10,HAM,2,HARD,6,28,6,54.6,86.442
2026,10,HAM,2,HARD,7,29,7,52.8,86.432
2026,10,HAM,2,HARD,8,30,8,51.0,86.544
2026,10,HAM,2,HARD,9,31,9,49.2,86.385
2026,10,HAM,2,HARD,10,32,10,47.4,86.601
2026,10,HAM,2,HARD,11,33,11,45.6,86.576
2026,10,HAM,2,HARD,12,34,12,43.8,86.64
2026,10,HAM,2,HARD,13,35,13,42.0,86.649
2026,10,HAM,2,HARD,14,36,14,40.2,86.828
2026,10,HAM,2,HARD,15,37,15,38.4,86.827
2026,10,HAM,2,HARD,16,38,16,36.6,86.713
2026,10,HAM,2,HARD,17,39,17,34.8,86.921
2026,10,HAM,2,HARD,18,40,18,33.0,86.93
2026,10,HAM,2,HARD,19,41,19,31.2,86.912
2026,10,HAM,2,HARD,20,42,20,29.4,86.936
2026,10,HAM,2,HARD,21,43,21,27.6,86.921
2026,10,HAM,2,HARD,22,44,22,25.8,87.246
2026,10,PIA,1,MEDIUM,1,1,1,103.2,86.934
2026,10,PIA,1,MEDIUM,2,2,2,101.4,87.111
2026,10,PIA,1,MEDIUM,3,3,3,99.6,87.035
2026,10,PIA,1,MEDIUM,4,4,4,97.8,87.019
2026,10,PIA,1,MEDIUM,5,5,5,96.0,87.07
2026,10,PIA,1,MEDIUM,6,6,6,94.2,87.073
2026,10,PIA,1,MEDIUM,7,7,7,92.4,87.247
2026,10,PIA,1,MEDIUM,8,8,8,90.6,87.248
2026,10,PIA,1,MEDIUM,9,9,9,88.8,87.223
2026,10,PIA,1,MEDIUM,10,10,10,87.0,87.313
2026,10,PIA,1,MEDIUM,11,11,11,85.2,87.319
2026,10,PIA,1,MEDIUM,12,12,12,83.4,87.326
2026,10,PIA,1,MEDIUM,13,13,13,81.6,87.405
2026,10,PIA,1,MEDIUM,14,14,14,79.8,87.534
2026,10,PIA,1,MEDIUM,15,15,15,78.0,87.583
2026,10,PIA,1,MEDIUM,16,16,16,76.2,87.564
2026,10,PIA,1,MEDIUM,17,17,17,74.4,87.857
2026,10,PIA,1,MEDIUM,18,18,18,72.6,87.739
2026,10,PIA,1,MEDIUM,19,19,19,70.8,87.87
2026,10,PIA,1,MEDIUM,20,20,20,69.0,87.68
2026,10,PIA,1,MEDIUM,21,21,21,67.2,87.9
2026,10,PIA,1,MEDIUM,22,22,22,65.4,88.047
2026,10,PIA,2,HARD,1,23,1,63.6,86.236
2026,10,PIA,2,HARD,2,24,2,61.8,86.309
2026,10,PIA,2,HARD,3,25,3,60.0,86.265
2026,10,PIA,2,HARD,4,26,4,58.2,86.305
2026,10,PIA,2,HARD,5,27,5,56.4,86.352
2026,10,PIA,2,HARD,6,28,6,54.6,86.455
2026,10,PIA,2,HARD,7,29,7,52.8,86.552
2026,10,PIA,2,HARD,8,30,8,51.0,86.705
2026,10,PIA,2,HARD,9,31,9,49.2,86.627
2026,10,PIA,2,HARD,10,32,10,47.4,86.662
2026,10,PIA,2,HARD,11,33,11,45.6,86.709
2026,10,PIA,2,HARD,12,34,12,43.8,86.589
2026,10,PIA,2,HARD,13,35,13,42.0,86.625
2026,10,PIA,2,HARD,14,36,14,40.2,86.824
2026,10,PIA,2,HARD,15,37,15,38.4,86.917
2026,10,PIA,2,HARD,16,38,16,36.6,86.867
2026,10,PIA,2,HARD,17,39,17,34.8,86.904
2026,10,PIA,2,HARD,18,40,18,33.0,86.994
2026,10,PIA,2,HARD,19,41,19,31.2,86.954
2026,10,PIA,2,HARD,20,42,20,29.4,86.996
2026,10,PIA,2,HARD,21,43,21,27.6,87.203
2026,10,PIA,2,HARD,22,44,22,25.8,87.157
2026,10,HAD,1,MEDIUM,1,1,1,103.2,88.235
2026,10,HAD,1,MEDIUM,2,2,2,101.4,88.235
2026,10,HAD,1,MEDIUM,3,3,3,99.6,88.324
2026,10,HAD,1,MEDIUM,4,4,4,97.8,88.295
2026,10,HAD,1,MEDIUM,5,5,5,96.0,88.243
2026,10,HAD,1,MEDIUM,6,6,6,94.2,88.302
2026,10,HAD,1,MEDIUM,7,7,7,92.4,88.413
2026,10,HAD,1,MEDIUM,8,8,8,90.6,88.589
2026,10,HAD,1,MEDIUM,9,9,9,88.8,88.505
2026,10,HAD,1,MEDIUM,10,10,10,87.0,88.582
2026,10,HAD,1,MEDIUM,11,11,11,85.2,88.52
2026,10,HAD,1,MEDIUM,12,12,12,83.4,88.588
2026,10,HAD,1,MEDIUM,13,13,13,81.6,88.832
2026,10,HAD,1,MEDIUM,14,14,14,79.8,88.726
2026,10,HAD,1,MEDIUM,15,15,15,78.0,88.666
2026,10,HAD,1,MEDIUM,16,16,16,76.2,88.881
2026,10,HAD,1,MEDIUM,17,17,17,74.4,88.824
2026,10,HAD,1,MEDIUM,18,18,18,72.6,88.824
2026,10,HAD,1,MEDIUM,19,19,19,70.8,88.977
2026,10,HAD,1,MEDIUM,20,20,20,69.0,88.931
2026,10,HAD,1,MEDIUM,21,21,21,67.2,89.089
2026,10,HAD,1,MEDIUM,22,22,22,65.4,89.132
2026,10,HAD,2,HARD,1,23,1,63.6,87.427
2026,10,HAD,2,HARD,2,24,2,61.8,87.571
2026,10,HAD,2,HARD,3,25,3,60.0,87.531
2026,10,HAD,2,HARD,4,26,4,58.2,87.632
2026,10,HAD,2,HARD,5,27,5,56.4,87.495
2026,10,HAD,2,HARD,6,28,6,54.6,87.632
2026,10,HAD,2,HARD,7,29,7,52.8,87.653
2026,10,HAD,2,HARD,8,30,8,51.0,87.776
2026,10,HAD,2,HARD,9,31,9,49.2,87.844
2026,10,HAD,2,HARD,10,32,10,47.4,87.724
2026,10,HAD,2,HARD,11,33,11,45.6,87.903
2026,10,HAD,2,HARD,12,34,12,43.8,87.901
2026,10,HAD,2,HARD,13,35,13,42.0,87.874
2026,10,HAD,2,HARD,14,36,14,40.2,88.041
2026,10,HAD,2,HARD,15,37,15,38.4,88.02
2026,10,HAD,2,HARD,16,38,16,36.6,87.937
2026,10,HAD,2,HARD,17,39,17,34.8,88.137
2026,10,HAD,2,HARD,18,40,18,33.0,88.355
2026,10,HAD,2,HARD,19,41,19,31.2,88.091
2026,10,HAD,2,HARD,20,42,20,29.4,88.31
2026,10,HAD,2,HARD,21,43,21,27.6,88.385
2026,10,HAD,2,HARD,22,44,22,25.8,88.451
2026,11,NOR,1,MEDIUM,1,1,1,103.2,86.586
2026,11,NOR,1,MEDIUM,2,2,2,101.4,86.699
2026,11,NOR,1,MEDIUM,3,3,3,99.6,86.586
2026,11,NOR,1,MEDIUM,4,4,4,97.8,86.613
2026,11,NOR,1,MEDIUM,5,5,5,96.0,86.637
2026,11,NOR,1,MEDIUM,6,6,6,94.2,86.892
2026,11,NOR,1,MEDIUM,7,7,7,92.4,86.691
2026,11,NOR,1,MEDIUM,8,8,8,90.6,86.816
2026,11,NOR,1,MEDIUM,9,9,9,88.8,86.93
2026,11,NOR,1,MEDIUM,10,10,10,87.0,87.013
2026,11,NOR,1,MEDIUM,11,11,11,85.2,86.807
2026,11,NOR,1,MEDIUM,12,12,12,83.4,87.068
2026,11,NOR,1,MEDIUM,13,13,13,81.6,87.122
2026,11,NOR,1,MEDIUM,14,14,14,79.8,87.019
2026,11,NOR,1,MEDIUM,15,15,15,78.0,87.235
2026,11,NOR,1,MEDIUM,16,16,16,76.2,87.211
2026,11,NOR,1,MEDIUM,17,17,17,74.4,87.348
2026,11,NOR,1,MEDIUM,18,18,18,72.6,87.233
2026,11,NOR,1,MEDIUM,19,19,19,70.8,87.315
2026,11,NOR,1,MEDIUM,20,20,20,69.0,87.385
2026,11,NOR,1,MEDIUM,21,21,21,67.2,87.449
2026,11,NOR,1,MEDIUM,22,22,22,65.4,87.552
2026,11,NOR,1,MEDIUM,23,23,23,63.6,87.498
2026,11,NOR,1,MEDIUM,24,24,24,61.8,87.613
2026,11,NOR,1,MEDIUM,25,25,25,60.0,87.839
2026,11,NOR,1,MEDIUM,26,26,26,58.2,87.899
2026,11,NOR,1,MEDIUM,27,27,27,56.4,87.777
2026,11,NOR,2,HARD,1,28,1,54.6,85.585
2026,11,NOR,2,HARD,2,29,2,52.8,85.762
2026,11,NOR,2,HARD,3,30,3,51.0,85.748
2026,11,NOR,2,HARD,4,31,4,49.2,85.912
2026,11,NOR,2,HARD,5,32,5,47.4,85.744
2026,11,NOR,2,HARD,6,33,6,45.6,85.73
2026,11,NOR,2,HARD,7,34,7,43.8,85.928
2026,11,NOR,2,HARD,8,35,8,42.0,85.932
2026,11,NOR,2,HARD,9,36,9,40.2,85.932
2026,11,NOR,2,HARD,10,37,10,38.4,85.865
2026,11,NOR,2,HARD,11,38,11,36.6,86.229
2026,11,NOR,2,HARD,12,39,12,34.8,86.118
2026,11,NOR,2,HARD,13,40,13,33.0,86.225
2026,11,NOR,2,HARD,14,41,14,31.2,86.281
2026,11,NOR,2,HARD,15,42,15,29.4,86.312
2026,11,NOR,2,HARD,16,43,16,27.6,86.3
2026,11,NOR,2,HARD,17,44,17,25.8,86.194
2026,11,NOR,2,HARD,18,45,18,24.0,86.324
2026,11,NOR,2,HARD,19,46,19,22.2,86.424
2026,11,NOR,2,HARD,20,47,20,20.4,86.491
2026,11,NOR,2,HARD,21,48,21,18.6,86.546
2026,11,NOR,2,HARD,22,49,22,16.8,86.667
2026,11,NOR,2,HARD,23,50,23,15.0,86.828
2026,11,NOR,2,HARD,24,51,24,13.2,86.716
2026,11,NOR,2,HARD,25,52,25,11.4,86.765
2026,11,NOR,2,HARD,26,53,26,9.6,86.703
2026,11,NOR,2,HARD,27,54,27,7.8,86.826
2026,11,NOR,2,HARD,28,55,28,6.0,86.922
2026,11,LEC,1,MEDIUM,1,1,1,103.2,86.657
2026,11,LEC,1,MEDIUM,2,2,2,101.4,86.694
2026,11,LEC,1,MEDIUM,3,3,3,99.6,86.693
2026,11,LEC,1,MEDIUM,4,4,4,97.8,86.74
2026,11,LEC,1,MEDIUM,5,5,5,96.0,86.768
2026,11,LEC,1,MEDIUM,6,6,6,94.2,86.91
2026,11,LEC,1,MEDIUM,7,7,7,92.4,86.794
2026,11,LEC,1,MEDIUM,8,8,8,90.6,86.778
2026,11,LEC,1,MEDIUM,9,9,9,88.8,86.947
2026,11,LEC,1,MEDIUM,10,10,10,87.0,86.94
2026,11,LEC,1,MEDIUM,11,11,11,85.2,86.905
2026,11,LEC,1,MEDIUM,12,12,12,83.4,87.071
2026,11,LEC,1,MEDIUM,13,13,13,81.6,87.082
2026,11,LEC,1,MEDIUM,14,14,14,79.8,87.242
2026,11,LEC,1,MEDIUM,15,15,15,78.0,87.24
2026,11,LEC,1,MEDIUM,16,16,16,76.2,87.243
2026,11,LEC,1,MEDIUM,17,17,17,74.4,87.226
2026,11,LEC,1,MEDIUM,18,18,18,72.6,87.237
2026,11,LEC,1,MEDIUM,19,19,19,70.8,87.37
2026,11,LEC,1,MEDIUM,20,20,20,69.0,87.549
2026,11,LEC,1,MEDIUM,21,21,21,67.2,87.534
2026,11,LEC,1,MEDIUM,22,22,22,65.4,87.703
2026,11,LEC,1,MEDIUM,23,23,23,63.6,87.765
2026,11,LEC,1,MEDIUM,24,24,24,61.8,87.62
2026,11,LEC,1,MEDIUM,25,25,25,60.0,87.747
2026,11,LEC,1,MEDIUM,26,26,26,58.2,87.742
2026,11,LEC,1,MEDIUM,27,27,27,56.4,87.75
2026,11,LEC,2,HARD,1,28,1,54.6,85.757
2026,11,LEC,2,HARD,2,29,2,52.8,85.833
2026,11,LEC,2,HARD,3,30,3,51.0,85.81
2026,11,LEC,2,HARD,4,31,4,49.2,85.786
2026,11,LEC,2,HARD,5,32,5,47.4,86.107
2026,11,LEC,2,HARD,6,33,6,45.6,86.128
2026,11,LEC,2,HARD,7,34,7,43.8,85.882
2026,11,LEC,2,HARD,8,35,8,42.0,86.014
2026,11,LEC,2,HARD,9,36,9,40.2,86.114
2026,11,LEC,2,HARD,10,37,10,38.4,86.104
2026,11,LEC,2,HARD,11,38,11,36.6,86.186
2026,11,LEC,2,HARD,12,39,12,34.8,86.219
2026,11,LEC,2,HARD,13,40,13,33.0,86.232
2026,11,LEC,2,HARD,14,41,14,31.2,86.258
2026,11,LEC,2,HARD,15,42,15,29.4,86.288
2026,11,LEC,2,HARD,16,43,16,27.6,86.383
2026,11,LEC,2,HARD,17,44,17,25.8,86.392
2026,11,LEC,2,HARD,18,45,18,24.0,86.468
2026,11,LEC,2,HARD,19,46,19,22.2,86.611
2026,11,LEC,2,HARD,20,47,20,20.4,86.587
2026,11,LEC,2,HARD,21,48,21,18.6,86.696
2026,11,LEC,2,HARD,22,49,22,16.8,86.889
2026,11,LEC,2,HARD,23,50,23,15.0,86.875
2026,11,LEC,2,HARD,24,51,24,13.2,86.749
2026,11,LEC,2,HARD,25,52,25,11.4,86.86
2026,11,LEC,2,HARD,26,53,26,9.6,86.865
2026,11,LEC,2,HARD,27,54,27,7.8,87.016
2026,11,LEC,2,HARD,28,55,28,6.0,87.072
2026,11,VER,1,MEDIUM,1,1,1,103.2,86.765
2026,11,VER,1,MEDIUM,2,2,2,101.4,86.861
2026,11,VER,1,MEDIUM,3,3,3,99.6,86.919
2026,11,VER,1,MEDIUM,4,4,4,97.8,86.899
2026,11,VER,1,MEDIUM,5,5,5,96.0,87.032
2026,11,VER,1,MEDIUM,6,6,6,94.2,87.141
2026,11,VER,1,MEDIUM,7,7,7,92.4,87.039
2026,11,VER,1,MEDIUM,8,8,8,90.6,87.003
2026,11,VER,1,MEDIUM,9,9,9,88.8,87.143
2026,11,VER,1,MEDIUM,10,10,10,87.0,87.088
2026,11,VER,1,MEDIUM,11,11,11,85.2,87.467
2026,11,VER,1,MEDIUM,12,12,12,83.4,87.14
2026,11,VER,1,MEDIUM,13,13,13,81.6,87.285
2026,11,VER,1,MEDIUM,14,14,14,79.8,87.275
2026,11,VER,1,MEDIUM,15,15,15,78.0,87.206
2026,11,VER,1,MEDIUM,16,16,16,76.2,87.469
2026,11,VER,1,MEDIUM,17,17,17,74.4,87.514
2026,11,VER,1,MEDIUM,18,18,18,72.6,87.579
2026,11,VER,1,MEDIUM,19,19,19,70.8,87.558
2026,11,VER,1,MEDIUM,20,20,20,69.0,87.711
2026,11,VER,1,MEDIUM,21,21,21,67.2,87.861
2026,11,VER,1,MEDIUM,22,22,22,65.4,87.699
2026,11,VER,1,MEDIUM,23,23,23,63.6,87.866
2026,11,VER,1,MEDIUM,24,24,24,61.8,87.762
2026,11,VER,1,MEDIUM,25,25,25,60.0,87.869
2026,11,VER,1,MEDIUM,26,26,26,58.2,87.916
2026,11,VER,1,MEDIUM,27,27,27,56.4,87.945
2026,11,VER,2,HARD,1,28,1,54.6,85.891
2026,11,VER,2,HARD,2,29,2,52.8,86.032
2026,11,VER,2,HARD,3,30,3,51.0,85.796
2026,11,VER,2,HARD,4,31,4,49.2,86.206
2026,11,VER,2,HARD,5,32,5,47.4,86.132
2026,11,VER,2,HARD,6,33,6,45.6,86.212
2026,11,VER,2,HARD,7,34,7,43.8,86.168
2026,11,VER,2,HARD,8,35,8,42.0,86.187
2026,11,VER,2,HARD,9,36,9,40.2,86.227
2026,11,VER,2,HARD,10,37,10,38.4,86.341
2026,11,VER,2,HARD,11,38,11,36.6,86.497
2026,11,VER,2,HARD,12,39,12,34.8,86.447
2026,11,VER,2,HARD,13,40,13,33.0,86.413
2026,11,VER,2,HARD,14,41,14,31.2,86.582
2026,11,VER,2,HARD,15,42,15,29.4,86.358
2026,11,VER,2,HARD,16,43,16,27.6,86.597
2026,11,VER,2,HARD,17,44,17,25.8,86.575
2026,11,VER,2,HARD,18,45,18,24.0,86.695
2026,11,VER,2,HARD,19,46,19,22.2,86.542
2026,11,VER,2,HARD,20,47,20,20.4,86.812
2026,11,VER,2,HARD,21,48,21,18.6,86.747
2026,11,VER,2,HARD,22,49,22,16.8,86.878
2026,11,VER,2,HARD,23,50,23,15.0,86.862
2026,11,VER,2,HARD,24,51,24,13.2,86.961
2026,11,VER,2,HARD,25,52,25,11.4,86.889
2026,11,VER,2,HARD,26,53,26,9.6,87.139
2026,11,VER,2,HARD,27,54,27,7.8,87.166
2026,11,VER,2,HARD,28,55,28,6.0,87.195
2026,11,HAM,1,MEDIUM,1,1,1,103.2,86.923
2026,11,HAM,1,MEDIUM,2,2,2,101.4,87.093
2026,11,HAM,1,MEDIUM,3,3,3,99.6,86.958
2026,11,HAM,1,MEDIUM,4,4,4,97.8,86.991
2026,11,HAM,1,MEDIUM,5,5,5,96.0,87.024
2026,11,HAM,1,MEDIUM,6,6,6,94.2,87.172
2026,11,HAM,1,MEDIUM,7,7,7,92.4,87.186
2026,11,HAM,1,MEDIUM,8,8,8,90.6,87.061
2026,11,HAM,1,MEDIUM,9,9,9,88.8,87.232
2026,11,HAM,1,MEDIUM,10,10,10,87.0,87.248
2026,11,HAM,1,MEDIUM,11,11,11,85.2,87.4
2026,11,HAM,1,MEDIUM,12,12,12,83.4,87.503
2026,11,HAM,1,MEDIUM,13,13,13,81.6,87.528
2026,11,HAM,1,MEDIUM,14,14,14,79.8,87.471
2026,11,HAM,1,MEDIUM,15,15,15,78.0,87.502
2026,11,HAM,1,MEDIUM,16,16,16,76.2,87.518
2026,11,HAM,1,MEDIUM,17,17,17,74.4,87.483
2026,11,HAM,1,MEDIUM,18,18,18,72.6,87.654
2026,11,HAM,1,MEDIUM,19,19,19,70.8,87.785
2026,11,HAM,1,MEDIUM,20,20,20,69.0,87.829
2026,11,HAM,1,MEDIUM,21,21,21,67.2,87.717
2026,11,HAM,1,MEDIUM,22,22,22,65.4,87.856
2026,11,HAM,1,MEDIUM,23,23,23,63.6,87.823
2026,11,HAM,1,MEDIUM,24,24,24,61.8,87.909
2026,11,HAM,1,MEDIUM,25,25,25,60.0,88.013
2026,11,HAM,1,MEDIUM,26,26,26,58.2,88.065
2026,11,HAM,1,MEDIUM,27,27,27,56.4,88.005
2026,11,HAM,2,HARD,1,28,1,54.6,85.977
2026,11,HAM,2,HARD,2,29,2,52.8,85.927
2026,11,HAM,2,HARD,3,30,3,51.0,86.09
2026,11,HAM,2,HARD,4,31,4,49.2,86.092
2026,11,HAM,2,HARD,5,32,5,47.4,86.108
2026,11,HAM,2,HARD,6,33,6,45.6,86.185
2026,11,HAM,2,HARD,7,34,7,43.8,86.327
2026,11,HAM,2,HARD,8,35,8,42.0,86.422
2026,11,HAM,2,HARD,9,36,9,40.2,86.361
2026,11,HAM,2,HARD,10,37,10,38.4,86.308
2026,11,HAM,2,HARD,11,38,11,36.6,86.493
2026,11,HAM,2,HARD,12,39,12,34.8,86.478
2026,11,HAM,2,HARD,13,40,13,33.0,86.611
2026,11,HAM,2,HARD,14,41,14,31.2,86.607
2026,11,HAM,2,HARD,15,42,15,29.4,86.624
2026,11,HAM,2,HARD,16,43,16,27.6,86.697
2026,11,HAM,2,HARD,17,44,17,25.8,86.703
2026,11,HAM,2,HARD,18,45,18,24.0,86.821
2026,11,HAM,2,HARD,19,46,19,22.2,86.81
2026,11,HAM,2,HARD,20,47,20,20.4,86.853
2026,11,HAM,2,HARD,21,48,21,18.6,86.937
2026,11,HAM,2,HARD,22,49,22,16.8,86.966
2026,11,HAM,2,HARD,23,50,23,15.0,87.007
2026,11,HAM,2,HARD,24,51,24,13.2,87.061
2026,11,HAM,2,HARD,25,52,25,11.4,87.066
2026,11,HAM,2,HARD,26,53,26,9.6,87.052
2026,11,HAM,2,HARD,27,54,27,7.8,87.167
2026,11,HAM,2,HARD,28,55,28,6.0,87.326
2026,11,ANT,1,MEDIUM,1,1,1,103.2,87.171
2026,11,ANT,1,MEDIUM,2,2,2,101.4,87.209
2026,11,ANT,1,MEDIUM,3,3,3,99.6,87.087
2026,11,ANT,1,MEDIUM,4,4,4,97.8,87.137
2026,11,ANT,1,MEDIUM,5,5,5,96.0,87.206
2026,11,ANT,1,MEDIUM,6,6,6,94.2,87.332
2026,11,ANT,1,MEDIUM,7,7,7,92.4,87.335
2026,11,ANT,1,MEDIUM,8,8,8,90.6,87.348
2026,11,ANT,1,MEDIUM,9,9,9,88.8,87.315
2026,11,ANT,1,MEDIUM,10,10,10,87.0,87.558
2026,11,ANT,1,MEDIUM,11,11,11,85.2,87.431
2026,11,ANT,1,MEDIUM,12,12,12,83.4,87.722
2026,11,ANT,1,MEDIUM,13,13,13,81.6,87.429
2026,11,ANT,1,MEDIUM,14,14,14,79.8,87.534
2026,11,ANT,1,MEDIUM,15,15,15,78.0,87.652
2026,11,ANT,1,MEDIUM,16,16,16,76.2,87.708
2026,11,ANT,1,MEDIUM,17,17,17,74.4,87.791
2026,11,ANT,1,MEDIUM,18,18,18,72.6,87.776
2026,11,ANT,1,MEDIUM,19,19,19,70.8,87.869
2026,11,ANT,1,MEDIUM,20,20,20,69.0,87.81
2026,11,ANT,1,MEDIUM,21,21,21,67.2,87.79
2026,11,ANT,1,MEDIUM,22,22,22,65.4,87.957
2026,11,ANT,1,MEDIUM,23,23,23,63.6,88.055
2026,11,ANT,1,MEDIUM,24,24,24,61.8,88.087
2026,11,ANT,1,MEDIUM,25,25,25,60.0,88.174
2026,11,ANT,1,MEDIUM,26,26,26,58.2,88.247
2026,11,ANT,1,MEDIUM,27,27,27,56.4,88.452
2026,11,ANT,2,HARD,1,28,1,54.6,86.136
2026,11,ANT,2,HARD,2,29,2,52.8,86.189
2026,11,ANT,2,HARD,3,30,3,51.0,86.341
2026,11,ANT,2,HARD,4,31,4,49.2,86.167
2026,11,ANT,2,HARD,5,32,5,47.4,86.194
2026,11,ANT,2,HARD,6,33,6,45.6,86.372
2026,11,ANT,2,HARD,7,34,7,43.8,86.472
2026,11,ANT,2,HARD,8,35,8,42.0,86.361
2026,11,ANT,2,HARD,9,36,9,40.2,86.522
2026,11,ANT,2,HARD,10,37,10,38.4,86.445
2026,11,ANT,2,HARD,11,38,11,36.6,86.527
2026,11,ANT,2,HARD,12,39,12,34.8,86.779
2026,11,ANT,2,HARD,13,40,13,33.0,86.651
2026,11,ANT,2,HARD,14,41,14,31.2,86.735
2026,11,ANT,2,HARD,15,42,15,29.4,86.708
2026,11,ANT,2,HARD,16,43,16,27.6,86.879
2026,11,ANT,2,HARD,17,44,17,25.8,86.826
2026,11,ANT,2,HARD,18,45,18,24.0,86.848
2026,11,ANT,2,HARD,19,46,19,22.2,86.955
2026,11,ANT,2,HARD,20,47,20,20.4,86.874
2026,11,ANT,2,HARD,21,48,21,18.6,87.047
2026,11,ANT,2,HARD,22,49,22,16.8,87.057
2026,11,ANT,2,HARD,23,50,23,15.0,87.135
2026,11,ANT,2,HARD,24,51,24,13.2,87.151
2026,11,ANT,2,HARD,25,52,25,11.4,87.183
2026,11,ANT,2,HARD,26,53,26,9.6,87.355
2026,11,ANT,2,HARD,27,54,27,7.8,87.346
2026,11,ANT,2,HARD,28,55,28,6.0,87.52
2026,11,HAD,1,MEDIUM,1,1,1,103.2,87.194
2026,11,HAD,1,MEDIUM,2,2,2,101.4,87.246
2026,11,HAD,1,MEDIUM,3,3,3,99.6,87.131
2026,11,HAD,1,MEDIUM,4,4,4,97.8,87.146
2026,11,HAD,1,MEDIUM,5,5,5,96.0,87.273
2026,11,HAD,1,MEDIUM,6,6,6,94.2,87.364
2026,11,HAD,1,MEDIUM,7,7,7,92.4,87.486
2026,11,HAD,1,MEDIUM,8,8,8,90.6,87.58
2026,11,HAD,1,MEDIUM,9,9,9,88.8,87.362
2026,11,HAD,1,MEDIUM,10,10,10,87.0,87.565
2026,11,HAD,1,MEDIUM,11,11,11,85.2,87.538
2026,11,HAD,1,MEDIUM,12,12,12,83.4,87.577
2026,11,HAD,1,MEDIUM,13,13,13,81.6,87.632
2026,11,HAD,1,MEDIUM,14,14,14,79.8,87.69
2026,11,HAD,1,MEDIUM,15,15,15,78.0,87.781
2026,11,HAD,1,MEDIUM,16,16,16,76.2,87.772
2026,11,HAD,1,MEDIUM,17,17,17,74.4,87.979
2026,11,HAD,1,MEDIUM,18,18,18,72.6,87.815
2026,11,HAD,1,MEDIUM,19,19,19,70.8,87.965
2026,11,HAD,1,MEDIUM,20,20,20,69.0,88.075
2026,11,HAD,1,MEDIUM,21,21,21,67.2,88.092
2026,11,HAD,1,MEDIUM,22,22,22,65.4,87.907
2026,11,HAD,1,MEDIUM,23,23,23,63.6,88.034
2026,11,HAD,1,MEDIUM,24,24,24,61.8,88.14
2026,11,HAD,1,MEDIUM,25,25,25,60.0,88.144
2026,11,HAD,1,MEDIUM,26,26,26,58.2,88.214
2026,11,HAD,1,MEDIUM,27,27,27,56.4,88.234
2026,11,HAD,2,HARD,1,28,1,54.6,86.335
2026,11,HAD,2,HARD,2,29,2,52.8,86.473
2026,11,HAD,2,HARD,3,30,3,51.0,86.254
2026,11,HAD,2,HARD,4,31,4,49.2,86.421
2026,11,HAD,2,HARD,5,32,5,47.4,86.416
2026,11,HAD,2,HARD,6,33,6,45.6,86.449
2026,11,HAD,2,HARD,7,34,7,43.8,86.431
2026,11,HAD,2,HARD,8,35,8,42.0,86.538
2026,11,HAD,2,HARD,9,36,9,40.2,86.643
2026,11,HAD,2,HARD,10,37,10,38.4,86.489
2026,11,HAD,2,HARD,11,38,11,36.6,86.66
2026,11,HAD,2,HARD,12,39,12,34.8,86.701
2026,11,HAD,2,HARD,13,40,13,33.0,86.73
2026,11,HAD,2,HARD,14,41,14,31.2,86.767
2026,11,HAD,2,HARD,15,42,15,29.4,86.78
2026,11,HAD,2,HARD,16,43,16,27.6,86.856
2026,11,HAD,2,HARD,17,44,17,25.8,86.957
2026,11,HAD,2,HARD,18,45,18,24.0,87.026
2026,11,HAD,2,HARD,19,46,19,22.2,87.168
2026,11,HAD,2,HARD,20,47,20,20.4,87.23
2026,11,HAD,2,HARD,21,48,21,18.6,87.124
2026,11,HAD,2,HARD,22,49,22,16.8,87.193
2026,11,HAD,2,HARD,23,50,23,15.0,87.361
2026,11,HAD,2,HARD,24,51,24,13.2,87.159
2026,11,HAD,2,HARD,25,52,25,11.4,87.407
2026,11,HAD,2,HARD,26,53,26,9.6,87.435
2026,11,HAD,2,HARD,27,54,27,7.8,87.493
2026,11,HAD,2,HARD,28,55,28,6.0,87.411
2026,12,NOR,1,MEDIUM,1,1,1,103.2,86.539
2026,12,NOR,1,MEDIUM,2,2,2,101.4,86.553
2026,12,NOR,1,MEDIUM,3,3,3,99.6,86.728
2026,12,NOR,1,MEDIUM,4,4,4,97.8,86.612
2026,12,NOR,1,MEDIUM,5,5,5,96.0,86.71
2026,12,NOR,1,MEDIUM,6,6,6,94.2,86.865
2026,12,NOR,1,MEDIUM,7,7,7,92.4,86.778
2026,12,NOR,1,MEDIUM,8,8,8,90.6,86.803
2026,12,NOR,1,MEDIUM,9,9,9,88.8,86.912
2026,12,NOR,1,MEDIUM,10,10,10,87.0,86.874
2026,12,NOR,1,MEDIUM,11,11,11,85.2,86.972
2026,12,NOR,1,MEDIUM,12,12,12,83.4,86.848
2026,12,NOR,1,MEDIUM,13,13,13,81.6,87.148
2026,12,NOR,1,MEDIUM,14,14,14,79.8,87.045
2026,12,NOR,1,MEDIUM,15,15,15,78.0,87.091
2026,12,NOR,1,MEDIUM,16,16,16,76.2,87.067
2026,12,NOR,1,MEDIUM,17,17,17,74.4,87.21
2026,12,NOR,1,MEDIUM,18,18,18,72.6,87.354
2026,12,NOR,1,MEDIUM,19,19,19,70.8,87.375
2026,12,NOR,1,MEDIUM,20,20,20,69.0,87.436
2026,12,NOR,1,MEDIUM,21,21,21,67.2,87.529
2026,12,NOR,1,MEDIUM,22,22,22,65.4,87.523
2026,12,NOR,1,MEDIUM,23,23,23,63.6,87.668
2026,12,NOR,1,MEDIUM,24,24,24,61.8,87.615
2026,12,NOR,1,MEDIUM,25,25,25,60.0,87.653
2026,12,NOR,1,MEDIUM,26,26,26,58.2,87.811
2026,12,NOR,1,MEDIUM,27,27,27,56.4,87.795
2026,12,NOR,2,HARD,1,28,1,54.6,85.492
2026,12,NOR,2,HARD,2,29,2,52.8,85.8
2026,12,NOR,2,HARD,3,30,3,51.0,85.894
2026,12,NOR,2,HARD,4,31,4,49.2,85.727
2026,12,NOR,2,HARD,5,32,5,47.4,85.858
2026,12,NOR,2,HARD,6,33,6,45.6,85.876
2026,12,NOR,2,HARD,7,34,7,43.8,85.963
2026,12,NOR,2,HARD,8,35,8,42.0,85.986
2026,12,NOR,2,HARD,9,36,9,40.2,86.141
2026,12,NOR,2,HARD,10,37,10,38.4,86.155
2026,12,NOR,2,HARD,11,38,11,36.6,86.006
2026,12,NOR,2,HARD,12,39,12,34.8,86.195
2026,12,NOR,2,HARD,13,40,13,33.0,86.198
2026,12,NOR,2,HARD,14,41,14,31.2,86.196
2026,12,NOR,2,HARD,15,42,15,29.4,86.239
2026,12,NOR,2,HARD,16,43,16,27.6,86.434
2026,12,NOR,2,HARD,17,44,17,25.8,86.39
2026,12,NOR,2,HARD,18,45,18,24.0,86.467
2026,12,NOR,2,HARD,19,46,19,22.2,86.496
2026,12,NOR,2,HARD,20,47,20,20.4,86.529
2026,12,NOR,2,HARD,21,48,21,18.6,86.519
2026,12,NOR,2,HARD,22,49,22,16.8,86.626
2026,12,NOR,2,HARD,23,50,23,15.0,86.596
2026,12,NOR,2,HARD,24,51,24,13.2,86.703
2026,12,NOR,2,HARD,25,52,25,11.4,86.705
2026,12,NOR,2,HARD,26,53,26,9.6,86.769
2026,12,NOR,2,HARD,27,54,27,7.8,86.957
2026,12,NOR,2,HARD,28,55,28,6.0,86.977
2026,12,RUS,1,MEDIUM,1,1,1,103.2,86.749
2026,12,RUS,1,MEDIUM,2,2,2,101.4,86.665
2026,12,RUS,1,MEDIUM,3,3,3,99.6,86.776
2026,12,RUS,1,MEDIUM,4,4,4,97.8,86.817
2026,12,RUS,1,MEDIUM,5,5,5,96.0,86.909
2026,12,RUS,1,MEDIUM,6,6,6,94.2,86.83
2026,12,RUS,1,MEDIUM,7,7,7,92.4,86.871
2026,12,RUS,1,MEDIUM,8,8,8,90.6,86.97
2026,12,RUS,1,MEDIUM,9,9,9,88.8,86.839
2026,12,RUS,1,MEDIUM,10,10,10,87.0,87.042
2026,12,RUS,1,MEDIUM,11,11,11,85.2,87.057
2026,12,RUS,1,MEDIUM,12,12,12,83.4,87.062
2026,12,RUS,1,MEDIUM,13,13,13,81.6,87.264
2026,12,RUS,1,MEDIUM,14,14,14,79.8,87.273
2026,12,RUS,1,MEDIUM,15,15,15,78.0,87.284
2026,12,RUS,1,MEDIUM,16,16,16,76.2,87.328
2026,12,RUS,1,MEDIUM,17,17,17,74.4,87.312
2026,12,RUS,1,MEDIUM,18,18,18,72.6,87.351
2026,12,RUS,1,MEDIUM,19,19,19,70.8,87.408
2026,12,RUS,1,MEDIUM,20,20,20,69.0,87.456
2026,12,RUS,1,MEDIUM,21,21,21,67.2,87.548
2026,12,RUS,1,MEDIUM,22,22,22,65.4,87.712
2026,12,RUS,1,MEDIUM,23,23,23,63.6,87.76
2026,12,RUS,1,MEDIUM,24,24,24,61.8,87.714
2026,12,RUS,1,MEDIUM,25,25,25,60.0,87.736
2026,12,RUS,1,MEDIUM,26,26,26,58.2,87.866
2026,12,RUS,1,MEDIUM,27,27,27,56.4,87.803
2026,12,RUS,2,HARD,1,28,1,54.6,85.783
2026,12,RUS,2,HARD,2,29,2,52.8,85.672
2026,12,RUS,2,HARD,3,30,3,51.0,85.742
2026,12,RUS,2,HARD,4,31,4,49.2,85.98
2026,12,RUS,2,HARD,5,32,5,47.4,85.959
2026,12,RUS,2,HARD,6,33,6,45.6,85.916
2026,12,RUS,2,HARD,7,34,7,43.8,86.004
2026,12,RUS,2,HARD,8,35,8,42.0,86.048
2026,12,RUS,2,HARD,9,36,9,40.2,86.089
2026,12,RUS,2,HARD,10,37,10,38.4,86.227
2026,12,RUS,2,HARD,11,38,11,36.6,86.149
2026,12,RUS,2,HARD,12,39,12,34.8,86.075
2026,12,RUS,2,HARD,13,40,13,33.0,86.29
2026,12,RUS,2,HARD,14,41,14,31.2,86.248
2026,12,RUS,2,HARD,15,42,15,29.4,86.177
2026,12,RUS,2,HARD,16,43,16,27.6,86.345
2026,12,RUS,2,HARD,17,44,17,25.8,86.395
2026,12,RUS,2,HARD,18,45,18,24.0,86.586
2026,12,RUS,2,HARD,19,46,19,22.2,86.506
2026,12,RUS,2,HARD,20,47,20,20.4,86.525
2026,12,RUS,2,HARD,21,48,21,18.6,86.657
2026,12,RUS,2,HARD,22,49,22,16.8,86.709
2026,12,RUS,2,HARD,23,50,23,15.0,86.832
2026,12,RUS,2,HARD,24,51,24,13.2,86.721
2026,12,RUS,2,HARD,25,52,25,11.4,86.926
2026,12,RUS,2,HARD,26,53,26,9.6,86.836
2026,12,RUS,2,HARD,27,54,27,7.8,86.941
2026,12,RUS,2,HARD,28,55,28,6.0,86.98
2026,12,ANT,1,MEDIUM,1,1,1,103.2,86.751
2026,12,ANT,1,MEDIUM,2,2,2,101.4,86.902
2026,12,ANT,1,MEDIUM,3,3,3,99.6,86.914
2026,12,ANT,1,MEDIUM,4,4,4,97.8,86.915
2026,12,ANT,1,MEDIUM,5,5,5,96.0,86.979
2026,12,ANT,1,MEDIUM,6,6,6,94.2,86.903
2026,12,ANT,1,MEDIUM,7,7,7,92.4,86.904
2026,12,ANT,1,MEDIUM,8,8,8,90.6,86.943
2026,12,ANT,1,MEDIUM,9,9,9,88.8,86.976
2026,12,ANT,1,MEDIUM,10,10,10,87.0,87.137
2026,12,ANT,1,MEDIUM,11,11,11,85.2,87.048
2026,12,ANT,1,MEDIUM,12,12,12,83.4,87.213
2026,12,ANT,1,MEDIUM,13,13,13,81.6,87.237
2026,12,ANT,1,MEDIUM,14,14,14,79.8,87.227
2026,12,ANT,1,MEDIUM,15,15,15,78.0,87.558
2026,12,ANT,1,MEDIUM,16,16,16,76.2,87.395
2026,12,ANT,1,MEDIUM,17,17,17,74.4,87.31
2026,12,ANT,1,MEDIUM,18,18,18,72.6,87.297
2026,12,ANT,1,MEDIUM,19,19,19,70.8,87.457
2026,12,ANT,1,MEDIUM,20,20,20,69.0,87.728
2026,12,ANT,1,MEDIUM,21,21,21,67.2,87.631
2026,12,ANT,1,MEDIUM,22,22,22,65.4,87.713
2026,12,ANT,1,MEDIUM,23,23,23,63.6,87.807
2026,12,ANT,1,MEDIUM,24,24,24,61.8,87.748
2026,12,ANT,1,MEDIUM,25,25,25,60.0,87.716
2026,12,ANT,1,MEDIUM,26,26,26,58.2,87.936
2026,12,ANT,1,MEDIUM,27,27,27,56.4,87.911
2026,12,ANT,2,HARD,1,28,1,54.6,85.898
2026,12,ANT,2,HARD,2,29,2,52.8,85.888
2026,12,ANT,2,HARD,3,30,3,51.0,85.884
2026,12,ANT,2,HARD,4,31,4,49.2,85.932
2026,12,ANT,2,HARD,5,32,5,47.4,85.913
2026,12,ANT,2,HARD,6,33,6,45.6,86.083
2026,12,ANT,2,HARD,7,34,7,43.8,86.041
2026,12,ANT,2,HARD,8,35,8,42.0,86.085
2026,12,ANT,2,HARD,9,36,9,40.2,86.136
2026,12,ANT,2,HARD,10,37,10,38.4,86.268
2026,12,ANT,2,HARD,11,38,11,36.6,86.416
2026,12,ANT,2,HARD,12,39,12,34.8,86.441
2026,12,ANT,2,HARD,13,40,13,33.0,86.292
2026,12,ANT,2,HARD,14,41,14,31.2,86.315
2026,12,ANT,2,HARD,15,42,15,29.4,86.484
2026,12,ANT,2,HARD,16,43,16,27.6,86.453
2026,12,ANT,2,HARD,17,44,17,25.8,86.46
2026,12,ANT,2,HARD,18,45,18,24.0,86.673
2026,12,ANT,2,HARD,19,46,19,22.2,86.594
2026,12,ANT,2,HARD,20,47,20,20.4,86.824
2026,12,ANT,2,HARD,21,48,21,18.6,86.674
2026,12,ANT,2,HARD,22,49,22,16.8,86.765
2026,12,ANT,2,HARD,23,50,23,15.0,86.931
2026,12,ANT,2,HARD,24,51,24,13.2,86.963
2026,12,ANT,2,HARD,25,52,25,11.4,86.964
2026,12,ANT,2,HARD,26,53,26,9.6,87.033
2026,12,ANT,2,HARD,27,54,27,7.8,87.092
2026,12,ANT,2,HARD,28,55,28,6.0,87.194
2026,12,PIA,1,MEDIUM,1,1,1,103.2,86.731
2026,12,PIA,1,MEDIUM,2,2,2,101.4,86.747
2026,12,PIA,1,MEDIUM,3,3,3,99.6,86.916
2026,12,PIA,1,MEDIUM,4,4,4,97.8,87.057
2026,12,PIA,1,MEDIUM,5,5,5,96.0,87.02
2026,12,PIA,1,MEDIUM,6,6,6,94.2,87.041
2026,12,PIA,1,MEDIUM,7,7,7,92.4,87.013
2026,12,PIA,1,MEDIUM,8,8,8,90.6,87.088
2026,12,PIA,1,MEDIUM,9,9,9,88.8,87.122
2026,12,PIA,1,MEDIUM,10,10,10,87.0,87.14
2026,12,PIA,1,MEDIUM,11,11,11,85.2,87.298
2026,12,PIA,1,MEDIUM,12,12,12,83.4,87.408
2026,12,PIA,1,MEDIUM,13,13,13,81.6,87.172
2026,12,PIA,1,MEDIUM,14,14,14,79.8,87.3
2026,12,PIA,1,MEDIUM,15,15,15,78.0,87.445
2026,12,PIA,1,MEDIUM,16,16,16,76.2,87.42
2026,12,PIA,1,MEDIUM,17,17,17,74.4,87.485
2026,12,PIA,1,MEDIUM,18,18,18,72.6,87.724
2026,12,PIA,1,MEDIUM,19,19,19,70.8,87.651
2026,12,PIA,1,MEDIUM,20,20,20,69.0,87.64
2026,12,PIA,1,MEDIUM,21,21,21,67.2,87.668
2026,12,PIA,1,MEDIUM,22,22,22,65.4,87.822
2026,12,PIA,1,MEDIUM,23,23,23,63.6,87.938
2026,12,PIA,1,MEDIUM,24,24,24,61.8,87.791
2026,12,PIA,1,MEDIUM,25,25,25,60.0,87.898
2026,12,PIA,1,MEDIUM,26,26,26,58.2,87.925
2026,12,PIA,1,MEDIUM,27,27,27,56.4,87.993
2026,12,PIA,2,HARD,1,28,1,54.6,85.931
2026,12,PIA,2,HARD,2,29,2,52.8,85.979
2026,12,PIA,2,HARD,3,30,3,51.0,86.002
2026,12,PIA,2,HARD,4,31,4,49.2,86.052
2026,12,PIA,2,HARD,5,32,5,47.4,86.018
2026,12,PIA,2,HARD,6,33,6,45.6,86.293
2026,12,PIA,2,HARD,7,34,7,43.8,86.067
2026,12,PIA,2,HARD,8,35,8,42.0,86.091
2026,12,PIA,2,HARD,9,36,9,40.2,86.363
2026,12,PIA,2,HARD,10,37,10,38.4,86.251
2026,12,PIA,2,HARD,11,38,11,36.6,86.504
2026,12,PIA,2,HARD,12,39,12,34.8,86.398
2026,12,PIA,2,HARD,13,40,13,33.0,86.465
2026,12,PIA,2,HARD,14,41,14,31.2,86.445
2026,12,PIA,2,HARD,15,42,15,29.4,86.65
2026,12,PIA,2,HARD,16,43,16,27.6,86.586
2026,12,PIA,2,HARD,17,44,17,25.8,86.577
2026,12,PIA,2,HARD,18,45,18,24.0,86.647
2026,12,PIA,2,HARD,19,46,19,22.2,86.6
2026,12,PIA,2,HARD,20,47,20,20.4,86.754
2026,12,PIA,2,HARD,21,48,21,18.6,86.794
2026,12,PIA,2,HARD,22,49,22,16.8,86.802
2026,12,PIA,2,HARD,23,50,23,15.0,86.927
2026,12,PIA,2,HARD,24,51,24,13.2,86.949
2026,12,PIA,2,HARD,25,52,25,11.4,87.042
2026,12,PIA,2,HARD,26,53,26,9.6,87.069
2026,12,PIA,2,HARD,27,54,27,7.8,86.95
2026,12,PIA,2,HARD,28,55,28,6.0,87.256
2026,12,HAM,1,MEDIUM,1,1,1,103.2,86.966
2026,12,HAM,1,MEDIUM,2,2,2,101.4,86.925
2026,12,HAM,1,MEDIUM,3,3,3,99.6,86.854
2026,12,HAM,1,MEDIUM,4,4,4,97.8,87.024
2026,12,HAM,1,MEDIUM,5,5,5,96.0,87.183
2026,12,HAM,1,MEDIUM,6,6,6,94.2,87.037
2026,12,HAM,1,MEDIUM,7,7,7,92.4,86.983
2026,12,HAM,1,MEDIUM,8,8,8,90.6,86.957
2026,12,HAM,1,MEDIUM,9,9,9,88.8,87.093
2026,12,HAM,1,MEDIUM,10,10,10,87.0,87.269
2026,12,HAM,1,MEDIUM,11,11,11,85.2,87.294
2026,12,HAM,1,MEDIUM,12,12,12,83.4,87.266
2026,12,HAM,1,MEDIUM,13,13,13,81.6,87.316
2026,12,HAM,1,MEDIUM,14,14,14,79.8,87.49
2026,12,HAM,1,MEDIUM,15,15,15,78.0,87.35
2026,12,HAM,1,MEDIUM,16,16,16,76.2,87.551
2026,12,HAM,1,MEDIUM,17,17,17,74.4,87.612
2026,12,HAM,1,MEDIUM,18,18,18,72.6,87.698
2026,12,HAM,1,MEDIUM,19,19,19,70.8,87.676
2026,12,HAM,1,MEDIUM,20,20,20,69.0,87.768
2026,12,HAM,1,MEDIUM,21,21,21,67.2,87.827
2026,12,HAM,1,MEDIUM,22,22,22,65.4,87.79
2026,12,HAM,1,MEDIUM,23,23,23,63.6,87.884
2026,12,HAM,1,MEDIUM,24,24,24,61.8,87.866
2026,12,HAM,1,MEDIUM,25,25,25,60.0,87.979
2026,12,HAM,1,MEDIUM,26,26,26,58.2,88.003
2026,12,HAM,1,MEDIUM,27,27,27,56.4,88.038
2026,12,HAM,2,HARD,1,28,1,54.6,86.066
2026,12,HAM,2,HARD,2,29,2,52.8,85.997
2026,12,HAM,2,HARD,3,30,3,51.0,85.982
2026,12,HAM,2,HARD,4,31,4,49.2,86.068
2026,12,HAM,2,HARD,5,32,5,47.4,86.158
2026,12,HAM,2,HARD,6,33,6,45.6,86.225
2026,12,HAM,2,HARD,7,34,7,43.8,86.115
2026,12,HAM,2,HARD,8,35,8,42.0,86.205
2026,12,HAM,2,HARD,9,36,9,40.2,86.269
2026,12,HAM,2,HARD,10,37,10,38.4,86.352
2026,12,HAM,2,HARD,11,38,11,36.6,86.446
2026,12,HAM,2,HARD,12,39,12,34.8,86.381
2026,12,HAM,2,HARD,13,40,13,33.0,86.349
2026,12,HAM,2,HARD,14,41,14,31.2,86.507
2026,12,HAM,2,HARD,15,42,15,29.4,86.617
2026,12,HAM,2,HARD,16,43,16,27.6,86.518
2026,12,HAM,2,HARD,17,44,17,25.8,86.662
2026,12,HAM,2,HARD,18,45,18,24.0,86.588
2026,12,HAM,2,HARD,19,46,19,22.2,86.564
2026,12,HAM,2,HARD,20,47,20,20.4,86.767
2026,12,HAM,2,HARD,21,48,21,18.6,86.926
2026,12,HAM,2,HARD,22,49,22,16.8,86.866
2026,12,HAM,2,HARD,23,50,23,15.0,86.923
2026,12,HAM,2,HARD,24,51,24,13.2,86.977
2026,12,HAM,2,HARD,25,52,25,11.4,87.131
2026,12,HAM,2,HARD,26,53,26,9.6,87.275
2026,12,HAM,2,HARD,27,54,27,7.8,87.207
2026,12,HAM,2,HARD,28,55,28,6.0,87.215
2026,12,LEC,1,MEDIUM,1,1,1,103.2,87.091
2026,12,LEC,1,MEDIUM,2,2,2,101.4,86.946
2026,12,LEC,1,MEDIUM,3,3,3,99.6,86.947
2026,12,LEC,1,MEDIUM,4,4,4,97.8,87.072
2026,12,LEC,1,MEDIUM,5,5,5,96.0,87.193
2026,12,LEC,1,MEDIUM,6,6,6,94.2,87.201
2026,12,LEC,1,MEDIUM,7,7,7,92.4,87.168
2026,12,LEC,1,MEDIUM,8,8,8,90.6,87.244
2026,12,LEC,1,MEDIUM,9,9,9,88.8,87.262
2026,12,LEC,1,MEDIUM,10,10,10,87.0,87.33
2026,12,LEC,1,MEDIUM,11,11,11,85.2,87.359
2026,12,LEC,1,MEDIUM,12,12,12,83.4,87.265
2026,12,LEC,1,MEDIUM,13,13,13,81.6,87.536
2026,12,LEC,1,MEDIUM,14,14,14,79.8,87.357
2026,12,LEC,1,MEDIUM,15,15,15,78.0,87.666
2026,12,LEC,1,MEDIUM,16,16,16,76.2,87.635
2026,12,LEC,1,MEDIUM,17,17,17,74.4,87.61
2026,12,LEC,1,MEDIUM,18,18,18,72.6,87.596
2026,12,LEC,1,MEDIUM,19,19,19,70.8,87.704
2026,12,LEC,1,MEDIUM,20,20,20,69.0,87.794
2026,12,LEC,1,MEDIUM,21,21,21,67.2,87.814
2026,12,LEC,1,MEDIUM,22,22,22,65.4,87.895
2026,12,LEC,1,MEDIUM,23,23,23,63.6,88.053
2026,12,LEC,1,MEDIUM,24,24,24,61.8,87.996
2026,12,LEC,1,MEDIUM,25,25,25,60.0,88.046
2026,12,LEC,1,MEDIUM,26,26,26,58.2,88.121
2026,12,LEC,1,MEDIUM,27,27,27,56.4,88.017
2026,12,LEC,2,HARD,1,28,1,54.6,86.062
2026,12,LEC,2,HARD,2,29,2,52.8,86.136
2026,12,LEC,2,HARD,3,30,3,51.0,86.021
2026,12,LEC,2,HARD,4,31,4,49.2,86.163
2026,12,LEC,2,HARD,5,32,5,47.4,86.133
2026,12,LEC,2,HARD,6,33,6,45.6,86.533
2026,12,LEC,2,HARD,7,34,7,43.8,86.255
2026,12,LEC,2,HARD,8,35,8,42.0,86.413
2026,12,LEC,2,HARD,9,36,9,40.2,86.411
2026,12,LEC,2,HARD,10,37,10,38.4,86.466
2026,12,LEC,2,HARD,11,38,11,36.6,86.584
2026,12,LEC,2,HARD,12,39,12,34.8,86.437
2026,12,LEC,2,HARD,13,40,13,33.0,86.512
2026,12,LEC,2,HARD,14,41,14,31.2,86.623
2026,12,LEC,2,HARD,15,42,15,29.4,86.673
2026,12,LEC,2,HARD,16,43,16,27.6,86.786
2026,12,LEC,2,HARD,17,44,17,25.8,86.866
2026,12,LEC,2,HARD,18,45,18,24.0,86.82
2026,12,LEC,2,HARD,19,46,19,22.2,86.645
2026,12,LEC,2,HARD,20,47,20,20.4,87.033
2026,12,LEC,2,HARD,21,48,21,18.6,86.874
2026,12,LEC,2,HARD,22,49,22,16.8,86.979
2026,12,LEC,2,HARD,23,50,23,15.0,87.065
2026,12,LEC,2,HARD,24,51,24,13.2,87.185
2026,12,LEC,2,HARD,25,52,25,11.4,87.194
2026,12,LEC,2,HARD,26,53,26,9.6,87.227
2026,12,LEC,2,HARD,27,54,27,7.8,87.242
2026,12,LEC,2,HARD,28,55,28,6.0,87.363
2026,13,RUS,1,MEDIUM,1,1,1,103.2,86.732
2026,13,RUS,1,MEDIUM,2,2,2,101.4,86.651
2026,13,RUS,1,MEDIUM,3,3,3,99.6,86.736
2026,13,RUS,1,MEDIUM,4,4,4,97.8,86.82
2026,13,RUS,1,MEDIUM,5,5,5,96.0,86.66
2026,13,RUS,1,MEDIUM,6,6,6,94.2,86.784
2026,13,RUS,1,MEDIUM,7,7,7,92.4,86.842
2026,13,RUS,1,MEDIUM,8,8,8,90.6,86.838
2026,13,RUS,1,MEDIUM,9,9,9,88.8,87.039
2026,13,RUS,1,MEDIUM,10,10,10,87.0,86.891
2026,13,RUS,1,MEDIUM,11,11,11,85.2,87.18
2026,13,RUS,1,MEDIUM,12,12,12,83.4,87.002
2026,13,RUS,1,MEDIUM,13,13,13,81.6,87.03
2026,13,RUS,1,MEDIUM,14,14,14,79.8,87.007
2026,13,RUS,1,MEDIUM,15,15,15,78.0,87.224
2026,13,RUS,1,MEDIUM,16,16,16,76.2,87.35
2026,13,RUS,1,MEDIUM,17,17,17,74.4,87.426
2026,13,RUS,1,MEDIUM,18,18,18,72.6,87.442
2026,13,RUS,1,MEDIUM,19,19,19,70.8,87.491
2026,13,RUS,1,MEDIUM,20,20,20,69.0,87.621
2026,13,RUS,1,MEDIUM,21,21,21,67.2,87.552
2026,13,RUS,1,MEDIUM,22,22,22,65.4,87.651
2026,13,RUS,1,MEDIUM,23,23,23,63.6,87.666
2026,13,RUS,1,MEDIUM,24,24,24,61.8,87.75
2026,13,RUS,1,MEDIUM,25,25,25,60.0,87.672
2026,13,RUS,1,MEDIUM,26,26,26,58.2,87.754
2026,13,RUS,2,HARD,1,27,1,56.4,85.917
2026,13,RUS,2,HARD,2,28,2,54.6,85.806
2026,13,RUS,2,HARD,3,29,3,52.8,85.803
2026,13,RUS,2,HARD,4,30,4,51.0,85.848
2026,13,RUS,2,HARD,5,31,5,49.2,85.825
2026,13,RUS,2,HARD,6,32,6,47.4,85.974
2026,13,RUS,2,HARD,7,33,7,45.6,86.011
2026,13,RUS,2,HARD,8,34,8,43.8,86.047
2026,13,RUS,2,HARD,9,35,9,42.0,86.078
2026,13,RUS,2,HARD,10,36,10,40.2,86.113
2026,13,RUS,2,HARD,11,37,11,38.4,86.22
2026,13,RUS,2,HARD,12,38,12,36.6,86.131
2026,13,RUS,2,HARD,13,39,13,34.8,86.258
2026,13,RUS,2,HARD,14,40,14,33.0,86.238
2026,13,RUS,2,HARD,15,41,15,31.2,86.403
2026,13,RUS,2,HARD,16,42,16,29.4,86.431
2026,13,RUS,2,HARD,17,43,17,27.6,86.525
2026,13,RUS,2,HARD,18,44,18,25.8,86.477
2026,13,RUS,2,HARD,19,45,19,24.0,86.569
2026,13,RUS,2,HARD,20,46,20,22.2,86.589
2026,13,RUS,2,HARD,21,47,21,20.4,86.661
2026,13,RUS,2,HARD,22,48,22,18.6,86.708
2026,13,RUS,2,HARD,23,49,23,16.8,86.836
2026,13,RUS,2,HARD,24,50,24,15.0,86.837
2026,13,RUS,2,HARD,25,51,25,13.2,86.951
2026,13,RUS,2,HARD,26,52,26,11.4,86.938
2026,13,RUS,2,HARD,27,53,27,9.6,87.069
2026,13,HAM,1,MEDIUM,1,1,1,103.2,86.751
2026,13,HAM,1,MEDIUM,2,2,2,101.4,86.651
2026,13,HAM,1,MEDIUM,3,3,3,99.6,86.933
2026,13,HAM,1,MEDIUM,4,4,4,97.8,86.972
2026,13,HAM,1,MEDIUM,5,5,5,96.0,86.969
2026,13,HAM,1,MEDIUM,6,6,6,94.2,86.972
2026,13,HAM,1,MEDIUM,7,7,7,92.4,86.947
2026,13,HAM,1,MEDIUM,8,8,8,90.6,87.199
2026,13,HAM,1,MEDIUM,9,9,9,88.8,87.109
2026,13,HAM,1,MEDIUM,10,10,10,87.0,87.291
2026,13,HAM,1,MEDIUM,11,11,11,85.2,87.299
2026,13,HAM,1,MEDIUM,12,12,12,83.4,87.305
2026,13,HAM,1,MEDIUM,13,13,13,81.6,87.409
2026,13,HAM,1,MEDIUM,14,14,14,79.8,87.256
2026,13,HAM,1,MEDIUM,15,15,15,78.0,87.44
2026,13,HAM,1,MEDIUM,16,16,16,76.2,87.52
2026,13,HAM,1,MEDIUM,17,17,17,74.4,87.461
2026,13,HAM,1,MEDIUM,18,18,18,72.6,87.524
2026,13,HAM,1,MEDIUM,19,19,19,70.8,87.486
2026,13,HAM,1,MEDIUM,20,20,20,69.0,87.589
2026,13,HAM,1,MEDIUM,21,21,21,67.2,87.687
2026,13,HAM,1,MEDIUM,22,22,22,65.4,87.675
2026,13,HAM,1,MEDIUM,23,23,23,63.6,87.691
2026,13,HAM,1,MEDIUM,24,24,24,61.8,87.822
2026,13,HAM,1,MEDIUM,25,25,25,60.0,87.948
2026,13,HAM,1,MEDIUM,26,26,26,58.2,88.086
2026,13,HAM,2,HARD,1,27,1,56.4,86.012
2026,13,HAM,2,HARD,2,28,2,54.6,85.884
2026,13,HAM,2,HARD,3,29,3,52.8,86.022
2026,13,HAM,2,HARD,4,30,4,51.0,86.165
2026,13,HAM,2,HARD,5,31,5,49.2,86.135
2026,13,HAM,2,HARD,6,32,6,47.4,86.142
2026,13,HAM,2,HARD,7,33,7,45.6,86.157
2026,13,HAM,2,HARD,8,34,8,43.8,86.186
2026,13,HAM,2,HARD,9,35,9,42.0,86.138
2026,13,HAM,2,HARD,10,36,10,40.2,86.441
2026,13,HAM,2,HARD,11,37,11,38.4,86.383
2026,13,HAM,2,HARD,12,38,12,36.6,86.174
2026,13,HAM,2,HARD,13,39,13,34.8,86.491
2026,13,HAM,2,HARD,14,40,14,33.0,86.522
2026,13,HAM,2,HARD,15,41,15,31.2,86.486
2026,13,HAM,2,HARD,16,42,16,29.4,86.628
2026,13,HAM,2,HARD,17,43,17,27.6,86.692
2026,13,HAM,2,HARD,18,44,18,25.8,86.588
2026,13,HAM,2,HARD,19,45,19,24.0,86.816
2026,13,HAM,2,HARD,20,46,20,22.2,86.78
2026,13,HAM,2,HARD,21,47,21,20.4,86.85
2026,13,HAM,2,HARD,22,48,22,18.6,86.825
2026,13,HAM,2,HARD,23,49,23,16.8,86.928
2026,13,HAM,2,HARD,24,50,24,15.0,87.154
2026,13,HAM,2,HARD,25,51,25,13.2,87.059
2026,13,HAM,2,HARD,26,52,26,11.4,87.139
2026,13,HAM,2,HARD,27,53,27,9.6,87.04
2026,13,VER,1,MEDIUM,1,1,1,103.2,86.874
2026,13,VER,1,MEDIUM,2,2,2,101.4,86.968
2026,13,VER,1,MEDIUM,3,3,3,99.6,87.011
2026,13,VER,1,MEDIUM,4,4,4,97.8,86.891
2026,13,VER,1,MEDIUM,5,5,5,96.0,86.984
2026,13,VER,1,MEDIUM,6,6,6,94.2,87.004
2026,13,VER,1,MEDIUM,7,7,7,92.4,87.204
2026,13,VER,1,MEDIUM,8,8,8,90.6,87.261
2026,13,VER,1,MEDIUM,9,9,9,88.8,87.27
2026,13,VER,1,MEDIUM,10,10,10,87.0,87.214
2026,13,VER,1,MEDIUM,11,11,11,85.2,87.285
2026,13,VER,1,MEDIUM,12,12,12,83.4,87.255
2026,13,VER,1,MEDIUM,13,13,13,81.6,87.253
2026,13,VER,1,MEDIUM,14,14,14,79.8,87.586
2026,13,VER,1,MEDIUM,15,15,15,78.0,87.43
2026,13,VER,1,MEDIUM,16,16,16,76.2,87.522
2026,13,VER,1,MEDIUM,17,17,17,74.4,87.579
2026,13,VER,1,MEDIUM,18,18,18,72.6,87.584
2026,13,VER,1,MEDIUM,19,19,19,70.8,87.628
2026,13,VER,1,MEDIUM,20,20,20,69.0,87.748
2026,13,VER,1,MEDIUM,21,21,21,67.2,87.847
2026,13,VER,1,MEDIUM,22,22,22,65.4,87.862
2026,13,VER,1,MEDIUM,23,23,23,63.6,87.692
2026,13,VER,1,MEDIUM,24,24,24,61.8,87.853
2026,13,VER,1,MEDIUM,25,25,25,60.0,87.906
2026,13,VER,1,MEDIUM,26,26,26,58.2,88.11
2026,13,VER,2,HARD,1,27,1,56.4,85.993
2026,13,VER,2,HARD,2,28,2,54.6,86.058
2026,13,VER,2,HARD,3,29,3,52.8,86.13
2026,13,VER,2,HARD,4,30,4,51.0,86.311
2026,13,VER,2,HARD,5,31,5,49.2,86.205
2026,13,VER,2,HARD,6,32,6,47.4,86.29
2026,13,VER,2,HARD,7,33,7,45.6,86.163
2026,13,VER,2,HARD,8,34,8,43.8,86.274
2026,13,VER,2,HARD,9,35,9,42.0,86.348
2026,13,VER,2,HARD,10,36,10,40.2,86.352
2026,13,VER,2,HARD,11,37,11,38.4,86.362
2026,13,VER,2,HARD,12,38,12,36.6,86.569
2026,13,VER,2,HARD,13,39,13,34.8,86.534
2026,13,VER,2,HARD,14,40,14,33.0,86.482
2026,13,VER,2,HARD,15,41,15,31.2,86.531
2026,13,VER,2,HARD,16,42,16,29.4,86.778
2026,13,VER,2,HARD,17,43,17,27.6,86.508
2026,13,VER,2,HARD,18,44,18,25.8,86.918
2026,13,VER,2,HARD,19,45,19,24.0,86.848
2026,13,VER,2,HARD,20,46,20,22.2,86.813
2026,13,VER,2,HARD,21,47,21,20.4,86.996
2026,13,VER,2,HARD,22,48,22,18.6,87.175
2026,13,VER,2,HARD,23,49,23,16.8,86.894
2026,13,VER,2,HARD,24,50,24,15.0,87.146
2026,13,VER,2,HARD,25,51,25,13.2,87.15
2026,13,VER,2,HARD,26,52,26,11.4,87.222
2026,13,VER,2,HARD,27,53,27,9.6,87.268
2026,13,PIA,1,MEDIUM,1,1,1,103.2,86.943
2026,13,PIA,1,MEDIUM,2,2,2,101.4,87.021
2026,13,PIA,1,MEDIUM,3,3,3,99.6,86.848
2026,13,PIA,1,MEDIUM,4,4,4,97.8,87.211
2026,13,PIA,1,MEDIUM,5,5,5,96.0,87.136
2026,13,PIA,1,MEDIUM,6,6,6,94.2,87.225
2026,13,PIA,1,MEDIUM,7,7,7,92.4,87.251
2026,13,PIA,1,MEDIUM,8,8,8,90.6,87.374
2026,13,PIA,1,MEDIUM,9,9,9,88.8,87.258
2026,13,PIA,1,MEDIUM,10,10,10,87.0,87.192
2026,13,PIA,1,MEDIUM,11,11,11,85.2,87.399
2026,13,PIA,1,MEDIUM,12,12,12,83.4,87.608
2026,13,PIA,1,MEDIUM,13,13,13,81.6,87.47
2026,13,PIA,1,MEDIUM,14,14,14,79.8,87.698
2026,13,PIA,1,MEDIUM,15,15,15,78.0,87.646
2026,13,PIA,1,MEDIUM,16,16,16,76.2,87.608
2026,13,PIA,1,MEDIUM,17,17,17,74.4,87.578
2026,13,PIA,1,MEDIUM,18,18,18,72.6,87.705
2026,13,PIA,1,MEDIUM,19,19,19,70.8,87.72
2026,13,PIA,1,MEDIUM,20,20,20,69.0,87.877
2026,13,PIA,1,MEDIUM,21,21,21,67.2,87.981
2026,13,PIA,1,MEDIUM,22,22,22,65.4,88.006
2026,13,PIA,1,MEDIUM,23,23,23,63.6,87.94
2026,13,PIA,1,MEDIUM,24,24,24,61.8,88.091
2026,13,PIA,1,MEDIUM,25,25,25,60.0,87.991
2026,13,PIA,1,MEDIUM,26,26,26,58.2,88.016
2026,13,PIA,2,HARD,1,27,1,56.4,86.072
2026,13,PIA,2,HARD,2,28,2,54.6,86.101
2026,13,PIA,2,HARD,3,29,3,52.8,86.206
2026,13,PIA,2,HARD,4,30,4,51.0,86.214
2026,13,PIA,2,HARD,5,31,5,49.2,86.265
2026,13,PIA,2,HARD,6,32,6,47.4,86.21
2026,13,PIA,2,HARD,7,33,7,45.6,86.426
2026,13,PIA,2,HARD,8,34,8,43.8,86.31
2026,13,PIA,2,HARD,9,35,9,42.0,86.511
2026,13,PIA,2,HARD,10,36,10,40.2,86.419
2026,13,PIA,2,HARD,11,37,11,38.4,86.524
2026,13,PIA,2,HARD,12,38,12,36.6,86.497
2026,13,PIA,2,HARD,13,39,13,34.8,86.572
2026,13,PIA,2,HARD,14,40,14,33.0,86.708
2026,13,PIA,2,HARD,15,41,15,31.2,86.674
2026,13,PIA,2,HARD,16,42,16,29.4,86.813
2026,13,PIA,2,HARD,17,43,17,27.6,86.767
2026,13,PIA,2,HARD,18,44,18,25.8,86.861
2026,13,PIA,2,HARD,19,45,19,24.0,86.761
2026,13,PIA,2,HARD,20,46,20,22.2,87.119
2026,13,PIA,2,HARD,21,47,21,20.4,87.05
2026,13,PIA,2,HARD,22,48,22,18.6,86.925
2026,13,PIA,2,HARD,23,49,23,16.8,87.172
2026,13,PIA,2,HARD,24,50,24,15.0,87.091
2026,13,PIA,2,HARD,25,51,25,13.2,87.306
2026,13,PIA,2,HARD,26,52,26,11.4,87.328
2026,13,PIA,2,HARD,27,53,27,9.6,87.294
2026,13,NOR,1,MEDIUM,1,1,1,103.2,87.188
2026,13,NOR,1,MEDIUM,2,2,2,101.4,87.371
2026,13,NOR,1,MEDIUM,3,3,3,99.6,87.163
2026,13,NOR,1,MEDIUM,4,4,4,97.8,87.178
2026,13,NOR,1,MEDIUM,5,5,5,96.0,87.364
2026,13,NOR,1,MEDIUM,6,6,6,94.2,87.211
2026,13,NOR,1,MEDIUM,7,7,7,92.4,87.308
2026,13,NOR,1,MEDIUM,8,8,8,90.6,87.575
2026,13,NOR,1,MEDIUM,9,9,9,88.8,87.301
2026,13,NOR,1,MEDIUM,10,10,10,87.0,87.541
2026,13,NOR,1,MEDIUM,11,11,11,85.2,87.557
2026,13,NOR,1,MEDIUM,12,12,12,83.4,87.516
2026,13,NOR,1,MEDIUM,13,13,13,81.6,87.603
2026,13,NOR,1,MEDIUM,14,14,14,79.8,87.791
2026,13,NOR,1,MEDIUM,15,15,15,78.0,87.687
2026,13,NOR,1,MEDIUM,16,16,16,76.2,87.744
2026,13,NOR,1,MEDIUM,17,17,17,74.4,87.935
2026,13,NOR,1,MEDIUM,18,18,18,72.6,87.93
2026,13,NOR,1,MEDIUM,19,19,19,70.8,87.722
2026,13,NOR,1,MEDIUM,20,20,20,69.0,88.037
2026,13,NOR,1,MEDIUM,21,21,21,67.2,87.985
2026,13,NOR,1,MEDIUM,22,22,22,65.4,88.146
2026,13,NOR,1,MEDIUM,23,23,23,63.6,88.144
2026,13,NOR,1,MEDIUM,24,24,24,61.8,88.219
2026,13,NOR,1,MEDIUM,25,25,25,60.0,88.178
2026,13,NOR,1,MEDIUM,26,26,26,58.2,88.405
2026,13,NOR,2,HARD,1,27,1,56.4,86.384
2026,13,NOR,2,HARD,2,28,2,54.6,86.373
2026,13,NOR,2,HARD,3,29,3,52.8,86.443
2026,13,NOR,2,HARD,4,30,4,51.0,86.363
2026,13,NOR,2,HARD,5,31,5,49.2,86.523
2026,13,NOR,2,HARD,6,32,6,47.4,86.439
2026,13,NOR,2,HARD,7,33,7,45.6,86.645
2026,13,NOR,2,HARD,8,34,8,43.8,86.582
2026,13,NOR,2,HARD,9,35,9,42.0,86.71
2026,13,NOR,2,HARD,10,36,10,40.2,86.53
2026,13,NOR,2,HARD,11,37,11,38.4,86.621
2026,13,NOR,2,HARD,12,38,12,36.6,86.653
2026,13,NOR,2,HARD,13,39,13,34.8,86.847
2026,13,NOR,2,HARD,14,40,14,33.0,86.75
2026,13,NOR,2,HARD,15,41,15,31.2,86.961
2026,13,NOR,2,HARD,16,42,16,29.4,87.02
2026,13,NOR,2,HARD,17,43,17,27.6,86.968
2026,13,NOR,2,HARD,18,44,18,25.8,87.017
2026,13,NOR,2,HARD,19,45,19,24.0,87.169
2026,13,NOR,2,HARD,20,46,20,22.2,87.08
2026,13,NOR,2,HARD,21,47,21,20.4,87.233
2026,13,NOR,2,HARD,22,48,22,18.6,87.167
2026,13,NOR,2,HARD,23,49,23,16.8,87.282
2026,13,NOR,2,HARD,24,50,24,15.0,87.27
2026,13,NOR,2,HARD,25,51,25,13.2,87.28
2026,13,NOR,2,HARD,26,52,26,11.4,87.404
2026,13,NOR,2,HARD,27,53,27,9.6,87.497
2026,13,ANT,1,MEDIUM,1,1,1,103.2,88.099
2026,13,ANT,1,MEDIUM,2,2,2,101.4,88.087
2026,13,ANT,1,MEDIUM,3,3,3,99.6,88.175
2026,13,ANT,1,MEDIUM,4,4,4,97.8,88.185
2026,13,ANT,1,MEDIUM,5,5,5,96.0,88.235
2026,13,ANT,1,MEDIUM,6,6,6,94.2,88.283
2026,13,ANT,1,MEDIUM,7,7,7,92.4,88.218
2026,13,ANT,1,MEDIUM,8,8,8,90.6,88.163
2026,13,ANT,1,MEDIUM,9,9,9,88.8,88.288
2026,13,ANT,1,MEDIUM,10,10,10,87.0,88.351
2026,13,ANT,1,MEDIUM,11,11,11,85.2,88.529
2026,13,ANT,1,MEDIUM,12,12,12,83.4,88.444
2026,13,ANT,1,MEDIUM,13,13,13,81.6,88.505
2026,13,ANT,1,MEDIUM,14,14,14,79.8,88.431
2026,13,ANT,1,MEDIUM,15,15,15,78.0,88.637
2026,13,ANT,1,MEDIUM,16,16,16,76.2,88.713
2026,13,ANT,1,MEDIUM,17,17,17,74.4,88.709
2026,13,ANT,1,MEDIUM,18,18,18,72.6,88.72
2026,13,ANT,1,MEDIUM,19,19,19,70.8,88.852
2026,13,ANT,1,MEDIUM,20,20,20,69.0,88.635
2026,13,ANT,1,MEDIUM,21,21,21,67.2,88.956
2026,13,ANT,1,MEDIUM,22,22,22,65.4,89.113
2026,13,ANT,1,MEDIUM,23,23,23,63.6,89.09
2026,13,ANT,1,MEDIUM,24,24,24,61.8,89.07
2026,13,ANT,1,MEDIUM,25,25,25,60.0,89.024
2026,13,ANT,1,MEDIUM,26,26,26,58.2,89.15
2026,13,ANT,2,HARD,1,27,1,56.4,87.245
2026,13,ANT,2,HARD,2,28,2,54.6,87.036
2026,13,ANT,2,HARD,3,29,3,52.8,87.126
2026,13,ANT,2,HARD,4,30,4,51.0,87.302
2026,13,ANT,2,HARD,5,31,5,49.2,87.336
2026,13,ANT,2,HARD,6,32,6,47.4,87.402
2026,13,ANT,2,HARD,7,33,7,45.6,87.366
2026,13,ANT,2,HARD,8,34,8,43.8,87.494
2026,13,ANT,2,HARD,9,35,9,42.0,87.464
2026,13,ANT,2,HARD,10,36,10,40.2,87.548
2026,13,ANT,2,HARD,11,37,11,38.4,87.618
2026,13,ANT,2,HARD,12,38,12,36.6,87.535
2026,13,ANT,2,HARD,13,39,13,34.8,87.756
2026,13,ANT,2,HARD,14,40,14,33.0,87.719
2026,13,ANT,2,HARD,15,41,15,31.2,87.84
2026,13,ANT,2,HARD,16,42,16,29.4,87.601
2026,13,ANT,2,HARD,17,43,17,27.6,87.667
2026,13,ANT,2,HARD,18,44,18,25.8,87.909
2026,13,ANT,2,HARD,19,45,19,24.0,87.995
2026,13,ANT,2,HARD,20,46,20,22.2,87.806
2026,13,ANT,2,HARD,21,47,21,20.4,88.12
2026,13,ANT,2,HARD,22,48,22,18.6,88.053
2026,13,ANT,2,HARD,23,49,23,16.8,88.049
2026,13,ANT,2,HARD,24,50,24,15.0,88.284
2026,13,ANT,2,HARD,25,51,25,13.2,88.202
2026,13,ANT,2,HARD,26,52,26,11.4,88.096
2026,13,ANT,2,HARD,27,53,27,9.6,88.307
