raceId,year,round,positionDisplayOrder,positionNumber,positionText,driverNumber,driverId,constructorId,engineManufacturerId,tyreManufacturerId,stop,lap,time,timeMillis,time_sec
1036,2021,1,1,1,1,11,sergio-perez,red-bull,honda,pirelli,1,2,23.993,23993.0,23.993
1036,2021,1,2,2,2,10,pierre-gasly,alphatauri,honda,pirelli,1,4,38.338,38338.0,23.085103067604187
1036,2021,1,3,3,3,14,fernando-alonso,alpine,renault,pirelli,1,11,24.373,24373.0,24.373
1036,2021,1,4,4,4,4,lando-norris,mclaren,mercedes,pirelli,1,12,24.899,24899.0,24.899
1036,2021,1,5,5,5,16,charles-leclerc,ferrari,ferrari,pirelli,1,12,24.925,24925.0,24.925
1036,2021,1,6,6,6,18,lance-stroll,aston-martin,mercedes,pirelli,1,12,24.884,24884.0,24.884
1036,2021,1,7,7,7,99,antonio-giovinazzi,alfa-romeo,ferrari,pirelli,1,12,31.998,31998.0,31.998
1036,2021,1,8,8,8,44,lewis-hamilton,mercedes,mercedes,pirelli,1,13,24.839,24839.0,24.839
1036,2021,1,9,9,9,3,daniel-ricciardo,mclaren,mercedes,pirelli,1,13,24.688,24688.0,24.688
1036,2021,1,10,10,10,7,kimi-raikkonen,alfa-romeo,ferrari,pirelli,1,13,24.107,24107.0,24.107
1036,2021,1,11,11,11,31,esteban-ocon,alpine,renault,pirelli,1,13,25.226,25226.0,25.226
1036,2021,1,12,12,12,63,george-russell,williams,mercedes,pirelli,1,13,24.621,24621.0,24.621
1036,2021,1,13,13,13,6,nicholas-latifi,williams,mercedes,pirelli,1,14,26.046,26046.0,26.046
1036,2021,1,14,14,14,47,mick-schumacher,haas,ferrari,pirelli,1,14,25.798,25798.0,25.798
1036,2021,1,15,15,15,55,carlos-sainz-jr,ferrari,ferrari,pirelli,1,15,24.353,24353.0,24.353
1036,2021,1,16,16,16,22,yuki-tsunoda,alphatauri,honda,pirelli,1,15,25.046,25046.0,25.046
1036,2021,1,17,17,17,77,valtteri-bottas,mercedes,mercedes,pirelli,1,16,24.262,24262.0,24.262
1036,2021,1,18,18,18,33,max-verstappen,red-bull,honda,pirelli,1,17,24.767,24767.0,24.767
1036,2021,1,19,19,19,11,sergio-perez,red-bull,honda,pirelli,2,19,24.105,24105.0,24.105
1036,2021,1,20,20,20,10,pierre-gasly,alphatauri,honda,pirelli,2,19,24.317,24317.0,24.317
1036,2021,1,21,21,21,5,sebastian-vettel,aston-martin,mercedes,pirelli,1,24,24.626,24626.0,24.626
1036,2021,1,22,22,22,44,lewis-hamilton,mercedes,mercedes,pirelli,2,28,24.076,24076.0,24.076
1036,2021,1,23,23,23,18,lance-stroll,aston-martin,mercedes,pirelli,2,28,25.525,25525.0,25.525
1036,2021,1,24,24,24,7,kimi-raikkonen,alfa-romeo,ferrari,pirelli,2,29,24.046,24046.0,24.046
1036,2021,1,25,25,25,14,fernando-alonso,alpine,renault,pirelli,2,29,24.775,24775.0,24.775
1036,2021,1,26,26,26,77,valtteri-bottas,mercedes,mercedes,pirelli,2,30,32.897,32897.0,32.897
1036,2021,1,27,27,27,99,antonio-giovinazzi,alfa-romeo,ferrari,pirelli,2,30,24.223,24223.0,24.223
1036,2021,1,28,28,28,31,esteban-ocon,alpine,renault,pirelli,2,31,24.471,24471.0,24.471
1036,2021,1,29,29,29,16,charles-leclerc,ferrari,ferrari,pirelli,2,32,24.176,24176.0,24.176
1036,2021,1,30,30,30,3,daniel-ricciardo,mclaren,mercedes,pirelli,2,32,24.655,24655.0,24.655
1036,2021,1,31,31,31,6,nicholas-latifi,williams,mercedes,pirelli,2,32,23.983,23983.0,23.983
1036,2021,1,32,32,32,4,lando-norris,mclaren,mercedes,pirelli,2,33,25.640,25640.0,25.64
1036,2021,1,33,33,33,22,yuki-tsunoda,alphatauri,honda,pirelli,2,33,24.328,24328.0,24.328
1036,2021,1,34,34,34,47,mick-schumacher,haas,ferrari,pirelli,2,33,25.343,25343.0,25.343
1036,2021,1,35,35,35,63,george-russell,williams,mercedes,pirelli,2,36,24.248,24248.0,24.248
1036,2021,1,36,36,36,55,carlos-sainz-jr,ferrari,ferrari,pirelli,2,37,24.341,24341.0,24.341
1036,2021,1,37,37,37,11,sergio-perez,red-bull,honda,pirelli,3,38,24.191,24191.0,24.191
1036,2021,1,38,38,38,33,max-verstappen,red-bull,honda,pirelli,2,39,23.848,23848.0,23.848
1036,2021,1,39,39,39,10,pierre-gasly,alphatauri,honda,pirelli,3,39,24.983,24983.0,24.983
1036,2021,1,40,40,40,77,valtteri-bottas,mercedes,mercedes,pirelli,3,54,24.566,24566.0,24.566
1037,2021,2,1,1,1,31,esteban-ocon,alpine,renault,pirelli,1,1,30.866,30866.0,30.866
1037,2021,2,2,2,2,5,sebastian-vettel,aston-martin,mercedes,pirelli,1,3,32.024,32024.0,32.024
1037,2021,2,3,3,3,47,mick-schumacher,haas,ferrari,pirelli,1,5,51.007,51007.0,21.318356106446124
1037,2021,2,4,4,4,9,nikita-mazepin,haas,ferrari,pirelli,1,12,31.168,31168.0,31.168
1037,2021,2,5,5,5,10,pierre-gasly,alphatauri,honda,pirelli,1,14,31.068,31068.0,31.068
1037,2021,2,6,6,6,5,sebastian-vettel,aston-martin,mercedes,pirelli,2,20,31.184,31184.0,31.184
1037,2021,2,7,7,7,47,mick-schumacher,haas,ferrari,pirelli,2,21,32.479,32479.0,32.479
1037,2021,2,8,8,8,5,sebastian-vettel,aston-martin,mercedes,pirelli,3,22,39.502,39502.0,24.149704188382106
1037,2021,2,9,9,9,9,nikita-mazepin,haas,ferrari,pirelli,2,23,31.500,31500.0,31.5
1037,2021,2,10,10,10,22,yuki-tsunoda,alphatauri,honda,pirelli,1,25,30.696,30696.0,30.696
1037,2021,2,11,11,11,63,george-russell,williams,mercedes,pirelli,1,26,29.983,29983.0,29.983
1037,2021,2,12,12,12,7,kimi-raikkonen,alfa-romeo,ferrari,pirelli,1,26,30.280,30280.0,30.28
1037,2021,2,13,13,13,33,max-verstappen,red-bull,honda,pirelli,1,27,29.809,29809.0,29.809
1037,2021,2,14,14,14,10,pierre-gasly,alphatauri,honda,pirelli,2,26,32.277,32277.0,32.277
1037,2021,2,15,15,15,55,carlos-sainz-jr,ferrari,ferrari,pirelli,1,27,30.856,30856.0,30.856
1037,2021,2,16,16,16,3,daniel-ricciardo,mclaren,mercedes,pirelli,1,27,34.340,34340.0,34.34
1037,2021,2,17,17,17,18,lance-stroll,aston-martin,mercedes,pirelli,1,27,31.138,31138.0,31.138
1037,2021,2,18,18,18,44,lewis-hamilton,mercedes,mercedes,pirelli,1,28,32.112,32112.0,32.112
1037,2021,2,19,19,19,99,antonio-giovinazzi,alfa-romeo,ferrari,pirelli,1,27,32.299,32299.0,32.299
1037,2021,2,20,20,20,31,esteban-ocon,alpine,renault,pirelli,2,27,30.652,30652.0,30.652
1037,2021,2,21,21,21,16,charles-leclerc,ferrari,ferrari,pirelli,1,28,31.002,31002.0,31.002
1037,2021,2,22,22,22,11,sergio-perez,red-bull,honda,pirelli,1,28,44.608,44608.0,22.307271792293363
1037,2021,2,23,23,23,4,lando-norris,mclaren,mercedes,pirelli,1,28,30.654,30654.0,30.654
1037,2021,2,24,24,24,77,valtteri-bottas,mercedes,mercedes,pirelli,1,28,30.167,30167.0,30.167
1037,2021,2,25,25,25,14,fernando-alonso,alpine,renault,pirelli,1,28,30.864,30864.0,30.864
1037,2021,2,26,26,26,44,lewis-hamilton,mercedes,mercedes,pirelli,2,31,38.198,38198.0,22.0662436992384
1037,2021,2,27,27,27,31,esteban-ocon,alpine,renault,pirelli,3,31,30.701,30701.0,30.701
1037,2021,2,28,28,28,33,max-verstappen,red-bull,honda,pirelli,2,33,27:01.361,1621361.0,21.682108592904818
1037,2021,2,29,29,29,18,lance-stroll,aston-martin,mercedes,pirelli,2,32,24:52.090,1492090.0,22.33888659878902
1037,2021,2,30,30,30,7,kimi-raikkonen,alfa-romeo,ferrari,pirelli,2,32,24:52.612,1492612.0,21.168517144232815
1037,2021,2,31,31,31,44,lewis-hamilton,mercedes,mercedes,pirelli,3,32,24:54.731,1494731.0,21.094267167175015
1037,2021,2,32,32,32,47,mick-schumacher,haas,ferrari,pirelli,3,31,25:21.462,1521462.0,23.056336852867574
1037,2021,2,33,33,33,22,yuki-tsunoda,alphatauri,honda,pirelli,2,32,24:51.384,1491384.0,22.998835160195686
1037,2021,2,34,34,34,99,antonio-giovinazzi,alfa-romeo,ferrari,pirelli,2,32,24:56.541,1496541.0,21.60851580784005
1037,2021,2,35,35,35,16,charles-leclerc,ferrari,ferrari,pirelli,2,33,26:49.484,1609484.0,22.87768162481382
1037,2021,2,36,36,36,14,fernando-alonso,alpine,renault,pirelli,2,32,24:48.372,1488372.0,22.52095141007463
1037,2021,2,37,37,37,31,esteban-ocon,alpine,renault,pirelli,4,32,24:38.974,1478974.0,21.57272428777108
1037,2021,2,38,38,38,9,nikita-mazepin,haas,ferrari,pirelli,3,31,24:46.154,1486154.0,21.497416765600523
1037,2021,2,39,39,39,4,lando-norris,mclaren,mercedes,pirelli,2,33,26:24.953,1584953.0,22.363749664234472
1037,2021,2,40,40,40,11,sergio-perez,red-bull,honda,pirelli,2,33,26:21.158,1581158.0,21.782874092701444
1037,2021,2,41,41,41,55,carlos-sainz-jr,ferrari,ferrari,pirelli,2,33,26:22.211,1582211.0,22.50974859247654
1037,2021,2,42,42,42,10,pierre-gasly,alphatauri,honda,pirelli,3,32,24:13.539,1453539.0,23.77584912164494
1037,2021,2,43,43,43,5,sebastian-vettel,aston-martin,mercedes,pirelli,4,32,24:12.323,1452323.0,21.657015107082415
1037,2021,2,44,44,44,3,daniel-ricciardo,mclaren,mercedes,pirelli,2,33,26:14.827,1574827.0,23.016535421546667
1037,2021,2,45,45,45,18,lance-stroll,aston-martin,mercedes,pirelli,3,33,1:05.390,65390.0,23.36149598430883
1037,2021,2,46,46,46,7,kimi-raikkonen,alfa-romeo,ferrari,pirelli,3,33,1:02.892,62892.0,22.772656609087687
1037,2021,2,47,47,47,44,lewis-hamilton,mercedes,mercedes,pirelli,4,33,1:05.870,65870.0,22.13704561768213
1037,2021,2,48,48,48,22,yuki-tsunoda,alphatauri,honda,pirelli,3,33,1:03.280,63280.0,22.401667825624063
1037,2021,2,49,49,49,99,antonio-giovinazzi,alfa-romeo,ferrari,pirelli,3,33,1:00.172,60172.0,23.924936190383722
1037,2021,2,50,50,50,14,fernando-alonso,alpine,renault,pirelli,3,33,57.601,57601.0,21.639685517666962
1037,2021,2,51,51,51,31,esteban-ocon,alpine,renault,pirelli,5,33,56.733,56733.0,22.092961617669072
1037,2021,2,52,52,52,10,pierre-gasly,alphatauri,honda,pirelli,4,33,56.083,56083.0,23.184788310770344
1037,2021,2,53,53,53,5,sebastian-vettel,aston-martin,mercedes,pirelli,5,33,52.043,52043.0,22.800674820560833
1037,2021,2,54,54,54,47,mick-schumacher,haas,ferrari,pirelli,4,32,51.222,51222.0,21.53565340575083
1037,2021,2,55,55,55,9,nikita-mazepin,haas,ferrari,pirelli,4,32,49.729,49729.0,23.08164468603686
1037,2021,2,56,56,56,99,antonio-giovinazzi,alfa-romeo,ferrari,pirelli,4,40,29.742,29742.0,29.742
1038,2021,3,1,1,1,77,valtteri-bottas,mercedes,mercedes,pirelli,1,2,21.377,21377.0,21.377
1038,2021,3,2,2,2,44,lewis-hamilton,mercedes,mercedes,pirelli,1,2,22.426,22426.0,22.426
1038,2021,3,3,3,3,33,max-verstappen,red-bull,honda,pirelli,1,2,22.718,22718.0,22.718
1038,2021,3,4,4,4,55,carlos-sainz-jr,ferrari,ferrari,pirelli,1,2,22.029,22029.0,22.029
1038,2021,3,5,5,5,11,sergio-perez,red-bull,honda,pirelli,1,2,21.890,21890.0,21.89
1038,2021,3,6,6,6,4,lando-norris,mclaren,mercedes,pirelli,1,2,21.407,21407.0,21.407
1038,2021,3,7,7,7,31,esteban-ocon,alpine,renault,pirelli,1,2,21.275,21275.0,21.275
1038,2021,3,8,8,8,16,charles-leclerc,ferrari,ferrari,pirelli,1,2,21.323,21323.0,21.323
1038,2021,3,9,9,9,10,pierre-gasly,alphatauri,honda,pirelli,1,2,21.353,21353.0,21.353
1038,2021,3,10,10,10,5,sebastian-vettel,aston-martin,mercedes,pirelli,1,2,21.398,21398.0,21.398
1038,2021,3,11,11,11,63,george-russell,williams,mercedes,pirelli,1,2,23.532,23532.0,23.532
1038,2021,3,12,12,12,99,antonio-giovinazzi,alfa-romeo,ferrari,pirelli,1,2,22.485,22485.0,22.485
1038,2021,3,13,13,13,3,daniel-ricciardo,mclaren,mercedes,pirelli,1,2,21.965,21965.0,21.965
1038,2021,3,14,14,14,14,fernando-alonso,alpine,renault,pirelli,1,2,21.452,21452.0,21.452
1038,2021,3,15,15,15,22,yuki-tsunoda,alphatauri,honda,pirelli,1,2,22.266,22266.0,22.266
1038,2021,3,16,16,16,18,lance-stroll,aston-martin,mercedes,pirelli,1,2,22.264,22264.0,22.264
1038,2021,3,17,17,17,6,nicholas-latifi,williams,mercedes,pirelli,1,2,21.970,21970.0,21.97
1038,2021,3,18,18,18,47,mick-schumacher,haas,ferrari,pirelli,1,2,22.019,22019.0,22.019
1038,2021,3,19,19,19,9,nikita-mazepin,haas,ferrari,pirelli,1,2,21.372,21372.0,21.372
1038,2021,3,20,20,20,77,valtteri-bottas,mercedes,mercedes,pirelli,2,3,22.072,22072.0,22.072
1038,2021,3,21,21,21,44,lewis-hamilton,mercedes,mercedes,pirelli,2,3,22.164,22164.0,22.164
1038,2021,3,22,22,22,33,max-verstappen,red-bull,honda,pirelli,2,3,22.104,22104.0,22.104
1038,2021,3,23,23,23,55,carlos-sainz-jr,ferrari,ferrari,pirelli,2,3,22.244,22244.0,22.244
1038,2021,3,24,24,24,11,sergio-perez,red-bull,honda,pirelli,2,3,22.100,22100.0,22.1
1038,2021,3,25,25,25,4,lando-norris,mclaren,mercedes,pirelli,2,3,22.551,22551.0,22.551
1038,2021,3,26,26,26,31,esteban-ocon,alpine,renault,pirelli,2,3,22.240,22240.0,22.24
1038,2021,3,27,27,27,16,charles-leclerc,ferrari,ferrari,pirelli,2,3,22.587,22587.0,22.587
1038,2021,3,28,28,28,10,pierre-gasly,alphatauri,honda,pirelli,2,3,22.319,22319.0,22.319
1038,2021,3,29,29,29,63,george-russell,williams,mercedes,pirelli,2,3,22.755,22755.0,22.755
1038,2021,3,30,30,30,5,sebastian-vettel,aston-martin,mercedes,pirelli,2,3,21.750,21750.0,21.75
1038,2021,3,31,31,31,99,antonio-giovinazzi,alfa-romeo,ferrari,pirelli,2,3,22.669,22669.0,22.669
1038,2021,3,32,32,32,3,daniel-ricciardo,mclaren,mercedes,pirelli,2,3,22.355,22355.0,22.355
1038,2021,3,33,33,33,14,fernando-alonso,alpine,renault,pirelli,2,3,21.621,21621.0,21.621
1038,2021,3,34,34,34,22,yuki-tsunoda,alphatauri,honda,pirelli,2,3,22.542,22542.0,22.542
1038,2021,3,35,35,35,18,lance-stroll,aston-martin,mercedes,pirelli,2,3,22.176,22176.0,22.176
1038,2021,3,36,36,36,6,nicholas-latifi,williams,mercedes,pirelli,2,3,21.730,21730.0,21.73
1038,2021,3,37,37,37,47,mick-schumacher,haas,ferrari,pirelli,2,3,21.454,21454.0,21.454
1038,2021,3,38,38,38,9,nikita-mazepin,haas,ferrari,pirelli,2,3,21.404,21404.0,21.404
1038,2021,3,39,39,39,55,carlos-sainz-jr,ferrari,ferrari,pirelli,3,21,25.892,25892.0,25.892
1038,2021,3,40,40,40,22,yuki-tsunoda,alphatauri,honda,pirelli,3,21,26.202,26202.0,26.202
1038,2021,3,41,41,41,4,lando-norris,mclaren,mercedes,pirelli,3,22,26.952,26952.0,26.952
1038,2021,3,42,42,42,31,esteban-ocon,alpine,renault,pirelli,3,22,27.033,27033.0,27.033
1038,2021,3,43,43,43,5,sebastian-vettel,aston-martin,mercedes,pirelli,3,22,26.620,26620.0,26.62
1038,2021,3,44,44,44,99,antonio-giovinazzi,alfa-romeo,ferrari,pirelli,3,22,26.729,26729.0,26.729
1038,2021,3,45,45,45,10,pierre-gasly,alphatauri,honda,pirelli,3,24,26.172,26172.0,26.172
1038,2021,3,46,46,46,6,nicholas-latifi,williams,mercedes,pirelli,3,24,26.595,26595.0,26.595
1038,2021,3,47,47,47,16,charles-leclerc,ferrari,ferrari,pirelli,3,25,27.082,27082.0,27.082
1038,2021,3,48,48,48,63,george-russell,williams,mercedes,pirelli,3,28,26.843,26843.0,26.843
1038,2021,3,49,49,49,9,nikita-mazepin,haas,ferrari,pirelli,3,31,27.186,27186.0,27.186
1038,2021,3,50,50,50,47,mick-schumacher,haas,ferrari,pirelli,3,32,27.245,27245.0,27.245
1038,2021,3,51,51,51,33,max-verstappen,red-bull,honda,pirelli,3,35,26.743,26743.0,26.743
1038,2021,3,52,52,52,77,valtteri-bottas,mercedes,mercedes,pirelli,3,36,26.938,26938.0,26.938
1038,2021,3,53,53,53,44,lewis-hamilton,mercedes,mercedes,pirelli,3,37,26.907,26907.0,26.907
1038,2021,3,54,54,54,18,lance-stroll,aston-martin,mercedes,pirelli,3,39,26.027,26027.0,26.027
1038,2021,3,55,55,55,14,fernando-alonso,alpine,renault,pirelli,3,40,26.442,26442.0,26.442
1038,2021,3,56,56,56,3,daniel-ricciardo,mclaren,mercedes,pirelli,3,41,28.639,28639.0,28.639
1038,2021,3,57,57,57,9,nikita-mazepin,haas,ferrari,pirelli,4,43,26.984,26984.0,26.984
1038,2021,3,58,58,58,11,sergio-perez,red-bull,honda,pirelli,3,51,26.607,26607.0,26.607
1038,2021,3,59,59,59,77,valtteri-bottas,mercedes,mercedes,pirelli,4,63,26.573,26573.0,26.573
1038,2021,3,60,60,60,33,max-verstappen,red-bull,honda,pirelli,4,64,26.319,26319.0,26.319
1039,2021,4,1,1,1,99,antonio-giovinazzi,alfa-romeo,ferrari,pirelli,1,8,54.673,54673.0,24.124573536142204
1039,2021,4,2,2,2,63,george-russell,williams,mercedes,pirelli,1,9,23.814,23814.0,23.814
1039,2021,4,3,3,3,6,nicholas-latifi,williams,mercedes,pirelli,1,9,26.672,26672.0,26.672
1039,2021,4,4,4,4,10,pierre-gasly,alphatauri,honda,pirelli,1,18,28.042,28042.0,28.042
1039,2021,4,5,5,5,14,fernando-alonso,alpine,renault,pirelli,1,21,22.043,22043.0,22.043
1039,2021,4,6,6,6,5,sebastian-vettel,aston-martin,mercedes,pirelli,1,21,23.087,23087.0,23.087
1039,2021,4,7,7,7,55,carlos-sainz-jr,ferrari,ferrari,pirelli,1,22,21.779,21779.0,21.779
1039,2021,4,8,8,8,18,lance-stroll,aston-martin,mercedes,pirelli,1,22,21.756,21756.0,21.756
1039,2021,4,9,9,9,9,nikita-mazepin,haas,ferrari,pirelli,1,22,23.098,23098.0,23.098
1039,2021,4,10,10,10,77,valtteri-bottas,mercedes,mercedes,pirelli,1,23,22.311,22311.0,22.311
1039,2021,4,11,11,11,31,esteban-ocon,alpine,renault,pirelli,1,23,22.798,22798.0,22.798
1039,2021,4,12,12,12,4,lando-norris,mclaren,mercedes,pirelli,1,23,21.864,21864.0,21.864
1039,2021,4,13,13,13,47,mick-schumacher,haas,ferrari,pirelli,1,23,24.006,24006.0,24.006
1039,2021,4,14,14,14,33,max-verstappen,red-bull,honda,pirelli,1,24,23.565,23565.0,23.565
1039,2021,4,15,15,15,3,daniel-ricciardo,mclaren,mercedes,pirelli,1,25,22.406,22406.0,22.406
1039,2021,4,16,16,16,11,sergio-perez,red-bull,honda,pirelli,1,27,22.382,22382.0,22.382
1039,2021,4,17,17,17,6,nicholas-latifi,williams,mercedes,pirelli,2,27,21.424,21424.0,21.424
1039,2021,4,18,18,18,44,lewis-hamilton,mercedes,mercedes,pirelli,1,28,22.220,22220.0,22.22
1039,2021,4,19,19,19,16,charles-leclerc,ferrari,ferrari,pirelli,1,28,21.613,21613.0,21.613
1039,2021,4,20,20,20,63,george-russell,williams,mercedes,pirelli,2,28,21.919,21919.0,21.919
1039,2021,4,21,21,21,7,kimi-raikkonen,alfa-romeo,ferrari,pirelli,1,37,21.572,21572.0,21.572
1039,2021,4,22,22,22,5,sebastian-vettel,aston-martin,mercedes,pirelli,2,38,21.973,21973.0,21.973
1039,2021,4,23,23,23,18,lance-stroll,aston-martin,mercedes,pirelli,2,39,21.432,21432.0,21.432
1039,2021,4,24,24,24,99,antonio-giovinazzi,alfa-romeo,ferrari,pirelli,2,39,22.871,22871.0,22.871
1039,2021,4,25,25,25,44,lewis-hamilton,mercedes,mercedes,pirelli,2,42,22.078,22078.0,22.078
1039,2021,4,26,26,26,9,nikita-mazepin,haas,ferrari,pirelli,2,42,22.502,22502.0,22.502
1039,2021,4,27,27,27,3,daniel-ricciardo,mclaren,mercedes,pirelli,2,46,21.762,21762.0,21.762
1039,2021,4,28,28,28,55,carlos-sainz-jr,ferrari,ferrari,pirelli,2,46,21.856,21856.0,21.856
1039,2021,4,29,29,29,10,pierre-gasly,alphatauri,honda,pirelli,2,47,26.065,26065.0,26.065
1039,2021,4,30,30,30,6,nicholas-latifi,williams,mercedes,pirelli,3,50,22.405,22405.0,22.405
1039,2021,4,31,31,31,47,mick-schumacher,haas,ferrari,pirelli,2,50,22.310,22310.0,22.31
1039,2021,4,32,32,32,4,lando-norris,mclaren,mercedes,pirelli,2,51,22.467,22467.0,22.467
1039,2021,4,33,33,33,77,valtteri-bottas,mercedes,mercedes,pirelli,2,53,21.638,21638.0,21.638
1039,2021,4,34,34,34,11,sergio-perez,red-bull,honda,pirelli,2,57,21.345,21345.0,21.345
1039,2021,4,35,35,35,16,charles-leclerc,ferrari,ferrari,pirelli,2,58,22.292,22292.0,22.292
1039,2021,4,36,36,36,33,max-verstappen,red-bull,honda,pirelli,2,60,21.592,21592.0,21.592
1039,2021,4,37,37,37,14,fernando-alonso,alpine,renault,pirelli,2,61,23.479,23479.0,23.479
1040,2021,5,1,1,1,44,lewis-hamilton,mercedes,mercedes,pirelli,1,29,23.783,23783.0,23.783
1040,2021,5,2,2,2,4,lando-norris,mclaren,mercedes,pirelli,1,30,23.874,23874.0,23.874
1040,2021,5,3,3,3,10,pierre-gasly,alphatauri,honda,pirelli,1,30,24.428,24428.0,24.428
1040,2021,5,4,4,4,5,sebastian-vettel,aston-martin,mercedes,pirelli,1,31,24.369,24369.0,24.369
1040,2021,5,5,5,5,63,george-russell,williams,mercedes,pirelli,1,31,23.928,23928.0,23.928
1040,2021,5,6,6,6,55,carlos-sainz-jr,ferrari,ferrari,pirelli,1,32,24.150,24150.0,24.15
1040,2021,5,7,7,7,99,antonio-giovinazzi,alfa-romeo,ferrari,pirelli,1,33,24.521,24521.0,24.521
1040,2021,5,8,8,8,33,max-verstappen,red-bull,honda,pirelli,1,34,23.746,23746.0,23.746
1040,2021,5,9,9,9,11,sergio-perez,red-bull,honda,pirelli,1,35,24.548,24548.0,24.548
1040,2021,5,10,10,10,9,nikita-mazepin,haas,ferrari,pirelli,1,34,25.202,25202.0,25.202
1040,2021,5,11,11,11,3,daniel-ricciardo,mclaren,mercedes,pirelli,1,36,24.715,24715.0,24.715
1040,2021,5,12,12,12,31,esteban-ocon,alpine,renault,pirelli,1,37,23.935,23935.0,23.935
1040,2021,5,13,13,13,47,mick-schumacher,haas,ferrari,pirelli,1,37,24.797,24797.0,24.797
1040,2021,5,14,14,14,7,kimi-raikkonen,alfa-romeo,ferrari,pirelli,1,43,24.077,24077.0,24.077
1040,2021,5,15,15,15,6,nicholas-latifi,williams,mercedes,pirelli,1,43,23.703,23703.0,23.703
1040,2021,5,16,16,16,14,fernando-alonso,alpine,renault,pirelli,1,45,23.803,23803.0,23.803
1040,2021,5,17,17,17,18,lance-stroll,aston-martin,mercedes,pirelli,1,58,23.474,23474.0,23.474
1040,2021,5,18,18,18,22,yuki-tsunoda,alphatauri,honda,pirelli,1,64,24.430,24430.0,24.43
1040,2021,5,19,19,19,44,lewis-hamilton,mercedes,mercedes,pirelli,2,67,24.244,24244.0,24.244
1041,2021,6,1,1,1,63,george-russell,williams,mercedes,pirelli,1,1,19.970,19970.0,19.97
1041,2021,6,2,2,2,99,antonio-giovinazzi,alfa-romeo,ferrari,pirelli,1,2,20.402,20402.0,20.402
1041,2021,6,3,3,3,14,fernando-alonso,alpine,renault,pirelli,1,7,20.168,20168.0,20.168
1041,2021,6,4,4,4,4,lando-norris,mclaren,mercedes,pirelli,1,7,20.533,20533.0,20.533
1041,2021,6,5,5,5,47,mick-schumacher,haas,ferrari,pirelli,1,8,22.440,22440.0,22.44
1041,2021,6,6,6,6,16,charles-leclerc,ferrari,ferrari,pirelli,1,9,19.836,19836.0,19.836
1041,2021,6,7,7,7,22,yuki-tsunoda,alphatauri,honda,pirelli,1,9,20.253,20253.0,20.253
1041,2021,6,8,8,8,6,nicholas-latifi,williams,mercedes,pirelli,1,9,22.149,22149.0,22.149
1041,2021,6,9,9,9,9,nikita-mazepin,haas,ferrari,pirelli,1,9,21.759,21759.0,21.759
1041,2021,6,10,10,10,55,carlos-sainz-jr,ferrari,ferrari,pirelli,1,10,20.064,20064.0,20.064
1041,2021,6,11,11,11,44,lewis-hamilton,mercedes,mercedes,pirelli,1,11,22.470,22470.0,22.47
1041,2021,6,12,12,12,10,pierre-gasly,alphatauri,honda,pirelli,1,11,20.156,20156.0,20.156
1041,2021,6,13,13,13,77,valtteri-bottas,mercedes,mercedes,pirelli,1,11,20.356,20356.0,20.356
1041,2021,6,14,14,14,3,daniel-ricciardo,mclaren,mercedes,pirelli,1,11,20.082,20082.0,20.082
1041,2021,6,15,15,15,33,max-verstappen,red-bull,honda,pirelli,1,12,19.769,19769.0,19.769
1041,2021,6,16,16,16,11,sergio-perez,red-bull,honda,pirelli,1,13,21.874,21874.0,21.874
1041,2021,6,17,17,17,7,kimi-raikkonen,alfa-romeo,ferrari,pirelli,1,13,20.048,20048.0,20.048
1041,2021,6,18,18,18,5,sebastian-vettel,aston-martin,mercedes,pirelli,1,18,19.841,19841.0,19.841
1041,2021,6,19,19,19,14,fernando-alonso,alpine,renault,pirelli,2,34,19.983,19983.0,19.983
1041,2021,6,20,20,20,99,antonio-giovinazzi,alfa-romeo,ferrari,pirelli,2,34,20.193,20193.0,20.193
1041,2021,6,21,21,21,63,george-russell,williams,mercedes,pirelli,2,34,20.029,20029.0,20.029
1041,2021,6,22,22,22,47,mick-schumacher,haas,ferrari,pirelli,2,34,1:09.761,69761.0,21.884073788593998
1041,2021,6,23,23,23,9,nikita-mazepin,haas,ferrari,pirelli,2,34,21.958,21958.0,21.958
1041,2021,6,24,24,24,47,mick-schumacher,haas,ferrari,pirelli,3,44,21.587,21587.0,21.587
1041,2021,6,25,25,25,9,nikita-mazepin,haas,ferrari,pirelli,3,44,24.780,24780.0,24.78
1041,2021,6,26,26,26,11,sergio-perez,red-bull,honda,pirelli,2,47,15.277,15277.0,15.277
1041,2021,6,27,27,27,44,lewis-hamilton,mercedes,mercedes,pirelli,2,47,15.432,15432.0,15.432
1041,2021,6,28,28,28,5,sebastian-vettel,aston-martin,mercedes,pirelli,2,47,14.945,14945.0,22.809991722185437
1041,2021,6,29,29,29,10,pierre-gasly,alphatauri,honda,pirelli,2,47,15.085,15085.0,15.085
1041,2021,6,30,30,30,16,charles-leclerc,ferrari,ferrari,pirelli,2,47,15.092,15092.0,15.092
1041,2021,6,31,31,31,22,yuki-tsunoda,alphatauri,honda,pirelli,2,47,14.943,14943.0,24.09101407730166
1041,2021,6,32,32,32,4,lando-norris,mclaren,mercedes,pirelli,2,47,15.866,15866.0,15.866
1041,2021,6,33,33,33,55,carlos-sainz-jr,ferrari,ferrari,pirelli,2,47,15.119,15119.0,15.119
1041,2021,6,34,34,34,3,daniel-ricciardo,mclaren,mercedes,pirelli,2,47,14.994,14994.0,22.118691404479733
1041,2021,6,35,35,35,14,fernando-alonso,alpine,renault,pirelli,3,47,15.432,15432.0,15.432
1041,2021,6,36,36,36,7,kimi-raikkonen,alfa-romeo,ferrari,pirelli,2,47,15.064,15064.0,15.064
1041,2021,6,37,37,37,99,antonio-giovinazzi,alfa-romeo,ferrari,pirelli,3,47,14.881,14881.0,21.237547547972817
1041,2021,6,38,38,38,77,valtteri-bottas,mercedes,mercedes,pirelli,2,47,21.346,21346.0,21.346
1041,2021,6,39,39,39,63,george-russell,williams,mercedes,pirelli,3,47,21.438,21438.0,21.438
1041,2021,6,40,40,40,9,nikita-mazepin,haas,ferrari,pirelli,4,46,15.054,15054.0,15.054
1041,2021,6,41,41,41,47,mick-schumacher,haas,ferrari,pirelli,4,47,15.058,15058.0,15.058
1041,2021,6,42,42,42,11,sergio-perez,red-bull,honda,pirelli,3,48,33:18.466,1998466.0,23.082183456120067
1041,2021,6,43,43,43,44,lewis-hamilton,mercedes,mercedes,pirelli,3,48,33:20.923,2000923.0,22.483602049798485
1041,2021,6,44,44,44,5,sebastian-vettel,aston-martin,mercedes,pirelli,3,48,33:20.416,2000416.0,23.203106320017707
1041,2021,6,45,45,45,10,pierre-gasly,alphatauri,honda,pirelli,3,48,33:21.830,2001830.0,23.18932415097429
1041,2021,6,46,46,46,16,charles-leclerc,ferrari,ferrari,pirelli,3,48,33:22.544,2002544.0,23.148024972723064
1041,2021,6,47,47,47,22,yuki-tsunoda,alphatauri,honda,pirelli,3,48,33:23.526,2003526.0,23.501278044252754
1041,2021,6,48,48,48,4,lando-norris,mclaren,mercedes,pirelli,3,48,33:30.409,2010409.0,22.792169956649442
1041,2021,6,49,49,49,55,carlos-sainz-jr,ferrari,ferrari,pirelli,3,48,33:32.724,2012724.0,22.918602791223993
1041,2021,6,50,50,50,3,daniel-ricciardo,mclaren,mercedes,pirelli,3,48,33:35.163,2015163.0,22.20093671799299
1041,2021,6,51,51,51,14,fernando-alonso,alpine,renault,pirelli,4,48,33:34.526,2014526.0,22.710116362886332
1041,2021,6,52,52,52,7,kimi-raikkonen,alfa-romeo,ferrari,pirelli,3,48,33:36.437,2016437.0,23.441155223822356
1041,2021,6,53,53,53,99,antonio-giovinazzi,alfa-romeo,ferrari,pirelli,4,48,33:37.324,2017324.0,24.088633535853848
1041,2021,6,54,54,54,6,nicholas-latifi,williams,mercedes,pirelli,2,48,34:08.175,2048175.0,22.729763016949516
1041,2021,6,55,55,55,77,valtteri-bottas,mercedes,mercedes,pirelli,3,48,33:55.229,2035229.0,23.703487418742625
1041,2021,6,56,56,56,63,george-russell,williams,mercedes,pirelli,4,48,33:56.172,2036172.0,23.816024980196598
1041,2021,6,57,57,57,9,nikita-mazepin,haas,ferrari,pirelli,5,47,30:28.965,1828965.0,23.23173686820985
1041,2021,6,58,58,58,47,mick-schumacher,haas,ferrari,pirelli,5,48,33:34.176,2014176.0,22.268660805633193
1041,2021,6,59,59,59,9,nikita-mazepin,haas,ferrari,pirelli,6,48,1:26.440,86440.0,24.22669535319386
1042,2021,7,1,1,1,16,charles-leclerc,ferrari,ferrari,pirelli,1,14,30.798,30798.0,30.798
1042,2021,7,2,2,2,22,yuki-tsunoda,alphatauri,honda,pirelli,1,15,30.226,30226.0,30.226
1042,2021,7,3,3,3,47,mick-schumacher,haas,ferrari,pirelli,1,15,31.457,31457.0,31.457
1042,2021,7,4,4,4,3,daniel-ricciardo,mclaren,mercedes,pirelli,1,16,29.951,29951.0,29.951
1042,2021,7,5,5,5,77,valtteri-bottas,mercedes,mercedes,pirelli,1,17,30.572,30572.0,30.572
1042,2021,7,6,6,6,55,carlos-sainz-jr,ferrari,ferrari,pirelli,1,17,30.534,30534.0,30.534
1042,2021,7,7,7,7,10,pierre-gasly,alphatauri,honda,pirelli,1,17,30.781,30781.0,30.781
1042,2021,7,8,8,8,63,george-russell,williams,mercedes,pirelli,1,17,30.092,30092.0,30.092
1042,2021,7,9,9,9,33,max-verstappen,red-bull,honda,pirelli,1,18,29.803,29803.0,29.803
1042,2021,7,10,10,10,14,fernando-alonso,alpine,renault,pirelli,1,18,31.288,31288.0,31.288
1042,2021,7,11,11,11,6,nicholas-latifi,williams,mercedes,pirelli,1,18,29.775,29775.0,29.775
1042,2021,7,12,12,12,44,lewis-hamilton,mercedes,mercedes,pirelli,1,19,30.263,30263.0,30.263
1042,2021,7,13,13,13,11,sergio-perez,red-bull,honda,pirelli,1,24,29.682,29682.0,29.682
1042,2021,7,14,14,14,4,lando-norris,mclaren,mercedes,pirelli,1,24,30.531,30531.0,30.531
1042,2021,7,15,15,15,31,esteban-ocon,alpine,renault,pirelli,1,28,30.207,30207.0,30.207
1042,2021,7,16,16,16,99,antonio-giovinazzi,alfa-romeo,ferrari,pirelli,1,28,30.586,30586.0,30.586
1042,2021,7,17,17,17,9,nikita-mazepin,haas,ferrari,pirelli,1,31,30.983,30983.0,30.983
1042,2021,7,18,18,18,33,max-verstappen,red-bull,honda,pirelli,2,32,30.123,30123.0,30.123
1042,2021,7,19,19,19,7,kimi-raikkonen,alfa-romeo,ferrari,pirelli,1,33,31.327,31327.0,31.327
1042,2021,7,20,20,20,18,lance-stroll,aston-martin,mercedes,pirelli,1,34,30.996,30996.0,30.996
1042,2021,7,21,21,21,5,sebastian-vettel,aston-martin,mercedes,pirelli,1,37,31.069,31069.0,31.069
1042,2021,7,22,22,22,16,charles-leclerc,ferrari,ferrari,pirelli,2,38,31.368,31368.0,31.368
1043,2021,8,1,1,1,16,charles-leclerc,ferrari,ferrari,pirelli,1,1,28.386,28386.0,28.386
1043,2021,8,2,2,2,6,nicholas-latifi,williams,mercedes,pirelli,1,1,26.419,26419.0,26.419
1043,2021,8,3,3,3,9,nikita-mazepin,haas,ferrari,pirelli,1,21,22.759,22759.0,22.759
1043,2021,8,4,4,4,99,antonio-giovinazzi,alfa-romeo,ferrari,pirelli,1,23,21.210,21210.0,21.21
1043,2021,8,5,5,5,63,george-russell,williams,mercedes,pirelli,1,25,37.309,37309.0,24.395491708961437
1043,2021,8,6,6,6,11,sergio-perez,red-bull,honda,pirelli,1,26,23.477,23477.0,23.477
1043,2021,8,7,7,7,6,nicholas-latifi,williams,mercedes,pirelli,2,25,21.953,21953.0,21.953
1043,2021,8,8,8,8,22,yuki-tsunoda,alphatauri,honda,pirelli,1,26,21.234,21234.0,21.234
1043,2021,8,9,9,9,63,george-russell,williams,mercedes,pirelli,2,26,46.315,46315.0,22.08972552443842
1043,2021,8,10,10,10,77,valtteri-bottas,mercedes,mercedes,pirelli,1,27,21.752,21752.0,21.752
1043,2021,8,11,11,11,14,fernando-alonso,alpine,renault,pirelli,1,27,21.131,21131.0,21.131
1043,2021,8,12,12,12,5,sebastian-vettel,aston-martin,mercedes,pirelli,1,27,21.546,21546.0,21.546
1043,2021,8,13,13,13,44,lewis-hamilton,mercedes,mercedes,pirelli,1,28,21.219,21219.0,21.219
1043,2021,8,14,14,14,18,lance-stroll,aston-martin,mercedes,pirelli,1,28,20.936,20936.0,20.936
1043,2021,8,15,15,15,33,max-verstappen,red-bull,honda,pirelli,1,29,20.936,20936.0,20.936
1043,2021,8,16,16,16,4,lando-norris,mclaren,mercedes,pirelli,1,31,21.692,21692.0,21.692
1043,2021,8,17,17,17,47,mick-schumacher,haas,ferrari,pirelli,1,33,22.400,22400.0,22.4
1043,2021,8,18,18,18,7,kimi-raikkonen,alfa-romeo,ferrari,pirelli,1,36,21.227,21227.0,21.227
1043,2021,8,19,19,19,31,esteban-ocon,alpine,renault,pirelli,1,36,21.238,21238.0,21.238
1043,2021,8,20,20,20,16,charles-leclerc,ferrari,ferrari,pirelli,2,37,21.924,21924.0,21.924
1043,2021,8,21,21,21,55,carlos-sainz-jr,ferrari,ferrari,pirelli,1,41,21.226,21226.0,21.226
1043,2021,8,22,22,22,3,daniel-ricciardo,mclaren,mercedes,pirelli,1,41,21.410,21410.0,21.41
1043,2021,8,23,23,23,11,sergio-perez,red-bull,honda,pirelli,2,54,20.961,20961.0,20.961
1043,2021,8,24,24,24,44,lewis-hamilton,mercedes,mercedes,pirelli,2,69,21.640,21640.0,21.64
1044,2021,9,1,1,1,99,antonio-giovinazzi,alfa-romeo,ferrari,pirelli,1,1,21.129,21129.0,21.129
1044,2021,9,2,2,2,22,yuki-tsunoda,alphatauri,honda,pirelli,1,12,21.145,21145.0,21.145
1044,2021,9,3,3,3,10,pierre-gasly,alphatauri,honda,pirelli,1,13,22.564,22564.0,22.564
1044,2021,9,4,4,4,18,lance-stroll,aston-martin,mercedes,pirelli,1,14,21.391,21391.0,21.391
1044,2021,9,5,5,5,5,sebastian-vettel,aston-martin,mercedes,pirelli,1,17,21.086,21086.0,21.086
1044,2021,9,6,6,6,9,nikita-mazepin,haas,ferrari,pirelli,1,27,22.000,22000.0,22.0
1044,2021,9,7,7,7,3,daniel-ricciardo,mclaren,mercedes,pirelli,1,29,21.151,21151.0,21.151
1044,2021,9,8,8,8,99,antonio-giovinazzi,alfa-romeo,ferrari,pirelli,2,29,27.122,27122.0,27.122
1044,2021,9,9,9,9,4,lando-norris,mclaren,mercedes,pirelli,1,30,26.474,26474.0,26.474
1044,2021,9,10,10,10,77,valtteri-bottas,mercedes,mercedes,pirelli,1,30,21.071,21071.0,21.071
1044,2021,9,11,11,11,63,george-russell,williams,mercedes,pirelli,1,30,21.606,21606.0,21.606
1044,2021,9,12,12,12,44,lewis-hamilton,mercedes,mercedes,pirelli,1,31,21.005,21005.0,21.005
1044,2021,9,13,13,13,33,max-verstappen,red-bull,honda,pirelli,1,32,21.090,21090.0,21.09
1044,2021,9,14,14,14,11,sergio-perez,red-bull,honda,pirelli,1,32,21.735,21735.0,21.735
1044,2021,9,15,15,15,14,fernando-alonso,alpine,renault,pirelli,1,32,22.663,22663.0,22.663
1044,2021,9,16,16,16,6,nicholas-latifi,williams,mercedes,pirelli,1,33,21.152,21152.0,21.152
1044,2021,9,17,17,17,16,charles-leclerc,ferrari,ferrari,pirelli,1,34,21.143,21143.0,21.143
1044,2021,9,18,18,18,47,mick-schumacher,haas,ferrari,pirelli,1,34,21.798,21798.0,21.798
1044,2021,9,19,19,19,7,kimi-raikkonen,alfa-romeo,ferrari,pirelli,1,37,21.896,21896.0,21.896
1044,2021,9,20,20,20,10,pierre-gasly,alphatauri,honda,pirelli,2,45,20.850,20850.0,20.85
1044,2021,9,21,21,21,9,nikita-mazepin,haas,ferrari,pirelli,2,45,23.182,23182.0,23.182
1044,2021,9,22,22,22,18,lance-stroll,aston-martin,mercedes,pirelli,2,46,21.472,21472.0,21.472
1044,2021,9,23,23,23,55,carlos-sainz-jr,ferrari,ferrari,pirelli,1,48,21.431,21431.0,21.431
1044,2021,9,24,24,24,5,sebastian-vettel,aston-martin,mercedes,pirelli,2,49,20.841,20841.0,20.841
1044,2021,9,25,25,25,22,yuki-tsunoda,alphatauri,honda,pirelli,2,51,26.604,26604.0,26.604
1044,2021,9,26,26,26,44,lewis-hamilton,mercedes,mercedes,pirelli,2,53,21.421,21421.0,21.421
1044,2021,9,27,27,27,33,max-verstappen,red-bull,honda,pirelli,2,60,21.236,21236.0,21.236
1045,2021,10,1,1,1,16,charles-leclerc,ferrari,ferrari,pirelli,1,2,34:07.731,2047731.0,23.213051000415277
1045,2021,10,2,2,2,44,lewis-hamilton,mercedes,mercedes,pirelli,1,2,34:08.376,2048376.0,24.25647471098343
1045,2021,10,3,3,3,77,valtteri-bottas,mercedes,mercedes,pirelli,1,2,34:09.149,2049149.0,23.81685518634515
1045,2021,10,4,4,4,4,lando-norris,mclaren,mercedes,pirelli,1,2,34:12.218,2052218.0,23.69069312045402
1045,2021,10,5,5,5,3,daniel-ricciardo,mclaren,mercedes,pirelli,1,2,34:11.281,2051281.0,23.822471767523812
1045,2021,10,6,6,6,5,sebastian-vettel,aston-martin,mercedes,pirelli,1,2,34:15.222,2055222.0,23.490270231829527
1045,2021,10,7,7,7,14,fernando-alonso,alpine,renault,pirelli,1,2,34:18.580,2058580.0,22.670318234449475
1045,2021,10,8,8,8,55,carlos-sainz-jr,ferrari,ferrari,pirelli,1,2,34:19.122,2059122.0,23.296116442512954
1045,2021,10,9,9,9,7,kimi-raikkonen,alfa-romeo,ferrari,pirelli,1,2,34:22.984,2062984.0,22.262868342164644
1045,2021,10,10,10,10,31,esteban-ocon,alpine,renault,pirelli,1,2,34:26.994,2066994.0,22.277231759006607
1045,2021,10,11,11,11,18,lance-stroll,aston-martin,mercedes,pirelli,1,2,34:27.861,2067861.0,23.80046013691805
1045,2021,10,12,12,12,10,pierre-gasly,alphatauri,honda,pirelli,1,2,34:27.244,2067244.0,23.61014514788406
1045,2021,10,13,13,13,99,antonio-giovinazzi,alfa-romeo,ferrari,pirelli,1,2,34:30.250,2070250.0,22.29350279028524
1045,2021,10,14,14,14,63,george-russell,williams,mercedes,pirelli,1,2,34:32.543,2072543.0,23.529903428271467
1045,2021,10,15,15,15,22,yuki-tsunoda,alphatauri,honda,pirelli,1,2,34:35.695,2075695.0,23.2886072885847
1045,2021,10,16,16,16,47,mick-schumacher,haas,ferrari,pirelli,1,2,34:35.728,2075728.0,24.42081488908143
1045,2021,10,17,17,17,6,nicholas-latifi,williams,mercedes,pirelli,1,2,34:37.164,2077164.0,23.92397911642469
1045,2021,10,18,18,18,9,nikita-mazepin,haas,ferrari,pirelli,1,2,34:36.977,2076977.0,21.964613714371225
1045,2021,10,19,19,19,11,sergio-perez,red-bull,honda,pirelli,1,2,34:36.405,2076405.0,23.84748217777227
1045,2021,10,20,20,20,7,kimi-raikkonen,alfa-romeo,ferrari,pirelli,2,18,28.110,28110.0,28.11
1045,2021,10,21,21,21,11,sergio-perez,red-bull,honda,pirelli,2,18,27.892,27892.0,27.892
1045,2021,10,22,22,22,63,george-russell,williams,mercedes,pirelli,2,18,27.812,27812.0,27.812
1045,2021,10,23,23,23,5,sebastian-vettel,aston-martin,mercedes,pirelli,2,18,28.145,28145.0,28.145
1045,2021,10,24,24,24,31,esteban-ocon,alpine,renault,pirelli,2,19,28.772,28772.0,28.772
1045,2021,10,25,25,25,6,nicholas-latifi,williams,mercedes,pirelli,2,19,27.543,27543.0,27.543
1045,2021,10,26,26,26,3,daniel-ricciardo,mclaren,mercedes,pirelli,2,20,28.817,28817.0,28.817
1045,2021,10,27,27,27,4,lando-norris,mclaren,mercedes,pirelli,2,21,31.706,31706.0,31.706
1045,2021,10,28,28,28,77,valtteri-bottas,mercedes,mercedes,pirelli,2,22,28.209,28209.0,28.209
1045,2021,10,29,29,29,18,lance-stroll,aston-martin,mercedes,pirelli,2,23,28.213,28213.0,28.213
1045,2021,10,30,30,30,99,antonio-giovinazzi,alfa-romeo,ferrari,pirelli,2,23,28.137,28137.0,28.137
1045,2021,10,31,31,31,14,fernando-alonso,alpine,renault,pirelli,2,24,29.743,29743.0,29.743
1045,2021,10,32,32,32,47,mick-schumacher,haas,ferrari,pirelli,2,24,29.319,29319.0,29.319
1045,2021,10,33,33,33,9,nikita-mazepin,haas,ferrari,pirelli,2,25,29.253,29253.0,29.253
1045,2021,10,34,34,34,44,lewis-hamilton,mercedes,mercedes,pirelli,2,27,40.266,40266.0,21.085531117300135
1045,2021,10,35,35,35,55,carlos-sainz-jr,ferrari,ferrari,pirelli,2,28,37.509,37509.0,22.441440200746563
1045,2021,10,36,36,36,10,pierre-gasly,alphatauri,honda,pirelli,2,28,28.685,28685.0,28.685
1045,2021,10,37,37,37,16,charles-leclerc,ferrari,ferrari,pirelli,2,29,28.433,28433.0,28.433
1045,2021,10,38,38,38,22,yuki-tsunoda,alphatauri,honda,pirelli,2,30,29.134,29134.0,29.134
1045,2021,10,39,39,39,11,sergio-perez,red-bull,honda,pirelli,3,38,27.848,27848.0,27.848
1045,2021,10,40,40,40,10,pierre-gasly,alphatauri,honda,pirelli,3,46,28.180,28180.0,28.18
1045,2021,10,41,41,41,11,sergio-perez,red-bull,honda,pirelli,4,48,29.082,29082.0,29.082
1046,2021,11,1,1,1,33,max-verstappen,red-bull,honda,pirelli,1,1,22.569,22569.0,22.569
1046,2021,11,2,2,2,9,nikita-mazepin,haas,ferrari,pirelli,1,1,23.715,23715.0,23.715
1046,2021,11,3,3,3,4,lando-norris,mclaren,mercedes,pirelli,1,1,38.267,38267.0,21.83569951360352
1046,2021,11,4,4,4,99,antonio-giovinazzi,alfa-romeo,ferrari,pirelli,1,1,26.573,26573.0,26.573
1046,2021,11,5,5,5,44,lewis-hamilton,mercedes,mercedes,pirelli,1,2,24:09.259,1449259.0,21.212659716765785
1046,2021,11,6,6,6,31,esteban-ocon,alpine,renault,pirelli,1,2,24:10.190,1450190.0,22.566829755937082
1046,2021,11,7,7,7,5,sebastian-vettel,aston-martin,mercedes,pirelli,1,2,24:11.890,1451890.0,24.333195445880058
1046,2021,11,8,8,8,55,carlos-sainz-jr,ferrari,ferrari,pirelli,1,2,24:12.527,1452527.0,22.157615894413667
1046,2021,11,9,9,9,22,yuki-tsunoda,alphatauri,honda,pirelli,1,2,24:13.630,1453630.0,23.776337833462474
1046,2021,11,10,10,10,6,nicholas-latifi,williams,mercedes,pirelli,1,2,24:14.435,1454435.0,23.327110615089808
1046,2021,11,11,11,11,14,fernando-alonso,alpine,renault,pirelli,1,2,24:14.979,1454979.0,22.934495360784563
1046,2021,11,12,12,12,63,george-russell,williams,mercedes,pirelli,1,2,24:17.487,1457487.0,21.98299311075062
1046,2021,11,13,13,13,7,kimi-raikkonen,alfa-romeo,ferrari,pirelli,1,2,24:17.844,1457844.0,21.52670304403281
1046,2021,11,14,14,14,47,mick-schumacher,haas,ferrari,pirelli,1,2,24:17.042,1457042.0,22.45786480380817
1046,2021,11,15,15,15,10,pierre-gasly,alphatauri,honda,pirelli,1,2,24:17.615,1457615.0,23.285585135636367
1046,2021,11,16,16,16,3,daniel-ricciardo,mclaren,mercedes,pirelli,1,2,24:17.127,1457127.0,22.894375412029344
1046,2021,11,17,17,17,33,max-verstappen,red-bull,honda,pirelli,2,2,24:16.349,1456349.0,22.862466784080755
1046,2021,11,18,18,18,9,nikita-mazepin,haas,ferrari,pirelli,2,2,24:17.420,1457420.0,23.5885508176611
1046,2021,11,19,19,19,99,antonio-giovinazzi,alfa-romeo,ferrari,pirelli,2,2,24:16.349,1456349.0,23.35978904937388
1046,2021,11,20,20,20,31,esteban-ocon,alpine,renault,pirelli,2,3,39.522,39522.0,21.55125472908337
1046,2021,11,21,21,21,5,sebastian-vettel,aston-martin,mercedes,pirelli,2,3,40.882,40882.0,23.59021776832344
1046,2021,11,22,22,22,55,carlos-sainz-jr,ferrari,ferrari,pirelli,2,3,42.786,42786.0,23.429583730572453
1046,2021,11,23,23,23,22,yuki-tsunoda,alphatauri,honda,pirelli,2,3,40.740,40740.0,21.510658368214187
1046,2021,11,24,24,24,6,nicholas-latifi,williams,mercedes,pirelli,2,3,39.081,39081.0,21.326901718488006
1046,2021,11,25,25,25,14,fernando-alonso,alpine,renault,pirelli,2,3,37.122,37122.0,23.65469042435507
1046,2021,11,26,26,26,7,kimi-raikkonen,alfa-romeo,ferrari,pirelli,2,3,35.451,35451.0,21.97052921805162
1046,2021,11,27,27,27,63,george-russell,williams,mercedes,pirelli,2,3,29.374,29374.0,29.374
1046,2021,11,28,28,28,47,mick-schumacher,haas,ferrari,pirelli,2,3,36.813,36813.0,22.03524208365985
1046,2021,11,29,29,29,10,pierre-gasly,alphatauri,honda,pirelli,2,3,39.839,39839.0,21.816139733891834
1046,2021,11,30,30,30,3,daniel-ricciardo,mclaren,mercedes,pirelli,2,3,34.492,34492.0,34.492
1046,2021,11,31,31,31,33,max-verstappen,red-bull,honda,pirelli,3,3,35.245,35245.0,21.841459447281025
1046,2021,11,32,32,32,99,antonio-giovinazzi,alfa-romeo,ferrari,pirelli,3,3,36.899,36899.0,23.812634847903865
1046,2021,11,33,33,33,44,lewis-hamilton,mercedes,mercedes,pirelli,2,4,21.731,21731.0,21.731
1046,2021,11,34,34,34,99,antonio-giovinazzi,alfa-romeo,ferrari,pirelli,4,11,29.191,29191.0,29.191
1046,2021,11,35,35,35,7,kimi-raikkonen,alfa-romeo,ferrari,pirelli,3,15,36.457,36457.0,22.04663516630955
1046,2021,11,36,36,36,44,lewis-hamilton,mercedes,mercedes,pirelli,3,19,21.516,21516.0,21.516
1046,2021,11,37,37,37,3,daniel-ricciardo,mclaren,mercedes,pirelli,3,20,21.623,21623.0,21.623
1046,2021,11,38,38,38,33,max-verstappen,red-bull,honda,pirelli,4,20,21.047,21047.0,21.047
1046,2021,11,39,39,39,63,george-russell,williams,mercedes,pirelli,3,21,22.186,22186.0,22.186
1046,2021,11,40,40,40,22,yuki-tsunoda,alphatauri,honda,pirelli,3,22,21.819,21819.0,21.819
1046,2021,11,41,41,41,6,nicholas-latifi,williams,mercedes,pirelli,3,23,22.704,22704.0,22.704
1046,2021,11,42,42,42,10,pierre-gasly,alphatauri,honda,pirelli,3,30,21.295,21295.0,21.295
1046,2021,11,43,43,43,55,carlos-sainz-jr,ferrari,ferrari,pirelli,3,32,21.951,21951.0,21.951
1046,2021,11,44,44,44,99,antonio-giovinazzi,alfa-romeo,ferrari,pirelli,5,33,21.874,21874.0,21.874
1046,2021,11,45,45,45,47,mick-schumacher,haas,ferrari,pirelli,3,34,22.113,22113.0,22.113
1046,2021,11,46,46,46,5,sebastian-vettel,aston-martin,mercedes,pirelli,3,36,22.703,22703.0,22.703
1046,2021,11,47,47,47,31,esteban-ocon,alpine,renault,pirelli,3,37,21.642,21642.0,21.642
1046,2021,11,48,48,48,14,fernando-alonso,alpine,renault,pirelli,3,39,21.523,21523.0,21.523
1046,2021,11,49,49,49,33,max-verstappen,red-bull,honda,pirelli,5,40,20.848,20848.0,20.848
1046,2021,11,50,50,50,44,lewis-hamilton,mercedes,mercedes,pirelli,4,47,21.208,21208.0,21.208
1046,2021,11,51,51,51,7,kimi-raikkonen,alfa-romeo,ferrari,pirelli,4,53,21.172,21172.0,21.172
1046,2021,11,52,52,52,10,pierre-gasly,alphatauri,honda,pirelli,4,68,21.543,21543.0,21.543
1048,2021,13,1,1,1,47,mick-schumacher,haas,ferrari,pirelli,1,4,35.573,35573.0,24.120426309424523
1048,2021,13,2,2,2,11,sergio-perez,red-bull,honda,pirelli,1,8,19.287,19287.0,19.287
1048,2021,13,3,3,3,5,sebastian-vettel,aston-martin,mercedes,pirelli,1,10,18.664,18664.0,18.664
1048,2021,13,4,4,4,44,lewis-hamilton,mercedes,mercedes,pirelli,1,20,19.770,19770.0,19.77
1048,2021,13,5,5,5,33,max-verstappen,red-bull,honda,pirelli,1,21,19.142,19142.0,19.142
1048,2021,13,6,6,6,6,nicholas-latifi,williams,mercedes,pirelli,1,23,20.646,20646.0,20.646
1048,2021,13,7,7,7,10,pierre-gasly,alphatauri,honda,pirelli,1,24,19.163,19163.0,19.163
1048,2021,13,8,8,8,99,antonio-giovinazzi,alfa-romeo,ferrari,pirelli,1,27,19.049,19049.0,19.049
1048,2021,13,9,9,9,63,george-russell,williams,mercedes,pirelli,1,27,18.634,18634.0,18.634
1048,2021,13,10,10,10,18,lance-stroll,aston-martin,mercedes,pirelli,1,27,19.389,19389.0,19.389
1048,2021,13,11,11,11,3,daniel-ricciardo,mclaren,mercedes,pirelli,1,30,19.449,19449.0,19.449
1048,2021,13,12,12,12,77,valtteri-bottas,mercedes,mercedes,pirelli,1,31,18.873,18873.0,18.873
1048,2021,13,13,13,13,55,carlos-sainz-jr,ferrari,ferrari,pirelli,1,31,20.327,20327.0,20.327
1048,2021,13,14,14,14,31,esteban-ocon,alpine,renault,pirelli,1,31,19.240,19240.0,19.24
1048,2021,13,15,15,15,22,yuki-tsunoda,alphatauri,honda,pirelli,1,31,19.850,19850.0,19.85
1048,2021,13,16,16,16,47,mick-schumacher,haas,ferrari,pirelli,2,30,24.578,24578.0,24.578
1048,2021,13,17,17,17,14,fernando-alonso,alpine,renault,pirelli,1,33,19.018,19018.0,19.018
1048,2021,13,18,18,18,99,antonio-giovinazzi,alfa-romeo,ferrari,pirelli,2,33,20.043,20043.0,20.043
1048,2021,13,19,19,19,9,nikita-mazepin,haas,ferrari,pirelli,1,33,19.999,19999.0,19.999
1048,2021,13,20,20,20,16,charles-leclerc,ferrari,ferrari,pirelli,1,34,19.490,19490.0,19.49
1048,2021,13,21,21,21,44,lewis-hamilton,mercedes,mercedes,pirelli,2,39,18.868,18868.0,18.868
1048,2021,13,22,22,22,33,max-verstappen,red-bull,honda,pirelli,2,40,18.578,18578.0,18.578
1048,2021,13,23,23,23,88,robert-kubica,alfa-romeo,ferrari,pirelli,1,40,19.708,19708.0,19.708
1048,2021,13,24,24,24,4,lando-norris,mclaren,mercedes,pirelli,1,42,20.443,20443.0,20.443
1048,2021,13,25,25,25,5,sebastian-vettel,aston-martin,mercedes,pirelli,2,44,18.681,18681.0,18.681
1048,2021,13,26,26,26,11,sergio-perez,red-bull,honda,pirelli,2,47,18.555,18555.0,18.555
1048,2021,13,27,27,27,77,valtteri-bottas,mercedes,mercedes,pirelli,2,67,21.730,21730.0,21.73
1048,2021,13,28,28,28,44,lewis-hamilton,mercedes,mercedes,pirelli,3,70,19.202,19202.0,19.202
1048,2021,13,29,29,29,63,george-russell,williams,mercedes,pirelli,2,68,25.533,25533.0,25.533
1049,2021,14,1,1,1,99,antonio-giovinazzi,alfa-romeo,ferrari,pirelli,1,1,37.190,37190.0,23.285093348166452
1049,2021,14,2,2,2,3,daniel-ricciardo,mclaren,mercedes,pirelli,1,22,23.812,23812.0,23.812
1049,2021,14,3,3,3,5,sebastian-vettel,aston-martin,mercedes,pirelli,1,22,25.157,25157.0,25.157
1049,2021,14,4,4,4,33,max-verstappen,red-bull,honda,pirelli,1,23,32.456,32456.0,32.456
1049,2021,14,5,5,5,6,nicholas-latifi,williams,mercedes,pirelli,1,23,24.168,24168.0,24.168
1049,2021,14,6,6,6,47,mick-schumacher,haas,ferrari,pirelli,1,23,24.714,24714.0,24.714
1049,2021,14,7,7,7,4,lando-norris,mclaren,mercedes,pirelli,1,24,24.168,24168.0,24.168
1049,2021,14,8,8,8,9,nikita-mazepin,haas,ferrari,pirelli,1,24,24.928,24928.0,24.928
1049,2021,14,9,9,9,44,lewis-hamilton,mercedes,mercedes,pirelli,1,25,25.619,25619.0,25.619
1049,2021,14,10,10,10,18,lance-stroll,aston-martin,mercedes,pirelli,1,25,24.846,24846.0,24.846
1049,2021,14,11,11,11,14,fernando-alonso,alpine,renault,pirelli,1,25,24.797,24797.0,24.797
1049,2021,14,12,12,12,99,antonio-giovinazzi,alfa-romeo,ferrari,pirelli,2,25,30.551,30551.0,30.551
1049,2021,14,13,13,13,16,charles-leclerc,ferrari,ferrari,pirelli,1,26,24.557,24557.0,24.557
1049,2021,14,14,14,14,11,sergio-perez,red-bull,honda,pirelli,1,26,23.906,23906.0,23.906
1049,2021,14,15,15,15,55,carlos-sainz-jr,ferrari,ferrari,pirelli,1,26,24.283,24283.0,24.283
1049,2021,14,16,16,16,77,valtteri-bottas,mercedes,mercedes,pirelli,1,26,24.308,24308.0,24.308
1049,2021,14,17,17,17,31,esteban-ocon,alpine,renault,pirelli,1,26,30.333,30333.0,30.333
1049,2021,14,18,18,18,63,george-russell,williams,mercedes,pirelli,1,26,24.156,24156.0,24.156
1049,2021,14,19,19,19,88,robert-kubica,alfa-romeo,ferrari,pirelli,1,26,24.501,24501.0,24.501
1049,2021,14,20,20,20,5,sebastian-vettel,aston-martin,mercedes,pirelli,2,26,25.927,25927.0,25.927
1049,2021,14,21,21,21,9,nikita-mazepin,haas,ferrari,pirelli,2,28,24.806,24806.0,24.806
1049,2021,14,22,22,22,9,nikita-mazepin,haas,ferrari,pirelli,3,39,30.917,30917.0,30.917
1050,2021,15,1,1,1,18,lance-stroll,aston-martin,mercedes,pirelli,1,12,30.241,30241.0,30.241
1050,2021,15,2,2,2,63,george-russell,williams,mercedes,pirelli,1,13,30.665,30665.0,30.665
1050,2021,15,3,3,3,6,nicholas-latifi,williams,mercedes,pirelli,1,13,30.056,30056.0,30.056
1050,2021,15,4,4,4,22,yuki-tsunoda,alphatauri,honda,pirelli,1,13,30.112,30112.0,30.112
1050,2021,15,5,5,5,55,carlos-sainz-jr,ferrari,ferrari,pirelli,1,14,30.715,30715.0,30.715
1050,2021,15,6,6,6,9,nikita-mazepin,haas,ferrari,pirelli,1,14,30.127,30127.0,30.127
1050,2021,15,7,7,7,31,esteban-ocon,alpine,renault,pirelli,1,15,29.901,29901.0,29.901
1050,2021,15,8,8,8,7,kimi-raikkonen,alfa-romeo,ferrari,pirelli,1,15,30.102,30102.0,30.102
1050,2021,15,9,9,9,47,mick-schumacher,haas,ferrari,pirelli,1,20,29.996,29996.0,29.996
1050,2021,15,10,10,10,3,daniel-ricciardo,mclaren,mercedes,pirelli,1,22,33.617,33617.0,33.617
1050,2021,15,11,11,11,44,lewis-hamilton,mercedes,mercedes,pirelli,1,26,29.878,29878.0,29.878
1050,2021,15,12,12,12,33,max-verstappen,red-bull,honda,pirelli,1,26,29.578,29578.0,29.578
1050,2021,15,13,13,13,5,sebastian-vettel,aston-martin,mercedes,pirelli,1,26,29.242,29242.0,29.242
1050,2021,15,14,14,14,4,lando-norris,mclaren,mercedes,pirelli,1,28,29.824,29824.0,29.824
1050,2021,15,15,15,15,77,valtteri-bottas,mercedes,mercedes,pirelli,1,28,29.936,29936.0,29.936
1050,2021,15,16,16,16,10,pierre-gasly,alphatauri,honda,pirelli,1,33,29.354,29354.0,29.354
1050,2021,15,17,17,17,16,charles-leclerc,ferrari,ferrari,pirelli,1,35,31.849,31849.0,31.849
1050,2021,15,18,18,18,11,sergio-perez,red-bull,honda,pirelli,1,36,36.026,36026.0,22.437605857966453
1050,2021,15,19,19,19,14,fernando-alonso,alpine,renault,pirelli,1,36,30.157,30157.0,30.157
1050,2021,15,20,20,20,99,antonio-giovinazzi,alfa-romeo,ferrari,pirelli,1,36,30.081,30081.0,30.081
1050,2021,15,21,21,21,63,george-russell,williams,mercedes,pirelli,2,47,32.081,32081.0,32.081
1050,2021,15,22,22,22,77,valtteri-bottas,mercedes,mercedes,pirelli,2,47,29.569,29569.0,29.569
1050,2021,15,23,23,23,7,kimi-raikkonen,alfa-romeo,ferrari,pirelli,2,47,30.131,30131.0,30.131
1050,2021,15,24,24,24,9,nikita-mazepin,haas,ferrari,pirelli,2,46,33.931,33931.0,33.931
1050,2021,15,25,25,25,22,yuki-tsunoda,alphatauri,honda,pirelli,2,47,30.980,30980.0,30.98
1050,2021,15,26,26,26,33,max-verstappen,red-bull,honda,pirelli,2,48,31.017,31017.0,31.017
1050,2021,15,27,27,27,55,carlos-sainz-jr,ferrari,ferrari,pirelli,2,48,30.677,30677.0,30.677
1050,2021,15,28,28,28,3,daniel-ricciardo,mclaren,mercedes,pirelli,2,48,31.016,31016.0,31.016
1050,2021,15,29,29,29,18,lance-stroll,aston-martin,mercedes,pirelli,2,48,43.124,43124.0,22.503899723723773
1050,2021,15,30,30,30,44,lewis-hamilton,mercedes,mercedes,pirelli,2,49,30.045,30045.0,30.045
1050,2021,15,31,31,31,22,yuki-tsunoda,alphatauri,honda,pirelli,3,49,30.972,30972.0,30.972
1050,2021,15,32,32,32,14,fernando-alonso,alpine,renault,pirelli,2,50,30.702,30702.0,30.702
1050,2021,15,33,33,33,11,sergio-perez,red-bull,honda,pirelli,2,50,32.313,32313.0,32.313
1050,2021,15,34,34,34,5,sebastian-vettel,aston-martin,mercedes,pirelli,2,50,32.128,32128.0,32.128
1050,2021,15,35,35,35,10,pierre-gasly,alphatauri,honda,pirelli,2,50,31.915,31915.0,31.915
1050,2021,15,36,36,36,31,esteban-ocon,alpine,renault,pirelli,2,50,33.264,33264.0,33.264
1050,2021,15,37,37,37,99,antonio-giovinazzi,alfa-romeo,ferrari,pirelli,2,50,33.961,33961.0,33.961
1050,2021,15,38,38,38,4,lando-norris,mclaren,mercedes,pirelli,2,51,32.670,32670.0,32.67
1050,2021,15,39,39,39,16,charles-leclerc,ferrari,ferrari,pirelli,2,51,32.648,32648.0,32.648
1051,2021,16,1,1,1,3,daniel-ricciardo,mclaren,mercedes,pirelli,1,21,23.028,23028.0,23.028
1051,2021,16,2,2,2,14,fernando-alonso,alpine,renault,pirelli,1,30,29.116,29116.0,29.116
1051,2021,16,3,3,3,4,lando-norris,mclaren,mercedes,pirelli,1,34,23.239,23239.0,23.239
1051,2021,16,4,4,4,6,nicholas-latifi,williams,mercedes,pirelli,1,34,24.104,24104.0,24.104
1051,2021,16,5,5,5,22,yuki-tsunoda,alphatauri,honda,pirelli,1,35,23.329,23329.0,23.329
1051,2021,16,6,6,6,63,george-russell,williams,mercedes,pirelli,1,35,23.551,23551.0,23.551
1051,2021,16,7,7,7,33,max-verstappen,red-bull,honda,pirelli,1,36,22.442,22442.0,22.442
1051,2021,16,8,8,8,55,carlos-sainz-jr,ferrari,ferrari,pirelli,1,36,28.353,28353.0,28.353
1051,2021,16,9,9,9,9,nikita-mazepin,haas,ferrari,pirelli,1,35,23.829,23829.0,23.829
1051,2021,16,10,10,10,5,sebastian-vettel,aston-martin,mercedes,pirelli,1,36,23.500,23500.0,23.5
1051,2021,16,11,11,11,77,valtteri-bottas,mercedes,mercedes,pirelli,1,37,22.962,22962.0,22.962
1051,2021,16,12,12,12,11,sergio-perez,red-bull,honda,pirelli,1,37,22.463,22463.0,22.463
1051,2021,16,13,13,13,7,kimi-raikkonen,alfa-romeo,ferrari,pirelli,1,37,23.164,23164.0,23.164
1051,2021,16,14,14,14,5,sebastian-vettel,aston-martin,mercedes,pirelli,2,37,23.514,23514.0,23.514
1051,2021,16,15,15,15,10,pierre-gasly,alphatauri,honda,pirelli,1,39,29.310,29310.0,29.31
1051,2021,16,16,16,16,18,lance-stroll,aston-martin,mercedes,pirelli,1,39,35.509,35509.0,24.15805193887703
1051,2021,16,17,17,17,47,mick-schumacher,haas,ferrari,pirelli,1,39,23.892,23892.0,23.892
1051,2021,16,18,18,18,99,antonio-giovinazzi,alfa-romeo,ferrari,pirelli,1,40,23.150,23150.0,23.15
1051,2021,16,19,19,19,16,charles-leclerc,ferrari,ferrari,pirelli,1,47,23.646,23646.0,23.646
1051,2021,16,20,20,20,44,lewis-hamilton,mercedes,mercedes,pirelli,1,50,22.684,22684.0,22.684
1052,2021,17,1,1,1,9,nikita-mazepin,haas,ferrari,pirelli,1,1,30.673,30673.0,30.673
1052,2021,17,2,2,2,31,esteban-ocon,alpine,renault,pirelli,1,3,40.800,40800.0,24.17055321441896
1052,2021,17,3,3,3,6,nicholas-latifi,williams,mercedes,pirelli,1,5,32.610,32610.0,32.61
1052,2021,17,4,4,4,14,fernando-alonso,alpine,renault,pirelli,1,7,23.576,23576.0,23.576
1052,2021,17,5,5,5,99,antonio-giovinazzi,alfa-romeo,ferrari,pirelli,1,8,23.993,23993.0,23.993
1052,2021,17,6,6,6,22,yuki-tsunoda,alphatauri,honda,pirelli,1,9,23.802,23802.0,23.802
1052,2021,17,7,7,7,63,george-russell,williams,mercedes,pirelli,1,9,23.572,23572.0,23.572
1052,2021,17,8,8,8,33,max-verstappen,red-bull,honda,pirelli,1,10,23.727,23727.0,23.727
1052,2021,17,9,9,9,4,lando-norris,mclaren,mercedes,pirelli,1,10,24.385,24385.0,24.385
1052,2021,17,10,10,10,10,pierre-gasly,alphatauri,honda,pirelli,1,10,23.745,23745.0,23.745
1052,2021,17,11,11,11,3,daniel-ricciardo,mclaren,mercedes,pirelli,1,11,24.176,24176.0,24.176
1052,2021,17,12,12,12,55,carlos-sainz-jr,ferrari,ferrari,pirelli,1,11,23.414,23414.0,23.414
1052,2021,17,13,13,13,47,mick-schumacher,haas,ferrari,pirelli,1,11,24.293,24293.0,24.293
1052,2021,17,14,14,14,11,sergio-perez,red-bull,honda,pirelli,1,12,25.018,25018.0,25.018
1052,2021,17,15,15,15,16,charles-leclerc,ferrari,ferrari,pirelli,1,12,24.011,24011.0,24.011
1052,2021,17,16,16,16,7,kimi-raikkonen,alfa-romeo,ferrari,pirelli,1,12,24.191,24191.0,24.191
1052,2021,17,17,17,17,44,lewis-hamilton,mercedes,mercedes,pirelli,1,13,24.481,24481.0,24.481
1052,2021,17,18,18,18,77,valtteri-bottas,mercedes,mercedes,pirelli,1,15,24.444,24444.0,24.444
1052,2021,17,19,19,19,5,sebastian-vettel,aston-martin,mercedes,pirelli,1,17,24.977,24977.0,24.977
1052,2021,17,20,20,20,18,lance-stroll,aston-martin,mercedes,pirelli,1,18,23.827,23827.0,23.827
1052,2021,17,21,21,21,9,nikita-mazepin,haas,ferrari,pirelli,2,24,24.611,24611.0,24.611
1052,2021,17,22,22,22,6,nicholas-latifi,williams,mercedes,pirelli,2,25,23.653,23653.0,23.653
1052,2021,17,23,23,23,31,esteban-ocon,alpine,renault,pirelli,2,25,23.919,23919.0,23.919
1052,2021,17,24,24,24,99,antonio-giovinazzi,alfa-romeo,ferrari,pirelli,2,26,23.502,23502.0,23.502
1052,2021,17,25,25,25,14,fernando-alonso,alpine,renault,pirelli,2,28,23.844,23844.0,23.844
1052,2021,17,26,26,26,33,max-verstappen,red-bull,honda,pirelli,2,29,24.052,24052.0,24.052
1052,2021,17,27,27,27,55,carlos-sainz-jr,ferrari,ferrari,pirelli,2,29,26.866,26866.0,26.866
1052,2021,17,28,28,28,11,sergio-perez,red-bull,honda,pirelli,2,30,23.604,23604.0,23.604
1052,2021,17,29,29,29,3,daniel-ricciardo,mclaren,mercedes,pirelli,2,30,24.036,24036.0,24.036
1052,2021,17,30,30,30,4,lando-norris,mclaren,mercedes,pirelli,2,30,25.548,25548.0,25.548
1052,2021,17,31,31,31,7,kimi-raikkonen,alfa-romeo,ferrari,pirelli,2,31,24.090,24090.0,24.09
1052,2021,17,32,32,32,63,george-russell,williams,mercedes,pirelli,2,31,24.980,24980.0,24.98
1052,2021,17,33,33,33,16,charles-leclerc,ferrari,ferrari,pirelli,2,32,23.805,23805.0,23.805
1052,2021,17,34,34,34,22,yuki-tsunoda,alphatauri,honda,pirelli,2,32,23.529,23529.0,23.529
1052,2021,17,35,35,35,77,valtteri-bottas,mercedes,mercedes,pirelli,2,34,23.619,23619.0,23.619
1052,2021,17,36,36,36,18,lance-stroll,aston-martin,mercedes,pirelli,2,34,23.455,23455.0,23.455
1052,2021,17,37,37,37,47,mick-schumacher,haas,ferrari,pirelli,2,34,24.247,24247.0,24.247
1052,2021,17,38,38,38,44,lewis-hamilton,mercedes,mercedes,pirelli,2,37,23.676,23676.0,23.676
1052,2021,17,39,39,39,5,sebastian-vettel,aston-martin,mercedes,pirelli,2,38,23.849,23849.0,23.849
1052,2021,17,40,40,40,9,nikita-mazepin,haas,ferrari,pirelli,3,37,24.169,24169.0,24.169
1052,2021,17,41,41,41,14,fernando-alonso,alpine,renault,pirelli,3,39,23.314,23314.0,23.314
1053,2021,18,1,1,1,3,daniel-ricciardo,mclaren,mercedes,pirelli,1,1,38.128,38128.0,21.459334498545505
1053,2021,18,2,2,2,77,valtteri-bottas,mercedes,mercedes,pirelli,1,1,22.463,22463.0,22.463
1053,2021,18,3,3,3,6,nicholas-latifi,williams,mercedes,pirelli,1,11,23.681,23681.0,23.681
1053,2021,18,4,4,4,18,lance-stroll,aston-martin,mercedes,pirelli,1,12,23.586,23586.0,23.586
1053,2021,18,5,5,5,9,nikita-mazepin,haas,ferrari,pirelli,1,13,25.094,25094.0,25.094
1053,2021,18,6,6,6,31,esteban-ocon,alpine,renault,pirelli,1,14,23.100,23100.0,23.1
1053,2021,18,7,7,7,63,george-russell,williams,mercedes,pirelli,1,15,21.984,21984.0,21.984
1053,2021,18,8,8,8,99,antonio-giovinazzi,alfa-romeo,ferrari,pirelli,1,16,22.205,22205.0,22.205
1053,2021,18,9,9,9,44,lewis-hamilton,mercedes,mercedes,pirelli,1,29,22.373,22373.0,22.373
1053,2021,18,10,10,10,16,charles-leclerc,ferrari,ferrari,pirelli,1,30,22.085,22085.0,22.085
1053,2021,18,11,11,11,10,pierre-gasly,alphatauri,honda,pirelli,1,31,22.549,22549.0,22.549
1053,2021,18,12,12,12,7,kimi-raikkonen,alfa-romeo,ferrari,pirelli,1,32,22.424,22424.0,22.424
1053,2021,18,13,13,13,33,max-verstappen,red-bull,honda,pirelli,1,33,21.908,21908.0,21.908
1053,2021,18,14,14,14,5,sebastian-vettel,aston-martin,mercedes,pirelli,1,33,22.277,22277.0,22.277
1053,2021,18,15,15,15,18,lance-stroll,aston-martin,mercedes,pirelli,2,34,26.056,26056.0,26.056
1053,2021,18,16,16,16,3,daniel-ricciardo,mclaren,mercedes,pirelli,2,38,22.813,22813.0,22.813
1053,2021,18,17,17,17,14,fernando-alonso,alpine,renault,pirelli,1,39,23.985,23985.0,23.985
1053,2021,18,18,18,18,11,sergio-perez,red-bull,honda,pirelli,1,40,22.114,22114.0,22.114
1053,2021,18,19,19,19,77,valtteri-bottas,mercedes,mercedes,pirelli,2,40,31.664,31664.0,31.664
1053,2021,18,20,20,20,55,carlos-sainz-jr,ferrari,ferrari,pirelli,1,42,22.031,22031.0,22.031
1053,2021,18,21,21,21,4,lando-norris,mclaren,mercedes,pirelli,1,44,22.534,22534.0,22.534
1053,2021,18,22,22,22,6,nicholas-latifi,williams,mercedes,pirelli,2,49,22.739,22739.0,22.739
1053,2021,18,23,23,23,9,nikita-mazepin,haas,ferrari,pirelli,2,58,23.637,23637.0,23.637
1053,2021,18,24,24,24,77,valtteri-bottas,mercedes,mercedes,pirelli,3,63,22.680,22680.0,22.68
1053,2021,18,25,25,25,77,valtteri-bottas,mercedes,mercedes,pirelli,4,67,26.443,26443.0,26.443
1054,2021,19,1,1,1,4,lando-norris,mclaren,mercedes,pirelli,1,1,27.313,27313.0,27.313
1054,2021,19,2,2,2,22,yuki-tsunoda,alphatauri,honda,pirelli,1,4,31.939,31939.0,31.939
1054,2021,19,3,3,3,63,george-russell,williams,mercedes,pirelli,1,6,22.978,22978.0,22.978
1054,2021,19,4,4,4,22,yuki-tsunoda,alphatauri,honda,pirelli,2,6,17.758,17758.0,17.758
1054,2021,19,5,5,5,4,lando-norris,mclaren,mercedes,pirelli,2,6,17.719,17719.0,17.719
1054,2021,19,6,6,6,33,max-verstappen,red-bull,honda,pirelli,1,7,17.916,17916.0,17.916
1054,2021,19,7,7,7,11,sergio-perez,red-bull,honda,pirelli,1,7,18.308,18308.0,18.308
1054,2021,19,8,8,8,44,lewis-hamilton,mercedes,mercedes,pirelli,1,7,17.910,17910.0,17.91
1054,2021,19,9,9,9,77,valtteri-bottas,mercedes,mercedes,pirelli,1,7,17.899,17899.0,17.899
1054,2021,19,10,10,10,16,charles-leclerc,ferrari,ferrari,pirelli,1,7,17.943,17943.0,17.943
1054,2021,19,11,11,11,55,carlos-sainz-jr,ferrari,ferrari,pirelli,1,7,18.460,18460.0,18.46
1054,2021,19,12,12,12,5,sebastian-vettel,aston-martin,mercedes,pirelli,1,7,18.107,18107.0,18.107
1054,2021,19,13,13,13,10,pierre-gasly,alphatauri,honda,pirelli,1,7,19.439,19439.0,19.439
1054,2021,19,14,14,14,31,esteban-ocon,alpine,renault,pirelli,1,7,19.285,19285.0,19.285
1054,2021,19,15,15,15,3,daniel-ricciardo,mclaren,mercedes,pirelli,1,7,19.732,19732.0,19.732
1054,2021,19,16,16,16,14,fernando-alonso,alpine,renault,pirelli,1,7,17.751,17751.0,17.751
1054,2021,19,17,17,17,18,lance-stroll,aston-martin,mercedes,pirelli,1,7,17.948,17948.0,17.948
1054,2021,19,18,18,18,99,antonio-giovinazzi,alfa-romeo,ferrari,pirelli,1,7,17.713,17713.0,17.713
1054,2021,19,19,19,19,9,nikita-mazepin,haas,ferrari,pirelli,1,7,17.995,17995.0,17.995
1054,2021,19,20,20,20,47,mick-schumacher,haas,ferrari,pirelli,1,7,17.861,17861.0,17.861
1054,2021,19,21,21,21,6,nicholas-latifi,williams,mercedes,pirelli,1,7,18.153,18153.0,18.153
1054,2021,19,22,22,22,7,kimi-raikkonen,alfa-romeo,ferrari,pirelli,1,7,18.327,18327.0,18.327
1054,2021,19,23,23,23,63,george-russell,williams,mercedes,pirelli,2,7,20.844,20844.0,20.844
1054,2021,19,24,24,24,22,yuki-tsunoda,alphatauri,honda,pirelli,3,7,17.711,17711.0,17.711
1054,2021,19,25,25,25,4,lando-norris,mclaren,mercedes,pirelli,3,7,17.673,17673.0,17.673
1054,2021,19,26,26,26,33,max-verstappen,red-bull,honda,pirelli,2,8,17.807,17807.0,17.807
1054,2021,19,27,27,27,11,sergio-perez,red-bull,honda,pirelli,2,8,18.136,18136.0,18.136
1054,2021,19,28,28,28,44,lewis-hamilton,mercedes,mercedes,pirelli,2,8,18.660,18660.0,18.66
1054,2021,19,29,29,29,77,valtteri-bottas,mercedes,mercedes,pirelli,2,8,17.837,17837.0,17.837
1054,2021,19,30,30,30,16,charles-leclerc,ferrari,ferrari,pirelli,2,8,17.771,17771.0,17.771
1054,2021,19,31,31,31,55,carlos-sainz-jr,ferrari,ferrari,pirelli,2,8,18.373,18373.0,18.373
1054,2021,19,32,32,32,5,sebastian-vettel,aston-martin,mercedes,pirelli,2,8,17.896,17896.0,17.896
1054,2021,19,33,33,33,10,pierre-gasly,alphatauri,honda,pirelli,2,8,18.608,18608.0,18.608
1054,2021,19,34,34,34,31,esteban-ocon,alpine,renault,pirelli,2,8,17.818,17818.0,17.818
1054,2021,19,35,35,35,3,daniel-ricciardo,mclaren,mercedes,pirelli,2,8,18.347,18347.0,18.347
1054,2021,19,36,36,36,14,fernando-alonso,alpine,renault,pirelli,2,8,17.705,17705.0,17.705
1054,2021,19,37,37,37,18,lance-stroll,aston-martin,mercedes,pirelli,2,8,17.935,17935.0,17.935
1054,2021,19,38,38,38,99,antonio-giovinazzi,alfa-romeo,ferrari,pirelli,2,8,17.929,17929.0,17.929
1054,2021,19,39,39,39,9,nikita-mazepin,haas,ferrari,pirelli,2,8,18.467,18467.0,18.467
1054,2021,19,40,40,40,47,mick-schumacher,haas,ferrari,pirelli,2,8,18.588,18588.0,18.588
1054,2021,19,41,41,41,6,nicholas-latifi,williams,mercedes,pirelli,2,8,18.784,18784.0,18.784
1054,2021,19,42,42,42,7,kimi-raikkonen,alfa-romeo,ferrari,pirelli,2,8,18.763,18763.0,18.763
1054,2021,19,43,43,43,63,george-russell,williams,mercedes,pirelli,3,8,18.179,18179.0,18.179
1054,2021,19,44,44,44,22,yuki-tsunoda,alphatauri,honda,pirelli,4,8,18.499,18499.0,18.499
1054,2021,19,45,45,45,4,lando-norris,mclaren,mercedes,pirelli,4,8,19.176,19176.0,19.176
1054,2021,19,46,46,46,47,mick-schumacher,haas,ferrari,pirelli,3,11,41.173,41173.0,23.42113285021819
1054,2021,19,47,47,47,6,nicholas-latifi,williams,mercedes,pirelli,3,13,22.936,22936.0,22.936
1054,2021,19,48,48,48,18,lance-stroll,aston-martin,mercedes,pirelli,3,22,24.997,24997.0,24.997
1054,2021,19,49,49,49,10,pierre-gasly,alphatauri,honda,pirelli,3,25,23.116,23116.0,23.116
1054,2021,19,50,50,50,44,lewis-hamilton,mercedes,mercedes,pirelli,3,26,22.690,22690.0,22.69
1054,2021,19,51,51,51,55,carlos-sainz-jr,ferrari,ferrari,pirelli,3,26,23.321,23321.0,23.321
1054,2021,19,52,52,52,33,max-verstappen,red-bull,honda,pirelli,3,27,22.722,22722.0,22.722
1054,2021,19,53,53,53,16,charles-leclerc,ferrari,ferrari,pirelli,3,27,22.667,22667.0,22.667
1054,2021,19,54,54,54,11,sergio-perez,red-bull,honda,pirelli,3,28,23.165,23165.0,23.165
1054,2021,19,55,55,55,5,sebastian-vettel,aston-martin,mercedes,pirelli,3,28,24.464,24464.0,24.464
1054,2021,19,56,56,56,7,kimi-raikkonen,alfa-romeo,ferrari,pirelli,3,28,23.541,23541.0,23.541
1054,2021,19,57,57,57,99,antonio-giovinazzi,alfa-romeo,ferrari,pirelli,3,29,23.618,23618.0,23.618
1054,2021,19,58,58,58,77,valtteri-bottas,mercedes,mercedes,pirelli,3,30,23.263,23263.0,23.263
1054,2021,19,59,59,59,47,mick-schumacher,haas,ferrari,pirelli,4,29,25.597,25597.0,25.597
1054,2021,19,60,60,60,3,daniel-ricciardo,mclaren,mercedes,pirelli,3,30,22.839,22839.0,22.839
1054,2021,19,61,61,61,31,esteban-ocon,alpine,renault,pirelli,3,30,23.504,23504.0,23.504
1054,2021,19,62,62,62,14,fernando-alonso,alpine,renault,pirelli,3,34,24.375,24375.0,24.375
1054,2021,19,63,63,63,9,nikita-mazepin,haas,ferrari,pirelli,3,34,23.546,23546.0,23.546
1054,2021,19,64,64,64,4,lando-norris,mclaren,mercedes,pirelli,5,37,24.211,24211.0,24.211
1054,2021,19,65,65,65,22,yuki-tsunoda,alphatauri,honda,pirelli,5,39,35.416,35416.0,23.017019614725733
1054,2021,19,66,66,66,6,nicholas-latifi,williams,mercedes,pirelli,4,39,22.958,22958.0,22.958
1054,2021,19,67,67,67,33,max-verstappen,red-bull,honda,pirelli,4,40,22.766,22766.0,22.766
1054,2021,19,68,68,68,77,valtteri-bottas,mercedes,mercedes,pirelli,4,41,22.856,22856.0,22.856
1054,2021,19,69,69,69,63,george-russell,williams,mercedes,pirelli,4,41,23.132,23132.0,23.132
1054,2021,19,70,70,70,11,sergio-perez,red-bull,honda,pirelli,4,42,22.656,22656.0,22.656
1054,2021,19,71,71,71,99,antonio-giovinazzi,alfa-romeo,ferrari,pirelli,4,42,22.830,22830.0,22.83
1054,2021,19,72,72,72,44,lewis-hamilton,mercedes,mercedes,pirelli,4,43,22.664,22664.0,22.664
1054,2021,19,73,73,73,10,pierre-gasly,alphatauri,honda,pirelli,4,51,23.039,23039.0,23.039
1054,2021,19,74,74,74,16,charles-leclerc,ferrari,ferrari,pirelli,4,52,23.064,23064.0,23.064
1054,2021,19,75,75,75,7,kimi-raikkonen,alfa-romeo,ferrari,pirelli,4,52,22.666,22666.0,22.666
1054,2021,19,76,76,76,55,carlos-sainz-jr,ferrari,ferrari,pirelli,4,53,22.745,22745.0,22.745
1054,2021,19,77,77,77,5,sebastian-vettel,aston-martin,mercedes,pirelli,4,55,22.978,22978.0,22.978
1054,2021,19,78,78,78,47,mick-schumacher,haas,ferrari,pirelli,5,61,24.627,24627.0,24.627
1054,2021,19,79,79,79,11,sergio-perez,red-bull,honda,pirelli,5,69,22.916,22916.0,22.916
1055,2021,20,1,1,1,22,yuki-tsunoda,alphatauri,honda,pirelli,1,9,25.659,25659.0,25.659
1055,2021,20,2,2,2,7,kimi-raikkonen,alfa-romeo,ferrari,pirelli,1,10,26.174,26174.0,26.174
1055,2021,20,3,3,3,10,pierre-gasly,alphatauri,honda,pirelli,1,13,25.630,25630.0,25.63
1055,2021,20,4,4,4,99,antonio-giovinazzi,alfa-romeo,ferrari,pirelli,1,15,25.987,25987.0,25.987
1055,2021,20,5,5,5,33,max-verstappen,red-bull,honda,pirelli,1,17,25.300,25300.0,25.3
1055,2021,20,6,6,6,63,george-russell,williams,mercedes,pirelli,1,17,26.121,26121.0,26.121
1055,2021,20,7,7,7,44,lewis-hamilton,mercedes,mercedes,pirelli,1,18,25.235,25235.0,25.235
1055,2021,20,8,8,8,6,nicholas-latifi,williams,mercedes,pirelli,1,18,25.811,25811.0,25.811
1055,2021,20,9,9,9,11,sergio-perez,red-bull,honda,pirelli,1,19,25.419,25419.0,25.419
1055,2021,20,10,10,10,47,mick-schumacher,haas,ferrari,pirelli,1,22,25.881,25881.0,25.881
1055,2021,20,11,11,11,14,fernando-alonso,alpine,renault,pirelli,1,23,25.991,25991.0,25.991
1055,2021,20,12,12,12,18,lance-stroll,aston-martin,mercedes,pirelli,1,23,26.157,26157.0,26.157
1055,2021,20,13,13,13,31,esteban-ocon,alpine,renault,pirelli,1,24,25.517,25517.0,25.517
1055,2021,20,14,14,14,4,lando-norris,mclaren,mercedes,pirelli,1,25,25.319,25319.0,25.319
1055,2021,20,15,15,15,3,daniel-ricciardo,mclaren,mercedes,pirelli,1,26,25.562,25562.0,25.562
1055,2021,20,16,16,16,5,sebastian-vettel,aston-martin,mercedes,pirelli,1,26,25.726,25726.0,25.726
1055,2021,20,17,17,17,55,carlos-sainz-jr,ferrari,ferrari,pirelli,1,27,25.639,25639.0,25.639
1055,2021,20,18,18,18,16,charles-leclerc,ferrari,ferrari,pirelli,1,27,25.799,25799.0,25.799
1055,2021,20,19,19,19,7,kimi-raikkonen,alfa-romeo,ferrari,pirelli,2,30,25.633,25633.0,25.633
1055,2021,20,20,20,20,9,nikita-mazepin,haas,ferrari,pirelli,1,31,26.515,26515.0,26.515
1055,2021,20,21,21,21,99,antonio-giovinazzi,alfa-romeo,ferrari,pirelli,2,32,25.347,25347.0,25.347
1055,2021,20,22,22,22,77,valtteri-bottas,mercedes,mercedes,pirelli,1,33,36.341,36341.0,23.913575232381838
1055,2021,20,23,23,23,22,yuki-tsunoda,alphatauri,honda,pirelli,2,34,26.674,26674.0,26.674
1055,2021,20,24,24,24,10,pierre-gasly,alphatauri,honda,pirelli,2,35,26.109,26109.0,26.109
1055,2021,20,25,25,25,33,max-verstappen,red-bull,honda,pirelli,2,41,25.175,25175.0,25.175
1055,2021,20,26,26,26,11,sergio-perez,red-bull,honda,pirelli,2,41,25.420,25420.0,25.42
1055,2021,20,27,27,27,44,lewis-hamilton,mercedes,mercedes,pirelli,2,42,25.381,25381.0,25.381
1055,2021,20,28,28,28,4,lando-norris,mclaren,mercedes,pirelli,2,49,26.552,26552.0,26.552
1055,2021,20,29,29,29,63,george-russell,williams,mercedes,pirelli,2,49,35.006,35006.0,23.024214657196563
1055,2021,20,30,30,30,33,max-verstappen,red-bull,honda,pirelli,3,55,25.465,25465.0,25.465
1056,2021,21,1,1,1,18,lance-stroll,aston-martin,mercedes,pirelli,1,9,27.165,27165.0,27.165
1056,2021,21,2,2,2,63,george-russell,williams,mercedes,pirelli,1,9,20.519,20519.0,20.519
1056,2021,21,3,3,3,44,lewis-hamilton,mercedes,mercedes,pirelli,1,10,20.580,20580.0,20.58
1056,2021,21,4,4,4,77,valtteri-bottas,mercedes,mercedes,pirelli,1,10,21.668,21668.0,21.668
1056,2021,21,5,5,5,16,charles-leclerc,ferrari,ferrari,pirelli,1,10,20.531,20531.0,20.531
1056,2021,21,6,6,6,11,sergio-perez,red-bull,honda,pirelli,1,10,20.710,20710.0,20.71
1056,2021,21,7,7,7,4,lando-norris,mclaren,mercedes,pirelli,1,10,20.973,20973.0,20.973
1056,2021,21,8,8,8,14,fernando-alonso,alpine,renault,pirelli,1,10,20.405,20405.0,20.405
1056,2021,21,9,9,9,6,nicholas-latifi,williams,mercedes,pirelli,1,10,24.220,24220.0,24.22
1056,2021,21,10,10,10,33,max-verstappen,red-bull,honda,pirelli,1,13,16:36.375,996375.0,22.28785097936195
1056,2021,21,11,11,11,44,lewis-hamilton,mercedes,mercedes,pirelli,2,13,16:35.856,995856.0,22.710883018523145
1056,2021,21,12,12,12,77,valtteri-bottas,mercedes,mercedes,pirelli,2,13,16:35.942,995942.0,21.350494883420378
1056,2021,21,13,13,13,31,esteban-ocon,alpine,renault,pirelli,1,13,16:37.126,997126.0,23.045868307621994
1056,2021,21,14,14,14,3,daniel-ricciardo,mclaren,mercedes,pirelli,1,13,16:37.029,997029.0,21.004353551120396
1056,2021,21,15,15,15,16,charles-leclerc,ferrari,ferrari,pirelli,2,13,16:39.485,999485.0,22.702222981383912
1056,2021,21,16,16,16,10,pierre-gasly,alphatauri,honda,pirelli,1,13,16:41.775,1001775.0,23.85068975247461
1056,2021,21,17,17,17,11,sergio-perez,red-bull,honda,pirelli,2,13,16:42.619,1002619.0,24.368938661026853
1056,2021,21,18,18,18,55,carlos-sainz-jr,ferrari,ferrari,pirelli,1,13,16:44.618,1004618.0,23.473712413736607
1056,2021,21,19,19,19,99,antonio-giovinazzi,alfa-romeo,ferrari,pirelli,1,13,16:44.917,1004917.0,23.00581920810265
1056,2021,21,20,20,20,22,yuki-tsunoda,alphatauri,honda,pirelli,1,13,16:46.407,1006407.0,24.113144403043357
1056,2021,21,21,21,21,7,kimi-raikkonen,alfa-romeo,ferrari,pirelli,1,13,16:48.569,1008569.0,24.48729360712259
1056,2021,21,22,22,22,5,sebastian-vettel,aston-martin,mercedes,pirelli,1,13,16:52.304,1012304.0,22.372995165280717
1056,2021,21,23,23,23,4,lando-norris,mclaren,mercedes,pirelli,2,13,16:57.303,1017303.0,21.489528496584587
1056,2021,21,24,24,24,14,fernando-alonso,alpine,renault,pirelli,2,13,16:59.850,1019850.0,21.992415104154926
1056,2021,21,25,25,25,9,nikita-mazepin,haas,ferrari,pirelli,1,13,16:59.226,1019226.0,22.93519415799475
1056,2021,21,26,26,26,63,george-russell,williams,mercedes,pirelli,2,13,17:01.615,1021615.0,23.768285383227774
1056,2021,21,27,27,27,18,lance-stroll,aston-martin,mercedes,pirelli,2,13,17:00.939,1020939.0,21.010639104351167
1056,2021,21,28,28,28,6,nicholas-latifi,williams,mercedes,pirelli,2,13,16:57.257,1017257.0,22.7635625796654
1056,2021,21,29,29,29,33,max-verstappen,red-bull,honda,pirelli,2,15,18:07.591,1087591.0,23.80173743664609
1056,2021,21,30,30,30,31,esteban-ocon,alpine,renault,pirelli,2,15,18:08.290,1088290.0,21.89641244724352
1056,2021,21,31,31,31,44,lewis-hamilton,mercedes,mercedes,pirelli,3,15,18:06.674,1086674.0,23.743264300093017
1056,2021,21,32,32,32,3,daniel-ricciardo,mclaren,mercedes,pirelli,2,15,18:07.296,1087296.0,21.566438576720603
1056,2021,21,33,33,33,77,valtteri-bottas,mercedes,mercedes,pirelli,3,15,18:09.473,1089473.0,21.400407976619668
1056,2021,21,34,34,34,10,pierre-gasly,alphatauri,honda,pirelli,2,15,18:12.287,1092287.0,24.29749808254231
1056,2021,21,35,35,35,16,charles-leclerc,ferrari,ferrari,pirelli,3,15,18:15.192,1095192.0,21.10624380275306
1056,2021,21,36,36,36,99,antonio-giovinazzi,alfa-romeo,ferrari,pirelli,2,15,18:14.749,1094749.0,24.42380893186261
1056,2021,21,37,37,37,55,carlos-sainz-jr,ferrari,ferrari,pirelli,2,15,18:17.194,1097194.0,24.112198607459252
1056,2021,21,38,38,38,5,sebastian-vettel,aston-martin,mercedes,pirelli,2,15,18:18.749,1098749.0,23.728641773022115
1056,2021,21,39,39,39,7,kimi-raikkonen,alfa-romeo,ferrari,pirelli,2,15,18:19.282,1099282.0,23.121247875362478
1056,2021,21,40,40,40,22,yuki-tsunoda,alphatauri,honda,pirelli,2,15,18:20.644,1100644.0,24.32725703628568
1056,2021,21,41,41,41,14,fernando-alonso,alpine,renault,pirelli,3,15,18:21.826,1101826.0,22.954551088504417
1056,2021,21,42,42,42,18,lance-stroll,aston-martin,mercedes,pirelli,3,15,18:22.979,1102979.0,21.039693773671956
1056,2021,21,43,43,43,6,nicholas-latifi,williams,mercedes,pirelli,3,15,18:27.052,1107052.0,24.47614995674718
1056,2021,21,44,44,44,4,lando-norris,mclaren,mercedes,pirelli,3,15,18:36.576,1116576.0,21.66771921338012
1056,2021,21,45,45,45,22,yuki-tsunoda,alphatauri,honda,pirelli,3,23,27.874,27874.0,27.874
1056,2021,21,46,46,46,7,kimi-raikkonen,alfa-romeo,ferrari,pirelli,3,26,34.489,34489.0,34.489
1056,2021,21,47,47,47,14,fernando-alonso,alpine,renault,pirelli,4,44,21.097,21097.0,21.097
1057,2021,22,1,1,1,47,mick-schumacher,haas,ferrari,pirelli,1,10,22.124,22124.0,22.124
1057,2021,22,2,2,2,33,max-verstappen,red-bull,honda,pirelli,1,13,21.152,21152.0,21.152
1057,2021,22,3,3,3,44,lewis-hamilton,mercedes,mercedes,pirelli,1,14,21.595,21595.0,21.595
1057,2021,22,4,4,4,16,charles-leclerc,ferrari,ferrari,pirelli,1,15,22.461,22461.0,22.461
1057,2021,22,5,5,5,31,esteban-ocon,alpine,renault,pirelli,1,15,21.677,21677.0,21.677
1057,2021,22,6,6,6,4,lando-norris,mclaren,mercedes,pirelli,1,17,21.380,21380.0,21.38
1057,2021,22,7,7,7,99,antonio-giovinazzi,alfa-romeo,ferrari,pirelli,1,17,22.283,22283.0,22.283
1057,2021,22,8,8,8,3,daniel-ricciardo,mclaren,mercedes,pirelli,1,18,21.449,21449.0,21.449
1057,2021,22,9,9,9,55,carlos-sainz-jr,ferrari,ferrari,pirelli,1,19,22.213,22213.0,22.213
1057,2021,22,10,10,10,11,sergio-perez,red-bull,honda,pirelli,1,21,21.471,21471.0,21.471
1057,2021,22,11,11,11,18,lance-stroll,aston-martin,mercedes,pirelli,1,21,22.288,22288.0,22.288
1057,2021,22,12,12,12,7,kimi-raikkonen,alfa-romeo,ferrari,pirelli,1,21,22.338,22338.0,22.338
1057,2021,22,13,13,13,22,yuki-tsunoda,alphatauri,honda,pirelli,1,23,22.455,22455.0,22.455
1057,2021,22,14,14,14,5,sebastian-vettel,aston-martin,mercedes,pirelli,1,23,21.221,21221.0,21.221
1057,2021,22,15,15,15,6,nicholas-latifi,williams,mercedes,pirelli,1,28,21.241,21241.0,21.241
1057,2021,22,16,16,16,77,valtteri-bottas,mercedes,mercedes,pirelli,1,30,21.669,21669.0,21.669
1057,2021,22,17,17,17,16,charles-leclerc,ferrari,ferrari,pirelli,2,35,21.173,21173.0,21.173
1057,2021,22,18,18,18,33,max-verstappen,red-bull,honda,pirelli,2,36,21.871,21871.0,21.871
1057,2021,22,19,19,19,11,sergio-perez,red-bull,honda,pirelli,2,36,21.413,21413.0,21.413
1057,2021,22,20,20,20,10,pierre-gasly,alphatauri,honda,pirelli,1,36,22.133,22133.0,22.133
1057,2021,22,21,21,21,14,fernando-alonso,alpine,renault,pirelli,1,36,21.304,21304.0,21.304
1057,2021,22,22,22,22,4,lando-norris,mclaren,mercedes,pirelli,2,48,22.173,22173.0,22.173
1057,2021,22,23,23,23,33,max-verstappen,red-bull,honda,pirelli,3,53,21.453,21453.0,21.453
1057,2021,22,24,24,24,3,daniel-ricciardo,mclaren,mercedes,pirelli,2,52,22.056,22056.0,22.056
1057,2021,22,25,25,25,18,lance-stroll,aston-martin,mercedes,pirelli,2,52,22.661,22661.0,22.661
1057,2021,22,26,26,26,11,sergio-perez,red-bull,honda,pirelli,3,53,21.385,21385.0,21.385
1057,2021,22,27,27,27,47,mick-schumacher,haas,ferrari,pirelli,2,52,22.070,22070.0,22.07
1057,2021,22,28,28,28,22,yuki-tsunoda,alphatauri,honda,pirelli,2,53,21.909,21909.0,21.909
1057,2021,22,29,29,29,10,pierre-gasly,alphatauri,honda,pirelli,2,54,21.920,21920.0,21.92
1058,2022,1,1,1,1,44,lewis-hamilton,mercedes,mercedes,pirelli,1,11,25.201,25201.0,25.201
1058,2022,1,2,2,2,14,fernando-alonso,alpine,renault,pirelli,1,11,25.365,25365.0,25.365
1058,2022,1,3,3,3,47,mick-schumacher,haas,ferrari,pirelli,1,12,25.214,25214.0,25.214
1058,2022,1,4,4,4,23,alexander-albon,williams,mercedes,pirelli,1,13,24.874,24874.0,24.874
1058,2022,1,5,5,5,1,max-verstappen,red-bull,rbpt,pirelli,1,14,24.897,24897.0,24.897
1058,2022,1,6,6,6,55,carlos-sainz-jr,ferrari,ferrari,pirelli,1,14,24.666,24666.0,24.666
1058,2022,1,7,7,7,20,kevin-magnussen,haas,ferrari,pirelli,1,14,25.478,25478.0,25.478
1058,2022,1,8,8,8,10,pierre-gasly,alphatauri,rbpt,pirelli,1,14,24.575,24575.0,24.575
1058,2022,1,9,9,9,31,esteban-ocon,alpine,renault,pirelli,1,14,30.484,30484.0,30.484
1058,2022,1,10,10,10,77,valtteri-bottas,alfa-romeo,ferrari,pirelli,1,14,25.893,25893.0,25.893
1058,2022,1,11,11,11,6,nicholas-latifi,williams,mercedes,pirelli,1,14,24.457,24457.0,24.457
1058,2022,1,12,12,12,16,charles-leclerc,ferrari,ferrari,pirelli,1,15,25.012,25012.0,25.012
1058,2022,1,13,13,13,11,sergio-perez,red-bull,rbpt,pirelli,1,15,25.046,25046.0,25.046
1058,2022,1,14,14,14,63,george-russell,mercedes,mercedes,pirelli,1,15,25.888,25888.0,25.888
1058,2022,1,15,15,15,22,yuki-tsunoda,alphatauri,rbpt,pirelli,1,15,26.095,26095.0,26.095
1058,2022,1,16,16,16,24,guanyu-zhou,alfa-romeo,ferrari,pirelli,1,15,25.428,25428.0,25.428
1058,2022,1,17,17,17,3,daniel-ricciardo,mclaren,mercedes,pirelli,1,17,24.915,24915.0,24.915
1058,2022,1,18,18,18,18,lance-stroll,aston-martin,mercedes,pirelli,1,18,25.739,25739.0,25.739
1058,2022,1,19,19,19,27,nico-hulkenberg,aston-martin,mercedes,pirelli,1,19,27.365,27365.0,27.365
1058,2022,1,20,20,20,4,lando-norris,mclaren,mercedes,pirelli,1,24,24.568,24568.0,24.568
1058,2022,1,21,21,21,14,fernando-alonso,alpine,renault,pirelli,2,25,24.909,24909.0,24.909
1058,2022,1,22,22,22,44,lewis-hamilton,mercedes,mercedes,pirelli,2,27,25.796,25796.0,25.796
1058,2022,1,23,23,23,22,yuki-tsunoda,alphatauri,rbpt,pirelli,2,29,24.350,24350.0,24.35
1058,2022,1,24,24,24,1,max-verstappen,red-bull,rbpt,pirelli,2,30,24.937,24937.0,24.937
1058,2022,1,25,25,25,31,esteban-ocon,alpine,renault,pirelli,2,30,25.393,25393.0,25.393
1058,2022,1,26,26,26,16,charles-leclerc,ferrari,ferrari,pirelli,2,31,24.527,24527.0,24.527
1058,2022,1,27,27,27,10,pierre-gasly,alphatauri,rbpt,pirelli,2,32,25.875,25875.0,25.875
1058,2022,1,28,28,28,6,nicholas-latifi,williams,mercedes,pirelli,2,32,24.778,24778.0,24.778
1058,2022,1,29,29,29,55,carlos-sainz-jr,ferrari,ferrari,pirelli,2,33,24.438,24438.0,24.438
1058,2022,1,30,30,30,11,sergio-perez,red-bull,rbpt,pirelli,2,33,24.173,24173.0,24.173
1058,2022,1,31,31,31,63,george-russell,mercedes,mercedes,pirelli,2,33,25.334,25334.0,25.334
1058,2022,1,32,32,32,3,daniel-ricciardo,mclaren,mercedes,pirelli,2,33,24.885,24885.0,24.885
1058,2022,1,33,33,33,20,kevin-magnussen,haas,ferrari,pirelli,2,34,25.876,25876.0,25.876
1058,2022,1,34,34,34,47,mick-schumacher,haas,ferrari,pirelli,2,35,25.586,25586.0,25.586
1058,2022,1,35,35,35,23,alexander-albon,williams,mercedes,pirelli,2,35,25.570,25570.0,25.57
1058,2022,1,36,36,36,77,valtteri-bottas,alfa-romeo,ferrari,pirelli,2,36,25.156,25156.0,25.156
1058,2022,1,37,37,37,24,guanyu-zhou,alfa-romeo,ferrari,pirelli,2,37,25.291,25291.0,25.291
1058,2022,1,38,38,38,27,nico-hulkenberg,aston-martin,mercedes,pirelli,2,37,26.712,26712.0,26.712
1058,2022,1,39,39,39,18,lance-stroll,aston-martin,mercedes,pirelli,2,38,26.957,26957.0,26.957
1058,2022,1,40,40,40,4,lando-norris,mclaren,mercedes,pirelli,2,41,27.367,27367.0,27.367
1058,2022,1,41,41,41,14,fernando-alonso,alpine,renault,pirelli,3,42,24.508,24508.0,24.508
1058,2022,1,42,42,42,1,max-verstappen,red-bull,rbpt,pirelli,3,43,24.402,24402.0,24.402
1058,2022,1,43,43,43,11,sergio-perez,red-bull,rbpt,pirelli,3,43,24.947,24947.0,24.947
1058,2022,1,44,44,44,31,esteban-ocon,alpine,renault,pirelli,3,43,24.233,24233.0,24.233
1058,2022,1,45,45,45,55,carlos-sainz-jr,ferrari,ferrari,pirelli,3,44,24.287,24287.0,24.287
1058,2022,1,46,46,46,44,lewis-hamilton,mercedes,mercedes,pirelli,3,44,25.579,25579.0,25.579
1058,2022,1,47,47,47,22,yuki-tsunoda,alphatauri,rbpt,pirelli,3,44,24.188,24188.0,24.188
1058,2022,1,48,48,48,3,daniel-ricciardo,mclaren,mercedes,pirelli,3,44,25.139,25139.0,25.139
1058,2022,1,49,49,49,63,george-russell,mercedes,mercedes,pirelli,3,45,25.574,25574.0,25.574
1058,2022,1,50,50,50,27,nico-hulkenberg,aston-martin,mercedes,pirelli,3,44,25.748,25748.0,25.748
1058,2022,1,51,51,51,77,valtteri-bottas,alfa-romeo,ferrari,pirelli,3,45,25.188,25188.0,25.188
1058,2022,1,52,52,52,24,guanyu-zhou,alfa-romeo,ferrari,pirelli,3,45,28.647,28647.0,28.647
1058,2022,1,53,53,53,16,charles-leclerc,ferrari,ferrari,pirelli,3,46,24.613,24613.0,24.613
1058,2022,1,54,54,54,18,lance-stroll,aston-martin,mercedes,pirelli,3,45,25.039,25039.0,25.039
1058,2022,1,55,55,55,4,lando-norris,mclaren,mercedes,pirelli,3,45,24.975,24975.0,24.975
1058,2022,1,56,56,56,6,nicholas-latifi,williams,mercedes,pirelli,3,45,24.658,24658.0,24.658
1058,2022,1,57,57,57,20,kevin-magnussen,haas,ferrari,pirelli,3,46,26.051,26051.0,26.051
1058,2022,1,58,58,58,23,alexander-albon,williams,mercedes,pirelli,3,46,25.055,25055.0,25.055
1059,2022,2,1,1,1,3,daniel-ricciardo,mclaren,mercedes,pirelli,1,8,20.650,20650.0,20.65
1059,2022,2,2,2,2,18,lance-stroll,aston-martin,mercedes,pirelli,1,13,22.339,22339.0,22.339
1059,2022,2,3,3,3,23,alexander-albon,williams,mercedes,pirelli,1,13,20.683,20683.0,20.683
1059,2022,2,4,4,4,11,sergio-perez,red-bull,rbpt,pirelli,1,15,20.481,20481.0,20.481
1059,2022,2,5,5,5,10,pierre-gasly,alphatauri,rbpt,pirelli,1,15,22.820,22820.0,22.82
1059,2022,2,6,6,6,16,charles-leclerc,ferrari,ferrari,pirelli,1,16,21.038,21038.0,21.038
1059,2022,2,7,7,7,1,max-verstappen,red-bull,rbpt,pirelli,1,16,20.731,20731.0,20.731
1059,2022,2,8,8,8,55,carlos-sainz-jr,ferrari,ferrari,pirelli,1,16,21.521,21521.0,21.521
1059,2022,2,9,9,9,63,george-russell,mercedes,mercedes,pirelli,1,16,21.415,21415.0,21.415
1059,2022,2,10,10,10,14,fernando-alonso,alpine,renault,pirelli,1,16,21.543,21543.0,21.543
1059,2022,2,11,11,11,77,valtteri-bottas,alfa-romeo,ferrari,pirelli,1,16,22.561,22561.0,22.561
1059,2022,2,12,12,12,31,esteban-ocon,alpine,renault,pirelli,1,16,21.141,21141.0,21.141
1059,2022,2,13,13,13,4,lando-norris,mclaren,mercedes,pirelli,1,16,20.383,20383.0,20.383
1059,2022,2,14,14,14,24,guanyu-zhou,alfa-romeo,ferrari,pirelli,1,16,33.734,33734.0,33.734
1059,2022,2,15,15,15,24,guanyu-zhou,alfa-romeo,ferrari,pirelli,2,27,15.103,15103.0,15.103
1059,2022,2,16,16,16,77,valtteri-bottas,alfa-romeo,ferrari,pirelli,2,35,22.710,22710.0,22.71
1059,2022,2,17,17,17,20,kevin-magnussen,haas,ferrari,pirelli,1,37,22.374,22374.0,22.374
1059,2022,2,18,18,18,27,nico-hulkenberg,aston-martin,mercedes,pirelli,1,37,21.425,21425.0,21.425
1059,2022,2,19,19,19,44,lewis-hamilton,mercedes,mercedes,pirelli,1,40,21.788,21788.0,21.788
1060,2022,3,1,1,1,18,lance-stroll,aston-martin,mercedes,pirelli,1,3,18.242,18242.0,18.242
1060,2022,3,2,2,2,18,lance-stroll,aston-martin,mercedes,pirelli,2,4,18.560,18560.0,18.56
1060,2022,3,3,3,3,6,nicholas-latifi,williams,mercedes,pirelli,1,13,18.552,18552.0,18.552
1060,2022,3,4,4,4,47,mick-schumacher,haas,ferrari,pirelli,1,14,19.039,19039.0,19.039
1060,2022,3,5,5,5,31,esteban-ocon,alpine,renault,pirelli,1,17,19.128,19128.0,19.128
1060,2022,3,6,6,6,1,max-verstappen,red-bull,rbpt,pirelli,1,18,18.281,18281.0,18.281
1060,2022,3,7,7,7,22,yuki-tsunoda,alphatauri,rbpt,pirelli,1,18,18.443,18443.0,18.443
1060,2022,3,8,8,8,11,sergio-perez,red-bull,rbpt,pirelli,1,20,17.434,17434.0,17.434
1060,2022,3,9,9,9,4,lando-norris,mclaren,mercedes,pirelli,1,20,17.556,17556.0,17.556
1060,2022,3,10,10,10,3,daniel-ricciardo,mclaren,mercedes,pirelli,1,21,18.150,18150.0,18.15
1060,2022,3,11,11,11,10,pierre-gasly,alphatauri,rbpt,pirelli,1,21,18.926,18926.0,18.926
1060,2022,3,12,12,12,24,guanyu-zhou,alfa-romeo,ferrari,pirelli,1,21,18.380,18380.0,18.38
1060,2022,3,13,13,13,16,charles-leclerc,ferrari,ferrari,pirelli,1,22,17.973,17973.0,17.973
1060,2022,3,14,14,14,44,lewis-hamilton,mercedes,mercedes,pirelli,1,22,17.877,17877.0,17.877
1060,2022,3,15,15,15,77,valtteri-bottas,alfa-romeo,ferrari,pirelli,1,22,18.413,18413.0,18.413
1060,2022,3,16,16,16,63,george-russell,mercedes,mercedes,pirelli,1,23,18.479,18479.0,18.479
1060,2022,3,17,17,17,18,lance-stroll,aston-martin,mercedes,pirelli,3,23,20.402,20402.0,20.402
1060,2022,3,18,18,18,6,nicholas-latifi,williams,mercedes,pirelli,2,23,17.936,17936.0,17.936
1060,2022,3,19,19,19,14,fernando-alonso,alpine,renault,pirelli,1,39,18.796,18796.0,18.796
1060,2022,3,20,20,20,20,kevin-magnussen,haas,ferrari,pirelli,1,39,19.111,19111.0,19.111
1060,2022,3,21,21,21,14,fernando-alonso,alpine,renault,pirelli,2,53,18.394,18394.0,18.394
1060,2022,3,22,22,22,23,alexander-albon,williams,mercedes,pirelli,1,57,19.845,19845.0,19.845
1061,2022,4,1,1,1,3,daniel-ricciardo,mclaren,mercedes,pirelli,1,2,32.362,32362.0,32.362
1061,2022,4,2,2,2,3,daniel-ricciardo,mclaren,mercedes,pirelli,2,16,30.422,30422.0,30.422
1061,2022,4,3,3,3,5,sebastian-vettel,aston-martin,mercedes,pirelli,1,17,30.484,30484.0,30.484
1061,2022,4,4,4,4,10,pierre-gasly,alphatauri,rbpt,pirelli,1,17,30.405,30405.0,30.405
1061,2022,4,5,5,5,23,alexander-albon,williams,mercedes,pirelli,1,17,30.793,30793.0,30.793
1061,2022,4,6,6,6,11,sergio-perez,red-bull,rbpt,pirelli,1,18,30.366,30366.0,30.366
1061,2022,4,7,7,7,63,george-russell,mercedes,mercedes,pirelli,1,18,31.079,31079.0,31.079
1061,2022,4,8,8,8,77,valtteri-bottas,alfa-romeo,ferrari,pirelli,1,18,40.957,40957.0,21.527162657785205
1061,2022,4,9,9,9,20,kevin-magnussen,haas,ferrari,pirelli,1,18,33.765,33765.0,33.765
1061,2022,4,10,10,10,18,lance-stroll,aston-martin,mercedes,pirelli,1,18,32.667,32667.0,32.667
1061,2022,4,11,11,11,22,yuki-tsunoda,alphatauri,rbpt,pirelli,1,18,30.372,30372.0,30.372
1061,2022,4,12,12,12,44,lewis-hamilton,mercedes,mercedes,pirelli,1,18,32.740,32740.0,32.74
1061,2022,4,13,13,13,31,esteban-ocon,alpine,renault,pirelli,1,18,31.409,31409.0,31.409
1061,2022,4,14,14,14,6,nicholas-latifi,williams,mercedes,pirelli,1,18,31.125,31125.0,31.125
1061,2022,4,15,15,15,24,guanyu-zhou,alfa-romeo,ferrari,pirelli,1,18,32.203,32203.0,32.203
1061,2022,4,16,16,16,47,mick-schumacher,haas,ferrari,pirelli,1,18,31.320,31320.0,31.32
1061,2022,4,17,17,17,1,max-verstappen,red-bull,rbpt,pirelli,1,19,30.001,30001.0,30.001
1061,2022,4,18,18,18,16,charles-leclerc,ferrari,ferrari,pirelli,1,19,31.794,31794.0,31.794
1061,2022,4,19,19,19,4,lando-norris,mclaren,mercedes,pirelli,1,19,30.070,30070.0,30.07
1061,2022,4,20,20,20,3,daniel-ricciardo,mclaren,mercedes,pirelli,3,30,30.155,30155.0,30.155
1061,2022,4,21,21,21,16,charles-leclerc,ferrari,ferrari,pirelli,2,49,30.042,30042.0,30.042
1061,2022,4,22,22,22,11,sergio-perez,red-bull,rbpt,pirelli,2,50,29.627,29627.0,29.627
1061,2022,4,23,23,23,1,max-verstappen,red-bull,rbpt,pirelli,2,51,29.942,29942.0,29.942
1061,2022,4,24,24,24,47,mick-schumacher,haas,ferrari,pirelli,2,52,30.984,30984.0,30.984
1061,2022,4,25,25,25,16,charles-leclerc,ferrari,ferrari,pirelli,3,53,36.560,36560.0,22.42238350736963
1062,2022,5,1,1,1,22,yuki-tsunoda,alphatauri,rbpt,pirelli,1,11,18.870,18870.0,18.87
1062,2022,5,2,2,2,20,kevin-magnussen,haas,ferrari,pirelli,1,12,19.760,19760.0,19.76
1062,2022,5,3,3,3,47,mick-schumacher,haas,ferrari,pirelli,1,14,20.413,20413.0,20.413
1062,2022,5,4,4,4,14,fernando-alonso,alpine,renault,pirelli,1,15,21.638,21638.0,21.638
1062,2022,5,5,5,5,10,pierre-gasly,alphatauri,rbpt,pirelli,1,16,19.543,19543.0,19.543
1062,2022,5,6,6,6,23,alexander-albon,williams,mercedes,pirelli,1,16,20.059,20059.0,20.059
1062,2022,5,7,7,7,4,lando-norris,mclaren,mercedes,pirelli,1,18,19.986,19986.0,19.986
1062,2022,5,8,8,8,44,lewis-hamilton,mercedes,mercedes,pirelli,1,22,18.820,18820.0,18.82
1062,2022,5,9,9,9,16,charles-leclerc,ferrari,ferrari,pirelli,1,24,19.697,19697.0,19.697
1062,2022,5,10,10,10,1,max-verstappen,red-bull,rbpt,pirelli,1,26,18.798,18798.0,18.798
1062,2022,5,11,11,11,77,valtteri-bottas,alfa-romeo,ferrari,pirelli,1,26,19.614,19614.0,19.614
1062,2022,5,12,12,12,55,carlos-sainz-jr,ferrari,ferrari,pirelli,1,27,22.063,22063.0,22.063
1062,2022,5,13,13,13,11,sergio-perez,red-bull,rbpt,pirelli,1,27,18.519,18519.0,18.519
1062,2022,5,14,14,14,3,daniel-ricciardo,mclaren,mercedes,pirelli,1,30,19.484,19484.0,19.484
1062,2022,5,15,15,15,6,nicholas-latifi,williams,mercedes,pirelli,1,34,19.185,19185.0,19.185
1062,2022,5,16,16,16,63,george-russell,mercedes,mercedes,pirelli,1,40,19.035,19035.0,19.035
1062,2022,5,17,17,17,18,lance-stroll,aston-martin,mercedes,pirelli,1,40,19.074,19074.0,19.074
1062,2022,5,18,18,18,10,pierre-gasly,alphatauri,rbpt,pirelli,2,40,19.007,19007.0,19.007
1062,2022,5,19,19,19,11,sergio-perez,red-bull,rbpt,pirelli,2,41,18.433,18433.0,18.433
1062,2022,5,20,20,20,31,esteban-ocon,alpine,renault,pirelli,1,41,19.019,19019.0,19.019
1062,2022,5,21,21,21,5,sebastian-vettel,aston-martin,mercedes,pirelli,1,41,19.861,19861.0,19.861
1062,2022,5,22,22,22,3,daniel-ricciardo,mclaren,mercedes,pirelli,2,41,19.280,19280.0,19.28
1062,2022,5,23,23,23,22,yuki-tsunoda,alphatauri,rbpt,pirelli,2,41,19.618,19618.0,19.618
1062,2022,5,24,24,24,20,kevin-magnussen,haas,ferrari,pirelli,2,42,20.673,20673.0,20.673
1062,2022,5,25,25,25,47,mick-schumacher,haas,ferrari,pirelli,2,54,32.381,32381.0,32.381
1063,2022,6,1,1,1,44,lewis-hamilton,mercedes,mercedes,pirelli,1,1,31.054,31054.0,31.054
1063,2022,6,2,2,2,20,kevin-magnussen,haas,ferrari,pirelli,1,1,29.632,29632.0,29.632
1063,2022,6,3,3,3,55,carlos-sainz-jr,ferrari,ferrari,pirelli,1,10,22.341,22341.0,22.341
1063,2022,6,4,4,4,14,fernando-alonso,alpine,renault,pirelli,1,10,22.375,22375.0,22.375
1063,2022,6,5,5,5,10,pierre-gasly,alphatauri,rbpt,pirelli,1,10,22.008,22008.0,22.008
1063,2022,6,6,6,6,24,guanyu-zhou,alfa-romeo,ferrari,pirelli,1,10,23.109,23109.0,23.109
1063,2022,6,7,7,7,22,yuki-tsunoda,alphatauri,rbpt,pirelli,1,11,23.083,23083.0,23.083
1063,2022,6,8,8,8,3,daniel-ricciardo,mclaren,mercedes,pirelli,1,11,22.124,22124.0,22.124
1063,2022,6,9,9,9,23,alexander-albon,williams,mercedes,pirelli,1,11,23.419,23419.0,23.419
1063,2022,6,10,10,10,4,lando-norris,mclaren,mercedes,pirelli,1,12,21.916,21916.0,21.916
1063,2022,6,11,11,11,47,mick-schumacher,haas,ferrari,pirelli,1,12,23.582,23582.0,23.582
1063,2022,6,12,12,12,6,nicholas-latifi,williams,mercedes,pirelli,1,12,23.189,23189.0,23.189
1063,2022,6,13,13,13,63,george-russell,mercedes,mercedes,pirelli,1,13,22.154,22154.0,22.154
1063,2022,6,14,14,14,1,max-verstappen,red-bull,rbpt,pirelli,1,13,22.173,22173.0,22.173
1063,2022,6,15,15,15,31,esteban-ocon,alpine,renault,pirelli,1,13,22.137,22137.0,22.137
1063,2022,6,16,16,16,77,valtteri-bottas,alfa-romeo,ferrari,pirelli,1,14,22.987,22987.0,22.987
1063,2022,6,17,17,17,18,lance-stroll,aston-martin,mercedes,pirelli,1,14,22.833,22833.0,22.833
1063,2022,6,18,18,18,11,sergio-perez,red-bull,rbpt,pirelli,1,17,22.032,22032.0,22.032
1063,2022,6,19,19,19,16,charles-leclerc,ferrari,ferrari,pirelli,1,21,21.794,21794.0,21.794
1063,2022,6,20,20,20,5,sebastian-vettel,aston-martin,mercedes,pirelli,1,21,22.536,22536.0,22.536
1063,2022,6,21,21,21,44,lewis-hamilton,mercedes,mercedes,pirelli,2,22,22.105,22105.0,22.105
1063,2022,6,22,22,22,23,alexander-albon,williams,mercedes,pirelli,2,25,22.657,22657.0,22.657
1063,2022,6,23,23,23,6,nicholas-latifi,williams,mercedes,pirelli,2,26,22.311,22311.0,22.311
1063,2022,6,24,24,24,18,lance-stroll,aston-martin,mercedes,pirelli,2,27,23.394,23394.0,23.394
1063,2022,6,25,25,25,1,max-verstappen,red-bull,rbpt,pirelli,2,28,21.966,21966.0,21.966
1063,2022,6,26,26,26,10,pierre-gasly,alphatauri,rbpt,pirelli,2,29,27.947,27947.0,27.947
1063,2022,6,27,27,27,20,kevin-magnussen,haas,ferrari,pirelli,2,29,23.878,23878.0,23.878
1063,2022,6,28,28,28,47,mick-schumacher,haas,ferrari,pirelli,2,30,23.127,23127.0,23.127
1063,2022,6,29,29,29,55,carlos-sainz-jr,ferrari,ferrari,pirelli,2,31,21.867,21867.0,21.867
1063,2022,6,30,30,30,14,fernando-alonso,alpine,renault,pirelli,2,31,21.914,21914.0,21.914
1063,2022,6,31,31,31,3,daniel-ricciardo,mclaren,mercedes,pirelli,2,31,22.399,22399.0,22.399
1063,2022,6,32,32,32,22,yuki-tsunoda,alphatauri,rbpt,pirelli,2,32,22.802,22802.0,22.802
1063,2022,6,33,33,33,4,lando-norris,mclaren,mercedes,pirelli,2,33,23.341,23341.0,23.341
1063,2022,6,34,34,34,77,valtteri-bottas,alfa-romeo,ferrari,pirelli,2,34,22.541,22541.0,22.541
1063,2022,6,35,35,35,31,esteban-ocon,alpine,renault,pirelli,2,35,22.953,22953.0,22.953
1063,2022,6,36,36,36,63,george-russell,mercedes,mercedes,pirelli,2,36,22.039,22039.0,22.039
1063,2022,6,37,37,37,11,sergio-perez,red-bull,rbpt,pirelli,2,37,21.619,21619.0,21.619
1063,2022,6,38,38,38,5,sebastian-vettel,aston-martin,mercedes,pirelli,2,42,22.456,22456.0,22.456
1063,2022,6,39,39,39,1,max-verstappen,red-bull,rbpt,pirelli,3,44,21.941,21941.0,21.941
1063,2022,6,40,40,40,55,carlos-sainz-jr,ferrari,ferrari,pirelli,3,45,22.302,22302.0,22.302
1063,2022,6,41,41,41,23,alexander-albon,williams,mercedes,pirelli,3,45,23.328,23328.0,23.328
1063,2022,6,42,42,42,10,pierre-gasly,alphatauri,rbpt,pirelli,3,46,21.838,21838.0,21.838
1063,2022,6,43,43,43,18,lance-stroll,aston-martin,mercedes,pirelli,3,46,23.812,23812.0,23.812
1063,2022,6,44,44,44,44,lewis-hamilton,mercedes,mercedes,pirelli,3,48,22.241,22241.0,22.241
1063,2022,6,45,45,45,3,daniel-ricciardo,mclaren,mercedes,pirelli,3,48,22.154,22154.0,22.154
1063,2022,6,46,46,46,63,george-russell,mercedes,mercedes,pirelli,3,51,22.815,22815.0,22.815
1063,2022,6,47,47,47,6,nicholas-latifi,williams,mercedes,pirelli,3,50,22.761,22761.0,22.761
1063,2022,6,48,48,48,4,lando-norris,mclaren,mercedes,pirelli,3,51,22.165,22165.0,22.165
1063,2022,6,49,49,49,31,esteban-ocon,alpine,renault,pirelli,3,52,22.033,22033.0,22.033
1063,2022,6,50,50,50,22,yuki-tsunoda,alphatauri,rbpt,pirelli,3,52,22.316,22316.0,22.316
1063,2022,6,51,51,51,11,sergio-perez,red-bull,rbpt,pirelli,3,53,21.694,21694.0,21.694
1063,2022,6,52,52,52,14,fernando-alonso,alpine,renault,pirelli,3,53,25.407,25407.0,25.407
1063,2022,6,53,53,53,23,alexander-albon,williams,mercedes,pirelli,4,54,23.404,23404.0,23.404
1064,2022,7,1,1,1,18,lance-stroll,aston-martin,mercedes,pirelli,1,1,26.731,26731.0,26.731
1064,2022,7,2,2,2,6,nicholas-latifi,williams,mercedes,pirelli,1,1,36.773,36773.0,22.986243454656428
1064,2022,7,3,3,3,10,pierre-gasly,alphatauri,rbpt,pirelli,1,2,35.486,35486.0,22.13703873812387
1064,2022,7,4,4,4,18,lance-stroll,aston-martin,mercedes,pirelli,2,2,32.750,32750.0,32.75
1064,2022,7,5,5,5,6,nicholas-latifi,williams,mercedes,pirelli,2,2,36.351,36351.0,22.155164097367827
1064,2022,7,6,6,6,47,mick-schumacher,haas,ferrari,pirelli,1,4,27.637,27637.0,27.637
1064,2022,7,7,7,7,5,sebastian-vettel,aston-martin,mercedes,pirelli,1,6,24.965,24965.0,24.965
1064,2022,7,8,8,8,22,yuki-tsunoda,alphatauri,rbpt,pirelli,1,6,25.068,25068.0,25.068
1064,2022,7,9,9,9,44,lewis-hamilton,mercedes,mercedes,pirelli,1,15,24.796,24796.0,24.796
1064,2022,7,10,10,10,11,sergio-perez,red-bull,rbpt,pirelli,1,16,24.409,24409.0,24.409
1064,2022,7,11,11,11,4,lando-norris,mclaren,mercedes,pirelli,1,17,24.872,24872.0,24.872
1064,2022,7,12,12,12,47,mick-schumacher,haas,ferrari,pirelli,2,17,36.854,36854.0,21.709833675354865
1064,2022,7,13,13,13,16,charles-leclerc,ferrari,ferrari,pirelli,1,18,25.710,25710.0,25.71
1064,2022,7,14,14,14,1,max-verstappen,red-bull,rbpt,pirelli,1,18,27.009,27009.0,27.009
1064,2022,7,15,15,15,23,alexander-albon,williams,mercedes,pirelli,1,18,27.231,27231.0,27.231
1064,2022,7,16,16,16,3,daniel-ricciardo,mclaren,mercedes,pirelli,1,19,26.056,26056.0,26.056
1064,2022,7,17,17,17,24,guanyu-zhou,alfa-romeo,ferrari,pirelli,1,19,25.594,25594.0,25.594
1064,2022,7,18,18,18,6,nicholas-latifi,williams,mercedes,pirelli,3,19,26.910,26910.0,26.91
1064,2022,7,19,19,19,77,valtteri-bottas,alfa-romeo,ferrari,pirelli,1,20,25.865,25865.0,25.865
1064,2022,7,20,20,20,55,carlos-sainz-jr,ferrari,ferrari,pirelli,1,21,24.666,24666.0,24.666
1064,2022,7,21,21,21,16,charles-leclerc,ferrari,ferrari,pirelli,2,21,28.034,28034.0,28.034
1064,2022,7,22,22,22,63,george-russell,mercedes,mercedes,pirelli,1,21,25.352,25352.0,25.352
1064,2022,7,23,23,23,14,fernando-alonso,alpine,renault,pirelli,1,21,24.526,24526.0,24.526
1064,2022,7,24,24,24,31,esteban-ocon,alpine,renault,pirelli,1,21,24.875,24875.0,24.875
1064,2022,7,25,25,25,22,yuki-tsunoda,alphatauri,rbpt,pirelli,2,21,26.021,26021.0,26.021
1064,2022,7,26,26,26,11,sergio-perez,red-bull,rbpt,pirelli,2,22,24.536,24536.0,24.536
1064,2022,7,27,27,27,1,max-verstappen,red-bull,rbpt,pirelli,2,22,26.930,26930.0,26.93
1064,2022,7,28,28,28,4,lando-norris,mclaren,mercedes,pirelli,2,22,24.760,24760.0,24.76
1064,2022,7,29,29,29,44,lewis-hamilton,mercedes,mercedes,pirelli,2,22,24.507,24507.0,24.507
1064,2022,7,30,30,30,10,pierre-gasly,alphatauri,rbpt,pirelli,2,22,28.770,28770.0,28.77
1064,2022,7,31,31,31,23,alexander-albon,williams,mercedes,pirelli,2,22,31.518,31518.0,31.518
1064,2022,7,32,32,32,5,sebastian-vettel,aston-martin,mercedes,pirelli,2,23,25.133,25133.0,25.133
1064,2022,7,33,33,33,18,lance-stroll,aston-martin,mercedes,pirelli,3,24,25.650,25650.0,25.65
1064,2022,7,34,34,34,11,sergio-perez,red-bull,rbpt,pirelli,3,30,19:32.062,1172062.0,23.35575885607697
1064,2022,7,35,35,35,55,carlos-sainz-jr,ferrari,ferrari,pirelli,2,30,19:34.793,1174793.0,21.476692027467024
1064,2022,7,36,36,36,1,max-verstappen,red-bull,rbpt,pirelli,3,30,19:35.575,1175575.0,21.367726393139936
1064,2022,7,37,37,37,18,lance-stroll,aston-martin,mercedes,pirelli,4,29,19:34.965,1174965.0,23.698371272613418
1064,2022,7,38,38,38,16,charles-leclerc,ferrari,ferrari,pirelli,3,30,19:36.822,1176822.0,21.88048948544697
1064,2022,7,39,39,39,22,yuki-tsunoda,alphatauri,rbpt,pirelli,3,29,19:34.444,1174444.0,22.770909147763536
1064,2022,7,40,40,40,24,guanyu-zhou,alfa-romeo,ferrari,pirelli,2,29,19:34.235,1174235.0,21.97090581678635
1064,2022,7,41,41,41,63,george-russell,mercedes,mercedes,pirelli,2,30,19:37.545,1177545.0,22.4177019432561
1064,2022,7,42,42,42,4,lando-norris,mclaren,mercedes,pirelli,3,30,19:43.029,1183029.0,22.00182443388021
1064,2022,7,43,43,43,6,nicholas-latifi,williams,mercedes,pirelli,4,29,19:41.839,1181839.0,23.02907883280806
1064,2022,7,44,44,44,14,fernando-alonso,alpine,renault,pirelli,2,30,19:42.058,1182058.0,22.030925021885277
1064,2022,7,45,45,45,44,lewis-hamilton,mercedes,mercedes,pirelli,3,30,19:46.281,1186281.0,21.290779421522828
1064,2022,7,46,46,46,23,alexander-albon,williams,mercedes,pirelli,3,29,19:45.676,1185676.0,23.19359906913631
1064,2022,7,47,47,47,31,esteban-ocon,alpine,renault,pirelli,2,30,19:46.485,1186485.0,22.75942144550982
1064,2022,7,48,48,48,77,valtteri-bottas,alfa-romeo,ferrari,pirelli,2,30,19:46.699,1186699.0,21.710647892954494
1064,2022,7,49,49,49,5,sebastian-vettel,aston-martin,mercedes,pirelli,3,30,19:29.495,1169495.0,21.502147685964694
1064,2022,7,50,50,50,10,pierre-gasly,alphatauri,rbpt,pirelli,3,30,19:29.460,1169460.0,23.743479317411317
1064,2022,7,51,51,51,3,daniel-ricciardo,mclaren,mercedes,pirelli,2,30,19:28.673,1168673.0,23.320325699568198
1064,2022,7,52,52,52,4,lando-norris,mclaren,mercedes,pirelli,4,51,24.607,24607.0,24.607
1064,2022,7,53,53,53,22,yuki-tsunoda,alphatauri,rbpt,pirelli,4,56,25.266,25266.0,25.266
1065,2022,8,1,1,1,6,nicholas-latifi,williams,mercedes,pirelli,1,3,29.395,29395.0,29.395
1065,2022,8,2,2,2,16,charles-leclerc,ferrari,ferrari,pirelli,1,9,23.212,23212.0,23.212
1065,2022,8,3,3,3,63,george-russell,mercedes,mercedes,pirelli,1,9,20.538,20538.0,20.538
1065,2022,8,4,4,4,10,pierre-gasly,alphatauri,rbpt,pirelli,1,9,22.698,22698.0,22.698
1065,2022,8,5,5,5,44,lewis-hamilton,mercedes,mercedes,pirelli,1,9,21.470,21470.0,21.47
1065,2022,8,6,6,6,5,sebastian-vettel,aston-martin,mercedes,pirelli,1,9,20.249,20249.0,20.249
1065,2022,8,7,7,7,22,yuki-tsunoda,alphatauri,rbpt,pirelli,1,9,23.083,23083.0,23.083
1065,2022,8,8,8,8,24,guanyu-zhou,alfa-romeo,ferrari,pirelli,1,9,23.001,23001.0,23.001
1065,2022,8,9,9,9,20,kevin-magnussen,haas,ferrari,pirelli,1,9,21.555,21555.0,21.555
1065,2022,8,10,10,10,23,alexander-albon,williams,mercedes,pirelli,1,9,25.577,25577.0,25.577
1065,2022,8,11,11,11,47,mick-schumacher,haas,ferrari,pirelli,1,9,26.973,26973.0,26.973
1065,2022,8,12,12,12,11,sergio-perez,red-bull,rbpt,pirelli,1,16,23.379,23379.0,23.379
1065,2022,8,13,13,13,6,nicholas-latifi,williams,mercedes,pirelli,2,17,22.069,22069.0,22.069
1065,2022,8,14,14,14,1,max-verstappen,red-bull,rbpt,pirelli,1,18,21.468,21468.0,21.468
1065,2022,8,15,15,15,14,fernando-alonso,alpine,renault,pirelli,1,18,20.571,20571.0,20.571
1065,2022,8,16,16,16,4,lando-norris,mclaren,mercedes,pirelli,1,20,21.443,21443.0,21.443
1065,2022,8,17,17,17,47,mick-schumacher,haas,ferrari,pirelli,2,23,22.231,22231.0,22.231
1065,2022,8,18,18,18,23,alexander-albon,williams,mercedes,pirelli,2,29,21.540,21540.0,21.54
1065,2022,8,19,19,19,18,lance-stroll,aston-martin,mercedes,pirelli,1,30,22.059,22059.0,22.059
1065,2022,8,20,20,20,1,max-verstappen,red-bull,rbpt,pirelli,2,33,20.722,20722.0,20.722
1065,2022,8,21,21,21,11,sergio-perez,red-bull,rbpt,pirelli,2,33,22.349,22349.0,22.349
1065,2022,8,22,22,22,63,george-russell,mercedes,mercedes,pirelli,2,33,20.527,20527.0,20.527
1065,2022,8,23,23,23,44,lewis-hamilton,mercedes,mercedes,pirelli,2,33,20.831,20831.0,20.831
1065,2022,8,24,24,24,3,daniel-ricciardo,mclaren,mercedes,pirelli,1,33,21.794,21794.0,21.794
1065,2022,8,25,25,25,31,esteban-ocon,alpine,renault,pirelli,1,33,22.638,22638.0,22.638
1065,2022,8,26,26,26,77,valtteri-bottas,alfa-romeo,ferrari,pirelli,1,33,20.979,20979.0,20.979
1065,2022,8,27,27,27,22,yuki-tsunoda,alphatauri,rbpt,pirelli,2,38,41.500,41500.0,22.35272113427425
1066,2022,9,1,1,1,5,sebastian-vettel,aston-martin,mercedes,pirelli,1,5,23.406,23406.0,23.406
1066,2022,9,2,2,2,10,pierre-gasly,alphatauri,rbpt,pirelli,1,5,23.557,23557.0,23.557
1066,2022,9,3,3,3,20,kevin-magnussen,haas,ferrari,pirelli,1,7,38.262,38262.0,21.50435526127896
1066,2022,9,4,4,4,1,max-verstappen,red-bull,rbpt,pirelli,1,9,24.217,24217.0,24.217
1066,2022,9,5,5,5,44,lewis-hamilton,mercedes,mercedes,pirelli,1,9,23.845,23845.0,23.845
1066,2022,9,6,6,6,22,yuki-tsunoda,alphatauri,rbpt,pirelli,1,9,23.248,23248.0,23.248
1066,2022,9,7,7,7,6,nicholas-latifi,williams,mercedes,pirelli,1,9,24.020,24020.0,24.02
1066,2022,9,8,8,8,23,alexander-albon,williams,mercedes,pirelli,1,18,23.804,23804.0,23.804
1066,2022,9,9,9,9,63,george-russell,mercedes,mercedes,pirelli,1,19,23.951,23951.0,23.951
1066,2022,9,10,10,10,31,esteban-ocon,alpine,renault,pirelli,1,19,25.684,25684.0,25.684
1066,2022,9,11,11,11,24,guanyu-zhou,alfa-romeo,ferrari,pirelli,1,19,24.281,24281.0,24.281
1066,2022,9,12,12,12,3,daniel-ricciardo,mclaren,mercedes,pirelli,1,19,27.937,27937.0,27.937
1066,2022,9,13,13,13,4,lando-norris,mclaren,mercedes,pirelli,1,19,43.032,43032.0,24.30489932177974
1066,2022,9,14,14,14,5,sebastian-vettel,aston-martin,mercedes,pirelli,2,19,23.681,23681.0,23.681
1066,2022,9,15,15,15,55,carlos-sainz-jr,ferrari,ferrari,pirelli,1,20,24.215,24215.0,24.215
1066,2022,9,16,16,16,14,fernando-alonso,alpine,renault,pirelli,1,28,23.779,23779.0,23.779
1066,2022,9,17,17,17,10,pierre-gasly,alphatauri,rbpt,pirelli,2,36,23.613,23613.0,23.613
1066,2022,9,18,18,18,6,nicholas-latifi,williams,mercedes,pirelli,2,37,30.034,30034.0,30.034
1066,2022,9,19,19,19,16,charles-leclerc,ferrari,ferrari,pirelli,1,41,26.199,26199.0,26.199
1066,2022,9,20,20,20,1,max-verstappen,red-bull,rbpt,pirelli,2,43,23.704,23704.0,23.704
1066,2022,9,21,21,21,4,lando-norris,mclaren,mercedes,pirelli,2,42,24.134,24134.0,24.134
1066,2022,9,22,22,22,44,lewis-hamilton,mercedes,mercedes,pirelli,2,44,23.841,23841.0,23.841
1066,2022,9,23,23,23,63,george-russell,mercedes,mercedes,pirelli,2,45,24.069,24069.0,24.069
1066,2022,9,24,24,24,18,lance-stroll,aston-martin,mercedes,pirelli,1,47,25.252,25252.0,25.252
1066,2022,9,25,25,25,22,yuki-tsunoda,alphatauri,rbpt,pirelli,2,47,23.450,23450.0,23.45
1066,2022,9,26,26,26,55,carlos-sainz-jr,ferrari,ferrari,pirelli,2,49,24.881,24881.0,24.881
1066,2022,9,27,27,27,23,alexander-albon,williams,mercedes,pirelli,2,48,23.530,23530.0,23.53
1066,2022,9,28,28,28,31,esteban-ocon,alpine,renault,pirelli,2,49,23.945,23945.0,23.945
1066,2022,9,29,29,29,14,fernando-alonso,alpine,renault,pirelli,2,49,25.139,25139.0,25.139
1066,2022,9,30,30,30,77,valtteri-bottas,alfa-romeo,ferrari,pirelli,1,49,26.089,26089.0,26.089
1066,2022,9,31,31,31,24,guanyu-zhou,alfa-romeo,ferrari,pirelli,2,49,23.980,23980.0,23.98
1066,2022,9,32,32,32,3,daniel-ricciardo,mclaren,mercedes,pirelli,2,49,24.833,24833.0,24.833
1067,2022,10,1,1,1,1,max-verstappen,red-bull,rbpt,pirelli,1,1,50:37.323,3037323.0,21.02945816069514
1067,2022,10,2,2,2,55,carlos-sainz-jr,ferrari,ferrari,pirelli,1,1,50:31.752,3031752.0,22.039709343447075
1067,2022,10,3,3,3,44,lewis-hamilton,mercedes,mercedes,pirelli,1,1,50:46.888,3046888.0,21.200654986471058
1067,2022,10,4,4,4,16,charles-leclerc,ferrari,ferrari,pirelli,1,1,50:36.360,3036360.0,24.148981470933993
1067,2022,10,5,5,5,14,fernando-alonso,alpine,renault,pirelli,1,1,50:55.700,3055700.0,23.067053842919204
1067,2022,10,6,6,6,11,sergio-perez,red-bull,rbpt,pirelli,1,1,50:34.772,3034772.0,23.754011662665672
1067,2022,10,7,7,7,4,lando-norris,mclaren,mercedes,pirelli,1,1,50:43.215,3043215.0,24.270586068979526
1067,2022,10,8,8,8,6,nicholas-latifi,williams,mercedes,pirelli,1,1,50:51.904,3051904.0,22.147265990786266
1067,2022,10,9,9,9,77,valtteri-bottas,alfa-romeo,ferrari,pirelli,1,1,50:55.732,3055732.0,23.474346162149423
1067,2022,10,10,10,10,3,daniel-ricciardo,mclaren,mercedes,pirelli,1,1,51:03.314,3063314.0,21.09965950686044
1067,2022,10,11,11,11,10,pierre-gasly,alphatauri,rbpt,pirelli,1,1,50:48.950,3048950.0,23.27172534014369
1067,2022,10,12,12,12,20,kevin-magnussen,haas,ferrari,pirelli,1,1,51:03.613,3063613.0,21.17021866845929
1067,2022,10,13,13,13,5,sebastian-vettel,aston-martin,mercedes,pirelli,1,1,51:07.301,3067301.0,21.899141557930424
1067,2022,10,14,14,14,18,lance-stroll,aston-martin,mercedes,pirelli,1,1,51:09.017,3069017.0,24.487624431871183
1067,2022,10,15,15,15,47,mick-schumacher,haas,ferrari,pirelli,1,1,51:05.174,3065174.0,21.2497485860847
1067,2022,10,16,16,16,22,yuki-tsunoda,alphatauri,rbpt,pirelli,1,1,50:11.861,3011861.0,21.275733643766507
1067,2022,10,17,17,17,31,esteban-ocon,alpine,renault,pirelli,1,1,49:10.760,2950760.0,22.114101541940443
1067,2022,10,18,18,18,11,sergio-perez,red-bull,rbpt,pirelli,2,5,37.302,37302.0,23.19555513739611
1067,2022,10,19,19,19,5,sebastian-vettel,aston-martin,mercedes,pirelli,2,6,29.846,29846.0,29.846
1067,2022,10,20,20,20,1,max-verstappen,red-bull,rbpt,pirelli,2,12,29.395,29395.0,29.395
1067,2022,10,21,21,21,18,lance-stroll,aston-martin,mercedes,pirelli,2,15,28.632,28632.0,28.632
1067,2022,10,22,22,22,10,pierre-gasly,alphatauri,rbpt,pirelli,2,16,29.632,29632.0,29.632
1067,2022,10,23,23,23,22,yuki-tsunoda,alphatauri,rbpt,pirelli,2,18,34.759,34759.0,34.759
1067,2022,10,24,24,24,6,nicholas-latifi,williams,mercedes,pirelli,2,19,28.829,28829.0,28.829
1067,2022,10,25,25,25,47,mick-schumacher,haas,ferrari,pirelli,2,19,29.147,29147.0,29.147
1067,2022,10,26,26,26,55,carlos-sainz-jr,ferrari,ferrari,pirelli,2,20,28.574,28574.0,28.574
1067,2022,10,27,27,27,3,daniel-ricciardo,mclaren,mercedes,pirelli,2,20,30.262,30262.0,30.262
1067,2022,10,28,28,28,31,esteban-ocon,alpine,renault,pirelli,2,22,30.342,30342.0,30.342
1067,2022,10,29,29,29,20,kevin-magnussen,haas,ferrari,pirelli,2,22,29.473,29473.0,29.473
1067,2022,10,30,30,30,1,max-verstappen,red-bull,rbpt,pirelli,3,23,29.296,29296.0,29.296
1067,2022,10,31,31,31,16,charles-leclerc,ferrari,ferrari,pirelli,2,25,28.805,28805.0,28.805
1067,2022,10,32,32,32,3,daniel-ricciardo,mclaren,mercedes,pirelli,3,32,30.599,30599.0,30.599
1067,2022,10,33,33,33,44,lewis-hamilton,mercedes,mercedes,pirelli,2,33,29.837,29837.0,29.837
1067,2022,10,34,34,34,14,fernando-alonso,alpine,renault,pirelli,2,33,28.733,28733.0,28.733
1067,2022,10,35,35,35,4,lando-norris,mclaren,mercedes,pirelli,2,34,28.947,28947.0,28.947
1067,2022,10,36,36,36,55,carlos-sainz-jr,ferrari,ferrari,pirelli,3,39,28.435,28435.0,28.435
1067,2022,10,37,37,37,44,lewis-hamilton,mercedes,mercedes,pirelli,3,39,28.996,28996.0,28.996
1067,2022,10,38,38,38,3,daniel-ricciardo,mclaren,mercedes,pirelli,4,38,29.345,29345.0,29.345
1067,2022,10,39,39,39,11,sergio-perez,red-bull,rbpt,pirelli,3,39,28.155,28155.0,28.155
1067,2022,10,40,40,40,22,yuki-tsunoda,alphatauri,rbpt,pirelli,3,38,29.448,29448.0,29.448
1067,2022,10,41,41,41,14,fernando-alonso,alpine,renault,pirelli,3,39,28.841,28841.0,28.841
1067,2022,10,42,42,42,5,sebastian-vettel,aston-martin,mercedes,pirelli,3,39,28.540,28540.0,28.54
1067,2022,10,43,43,43,1,max-verstappen,red-bull,rbpt,pirelli,4,39,28.709,28709.0,28.709
1067,2022,10,44,44,44,47,mick-schumacher,haas,ferrari,pirelli,3,39,30.832,30832.0,30.832
1067,2022,10,45,45,45,6,nicholas-latifi,williams,mercedes,pirelli,3,39,28.438,28438.0,28.438
1067,2022,10,46,46,46,4,lando-norris,mclaren,mercedes,pirelli,3,40,28.659,28659.0,28.659
1067,2022,10,47,47,47,18,lance-stroll,aston-martin,mercedes,pirelli,3,40,29.780,29780.0,29.78
1068,2022,11,1,1,1,11,sergio-perez,red-bull,rbpt,pirelli,1,1,23.681,23681.0,23.681
1068,2022,11,2,2,2,77,valtteri-bottas,alfa-romeo,ferrari,pirelli,1,6,24.677,24677.0,24.677
1068,2022,11,3,3,3,63,george-russell,mercedes,mercedes,pirelli,1,11,38.201,38201.0,21.676642531499283
1068,2022,11,4,4,4,23,alexander-albon,williams,mercedes,pirelli,1,11,22.301,22301.0,22.301
1068,2022,11,5,5,5,3,daniel-ricciardo,mclaren,mercedes,pirelli,1,12,21.356,21356.0,21.356
1068,2022,11,6,6,6,10,pierre-gasly,alphatauri,rbpt,pirelli,1,12,22.724,22724.0,22.724
1068,2022,11,7,7,7,6,nicholas-latifi,williams,mercedes,pirelli,1,12,21.722,21722.0,21.722
1068,2022,11,8,8,8,1,max-verstappen,red-bull,rbpt,pirelli,1,13,22.022,22022.0,22.022
1068,2022,11,9,9,9,4,lando-norris,mclaren,mercedes,pirelli,1,14,22.684,22684.0,22.684
1068,2022,11,10,10,10,20,kevin-magnussen,haas,ferrari,pirelli,1,15,22.205,22205.0,22.205
1068,2022,11,11,11,11,31,esteban-ocon,alpine,renault,pirelli,1,16,21.755,21755.0,21.755
1068,2022,11,12,12,12,47,mick-schumacher,haas,ferrari,pirelli,1,16,22.120,22120.0,22.12
1068,2022,11,13,13,13,5,sebastian-vettel,aston-martin,mercedes,pirelli,1,20,22.112,22112.0,22.112
1068,2022,11,14,14,14,24,guanyu-zhou,alfa-romeo,ferrari,pirelli,1,24,22.704,22704.0,22.704
1068,2022,11,15,15,15,16,charles-leclerc,ferrari,ferrari,pirelli,1,26,21.532,21532.0,21.532
1068,2022,11,16,16,16,22,yuki-tsunoda,alphatauri,rbpt,pirelli,1,26,21.749,21749.0,21.749
1068,2022,11,17,17,17,55,carlos-sainz-jr,ferrari,ferrari,pirelli,1,27,21.212,21212.0,21.212
1068,2022,11,18,18,18,14,fernando-alonso,alpine,renault,pirelli,1,27,21.552,21552.0,21.552
1068,2022,11,19,19,19,44,lewis-hamilton,mercedes,mercedes,pirelli,1,28,23.026,23026.0,23.026
1068,2022,11,20,20,20,18,lance-stroll,aston-martin,mercedes,pirelli,1,29,21.431,21431.0,21.431
1068,2022,11,21,21,21,6,nicholas-latifi,williams,mercedes,pirelli,2,35,21.206,21206.0,21.206
1068,2022,11,22,22,22,1,max-verstappen,red-bull,rbpt,pirelli,2,36,21.444,21444.0,21.444
1068,2022,11,23,23,23,77,valtteri-bottas,alfa-romeo,ferrari,pirelli,2,39,22.278,22278.0,22.278
1068,2022,11,24,24,24,63,george-russell,mercedes,mercedes,pirelli,2,40,21.731,21731.0,21.731
1068,2022,11,25,25,25,10,pierre-gasly,alphatauri,rbpt,pirelli,2,40,27.610,27610.0,27.61
1068,2022,11,26,26,26,20,kevin-magnussen,haas,ferrari,pirelli,2,41,22.088,22088.0,22.088
1068,2022,11,27,27,27,23,alexander-albon,williams,mercedes,pirelli,2,41,22.122,22122.0,22.122
1068,2022,11,28,28,28,47,mick-schumacher,haas,ferrari,pirelli,2,43,22.880,22880.0,22.88
1068,2022,11,29,29,29,4,lando-norris,mclaren,mercedes,pirelli,2,43,27.324,27324.0,27.324
1068,2022,11,30,30,30,31,esteban-ocon,alpine,renault,pirelli,2,44,22.109,22109.0,22.109
1068,2022,11,31,31,31,3,daniel-ricciardo,mclaren,mercedes,pirelli,2,44,21.889,21889.0,21.889
1068,2022,11,32,32,32,5,sebastian-vettel,aston-martin,mercedes,pirelli,2,44,21.583,21583.0,21.583
1068,2022,11,33,33,33,24,guanyu-zhou,alfa-romeo,ferrari,pirelli,2,46,28.860,28860.0,28.86
1068,2022,11,34,34,34,22,yuki-tsunoda,alphatauri,rbpt,pirelli,2,46,21.519,21519.0,21.519
1068,2022,11,35,35,35,16,charles-leclerc,ferrari,ferrari,pirelli,2,49,21.319,21319.0,21.319
1068,2022,11,36,36,36,18,lance-stroll,aston-martin,mercedes,pirelli,2,48,21.952,21952.0,21.952
1068,2022,11,37,37,37,55,carlos-sainz-jr,ferrari,ferrari,pirelli,2,50,21.492,21492.0,21.492
1068,2022,11,38,38,38,44,lewis-hamilton,mercedes,mercedes,pirelli,2,51,22.697,22697.0,22.697
1068,2022,11,39,39,39,14,fernando-alonso,alpine,renault,pirelli,2,57,21.827,21827.0,21.827
1068,2022,11,40,40,40,16,charles-leclerc,ferrari,ferrari,pirelli,3,58,21.650,21650.0,21.65
1068,2022,11,41,41,41,1,max-verstappen,red-bull,rbpt,pirelli,3,58,21.319,21319.0,21.319
1068,2022,11,42,42,42,14,fernando-alonso,alpine,renault,pirelli,3,58,24.252,24252.0,24.252
1069,2022,12,1,1,1,20,kevin-magnussen,haas,ferrari,pirelli,1,8,36.779,36779.0,23.760498498977622
1069,2022,12,2,2,2,47,mick-schumacher,haas,ferrari,pirelli,1,9,36.704,36704.0,22.2381997417286
1069,2022,12,3,3,3,24,guanyu-zhou,alfa-romeo,ferrari,pirelli,1,9,36.444,36444.0,23.245709413250673
1069,2022,12,4,4,4,22,yuki-tsunoda,alphatauri,rbpt,pirelli,1,11,37.648,37648.0,23.203829276962963
1069,2022,12,5,5,5,1,max-verstappen,red-bull,rbpt,pirelli,1,16,35.266,35266.0,24.34640268704937
1069,2022,12,6,6,6,44,lewis-hamilton,mercedes,mercedes,pirelli,1,18,37.189,37189.0,22.094577579217624
1069,2022,12,7,7,7,11,sergio-perez,red-bull,rbpt,pirelli,1,18,38.061,38061.0,23.941708436094686
1069,2022,12,8,8,8,63,george-russell,mercedes,mercedes,pirelli,1,18,38.277,38277.0,23.29139544652638
1069,2022,12,9,9,9,14,fernando-alonso,alpine,renault,pirelli,1,18,36.524,36524.0,23.651066634116486
1069,2022,12,10,10,10,4,lando-norris,mclaren,mercedes,pirelli,1,18,37.539,37539.0,21.38465579134082
1069,2022,12,11,11,11,31,esteban-ocon,alpine,renault,pirelli,1,18,44.747,44747.0,23.59870315249177
1069,2022,12,12,12,12,55,carlos-sainz-jr,ferrari,ferrari,pirelli,1,18,41.458,41458.0,24.021088090315594
1069,2022,12,13,13,13,3,daniel-ricciardo,mclaren,mercedes,pirelli,1,18,36.264,36264.0,21.622371485371144
1069,2022,12,14,14,14,18,lance-stroll,aston-martin,mercedes,pirelli,1,18,39.844,39844.0,24.11455481351578
1069,2022,12,15,15,15,23,alexander-albon,williams,mercedes,pirelli,1,18,37.380,37380.0,23.680007433627885
1069,2022,12,16,16,16,10,pierre-gasly,alphatauri,rbpt,pirelli,1,18,35.969,35969.0,21.789371181206118
1069,2022,12,17,17,17,77,valtteri-bottas,alfa-romeo,ferrari,pirelli,1,18,37.855,37855.0,24.468035967004784
1069,2022,12,18,18,18,20,kevin-magnussen,haas,ferrari,pirelli,2,18,36.403,36403.0,21.837332827720452
1069,2022,12,19,19,19,47,mick-schumacher,haas,ferrari,pirelli,2,18,37.003,37003.0,24.304153655494446
1069,2022,12,20,20,20,5,sebastian-vettel,aston-martin,mercedes,pirelli,1,19,36.671,36671.0,22.7565783743877
1069,2022,12,21,21,21,6,nicholas-latifi,williams,mercedes,pirelli,1,19,37.497,37497.0,23.827674822087708
1069,2022,12,22,22,22,24,guanyu-zhou,alfa-romeo,ferrari,pirelli,2,22,50.790,50790.0,21.88966238958678
1069,2022,12,23,23,23,77,valtteri-bottas,alfa-romeo,ferrari,pirelli,2,36,36.520,36520.0,22.691777021947523
1069,2022,12,24,24,24,6,nicholas-latifi,williams,mercedes,pirelli,2,38,36.942,36942.0,22.560759994176802
1069,2022,12,25,25,25,55,carlos-sainz-jr,ferrari,ferrari,pirelli,2,42,42.292,42292.0,21.346138804849023
1070,2022,13,1,1,1,23,alexander-albon,williams,mercedes,pirelli,1,2,31.224,31224.0,31.224
1070,2022,13,2,2,2,20,kevin-magnussen,haas,ferrari,pirelli,1,6,29.641,29641.0,29.641
1070,2022,13,3,3,3,22,yuki-tsunoda,alphatauri,rbpt,pirelli,1,13,21.577,21577.0,21.577
1070,2022,13,4,4,4,4,lando-norris,mclaren,mercedes,pirelli,1,14,23.567,23567.0,23.567
1070,2022,13,5,5,5,18,lance-stroll,aston-martin,mercedes,pirelli,1,14,21.779,21779.0,21.779
1070,2022,13,6,6,6,3,daniel-ricciardo,mclaren,mercedes,pirelli,1,15,21.558,21558.0,21.558
1070,2022,13,7,7,7,5,sebastian-vettel,aston-martin,mercedes,pirelli,1,15,21.402,21402.0,21.402
1070,2022,13,8,8,8,63,george-russell,mercedes,mercedes,pirelli,1,16,22.763,22763.0,22.763
1070,2022,13,9,9,9,1,max-verstappen,red-bull,rbpt,pirelli,1,16,21.351,21351.0,21.351
1070,2022,13,10,10,10,10,pierre-gasly,alphatauri,rbpt,pirelli,1,16,21.675,21675.0,21.675
1070,2022,13,11,11,11,55,carlos-sainz-jr,ferrari,ferrari,pirelli,1,17,22.820,22820.0,22.82
1070,2022,13,12,12,12,11,sergio-perez,red-bull,rbpt,pirelli,1,18,21.118,21118.0,21.118
1070,2022,13,13,13,13,6,nicholas-latifi,williams,mercedes,pirelli,1,18,21.865,21865.0,21.865
1070,2022,13,14,14,14,44,lewis-hamilton,mercedes,mercedes,pirelli,1,19,21.699,21699.0,21.699
1070,2022,13,15,15,15,16,charles-leclerc,ferrari,ferrari,pirelli,1,21,21.775,21775.0,21.775
1070,2022,13,16,16,16,14,fernando-alonso,alpine,renault,pirelli,1,21,22.083,22083.0,22.083
1070,2022,13,17,17,17,47,mick-schumacher,haas,ferrari,pirelli,1,21,22.953,22953.0,22.953
1070,2022,13,18,18,18,23,alexander-albon,williams,mercedes,pirelli,2,21,21.816,21816.0,21.816
1070,2022,13,19,19,19,31,esteban-ocon,alpine,renault,pirelli,1,23,23.581,23581.0,23.581
1070,2022,13,20,20,20,77,valtteri-bottas,alfa-romeo,ferrari,pirelli,1,26,22.272,22272.0,22.272
1070,2022,13,21,21,21,24,guanyu-zhou,alfa-romeo,ferrari,pirelli,1,27,22.321,22321.0,22.321
1070,2022,13,22,22,22,22,yuki-tsunoda,alphatauri,rbpt,pirelli,2,33,22.016,22016.0,22.016
1070,2022,13,23,23,23,20,kevin-magnussen,haas,ferrari,pirelli,2,35,23.210,23210.0,23.21
1070,2022,13,24,24,24,1,max-verstappen,red-bull,rbpt,pirelli,2,38,21.228,21228.0,21.228
1070,2022,13,25,25,25,16,charles-leclerc,ferrari,ferrari,pirelli,2,39,21.972,21972.0,21.972
1070,2022,13,26,26,26,63,george-russell,mercedes,mercedes,pirelli,2,39,21.743,21743.0,21.743
1070,2022,13,27,27,27,6,nicholas-latifi,williams,mercedes,pirelli,2,39,22.452,22452.0,22.452
1070,2022,13,28,28,28,23,alexander-albon,williams,mercedes,pirelli,3,40,24.298,24298.0,24.298
1070,2022,13,29,29,29,47,mick-schumacher,haas,ferrari,pirelli,2,41,22.566,22566.0,22.566
1070,2022,13,30,30,30,11,sergio-perez,red-bull,rbpt,pirelli,2,42,21.167,21167.0,21.167
1070,2022,13,31,31,31,4,lando-norris,mclaren,mercedes,pirelli,2,42,21.855,21855.0,21.855
1070,2022,13,32,32,32,3,daniel-ricciardo,mclaren,mercedes,pirelli,2,46,21.521,21521.0,21.521
1070,2022,13,33,33,33,18,lance-stroll,aston-martin,mercedes,pirelli,2,46,21.615,21615.0,21.615
1070,2022,13,34,34,34,5,sebastian-vettel,aston-martin,mercedes,pirelli,2,46,25.030,25030.0,25.03
1070,2022,13,35,35,35,10,pierre-gasly,alphatauri,rbpt,pirelli,2,46,21.489,21489.0,21.489
1070,2022,13,36,36,36,55,carlos-sainz-jr,ferrari,ferrari,pirelli,2,47,23.456,23456.0,23.456
1070,2022,13,37,37,37,44,lewis-hamilton,mercedes,mercedes,pirelli,2,51,22.095,22095.0,22.095
1070,2022,13,38,38,38,24,guanyu-zhou,alfa-romeo,ferrari,pirelli,2,51,28.218,28218.0,28.218
1070,2022,13,39,39,39,22,yuki-tsunoda,alphatauri,rbpt,pirelli,3,51,22.128,22128.0,22.128
1070,2022,13,40,40,40,16,charles-leclerc,ferrari,ferrari,pirelli,3,54,21.544,21544.0,21.544
1070,2022,13,41,41,41,6,nicholas-latifi,williams,mercedes,pirelli,3,56,28.777,28777.0,28.777
1070,2022,13,42,42,42,20,kevin-magnussen,haas,ferrari,pirelli,3,67,23.147,23147.0,23.147
1071,2022,14,1,1,1,16,charles-leclerc,ferrari,ferrari,pirelli,1,3,24.198,24198.0,24.198
1071,2022,14,2,2,2,6,nicholas-latifi,williams,mercedes,pirelli,1,3,35.825,35825.0,24.26959576334589
1071,2022,14,3,3,3,23,alexander-albon,williams,mercedes,pirelli,1,10,23.334,23334.0,23.334
1071,2022,14,4,4,4,10,pierre-gasly,alphatauri,rbpt,pirelli,1,10,22.857,22857.0,22.857
1071,2022,14,5,5,5,55,carlos-sainz-jr,ferrari,ferrari,pirelli,1,11,22.543,22543.0,22.543
1071,2022,14,6,6,6,14,fernando-alonso,alpine,renault,pirelli,1,11,22.641,22641.0,22.641
1071,2022,14,7,7,7,20,kevin-magnussen,haas,ferrari,pirelli,1,11,26.815,26815.0,26.815
1071,2022,14,8,8,8,3,daniel-ricciardo,mclaren,mercedes,pirelli,1,12,23.085,23085.0,23.085
1071,2022,14,9,9,9,31,esteban-ocon,alpine,renault,pirelli,1,12,23.511,23511.0,23.511
1071,2022,14,10,10,10,63,george-russell,mercedes,mercedes,pirelli,1,13,22.825,22825.0,22.825
1071,2022,14,11,11,11,4,lando-norris,mclaren,mercedes,pirelli,1,13,23.036,23036.0,23.036
1071,2022,14,12,12,12,11,sergio-perez,red-bull,rbpt,pirelli,1,14,22.349,22349.0,22.349
1071,2022,14,13,13,13,5,sebastian-vettel,aston-martin,mercedes,pirelli,1,14,23.222,23222.0,23.222
1071,2022,14,14,14,14,24,guanyu-zhou,alfa-romeo,ferrari,pirelli,1,14,23.744,23744.0,23.744
1071,2022,14,15,15,15,47,mick-schumacher,haas,ferrari,pirelli,1,14,24.158,24158.0,24.158
1071,2022,14,16,16,16,1,max-verstappen,red-bull,rbpt,pirelli,1,15,22.882,22882.0,22.882
1071,2022,14,17,17,17,18,lance-stroll,aston-martin,mercedes,pirelli,1,15,23.555,23555.0,23.555
1071,2022,14,18,18,18,6,nicholas-latifi,williams,mercedes,pirelli,2,15,24.168,24168.0,24.168
1071,2022,14,19,19,19,22,yuki-tsunoda,alphatauri,rbpt,pirelli,1,18,30.055,30055.0,30.055
1071,2022,14,20,20,20,10,pierre-gasly,alphatauri,rbpt,pirelli,2,22,22.542,22542.0,22.542
1071,2022,14,21,21,21,55,carlos-sainz-jr,ferrari,ferrari,pirelli,2,25,22.750,22750.0,22.75
1071,2022,14,22,22,22,16,charles-leclerc,ferrari,ferrari,pirelli,2,25,23.189,23189.0,23.189
1071,2022,14,23,23,23,14,fernando-alonso,alpine,renault,pirelli,2,25,23.954,23954.0,23.954
1071,2022,14,24,24,24,23,alexander-albon,williams,mercedes,pirelli,2,26,24.415,24415.0,24.415
1071,2022,14,25,25,25,18,lance-stroll,aston-martin,mercedes,pirelli,2,26,23.349,23349.0,23.349
1071,2022,14,26,26,26,11,sergio-perez,red-bull,rbpt,pirelli,2,27,22.650,22650.0,22.65
1071,2022,14,27,27,27,20,kevin-magnussen,haas,ferrari,pirelli,2,27,23.396,23396.0,23.396
1071,2022,14,28,28,28,24,guanyu-zhou,alfa-romeo,ferrari,pirelli,2,28,23.364,23364.0,23.364
1071,2022,14,29,29,29,63,george-russell,mercedes,mercedes,pirelli,2,29,22.977,22977.0,22.977
1071,2022,14,30,30,30,4,lando-norris,mclaren,mercedes,pirelli,2,29,23.560,23560.0,23.56
1071,2022,14,31,31,31,1,max-verstappen,red-bull,rbpt,pirelli,2,30,22.322,22322.0,22.322
1071,2022,14,32,32,32,22,yuki-tsunoda,alphatauri,rbpt,pirelli,2,30,24.253,24253.0,24.253
1071,2022,14,33,33,33,47,mick-schumacher,haas,ferrari,pirelli,2,30,24.982,24982.0,24.982
1071,2022,14,34,34,34,31,esteban-ocon,alpine,renault,pirelli,2,32,23.491,23491.0,23.491
1071,2022,14,35,35,35,3,daniel-ricciardo,mclaren,mercedes,pirelli,2,32,23.146,23146.0,23.146
1071,2022,14,36,36,36,5,sebastian-vettel,aston-martin,mercedes,pirelli,2,33,22.833,22833.0,22.833
1071,2022,14,37,37,37,6,nicholas-latifi,williams,mercedes,pirelli,3,34,23.414,23414.0,23.414
1071,2022,14,38,38,38,16,charles-leclerc,ferrari,ferrari,pirelli,3,42,23.334,23334.0,23.334
1072,2022,15,1,1,1,5,sebastian-vettel,aston-martin,mercedes,pirelli,1,9,22.391,22391.0,22.391
1072,2022,15,2,2,2,10,pierre-gasly,alphatauri,rbpt,pirelli,1,11,18.789,18789.0,18.789
1072,2022,15,3,3,3,3,daniel-ricciardo,mclaren,mercedes,pirelli,1,11,19.546,19546.0,19.546
1072,2022,15,4,4,4,14,fernando-alonso,alpine,renault,pirelli,1,12,19.578,19578.0,19.578
1072,2022,15,5,5,5,24,guanyu-zhou,alfa-romeo,ferrari,pirelli,1,12,19.548,19548.0,19.548
1072,2022,15,6,6,6,47,mick-schumacher,haas,ferrari,pirelli,1,13,26.813,26813.0,26.813
1072,2022,15,7,7,7,22,yuki-tsunoda,alphatauri,rbpt,pirelli,1,13,18.774,18774.0,18.774
1072,2022,15,8,8,8,6,nicholas-latifi,williams,mercedes,pirelli,1,13,20.284,20284.0,20.284
1072,2022,15,9,9,9,55,carlos-sainz-jr,ferrari,ferrari,pirelli,1,14,29.705,29705.0,29.705
1072,2022,15,10,10,10,11,sergio-perez,red-bull,rbpt,pirelli,1,14,18.835,18835.0,18.835
1072,2022,15,11,11,11,20,kevin-magnussen,haas,ferrari,pirelli,1,14,20.785,20785.0,20.785
1072,2022,15,12,12,12,18,lance-stroll,aston-martin,mercedes,pirelli,1,16,20.205,20205.0,20.205
1072,2022,15,13,13,13,77,valtteri-bottas,alfa-romeo,ferrari,pirelli,1,16,19.741,19741.0,19.741
1072,2022,15,14,14,14,16,charles-leclerc,ferrari,ferrari,pirelli,1,17,19.080,19080.0,19.08
1072,2022,15,15,15,15,4,lando-norris,mclaren,mercedes,pirelli,1,17,19.303,19303.0,19.303
1072,2022,15,16,16,16,1,max-verstappen,red-bull,rbpt,pirelli,1,18,19.634,19634.0,19.634
1072,2022,15,17,17,17,31,esteban-ocon,alpine,renault,pirelli,1,18,19.455,19455.0,19.455
1072,2022,15,18,18,18,23,alexander-albon,williams,mercedes,pirelli,1,21,19.325,19325.0,19.325
1072,2022,15,19,19,19,6,nicholas-latifi,williams,mercedes,pirelli,2,26,20.733,20733.0,20.733
1072,2022,15,20,20,20,3,daniel-ricciardo,mclaren,mercedes,pirelli,2,27,19.567,19567.0,19.567
1072,2022,15,21,21,21,44,lewis-hamilton,mercedes,mercedes,pirelli,1,29,19.046,19046.0,19.046
1072,2022,15,22,22,22,63,george-russell,mercedes,mercedes,pirelli,1,31,19.359,19359.0,19.359
1072,2022,15,23,23,23,10,pierre-gasly,alphatauri,rbpt,pirelli,2,32,18.700,18700.0,18.7
1072,2022,15,24,24,24,47,mick-schumacher,haas,ferrari,pirelli,2,33,21.814,21814.0,21.814
1072,2022,15,25,25,25,77,valtteri-bottas,alfa-romeo,ferrari,pirelli,2,34,21.049,21049.0,21.049
1072,2022,15,26,26,26,20,kevin-magnussen,haas,ferrari,pirelli,2,34,23.710,23710.0,23.71
1072,2022,15,27,27,27,5,sebastian-vettel,aston-martin,mercedes,pirelli,2,35,19.156,19156.0,19.156
1072,2022,15,28,28,28,24,guanyu-zhou,alfa-romeo,ferrari,pirelli,2,37,25.433,25433.0,25.433
1072,2022,15,29,29,29,18,lance-stroll,aston-martin,mercedes,pirelli,2,38,20.214,20214.0,20.214
1072,2022,15,30,30,30,11,sergio-perez,red-bull,rbpt,pirelli,2,40,18.738,18738.0,18.738
1072,2022,15,31,31,31,22,yuki-tsunoda,alphatauri,rbpt,pirelli,2,42,19.293,19293.0,19.293
1072,2022,15,32,32,32,23,alexander-albon,williams,mercedes,pirelli,2,42,19.911,19911.0,19.911
1072,2022,15,33,33,33,55,carlos-sainz-jr,ferrari,ferrari,pirelli,2,43,19.493,19493.0,19.493
1072,2022,15,34,34,34,16,charles-leclerc,ferrari,ferrari,pirelli,2,45,19.084,19084.0,19.084
1072,2022,15,35,35,35,22,yuki-tsunoda,alphatauri,rbpt,pirelli,3,43,52.684,52684.0,23.564629461824715
1072,2022,15,36,36,36,4,lando-norris,mclaren,mercedes,pirelli,2,47,21.117,21117.0,21.117
1072,2022,15,37,37,37,14,fernando-alonso,alpine,renault,pirelli,2,47,21.501,21501.0,21.501
1072,2022,15,38,38,38,1,max-verstappen,red-bull,rbpt,pirelli,2,48,19.610,19610.0,19.61
1072,2022,15,39,39,39,44,lewis-hamilton,mercedes,mercedes,pirelli,2,48,19.164,19164.0,19.164
1072,2022,15,40,40,40,63,george-russell,mercedes,mercedes,pirelli,2,48,20.742,20742.0,20.742
1072,2022,15,41,41,41,47,mick-schumacher,haas,ferrari,pirelli,3,47,20.283,20283.0,20.283
1072,2022,15,42,42,42,20,kevin-magnussen,haas,ferrari,pirelli,3,47,23.663,23663.0,23.663
1072,2022,15,43,43,43,3,daniel-ricciardo,mclaren,mercedes,pirelli,3,47,19.718,19718.0,19.718
1072,2022,15,44,44,44,5,sebastian-vettel,aston-martin,mercedes,pirelli,3,48,18.709,18709.0,18.709
1072,2022,15,45,45,45,6,nicholas-latifi,williams,mercedes,pirelli,3,54,20.051,20051.0,20.051
1072,2022,15,46,46,46,1,max-verstappen,red-bull,rbpt,pirelli,3,56,19.655,19655.0,19.655
1072,2022,15,47,47,47,23,alexander-albon,williams,mercedes,pirelli,3,55,20.508,20508.0,20.508
1072,2022,15,48,48,48,16,charles-leclerc,ferrari,ferrari,pirelli,3,56,19.576,19576.0,19.576
1072,2022,15,49,49,49,11,sergio-perez,red-bull,rbpt,pirelli,3,56,19.250,19250.0,19.25
1072,2022,15,50,50,50,24,guanyu-zhou,alfa-romeo,ferrari,pirelli,3,55,20.188,20188.0,20.188
1072,2022,15,51,51,51,3,daniel-ricciardo,mclaren,mercedes,pirelli,4,55,20.295,20295.0,20.295
1072,2022,15,52,52,52,31,esteban-ocon,alpine,renault,pirelli,2,56,21.602,21602.0,21.602
1072,2022,15,53,53,53,18,lance-stroll,aston-martin,mercedes,pirelli,3,56,19.141,19141.0,19.141
1072,2022,15,54,54,54,10,pierre-gasly,alphatauri,rbpt,pirelli,3,56,18.572,18572.0,18.572
1072,2022,15,55,55,55,44,lewis-hamilton,mercedes,mercedes,pirelli,3,57,14.155,14155.0,22.085155412041228
1072,2022,15,56,56,56,6,nicholas-latifi,williams,mercedes,pirelli,4,55,14.459,14459.0,22.63867299782564
1072,2022,15,57,57,57,63,george-russell,mercedes,mercedes,pirelli,3,57,21.363,21363.0,21.363
1072,2022,15,58,58,58,1,max-verstappen,red-bull,rbpt,pirelli,4,57,14.113,14113.0,21.84740918798733
1072,2022,15,59,59,59,23,alexander-albon,williams,mercedes,pirelli,4,56,14.114,14114.0,21.611356321856285
1072,2022,15,60,60,60,47,mick-schumacher,haas,ferrari,pirelli,4,56,14.144,14144.0,22.641937910016516
1072,2022,15,61,61,61,5,sebastian-vettel,aston-martin,mercedes,pirelli,4,56,14.349,14349.0,23.843194170253266
1072,2022,15,62,62,62,16,charles-leclerc,ferrari,ferrari,pirelli,4,57,14.008,14008.0,24.019207995617887
1072,2022,15,63,63,63,20,kevin-magnussen,haas,ferrari,pirelli,4,56,14.175,14175.0,23.054093265740995
1072,2022,15,64,64,64,11,sergio-perez,red-bull,rbpt,pirelli,4,57,14.113,14113.0,24.24128741328852
1072,2022,15,65,65,65,24,guanyu-zhou,alfa-romeo,ferrari,pirelli,4,56,14.128,14128.0,21.71325110388408
1072,2022,15,66,66,66,55,carlos-sainz-jr,ferrari,ferrari,pirelli,3,57,21.164,21164.0,21.164
1072,2022,15,67,67,67,4,lando-norris,mclaren,mercedes,pirelli,3,57,21.264,21264.0,21.264
1072,2022,15,68,68,68,14,fernando-alonso,alpine,renault,pirelli,3,57,15.762,15762.0,15.762
1072,2022,15,69,69,69,3,daniel-ricciardo,mclaren,mercedes,pirelli,5,56,14.493,14493.0,22.368173109953606
1072,2022,15,70,70,70,31,esteban-ocon,alpine,renault,pirelli,3,57,14.041,14041.0,24.102149511690243
1072,2022,15,71,71,71,18,lance-stroll,aston-martin,mercedes,pirelli,4,57,14.118,14118.0,22.92027092328364
1072,2022,15,72,72,72,10,pierre-gasly,alphatauri,rbpt,pirelli,4,57,13.973,13973.0,23.059031253360068
1073,2022,16,1,1,1,11,sergio-perez,red-bull,rbpt,pirelli,1,7,23.698,23698.0,23.698
1073,2022,16,2,2,2,16,charles-leclerc,ferrari,ferrari,pirelli,1,12,23.531,23531.0,23.531
1073,2022,16,3,3,3,6,nicholas-latifi,williams,mercedes,pirelli,1,15,26.782,26782.0,26.782
1073,2022,16,4,4,4,10,pierre-gasly,alphatauri,rbpt,pirelli,1,18,25.376,25376.0,25.376
1073,2022,16,5,5,5,24,guanyu-zhou,alfa-romeo,ferrari,pirelli,1,18,25.366,25366.0,25.366
1073,2022,16,6,6,6,18,lance-stroll,aston-martin,mercedes,pirelli,1,18,24.254,24254.0,24.254
1073,2022,16,7,7,7,3,daniel-ricciardo,mclaren,mercedes,pirelli,1,19,25.164,25164.0,25.164
1073,2022,16,8,8,8,45,nyck-de-vries,williams,mercedes,pirelli,1,19,24.628,24628.0,24.628
1073,2022,16,9,9,9,31,esteban-ocon,alpine,renault,pirelli,1,19,24.336,24336.0,24.336
1073,2022,16,10,10,10,22,yuki-tsunoda,alphatauri,rbpt,pirelli,1,19,24.009,24009.0,24.009
1073,2022,16,11,11,11,63,george-russell,mercedes,mercedes,pirelli,1,23,25.075,25075.0,25.075
1073,2022,16,12,12,12,20,kevin-magnussen,haas,ferrari,pirelli,1,24,30.164,30164.0,30.164
1073,2022,16,13,13,13,1,max-verstappen,red-bull,rbpt,pirelli,1,25,23.791,23791.0,23.791
1073,2022,16,14,14,14,55,carlos-sainz-jr,ferrari,ferrari,pirelli,1,30,23.728,23728.0,23.728
1073,2022,16,15,15,15,16,charles-leclerc,ferrari,ferrari,pirelli,2,33,23.904,23904.0,23.904
1073,2022,16,16,16,16,44,lewis-hamilton,mercedes,mercedes,pirelli,1,33,24.282,24282.0,24.282
1073,2022,16,17,17,17,47,mick-schumacher,haas,ferrari,pirelli,1,33,24.817,24817.0,24.817
1073,2022,16,18,18,18,4,lando-norris,mclaren,mercedes,pirelli,1,35,26.714,26714.0,26.714
1073,2022,16,19,19,19,77,valtteri-bottas,alfa-romeo,ferrari,pirelli,1,35,24.758,24758.0,24.758
1073,2022,16,20,20,20,11,sergio-perez,red-bull,rbpt,pirelli,2,42,23.299,23299.0,23.299
1073,2022,16,21,21,21,63,george-russell,mercedes,mercedes,pirelli,2,47,24.114,24114.0,24.114
1073,2022,16,22,22,22,20,kevin-magnussen,haas,ferrari,pirelli,2,46,24.846,24846.0,24.846
1073,2022,16,23,23,23,55,carlos-sainz-jr,ferrari,ferrari,pirelli,2,47,24.525,24525.0,24.525
1073,2022,16,24,24,24,4,lando-norris,mclaren,mercedes,pirelli,2,47,24.784,24784.0,24.784
1073,2022,16,25,25,25,1,max-verstappen,red-bull,rbpt,pirelli,2,48,24.091,24091.0,24.091
1073,2022,16,26,26,26,22,yuki-tsunoda,alphatauri,rbpt,pirelli,2,47,23.904,23904.0,23.904
1073,2022,16,27,27,27,16,charles-leclerc,ferrari,ferrari,pirelli,3,48,23.719,23719.0,23.719
1073,2022,16,28,28,28,6,nicholas-latifi,williams,mercedes,pirelli,2,47,24.263,24263.0,24.263
1074,2022,17,1,1,1,20,kevin-magnussen,haas,ferrari,pirelli,1,7,39.247,39247.0,23.958487590298382
1074,2022,17,2,2,2,63,george-russell,mercedes,mercedes,pirelli,1,21,30.378,30378.0,30.378
1074,2022,17,3,3,3,10,pierre-gasly,alphatauri,rbpt,pirelli,1,33,29.867,29867.0,29.867
1074,2022,17,4,4,4,22,yuki-tsunoda,alphatauri,rbpt,pirelli,1,33,31.293,31293.0,31.293
1074,2022,17,5,5,5,77,valtteri-bottas,alfa-romeo,ferrari,pirelli,1,33,32.167,32167.0,32.167
1074,2022,17,6,6,6,20,kevin-magnussen,haas,ferrari,pirelli,2,33,32.603,32603.0,32.603
1074,2022,17,7,7,7,16,charles-leclerc,ferrari,ferrari,pirelli,1,34,32.058,32058.0,32.058
1074,2022,17,8,8,8,44,lewis-hamilton,mercedes,mercedes,pirelli,1,34,41.019,41019.0,24.318945463441274
1074,2022,17,9,9,9,5,sebastian-vettel,aston-martin,mercedes,pirelli,1,34,29.704,29704.0,29.704
1074,2022,17,10,10,10,47,mick-schumacher,haas,ferrari,pirelli,1,34,31.201,31201.0,31.201
1074,2022,17,11,11,11,11,sergio-perez,red-bull,rbpt,pirelli,1,35,29.550,29550.0,29.55
1074,2022,17,12,12,12,55,carlos-sainz-jr,ferrari,ferrari,pirelli,1,35,30.603,30603.0,30.603
1074,2022,17,13,13,13,1,max-verstappen,red-bull,rbpt,pirelli,1,35,29.407,29407.0,29.407
1074,2022,17,14,14,14,18,lance-stroll,aston-martin,mercedes,pirelli,1,35,29.863,29863.0,29.863
1074,2022,17,15,15,15,63,george-russell,mercedes,mercedes,pirelli,2,35,29.713,29713.0,29.713
1074,2022,17,16,16,16,4,lando-norris,mclaren,mercedes,pirelli,1,36,30.528,30528.0,30.528
1074,2022,17,17,17,17,3,daniel-ricciardo,mclaren,mercedes,pirelli,1,36,30.946,30946.0,30.946
1074,2022,17,18,18,18,1,max-verstappen,red-bull,rbpt,pirelli,2,40,29.775,29775.0,29.775
1074,2022,17,19,19,19,47,mick-schumacher,haas,ferrari,pirelli,2,41,34.722,34722.0,34.722
1074,2022,17,20,20,20,63,george-russell,mercedes,mercedes,pirelli,3,41,33.211,33211.0,33.211
1074,2022,17,21,21,21,63,george-russell,mercedes,mercedes,pirelli,4,51,29.893,29893.0,29.893
1075,2022,18,1,1,1,10,pierre-gasly,alphatauri,rbpt,pirelli,1,1,41.319,41319.0,21.164625085629122
1075,2022,18,2,2,2,1,max-verstappen,red-bull,rbpt,pirelli,1,2,6:27.399,387399.0,24.211830594109784
1075,2022,18,3,3,3,16,charles-leclerc,ferrari,ferrari,pirelli,1,2,6:29.973,389973.0,21.216957247772324
1075,2022,18,4,4,4,11,sergio-perez,red-bull,rbpt,pirelli,1,2,6:32.517,392517.0,21.549885966811374
1075,2022,18,5,5,5,31,esteban-ocon,alpine,renault,pirelli,1,2,6:33.601,393601.0,22.677714207810194
1075,2022,18,6,6,6,44,lewis-hamilton,mercedes,mercedes,pirelli,1,2,6:36.504,396504.0,22.125388147305742
1075,2022,18,7,7,7,14,fernando-alonso,alpine,renault,pirelli,1,2,6:36.837,396837.0,23.215424624159784
1075,2022,18,8,8,8,63,george-russell,mercedes,mercedes,pirelli,1,2,6:41.057,401057.0,23.116155458981194
1075,2022,18,9,9,9,3,daniel-ricciardo,mclaren,mercedes,pirelli,1,2,6:41.749,401749.0,23.696593594413024
1075,2022,18,10,10,10,22,yuki-tsunoda,alphatauri,rbpt,pirelli,1,2,6:42.478,402478.0,22.07831211712976
1075,2022,18,11,11,11,47,mick-schumacher,haas,ferrari,pirelli,1,2,6:40.857,400857.0,23.058546601101654
1075,2022,18,12,12,12,18,lance-stroll,aston-martin,mercedes,pirelli,1,2,6:40.463,400463.0,23.609775794410297
1075,2022,18,13,13,13,20,kevin-magnussen,haas,ferrari,pirelli,1,2,6:42.029,402029.0,21.60991509965858
1075,2022,18,14,14,14,4,lando-norris,mclaren,mercedes,pirelli,1,2,6:46.256,406256.0,23.533378198170524
1075,2022,18,15,15,15,77,valtteri-bottas,alfa-romeo,ferrari,pirelli,1,2,6:47.553,407553.0,21.640453302844964
1075,2022,18,16,16,16,6,nicholas-latifi,williams,mercedes,pirelli,1,2,6:47.673,407673.0,22.002867463457527
1075,2022,18,17,17,17,5,sebastian-vettel,aston-martin,mercedes,pirelli,1,2,6:49.647,409647.0,24.410911086513906
1075,2022,18,18,18,18,24,guanyu-zhou,alfa-romeo,ferrari,pirelli,1,2,6:50.005,410005.0,23.447986183097825
1075,2022,18,19,19,19,10,pierre-gasly,alphatauri,rbpt,pirelli,2,2,6:49.011,409011.0,22.570323608879754
1075,2022,18,20,20,20,6,nicholas-latifi,williams,mercedes,pirelli,2,5,24.785,24785.0,24.785
1075,2022,18,21,21,21,5,sebastian-vettel,aston-martin,mercedes,pirelli,2,5,24.218,24218.0,24.218
1075,2022,18,22,22,22,4,lando-norris,mclaren,mercedes,pirelli,2,6,24.595,24595.0,24.595
1075,2022,18,23,23,23,77,valtteri-bottas,alfa-romeo,ferrari,pirelli,2,6,24.869,24869.0,24.869
1075,2022,18,24,24,24,1,max-verstappen,red-bull,rbpt,pirelli,2,7,24.308,24308.0,24.308
1075,2022,18,25,25,25,16,charles-leclerc,ferrari,ferrari,pirelli,2,7,25.899,25899.0,25.899
1075,2022,18,26,26,26,11,sergio-perez,red-bull,rbpt,pirelli,2,7,25.322,25322.0,25.322
1075,2022,18,27,27,27,31,esteban-ocon,alpine,renault,pirelli,2,7,25.172,25172.0,25.172
1075,2022,18,28,28,28,44,lewis-hamilton,mercedes,mercedes,pirelli,2,7,25.059,25059.0,25.059
1075,2022,18,29,29,29,63,george-russell,mercedes,mercedes,pirelli,2,7,28.728,28728.0,28.728
1075,2022,18,30,30,30,22,yuki-tsunoda,alphatauri,rbpt,pirelli,2,7,24.439,24439.0,24.439
1075,2022,18,31,31,31,20,kevin-magnussen,haas,ferrari,pirelli,2,7,25.594,25594.0,25.594
1075,2022,18,32,32,32,18,lance-stroll,aston-martin,mercedes,pirelli,2,7,24.005,24005.0,24.005
1075,2022,18,33,33,33,10,pierre-gasly,alphatauri,rbpt,pirelli,3,7,24.966,24966.0,24.966
1075,2022,18,34,34,34,14,fernando-alonso,alpine,renault,pirelli,2,8,24.106,24106.0,24.106
1075,2022,18,35,35,35,3,daniel-ricciardo,mclaren,mercedes,pirelli,2,8,25.377,25377.0,25.377
1075,2022,18,36,36,36,24,guanyu-zhou,alfa-romeo,ferrari,pirelli,2,9,24.563,24563.0,24.563
1075,2022,18,37,37,37,47,mick-schumacher,haas,ferrari,pirelli,2,11,24.608,24608.0,24.608
1075,2022,18,38,38,38,24,guanyu-zhou,alfa-romeo,ferrari,pirelli,3,18,24.266,24266.0,24.266
1075,2022,18,39,39,39,18,lance-stroll,aston-martin,mercedes,pirelli,3,19,23.870,23870.0,23.87
1075,2022,18,40,40,40,10,pierre-gasly,alphatauri,rbpt,pirelli,4,19,23.966,23966.0,23.966
1075,2022,18,41,41,41,22,yuki-tsunoda,alphatauri,rbpt,pirelli,3,20,23.756,23756.0,23.756
1075,2022,18,42,42,42,14,fernando-alonso,alpine,renault,pirelli,3,22,24.123,24123.0,24.123
1076,2022,19,1,1,1,6,nicholas-latifi,williams,mercedes,pirelli,1,5,25.321,25321.0,25.321
1076,2022,19,2,2,2,23,alexander-albon,williams,mercedes,pirelli,1,9,24.624,24624.0,24.624
1076,2022,19,3,3,3,24,guanyu-zhou,alfa-romeo,ferrari,pirelli,1,9,27.326,27326.0,27.326
1076,2022,19,4,4,4,77,valtteri-bottas,alfa-romeo,ferrari,pirelli,1,10,25.013,25013.0,25.013
1076,2022,19,5,5,5,22,yuki-tsunoda,alphatauri,rbpt,pirelli,1,10,23.688,23688.0,23.688
1076,2022,19,6,6,6,3,daniel-ricciardo,mclaren,mercedes,pirelli,1,10,26.206,26206.0,26.206
1076,2022,19,7,7,7,10,pierre-gasly,alphatauri,rbpt,pirelli,1,11,23.670,23670.0,23.67
1076,2022,19,8,8,8,44,lewis-hamilton,mercedes,mercedes,pirelli,1,12,24.362,24362.0,24.362
1076,2022,19,9,9,9,1,max-verstappen,red-bull,rbpt,pirelli,1,13,23.866,23866.0,23.866
1076,2022,19,10,10,10,63,george-russell,mercedes,mercedes,pirelli,1,13,30.038,30038.0,30.038
1076,2022,19,11,11,11,11,sergio-perez,red-bull,rbpt,pirelli,1,14,23.403,23403.0,23.403
1076,2022,19,12,12,12,4,lando-norris,mclaren,mercedes,pirelli,1,14,24.026,24026.0,24.026
1076,2022,19,13,13,13,18,lance-stroll,aston-martin,mercedes,pirelli,1,15,25.417,25417.0,25.417
1076,2022,19,14,14,14,16,charles-leclerc,ferrari,ferrari,pirelli,1,18,24.314,24314.0,24.314
1076,2022,19,15,15,15,5,sebastian-vettel,aston-martin,mercedes,pirelli,1,18,24.307,24307.0,24.307
1076,2022,19,16,16,16,14,fernando-alonso,alpine,renault,pirelli,1,18,23.870,23870.0,23.87
1076,2022,19,17,17,17,31,esteban-ocon,alpine,renault,pirelli,1,18,24.816,24816.0,24.816
1076,2022,19,18,18,18,47,mick-schumacher,haas,ferrari,pirelli,1,18,25.209,25209.0,25.209
1076,2022,19,19,19,19,20,kevin-magnussen,haas,ferrari,pirelli,1,18,29.039,29039.0,29.039
1076,2022,19,20,20,20,23,alexander-albon,williams,mercedes,pirelli,2,18,24.311,24311.0,24.311
1076,2022,19,21,21,21,6,nicholas-latifi,williams,mercedes,pirelli,2,18,24.195,24195.0,24.195
1076,2022,19,22,22,22,14,fernando-alonso,alpine,renault,pirelli,2,22,39.707,39707.0,22.979001281856867
1076,2022,19,23,23,23,24,guanyu-zhou,alfa-romeo,ferrari,pirelli,2,23,25.015,25015.0,25.015
1076,2022,19,24,24,24,10,pierre-gasly,alphatauri,rbpt,pirelli,2,32,28.918,28918.0,28.918
1076,2022,19,25,25,25,22,yuki-tsunoda,alphatauri,rbpt,pirelli,2,33,23.241,23241.0,23.241
1076,2022,19,26,26,26,47,mick-schumacher,haas,ferrari,pirelli,2,33,24.651,24651.0,24.651
1076,2022,19,27,27,27,44,lewis-hamilton,mercedes,mercedes,pirelli,2,34,24.135,24135.0,24.135
1076,2022,19,28,28,28,4,lando-norris,mclaren,mercedes,pirelli,2,34,23.702,23702.0,23.702
1076,2022,19,29,29,29,1,max-verstappen,red-bull,rbpt,pirelli,2,35,32.254,32254.0,32.254
1076,2022,19,30,30,30,16,charles-leclerc,ferrari,ferrari,pirelli,2,35,23.755,23755.0,23.755
1076,2022,19,31,31,31,3,daniel-ricciardo,mclaren,mercedes,pirelli,2,35,24.436,24436.0,24.436
1076,2022,19,32,32,32,63,george-russell,mercedes,mercedes,pirelli,2,36,24.509,24509.0,24.509
1076,2022,19,33,33,33,11,sergio-perez,red-bull,rbpt,pirelli,2,38,24.801,24801.0,24.801
1076,2022,19,34,34,34,5,sebastian-vettel,aston-martin,mercedes,pirelli,2,41,38.157,38157.0,24.244266136261075
1076,2022,19,35,35,35,31,esteban-ocon,alpine,renault,pirelli,2,45,24.711,24711.0,24.711
1076,2022,19,36,36,36,63,george-russell,mercedes,mercedes,pirelli,3,54,23.947,23947.0,23.947
1077,2022,20,1,1,1,18,lance-stroll,aston-martin,mercedes,pirelli,1,17,23.509,23509.0,23.509
1077,2022,20,2,2,2,11,sergio-perez,red-bull,rbpt,pirelli,1,23,24.892,24892.0,24.892
1077,2022,20,3,3,3,6,nicholas-latifi,williams,mercedes,pirelli,1,23,23.826,23826.0,23.826
1077,2022,20,4,4,4,47,mick-schumacher,haas,ferrari,pirelli,1,24,23.679,23679.0,23.679
1077,2022,20,5,5,5,1,max-verstappen,red-bull,rbpt,pirelli,1,25,22.487,22487.0,22.487
1077,2022,20,6,6,6,16,charles-leclerc,ferrari,ferrari,pirelli,1,28,22.193,22193.0,22.193
1077,2022,20,7,7,7,44,lewis-hamilton,mercedes,mercedes,pirelli,1,29,23.194,23194.0,23.194
1077,2022,20,8,8,8,55,carlos-sainz-jr,ferrari,ferrari,pirelli,1,29,23.469,23469.0,23.469
1077,2022,20,9,9,9,22,yuki-tsunoda,alphatauri,rbpt,pirelli,1,29,22.468,22468.0,22.468
1077,2022,20,10,10,10,4,lando-norris,mclaren,mercedes,pirelli,1,31,22.585,22585.0,22.585
1077,2022,20,11,11,11,31,esteban-ocon,alpine,renault,pirelli,1,33,22.343,22343.0,22.343
1077,2022,20,12,12,12,63,george-russell,mercedes,mercedes,pirelli,1,34,22.795,22795.0,22.795
1077,2022,20,13,13,13,5,sebastian-vettel,aston-martin,mercedes,pirelli,1,38,22.534,22534.0,22.534
1077,2022,20,14,14,14,23,alexander-albon,williams,mercedes,pirelli,1,38,23.182,23182.0,23.182
1077,2022,20,15,15,15,20,kevin-magnussen,haas,ferrari,pirelli,1,38,23.722,23722.0,23.722
1077,2022,20,16,16,16,77,valtteri-bottas,alfa-romeo,ferrari,pirelli,1,39,23.863,23863.0,23.863
1077,2022,20,17,17,17,14,fernando-alonso,alpine,renault,pirelli,1,40,23.159,23159.0,23.159
1077,2022,20,18,18,18,10,pierre-gasly,alphatauri,rbpt,pirelli,1,40,29.168,29168.0,29.168
1077,2022,20,19,19,19,18,lance-stroll,aston-martin,mercedes,pirelli,2,40,23.119,23119.0,23.119
1077,2022,20,20,20,20,3,daniel-ricciardo,mclaren,mercedes,pirelli,1,44,22.280,22280.0,22.28
1077,2022,20,21,21,21,24,guanyu-zhou,alfa-romeo,ferrari,pirelli,1,45,24.218,24218.0,24.218
1077,2022,20,22,22,22,6,nicholas-latifi,williams,mercedes,pirelli,2,52,24.039,24039.0,24.039
1077,2022,20,23,23,23,63,george-russell,mercedes,mercedes,pirelli,2,69,23.118,23118.0,23.118
1078,2022,21,1,1,1,23,alexander-albon,williams,mercedes,pirelli,1,4,24.361,24361.0,24.361
1078,2022,21,2,2,2,1,max-verstappen,red-bull,rbpt,pirelli,1,7,30.942,30942.0,30.942
1078,2022,21,3,3,3,16,charles-leclerc,ferrari,ferrari,pirelli,1,7,30.080,30080.0,30.08
1078,2022,21,4,4,4,14,fernando-alonso,alpine,renault,pirelli,1,14,23.478,23478.0,23.478
1078,2022,21,5,5,5,24,guanyu-zhou,alfa-romeo,ferrari,pirelli,1,16,24.332,24332.0,24.332
1078,2022,21,6,6,6,55,carlos-sainz-jr,ferrari,ferrari,pirelli,1,17,25.206,25206.0,25.206
1078,2022,21,7,7,7,10,pierre-gasly,alphatauri,rbpt,pirelli,1,19,23.460,23460.0,23.46
1078,2022,21,8,8,8,22,yuki-tsunoda,alphatauri,rbpt,pirelli,1,20,23.287,23287.0,23.287
1078,2022,21,9,9,9,6,nicholas-latifi,williams,mercedes,pirelli,1,20,28.807,28807.0,28.807
1078,2022,21,10,10,10,16,charles-leclerc,ferrari,ferrari,pirelli,2,21,23.172,23172.0,23.172
1078,2022,21,11,11,11,11,sergio-perez,red-bull,rbpt,pirelli,1,23,22.869,22869.0,22.869
1078,2022,21,12,12,12,1,max-verstappen,red-bull,rbpt,pirelli,2,23,31.682,31682.0,31.682
1078,2022,21,13,13,13,63,george-russell,mercedes,mercedes,pirelli,1,24,23.521,23521.0,23.521
1078,2022,21,14,14,14,4,lando-norris,mclaren,mercedes,pirelli,1,24,29.338,29338.0,29.338
1078,2022,21,15,15,15,77,valtteri-bottas,alfa-romeo,ferrari,pirelli,1,24,23.908,23908.0,23.908
1078,2022,21,16,16,16,31,esteban-ocon,alpine,renault,pirelli,1,24,23.868,23868.0,23.868
1078,2022,21,17,17,17,47,mick-schumacher,haas,ferrari,pirelli,1,24,24.487,24487.0,24.487
1078,2022,21,18,18,18,23,alexander-albon,williams,mercedes,pirelli,2,25,23.352,23352.0,23.352
1078,2022,21,19,19,19,5,sebastian-vettel,aston-martin,mercedes,pirelli,1,26,24.248,24248.0,24.248
1078,2022,21,20,20,20,44,lewis-hamilton,mercedes,mercedes,pirelli,1,29,24.081,24081.0,24.081
1078,2022,21,21,21,21,18,lance-stroll,aston-martin,mercedes,pirelli,1,29,23.469,23469.0,23.469
1078,2022,21,22,22,22,6,nicholas-latifi,williams,mercedes,pirelli,2,32,24.292,24292.0,24.292
1078,2022,21,23,23,23,14,fernando-alonso,alpine,renault,pirelli,2,35,28.855,28855.0,28.855
1078,2022,21,24,24,24,10,pierre-gasly,alphatauri,rbpt,pirelli,2,35,23.328,23328.0,23.328
1078,2022,21,25,25,25,55,carlos-sainz-jr,ferrari,ferrari,pirelli,2,36,23.483,23483.0,23.483
1078,2022,21,26,26,26,24,guanyu-zhou,alfa-romeo,ferrari,pirelli,2,37,25.111,25111.0,25.111
1078,2022,21,27,27,27,22,yuki-tsunoda,alphatauri,rbpt,pirelli,2,40,23.645,23645.0,23.645
1078,2022,21,28,28,28,16,charles-leclerc,ferrari,ferrari,pirelli,3,44,23.124,23124.0,23.124
1078,2022,21,29,29,29,77,valtteri-bottas,alfa-romeo,ferrari,pirelli,2,45,24.616,24616.0,24.616
1078,2022,21,30,30,30,5,sebastian-vettel,aston-martin,mercedes,pirelli,2,45,24.028,24028.0,24.028
1078,2022,21,31,31,31,4,lando-norris,mclaren,mercedes,pirelli,2,45,24.669,24669.0,24.669
1078,2022,21,32,32,32,47,mick-schumacher,haas,ferrari,pirelli,2,46,25.156,25156.0,25.156
1078,2022,21,33,33,33,11,sergio-perez,red-bull,rbpt,pirelli,2,47,23.152,23152.0,23.152
1078,2022,21,34,34,34,31,esteban-ocon,alpine,renault,pirelli,2,47,24.445,24445.0,24.445
1078,2022,21,35,35,35,23,alexander-albon,williams,mercedes,pirelli,3,47,23.322,23322.0,23.322
1078,2022,21,36,36,36,44,lewis-hamilton,mercedes,mercedes,pirelli,2,48,23.415,23415.0,23.415
1078,2022,21,37,37,37,1,max-verstappen,red-bull,rbpt,pirelli,3,48,24.102,24102.0,24.102
1078,2022,21,38,38,38,18,lance-stroll,aston-martin,mercedes,pirelli,2,48,23.764,23764.0,23.764
1078,2022,21,39,39,39,63,george-russell,mercedes,mercedes,pirelli,2,49,23.480,23480.0,23.48
1078,2022,21,40,40,40,14,fernando-alonso,alpine,renault,pirelli,3,52,23.790,23790.0,23.79
1078,2022,21,41,41,41,10,pierre-gasly,alphatauri,rbpt,pirelli,3,52,23.009,23009.0,23.009
1078,2022,21,42,42,42,55,carlos-sainz-jr,ferrari,ferrari,pirelli,3,53,23.816,23816.0,23.816
1078,2022,21,43,43,43,6,nicholas-latifi,williams,mercedes,pirelli,3,52,23.640,23640.0,23.64
1078,2022,21,44,44,44,22,yuki-tsunoda,alphatauri,rbpt,pirelli,3,54,23.635,23635.0,23.635
1079,2022,22,1,1,1,23,alexander-albon,williams,mercedes,pirelli,1,12,21.793,21793.0,21.793
1079,2022,22,2,2,2,18,lance-stroll,aston-martin,mercedes,pirelli,1,13,21.814,21814.0,21.814
1079,2022,22,3,3,3,31,esteban-ocon,alpine,renault,pirelli,1,14,21.895,21895.0,21.895
1079,2022,22,4,4,4,22,yuki-tsunoda,alphatauri,rbpt,pirelli,1,14,21.591,21591.0,21.591
1079,2022,22,5,5,5,47,mick-schumacher,haas,ferrari,pirelli,1,14,22.276,22276.0,22.276
1079,2022,22,6,6,6,10,pierre-gasly,alphatauri,rbpt,pirelli,1,14,21.855,21855.0,21.855
1079,2022,22,7,7,7,11,sergio-perez,red-bull,rbpt,pirelli,1,15,21.360,21360.0,21.36
1079,2022,22,8,8,8,63,george-russell,mercedes,mercedes,pirelli,1,15,24.243,24243.0,24.243
1079,2022,22,9,9,9,4,lando-norris,mclaren,mercedes,pirelli,1,15,22.234,22234.0,22.234
1079,2022,22,10,10,10,24,guanyu-zhou,alfa-romeo,ferrari,pirelli,1,15,22.435,22435.0,22.435
1079,2022,22,11,11,11,6,nicholas-latifi,williams,mercedes,pirelli,1,15,22.423,22423.0,22.423
1079,2022,22,12,12,12,55,carlos-sainz-jr,ferrari,ferrari,pirelli,1,17,21.930,21930.0,21.93
1079,2022,22,13,13,13,44,lewis-hamilton,mercedes,mercedes,pirelli,1,18,21.270,21270.0,21.27
1079,2022,22,14,14,14,14,fernando-alonso,alpine,renault,pirelli,1,19,21.740,21740.0,21.74
1079,2022,22,15,15,15,3,daniel-ricciardo,mclaren,mercedes,pirelli,1,19,21.893,21893.0,21.893
1079,2022,22,16,16,16,1,max-verstappen,red-bull,rbpt,pirelli,1,20,22.735,22735.0,22.735
1079,2022,22,17,17,17,16,charles-leclerc,ferrari,ferrari,pirelli,1,21,22.210,22210.0,22.21
1079,2022,22,18,18,18,5,sebastian-vettel,aston-martin,mercedes,pirelli,1,25,23.186,23186.0,23.186
1079,2022,22,19,19,19,20,kevin-magnussen,haas,ferrari,pirelli,1,28,22.387,22387.0,22.387
1079,2022,22,20,20,20,77,valtteri-bottas,alfa-romeo,ferrari,pirelli,1,30,22.573,22573.0,22.573
1079,2022,22,21,21,21,11,sergio-perez,red-bull,rbpt,pirelli,2,33,21.367,21367.0,21.367
1079,2022,22,22,22,22,47,mick-schumacher,haas,ferrari,pirelli,2,34,23.530,23530.0,23.53
1079,2022,22,23,23,23,23,alexander-albon,williams,mercedes,pirelli,2,35,21.798,21798.0,21.798
1079,2022,22,24,24,24,22,yuki-tsunoda,alphatauri,rbpt,pirelli,2,38,22.262,22262.0,22.262
1079,2022,22,25,25,25,55,carlos-sainz-jr,ferrari,ferrari,pirelli,2,39,21.575,21575.0,21.575
1079,2022,22,26,26,26,63,george-russell,mercedes,mercedes,pirelli,2,39,27.931,27931.0,27.931
1079,2022,22,27,27,27,6,nicholas-latifi,williams,mercedes,pirelli,2,38,25.174,25174.0,25.174
1079,2022,22,28,28,28,18,lance-stroll,aston-martin,mercedes,pirelli,2,40,21.802,21802.0,21.802
1079,2022,22,29,29,29,31,esteban-ocon,alpine,renault,pirelli,2,41,21.734,21734.0,21.734
1079,2022,22,30,30,30,4,lando-norris,mclaren,mercedes,pirelli,2,42,21.559,21559.0,21.559
1079,2022,22,31,31,31,24,guanyu-zhou,alfa-romeo,ferrari,pirelli,2,44,23.159,23159.0,23.159
1080,2023,1,1,1,1,10,pierre-gasly,alpine,renault,pirelli,1,9,25.885,25885.0,25.885
1080,2023,1,2,2,2,4,lando-norris,mclaren,mercedes,pirelli,1,10,32.766,32766.0,32.766
1080,2023,1,3,3,3,22,yuki-tsunoda,alphatauri,honda-rbpt,pirelli,1,10,25.267,25267.0,25.267
1080,2023,1,4,4,4,77,valtteri-bottas,alfa-romeo,ferrari,pirelli,1,11,25.399,25399.0,25.399
1080,2023,1,5,5,5,23,alexander-albon,williams,mercedes,pirelli,1,11,25.054,25054.0,25.054
1080,2023,1,6,6,6,27,nico-hulkenberg,haas,ferrari,pirelli,1,11,26.075,26075.0,26.075
1080,2023,1,7,7,7,21,nyck-de-vries,alphatauri,honda-rbpt,pirelli,1,11,25.018,25018.0,25.018
1080,2023,1,8,8,8,44,lewis-hamilton,mercedes,mercedes,pirelli,1,12,24.682,24682.0,24.682
1080,2023,1,9,9,9,31,esteban-ocon,alpine,renault,pirelli,1,12,24.966,24966.0,24.966
1080,2023,1,10,10,10,2,logan-sargeant,williams,mercedes,pirelli,1,12,25.600,25600.0,25.6
1080,2023,1,11,11,11,24,guanyu-zhou,alfa-romeo,ferrari,pirelli,1,12,25.787,25787.0,25.787
1080,2023,1,12,12,12,16,charles-leclerc,ferrari,ferrari,pirelli,1,13,24.345,24345.0,24.345
1080,2023,1,13,13,13,55,carlos-sainz-jr,ferrari,ferrari,pirelli,1,13,24.500,24500.0,24.5
1080,2023,1,14,14,14,63,george-russell,mercedes,mercedes,pirelli,1,13,27.062,27062.0,27.062
1080,2023,1,15,15,15,1,max-verstappen,red-bull,honda-rbpt,pirelli,1,14,24.289,24289.0,24.289
1080,2023,1,16,16,16,14,fernando-alonso,aston-martin,mercedes,pirelli,1,14,25.800,25800.0,25.8
1080,2023,1,17,17,17,18,lance-stroll,aston-martin,mercedes,pirelli,1,15,25.449,25449.0,25.449
1080,2023,1,18,18,18,20,kevin-magnussen,haas,ferrari,pirelli,1,15,25.439,25439.0,25.439
1080,2023,1,19,19,19,31,esteban-ocon,alpine,renault,pirelli,2,15,41.462,41462.0,22.366248748813412
1080,2023,1,20,20,20,11,sergio-perez,red-bull,honda-rbpt,pirelli,1,17,24.264,24264.0,24.264
1080,2023,1,21,21,21,4,lando-norris,mclaren,mercedes,pirelli,2,17,33.661,33661.0,33.661
1080,2023,1,22,22,22,10,pierre-gasly,alpine,renault,pirelli,2,25,24.879,24879.0,24.879
1080,2023,1,23,23,23,23,alexander-albon,williams,mercedes,pirelli,2,26,24.920,24920.0,24.92
1080,2023,1,24,24,24,22,yuki-tsunoda,alphatauri,honda-rbpt,pirelli,2,26,24.372,24372.0,24.372
1080,2023,1,25,25,25,27,nico-hulkenberg,haas,ferrari,pirelli,2,26,37.769,37769.0,22.585210622981496
1080,2023,1,26,26,26,21,nyck-de-vries,alphatauri,honda-rbpt,pirelli,2,27,25.234,25234.0,25.234
1080,2023,1,27,27,27,4,lando-norris,mclaren,mercedes,pirelli,3,27,33.467,33467.0,33.467
1080,2023,1,28,28,28,77,valtteri-bottas,alfa-romeo,ferrari,pirelli,2,29,25.643,25643.0,25.643
1080,2023,1,29,29,29,20,kevin-magnussen,haas,ferrari,pirelli,2,29,25.344,25344.0,25.344
1080,2023,1,30,30,30,44,lewis-hamilton,mercedes,mercedes,pirelli,2,30,24.690,24690.0,24.69
1080,2023,1,31,31,31,18,lance-stroll,aston-martin,mercedes,pirelli,2,30,24.639,24639.0,24.639
1080,2023,1,32,32,32,2,logan-sargeant,williams,mercedes,pirelli,2,30,25.670,25670.0,25.67
1080,2023,1,33,33,33,55,carlos-sainz-jr,ferrari,ferrari,pirelli,2,31,24.227,24227.0,24.227
1080,2023,1,34,34,34,63,george-russell,mercedes,mercedes,pirelli,2,31,24.406,24406.0,24.406
1080,2023,1,35,35,35,24,guanyu-zhou,alfa-romeo,ferrari,pirelli,2,32,25.282,25282.0,25.282
1080,2023,1,36,36,36,31,esteban-ocon,alpine,renault,pirelli,3,32,44.518,44518.0,23.250204802432187
1080,2023,1,37,37,37,16,charles-leclerc,ferrari,ferrari,pirelli,2,33,24.644,24644.0,24.644
1080,2023,1,38,38,38,11,sergio-perez,red-bull,honda-rbpt,pirelli,2,34,25.091,25091.0,25.091
1080,2023,1,39,39,39,14,fernando-alonso,aston-martin,mercedes,pirelli,2,34,24.869,24869.0,24.869
1080,2023,1,40,40,40,1,max-verstappen,red-bull,honda-rbpt,pirelli,2,36,24.910,24910.0,24.91
1080,2023,1,41,41,41,4,lando-norris,mclaren,mercedes,pirelli,4,37,33.236,33236.0,33.236
1080,2023,1,42,42,42,23,alexander-albon,williams,mercedes,pirelli,3,40,24.458,24458.0,24.458
1080,2023,1,43,43,43,10,pierre-gasly,alpine,renault,pirelli,3,40,24.736,24736.0,24.736
1080,2023,1,44,44,44,22,yuki-tsunoda,alphatauri,honda-rbpt,pirelli,3,40,25.818,25818.0,25.818
1080,2023,1,45,45,45,2,logan-sargeant,williams,mercedes,pirelli,3,40,25.047,25047.0,25.047
1080,2023,1,46,46,46,20,kevin-magnussen,haas,ferrari,pirelli,3,40,25.125,25125.0,25.125
1080,2023,1,47,47,47,27,nico-hulkenberg,haas,ferrari,pirelli,3,40,27.080,27080.0,27.08
1080,2023,1,48,48,48,4,lando-norris,mclaren,mercedes,pirelli,5,47,30.710,30710.0,30.71
1080,2023,1,49,49,49,24,guanyu-zhou,alfa-romeo,ferrari,pirelli,3,54,30.167,30167.0,30.167
1080,2023,1,50,50,50,4,lando-norris,mclaren,mercedes,pirelli,6,54,31.494,31494.0,31.494
1081,2023,2,1,1,1,81,oscar-piastri,mclaren,mercedes,pirelli,1,1,31.534,31534.0,31.534
1081,2023,2,2,2,2,4,lando-norris,mclaren,mercedes,pirelli,1,2,29.444,29444.0,29.444
1081,2023,2,3,3,3,20,kevin-magnussen,haas,ferrari,pirelli,1,8,20.870,20870.0,20.87
1081,2023,2,4,4,4,77,valtteri-bottas,alfa-romeo,ferrari,pirelli,1,9,21.505,21505.0,21.505
1081,2023,2,5,5,5,24,guanyu-zhou,alfa-romeo,ferrari,pirelli,1,11,21.703,21703.0,21.703
1081,2023,2,6,6,6,27,nico-hulkenberg,haas,ferrari,pirelli,1,11,21.567,21567.0,21.567
1081,2023,2,7,7,7,18,lance-stroll,aston-martin,mercedes,pirelli,1,13,21.150,21150.0,21.15
1081,2023,2,8,8,8,10,pierre-gasly,alpine,renault,pirelli,1,14,20.719,20719.0,20.719
1081,2023,2,9,9,9,55,carlos-sainz-jr,ferrari,ferrari,pirelli,1,15,20.760,20760.0,20.76
1081,2023,2,10,10,10,16,charles-leclerc,ferrari,ferrari,pirelli,1,16,20.026,20026.0,20.026
1081,2023,2,11,11,11,31,esteban-ocon,alpine,renault,pirelli,1,16,20.762,20762.0,20.762
1081,2023,2,12,12,12,22,yuki-tsunoda,alphatauri,honda-rbpt,pirelli,1,17,21.414,21414.0,21.414
1081,2023,2,13,13,13,23,alexander-albon,williams,mercedes,pirelli,1,17,21.397,21397.0,21.397
1081,2023,2,14,14,14,21,nyck-de-vries,alphatauri,honda-rbpt,pirelli,1,17,21.116,21116.0,21.116
1081,2023,2,15,15,15,77,valtteri-bottas,alfa-romeo,ferrari,pirelli,2,17,22.191,22191.0,22.191
1081,2023,2,16,16,16,11,sergio-perez,red-bull,honda-rbpt,pirelli,1,18,20.715,20715.0,20.715
1081,2023,2,17,17,17,14,fernando-alonso,aston-martin,mercedes,pirelli,1,18,26.879,26879.0,26.879
1081,2023,2,18,18,18,63,george-russell,mercedes,mercedes,pirelli,1,18,20.828,20828.0,20.828
1081,2023,2,19,19,19,1,max-verstappen,red-bull,honda-rbpt,pirelli,1,18,20.824,20824.0,20.824
1081,2023,2,20,20,20,44,lewis-hamilton,mercedes,mercedes,pirelli,1,18,21.102,21102.0,21.102
1081,2023,2,21,21,21,2,logan-sargeant,williams,mercedes,pirelli,1,18,21.064,21064.0,21.064
1081,2023,2,22,22,22,24,guanyu-zhou,alfa-romeo,ferrari,pirelli,2,18,21.282,21282.0,21.282
1081,2023,2,23,23,23,4,lando-norris,mclaren,mercedes,pirelli,2,19,21.352,21352.0,21.352
1081,2023,2,24,24,24,77,valtteri-bottas,alfa-romeo,ferrari,pirelli,3,35,21.808,21808.0,21.808
1082,2023,3,1,1,1,31,esteban-ocon,alpine,renault,pirelli,1,1,18.056,18056.0,18.056
1082,2023,3,2,2,2,24,guanyu-zhou,alfa-romeo,ferrari,pirelli,1,1,18.951,18951.0,18.951
1082,2023,3,3,3,3,2,logan-sargeant,williams,mercedes,pirelli,1,1,18.382,18382.0,18.382
1082,2023,3,4,4,4,11,sergio-perez,red-bull,honda-rbpt,pirelli,1,1,17.657,17657.0,17.657
1082,2023,3,5,5,5,77,valtteri-bottas,alfa-romeo,ferrari,pirelli,1,1,21.659,21659.0,21.659
1082,2023,3,6,6,6,2,logan-sargeant,williams,mercedes,pirelli,2,2,19.158,19158.0,19.158
1082,2023,3,7,7,7,11,sergio-perez,red-bull,honda-rbpt,pirelli,2,2,17.814,17814.0,17.814
1082,2023,3,8,8,8,63,george-russell,mercedes,mercedes,pirelli,1,7,19.146,19146.0,19.146
1082,2023,3,9,9,9,55,carlos-sainz-jr,ferrari,ferrari,pirelli,1,7,18.319,18319.0,18.319
1082,2023,3,10,10,10,20,kevin-magnussen,haas,ferrari,pirelli,1,7,20.789,20789.0,20.789
1082,2023,3,11,11,11,44,lewis-hamilton,mercedes,mercedes,pirelli,1,8,15:25.181,925181.0,21.001669188999095
1082,2023,3,12,12,12,1,max-verstappen,red-bull,honda-rbpt,pirelli,1,8,15:25.112,925112.0,21.18574903276853
1082,2023,3,13,13,13,14,fernando-alonso,aston-martin,mercedes,pirelli,1,8,15:26.940,926940.0,23.639952849922786
1082,2023,3,14,14,14,18,lance-stroll,aston-martin,mercedes,pirelli,1,8,15:27.222,927222.0,24.05710709490871
1082,2023,3,15,15,15,10,pierre-gasly,alpine,renault,pirelli,1,8,15:26.996,926996.0,22.895512515844022
1082,2023,3,16,16,16,27,nico-hulkenberg,haas,ferrari,pirelli,1,8,15:26.326,926326.0,23.54936361599353
1082,2023,3,17,17,17,63,george-russell,mercedes,mercedes,pirelli,2,8,15:30.824,930824.0,24.219726936799763
1082,2023,3,18,18,18,22,yuki-tsunoda,alphatauri,honda-rbpt,pirelli,1,8,15:31.820,931820.0,22.59437420686356
1082,2023,3,19,19,19,4,lando-norris,mclaren,mercedes,pirelli,1,8,15:34.763,934763.0,23.675933781713322
1082,2023,3,20,20,20,81,oscar-piastri,mclaren,mercedes,pirelli,1,8,15:34.541,934541.0,21.16285009514178
1082,2023,3,21,21,21,55,carlos-sainz-jr,ferrari,ferrari,pirelli,2,8,15:37.024,937024.0,21.638960342353602
1082,2023,3,22,22,22,21,nyck-de-vries,alphatauri,honda-rbpt,pirelli,1,8,15:37.874,937874.0,22.31975673624768
1082,2023,3,23,23,23,31,esteban-ocon,alpine,renault,pirelli,2,8,15:37.929,937929.0,22.923734846375872
1082,2023,3,24,24,24,11,sergio-perez,red-bull,honda-rbpt,pirelli,3,8,15:37.512,937512.0,21.477465156038047
1082,2023,3,25,25,25,24,guanyu-zhou,alfa-romeo,ferrari,pirelli,2,8,15:37.849,937849.0,23.255555629299707
1082,2023,3,26,26,26,77,valtteri-bottas,alfa-romeo,ferrari,pirelli,2,8,15:37.594,937594.0,24.22483506600359
1082,2023,3,27,27,27,2,logan-sargeant,williams,mercedes,pirelli,3,8,15:38.017,938017.0,21.832815369077736
1082,2023,3,28,28,28,20,kevin-magnussen,haas,ferrari,pirelli,2,8,15:40.228,940228.0,23.862217630614246
1082,2023,3,29,29,29,2,logan-sargeant,williams,mercedes,pirelli,4,36,19.018,19018.0,19.018
1082,2023,3,30,30,30,21,nyck-de-vries,alphatauri,honda-rbpt,pirelli,2,45,18.080,18080.0,18.08
1082,2023,3,31,31,31,77,valtteri-bottas,alfa-romeo,ferrari,pirelli,3,53,19.825,19825.0,19.825
1082,2023,3,32,32,32,81,oscar-piastri,mclaren,mercedes,pirelli,2,54,19.442,19442.0,19.442
1082,2023,3,33,33,33,24,guanyu-zhou,alfa-romeo,ferrari,pirelli,3,54,21.881,21881.0,21.881
1082,2023,3,34,34,34,22,yuki-tsunoda,alphatauri,honda-rbpt,pirelli,2,54,18.258,18258.0,18.258
1082,2023,3,35,35,35,1,max-verstappen,red-bull,honda-rbpt,pirelli,2,55,14:27.756,867756.0,24.358977390781913
1082,2023,3,36,36,36,44,lewis-hamilton,mercedes,mercedes,pirelli,2,55,14:31.670,871670.0,24.12726266675881
1082,2023,3,37,37,37,14,fernando-alonso,aston-martin,mercedes,pirelli,2,55,14:34.306,874306.0,21.335191345341926
1082,2023,3,38,38,38,77,valtteri-bottas,alfa-romeo,ferrari,pirelli,4,54,12:19.342,739342.0,24.035278539559904
1082,2023,3,39,39,39,55,carlos-sainz-jr,ferrari,ferrari,pirelli,3,55,14:34.924,874924.0,22.26851109267438
1082,2023,3,40,40,40,10,pierre-gasly,alpine,renault,pirelli,2,55,14:35.210,875210.0,22.97461841239811
1082,2023,3,41,41,41,18,lance-stroll,aston-martin,mercedes,pirelli,2,55,14:35.053,875053.0,23.169881188344572
1082,2023,3,42,42,42,11,sergio-perez,red-bull,honda-rbpt,pirelli,4,55,14:36.462,876462.0,22.27024843769015
1082,2023,3,43,43,43,2,logan-sargeant,williams,mercedes,pirelli,5,54,12:12.022,732022.0,21.99350540579693
1082,2023,3,44,44,44,4,lando-norris,mclaren,mercedes,pirelli,2,55,14:41.064,881064.0,24.321887522300297
1082,2023,3,45,45,45,27,nico-hulkenberg,haas,ferrari,pirelli,2,55,14:40.712,880712.0,23.754476293306553
1082,2023,3,46,46,46,21,nyck-de-vries,alphatauri,honda-rbpt,pirelli,3,54,12:06.783,726783.0,23.692701925065116
1082,2023,3,47,47,47,31,esteban-ocon,alpine,renault,pirelli,3,55,14:39.804,879804.0,22.754643856367625
1082,2023,3,48,48,48,81,oscar-piastri,mclaren,mercedes,pirelli,3,55,14:24.653,864653.0,22.133811572708325
1082,2023,3,49,49,49,24,guanyu-zhou,alfa-romeo,ferrari,pirelli,4,55,14:01.565,841565.0,24.205244269905805
1082,2023,3,50,50,50,22,yuki-tsunoda,alphatauri,honda-rbpt,pirelli,3,55,14:01.820,841820.0,22.23344747519033
1082,2023,3,51,51,51,77,valtteri-bottas,alfa-romeo,ferrari,pirelli,5,55,1:16.634,76634.0,24.020631604364638
1082,2023,3,52,52,52,2,logan-sargeant,williams,mercedes,pirelli,6,55,1:14.200,74200.0,22.76686446026062
1082,2023,3,53,53,53,21,nyck-de-vries,alphatauri,honda-rbpt,pirelli,4,55,1:13.234,73234.0,21.878551754822357
1082,2023,3,54,54,54,1,max-verstappen,red-bull,honda-rbpt,pirelli,3,57,30:56.502,1856502.0,24.269695606487502
1082,2023,3,55,55,55,44,lewis-hamilton,mercedes,mercedes,pirelli,3,57,30:59.435,1859435.0,24.402124592257042
1082,2023,3,56,56,56,55,carlos-sainz-jr,ferrari,ferrari,pirelli,4,57,31:01.554,1861554.0,24.36679051297373
1082,2023,3,57,57,57,27,nico-hulkenberg,haas,ferrari,pirelli,3,57,31:09.055,1869055.0,21.620568583288982
1082,2023,3,58,58,58,22,yuki-tsunoda,alphatauri,honda-rbpt,pirelli,4,57,31:11.209,1871209.0,23.797452975686213
1082,2023,3,59,59,59,4,lando-norris,mclaren,mercedes,pirelli,3,57,31:04.087,1864087.0,21.894610901074604
1082,2023,3,60,60,60,81,oscar-piastri,mclaren,mercedes,pirelli,4,57,31:06.226,1866226.0,23.569498315980855
1082,2023,3,61,61,61,24,guanyu-zhou,alfa-romeo,ferrari,pirelli,5,57,31:04.998,1864998.0,23.546387200760545
1082,2023,3,62,62,62,77,valtteri-bottas,alfa-romeo,ferrari,pirelli,6,57,31:07.182,1867182.0,21.30995768086846
1082,2023,3,63,63,63,11,sergio-perez,red-bull,honda-rbpt,pirelli,5,57,30:53.568,1853568.0,24.454366681110105
1082,2023,3,64,64,64,14,fernando-alonso,aston-martin,mercedes,pirelli,3,57,30:45.073,1845073.0,21.218659568218335
1082,2023,3,65,65,65,18,lance-stroll,aston-martin,mercedes,pirelli,3,57,30:45.925,1845925.0,21.380686114066098
1083,2023,4,1,1,1,10,pierre-gasly,alpine,renault,pirelli,1,5,20.235,20235.0,20.235
1083,2023,4,2,2,2,77,valtteri-bottas,alfa-romeo,ferrari,pirelli,1,6,20.967,20967.0,20.967
1083,2023,4,3,3,3,23,alexander-albon,williams,mercedes,pirelli,1,7,21.103,21103.0,21.103
1083,2023,4,4,4,4,22,yuki-tsunoda,alphatauri,honda-rbpt,pirelli,1,8,20.497,20497.0,20.497
1083,2023,4,5,5,5,81,oscar-piastri,mclaren,mercedes,pirelli,1,8,20.902,20902.0,20.902
1083,2023,4,6,6,6,2,logan-sargeant,williams,mercedes,pirelli,1,8,21.015,21015.0,21.015
1083,2023,4,7,7,7,44,lewis-hamilton,mercedes,mercedes,pirelli,1,9,20.324,20324.0,20.324
1083,2023,4,8,8,8,4,lando-norris,mclaren,mercedes,pirelli,1,9,20.346,20346.0,20.346
1083,2023,4,9,9,9,1,max-verstappen,red-bull,honda-rbpt,pirelli,1,10,20.707,20707.0,20.707
1083,2023,4,10,10,10,20,kevin-magnussen,haas,ferrari,pirelli,1,10,30.951,30951.0,30.951
1083,2023,4,11,11,11,11,sergio-perez,red-bull,honda-rbpt,pirelli,1,11,20.389,20389.0,20.389
1083,2023,4,12,12,12,16,charles-leclerc,ferrari,ferrari,pirelli,1,11,21.126,21126.0,21.126
1083,2023,4,13,13,13,55,carlos-sainz-jr,ferrari,ferrari,pirelli,1,11,21.970,21970.0,21.97
1083,2023,4,14,14,14,14,fernando-alonso,aston-martin,mercedes,pirelli,1,11,23.148,23148.0,23.148
1083,2023,4,15,15,15,63,george-russell,mercedes,mercedes,pirelli,1,11,20.459,20459.0,20.459
1083,2023,4,16,16,16,18,lance-stroll,aston-martin,mercedes,pirelli,1,11,23.161,23161.0,23.161
1083,2023,4,17,17,17,24,guanyu-zhou,alfa-romeo,ferrari,pirelli,1,11,22.247,22247.0,22.247
1083,2023,4,18,18,18,77,valtteri-bottas,alfa-romeo,ferrari,pirelli,2,12,22.354,22354.0,22.354
1083,2023,4,19,19,19,10,pierre-gasly,alpine,renault,pirelli,2,23,21.169,21169.0,21.169
1083,2023,4,20,20,20,77,valtteri-bottas,alfa-romeo,ferrari,pirelli,3,34,21.012,21012.0,21.012
1083,2023,4,21,21,21,63,george-russell,mercedes,mercedes,pirelli,2,49,21.389,21389.0,21.389
1083,2023,4,22,22,22,27,nico-hulkenberg,haas,ferrari,pirelli,1,49,24.748,24748.0,24.748
1083,2023,4,23,23,23,31,esteban-ocon,alpine,renault,pirelli,1,50,20.367,20367.0,20.367
1084,2023,5,1,1,1,2,logan-sargeant,williams,mercedes,pirelli,1,2,48.938,48938.0,24.476391952786884
1084,2023,5,2,2,2,4,lando-norris,mclaren,mercedes,pirelli,1,4,24.090,24090.0,24.09
1084,2023,5,3,3,3,81,oscar-piastri,mclaren,mercedes,pirelli,1,5,22.205,22205.0,22.205
1084,2023,5,4,4,4,20,kevin-magnussen,haas,ferrari,pirelli,1,14,22.616,22616.0,22.616
1084,2023,5,5,5,5,10,pierre-gasly,alpine,renault,pirelli,1,15,22.417,22417.0,22.417
1084,2023,5,6,6,6,77,valtteri-bottas,alfa-romeo,ferrari,pirelli,1,15,23.158,23158.0,23.158
1084,2023,5,7,7,7,21,nyck-de-vries,alphatauri,honda-rbpt,pirelli,1,15,23.487,23487.0,23.487
1084,2023,5,8,8,8,63,george-russell,mercedes,mercedes,pirelli,1,17,22.335,22335.0,22.335
1084,2023,5,9,9,9,16,charles-leclerc,ferrari,ferrari,pirelli,1,17,22.068,22068.0,22.068
1084,2023,5,10,10,10,55,carlos-sainz-jr,ferrari,ferrari,pirelli,1,18,22.278,22278.0,22.278
1084,2023,5,11,11,11,11,sergio-perez,red-bull,honda-rbpt,pirelli,1,20,21.884,21884.0,21.884
1084,2023,5,12,12,12,23,alexander-albon,williams,mercedes,pirelli,1,22,22.482,22482.0,22.482
1084,2023,5,13,13,13,14,fernando-alonso,aston-martin,mercedes,pirelli,1,24,22.631,22631.0,22.631
1084,2023,5,14,14,14,24,guanyu-zhou,alfa-romeo,ferrari,pirelli,1,31,22.796,22796.0,22.796
1084,2023,5,15,15,15,27,nico-hulkenberg,haas,ferrari,pirelli,1,33,23.120,23120.0,23.12
1084,2023,5,16,16,16,22,yuki-tsunoda,alphatauri,honda-rbpt,pirelli,1,36,22.390,22390.0,22.39
1084,2023,5,17,17,17,44,lewis-hamilton,mercedes,mercedes,pirelli,1,37,22.150,22150.0,22.15
1084,2023,5,18,18,18,31,esteban-ocon,alpine,renault,pirelli,1,39,21.942,21942.0,21.942
1084,2023,5,19,19,19,18,lance-stroll,aston-martin,mercedes,pirelli,1,42,22.651,22651.0,22.651
1084,2023,5,20,20,20,1,max-verstappen,red-bull,honda-rbpt,pirelli,1,45,22.688,22688.0,22.688
1085,2023,6,1,1,1,27,nico-hulkenberg,haas,ferrari,pirelli,1,1,32.494,32494.0,32.494
1085,2023,6,2,2,2,11,sergio-perez,red-bull,honda-rbpt,pirelli,1,1,24.887,24887.0,24.887
1085,2023,6,3,3,3,24,guanyu-zhou,alfa-romeo,ferrari,pirelli,1,1,26.141,26141.0,26.141
1085,2023,6,4,4,4,23,alexander-albon,williams,mercedes,pirelli,1,18,24.290,24290.0,24.29
1085,2023,6,5,5,5,2,logan-sargeant,williams,mercedes,pirelli,1,20,24.376,24376.0,24.376
1085,2023,6,6,6,6,2,logan-sargeant,williams,mercedes,pirelli,2,23,27.774,27774.0,27.774
1085,2023,6,7,7,7,44,lewis-hamilton,mercedes,mercedes,pirelli,1,31,24.594,24594.0,24.594
1085,2023,6,8,8,8,31,esteban-ocon,alpine,renault,pirelli,1,32,25.833,25833.0,25.833
1085,2023,6,9,9,9,55,carlos-sainz-jr,ferrari,ferrari,pirelli,1,33,24.252,24252.0,24.252
1085,2023,6,10,10,10,11,sergio-perez,red-bull,honda-rbpt,pirelli,2,34,32.749,32749.0,32.749
1085,2023,6,11,11,11,16,charles-leclerc,ferrari,ferrari,pirelli,1,44,24.192,24192.0,24.192
1085,2023,6,12,12,12,10,pierre-gasly,alpine,renault,pirelli,1,47,23.902,23902.0,23.902
1085,2023,6,13,13,13,4,lando-norris,mclaren,mercedes,pirelli,1,50,24.663,24663.0,24.663
1085,2023,6,14,14,14,77,valtteri-bottas,alfa-romeo,ferrari,pirelli,1,51,30.395,30395.0,30.395
1085,2023,6,15,15,15,18,lance-stroll,aston-martin,mercedes,pirelli,1,51,24.656,24656.0,24.656
1085,2023,6,16,16,16,24,guanyu-zhou,alfa-romeo,ferrari,pirelli,2,52,25.260,25260.0,25.26
1085,2023,6,17,17,17,23,alexander-albon,williams,mercedes,pirelli,2,52,26.990,26990.0,26.99
1085,2023,6,18,18,18,22,yuki-tsunoda,alphatauri,honda-rbpt,pirelli,1,53,33.706,33706.0,33.706
1085,2023,6,19,19,19,2,logan-sargeant,williams,mercedes,pirelli,3,52,25.946,25946.0,25.946
1085,2023,6,20,20,20,14,fernando-alonso,aston-martin,mercedes,pirelli,1,54,24.414,24414.0,24.414
1085,2023,6,21,21,21,21,nyck-de-vries,alphatauri,honda-rbpt,pirelli,1,53,24.539,24539.0,24.539
1085,2023,6,22,22,22,63,george-russell,mercedes,mercedes,pirelli,1,54,30.980,30980.0,30.98
1085,2023,6,23,23,23,31,esteban-ocon,alpine,renault,pirelli,2,54,24.707,24707.0,24.707
1085,2023,6,24,24,24,44,lewis-hamilton,mercedes,mercedes,pirelli,2,54,26.685,26685.0,26.685
1085,2023,6,25,25,25,10,pierre-gasly,alpine,renault,pirelli,2,54,29.949,29949.0,29.949
1085,2023,6,26,26,26,11,sergio-perez,red-bull,honda-rbpt,pirelli,3,53,24.217,24217.0,24.217
1085,2023,6,27,27,27,1,max-verstappen,red-bull,honda-rbpt,pirelli,1,55,24.798,24798.0,24.798
1085,2023,6,28,28,28,81,oscar-piastri,mclaren,mercedes,pirelli,1,54,25.851,25851.0,25.851
1085,2023,6,29,29,29,4,lando-norris,mclaren,mercedes,pirelli,2,54,33.428,33428.0,33.428
1085,2023,6,30,30,30,14,fernando-alonso,aston-martin,mercedes,pirelli,2,55,25.916,25916.0,25.916
1085,2023,6,31,31,31,27,nico-hulkenberg,haas,ferrari,pirelli,2,54,34.725,34725.0,34.725
1085,2023,6,32,32,32,16,charles-leclerc,ferrari,ferrari,pirelli,2,55,25.713,25713.0,25.713
1085,2023,6,33,33,33,55,carlos-sainz-jr,ferrari,ferrari,pirelli,2,55,29.300,29300.0,29.3
1085,2023,6,34,34,34,20,kevin-magnussen,haas,ferrari,pirelli,1,56,51.052,51052.0,22.743603717424154
1085,2023,6,35,35,35,11,sergio-perez,red-bull,honda-rbpt,pirelli,4,57,29.337,29337.0,29.337
1085,2023,6,36,36,36,27,nico-hulkenberg,haas,ferrari,pirelli,3,59,25.672,25672.0,25.672
1085,2023,6,37,37,37,11,sergio-perez,red-bull,honda-rbpt,pirelli,5,70,25.466,25466.0,25.466
1086,2023,7,1,1,1,4,lando-norris,mclaren,mercedes,pirelli,1,1,37.736,37736.0,23.183952580479794
1086,2023,7,2,2,2,77,valtteri-bottas,alfa-romeo,ferrari,pirelli,1,5,23.691,23691.0,23.691
1086,2023,7,3,3,3,27,nico-hulkenberg,haas,ferrari,pirelli,1,8,22.298,22298.0,22.298
1086,2023,7,4,4,4,24,guanyu-zhou,alfa-romeo,ferrari,pirelli,1,9,23.430,23430.0,23.43
1086,2023,7,5,5,5,21,nyck-de-vries,alphatauri,honda-rbpt,pirelli,1,9,22.522,22522.0,22.522
1086,2023,7,6,6,6,22,yuki-tsunoda,alphatauri,honda-rbpt,pirelli,1,10,22.176,22176.0,22.176
1086,2023,7,7,7,7,20,kevin-magnussen,haas,ferrari,pirelli,1,10,22.124,22124.0,22.124
1086,2023,7,8,8,8,31,esteban-ocon,alpine,renault,pirelli,1,13,22.112,22112.0,22.112
1086,2023,7,9,9,9,18,lance-stroll,aston-martin,mercedes,pirelli,1,14,22.355,22355.0,22.355
1086,2023,7,10,10,10,55,carlos-sainz-jr,ferrari,ferrari,pirelli,1,15,22.321,22321.0,22.321
1086,2023,7,11,11,11,16,charles-leclerc,ferrari,ferrari,pirelli,1,16,21.778,21778.0,21.778
1086,2023,7,12,12,12,23,alexander-albon,williams,mercedes,pirelli,1,16,23.319,23319.0,23.319
1086,2023,7,13,13,13,81,oscar-piastri,mclaren,mercedes,pirelli,1,17,22.370,22370.0,22.37
1086,2023,7,14,14,14,2,logan-sargeant,williams,mercedes,pirelli,1,17,22.583,22583.0,22.583
1086,2023,7,15,15,15,14,fernando-alonso,aston-martin,mercedes,pirelli,1,19,22.558,22558.0,22.558
1086,2023,7,16,16,16,10,pierre-gasly,alpine,renault,pirelli,1,19,23.388,23388.0,23.388
1086,2023,7,17,17,17,4,lando-norris,mclaren,mercedes,pirelli,2,22,22.850,22850.0,22.85
1086,2023,7,18,18,18,44,lewis-hamilton,mercedes,mercedes,pirelli,1,24,22.575,22575.0,22.575
1086,2023,7,19,19,19,20,kevin-magnussen,haas,ferrari,pirelli,2,24,24.800,24800.0,24.8
1086,2023,7,20,20,20,63,george-russell,mercedes,mercedes,pirelli,1,25,22.275,22275.0,22.275
1086,2023,7,21,21,21,1,max-verstappen,red-bull,honda-rbpt,pirelli,1,26,22.241,22241.0,22.241
1086,2023,7,22,22,22,27,nico-hulkenberg,haas,ferrari,pirelli,2,26,23.257,23257.0,23.257
1086,2023,7,23,23,23,11,sergio-perez,red-bull,honda-rbpt,pirelli,1,27,21.775,21775.0,21.775
1086,2023,7,24,24,24,18,lance-stroll,aston-martin,mercedes,pirelli,2,34,23.371,23371.0,23.371
1086,2023,7,25,25,25,22,yuki-tsunoda,alphatauri,honda-rbpt,pirelli,2,34,22.009,22009.0,22.009
1086,2023,7,26,26,26,31,esteban-ocon,alpine,renault,pirelli,2,35,24.110,24110.0,24.11
1086,2023,7,27,27,27,24,guanyu-zhou,alfa-romeo,ferrari,pirelli,2,36,22.889,22889.0,22.889
1086,2023,7,28,28,28,2,logan-sargeant,williams,mercedes,pirelli,2,36,23.827,23827.0,23.827
1086,2023,7,29,29,29,23,alexander-albon,williams,mercedes,pirelli,2,37,23.449,23449.0,23.449
1086,2023,7,30,30,30,21,nyck-de-vries,alphatauri,honda-rbpt,pirelli,2,38,21.976,21976.0,21.976
1086,2023,7,31,31,31,81,oscar-piastri,mclaren,mercedes,pirelli,2,39,22.862,22862.0,22.862
1086,2023,7,32,32,32,10,pierre-gasly,alpine,renault,pirelli,2,39,23.610,23610.0,23.61
1086,2023,7,33,33,33,77,valtteri-bottas,alfa-romeo,ferrari,pirelli,2,39,24.097,24097.0,24.097
1086,2023,7,34,34,34,55,carlos-sainz-jr,ferrari,ferrari,pirelli,2,41,22.375,22375.0,22.375
1086,2023,7,35,35,35,16,charles-leclerc,ferrari,ferrari,pirelli,2,41,23.003,23003.0,23.003
1086,2023,7,36,36,36,20,kevin-magnussen,haas,ferrari,pirelli,3,42,22.291,22291.0,22.291
1086,2023,7,37,37,37,27,nico-hulkenberg,haas,ferrari,pirelli,3,43,24.484,24484.0,24.484
1086,2023,7,38,38,38,14,fernando-alonso,aston-martin,mercedes,pirelli,2,44,22.896,22896.0,22.896
1086,2023,7,39,39,39,63,george-russell,mercedes,mercedes,pirelli,2,45,22.054,22054.0,22.054
1086,2023,7,40,40,40,44,lewis-hamilton,mercedes,mercedes,pirelli,2,50,22.731,22731.0,22.731
1086,2023,7,41,41,41,11,sergio-perez,red-bull,honda-rbpt,pirelli,2,50,21.537,21537.0,21.537
1086,2023,7,42,42,42,4,lando-norris,mclaren,mercedes,pirelli,3,50,22.062,22062.0,22.062
1086,2023,7,43,43,43,1,max-verstappen,red-bull,honda-rbpt,pirelli,2,52,22.357,22357.0,22.357
1087,2023,8,1,1,1,22,yuki-tsunoda,alphatauri,honda-rbpt,pirelli,1,1,23.646,23646.0,23.646
1087,2023,8,2,2,2,10,pierre-gasly,alpine,renault,pirelli,1,10,27.515,27515.0,27.515
1087,2023,8,3,3,3,27,nico-hulkenberg,haas,ferrari,pirelli,1,11,24.880,24880.0,24.88
1087,2023,8,4,4,4,18,lance-stroll,aston-martin,mercedes,pirelli,1,11,23.711,23711.0,23.711
1087,2023,8,5,5,5,21,nyck-de-vries,alphatauri,honda-rbpt,pirelli,1,11,24.960,24960.0,24.96
1087,2023,8,6,6,6,1,max-verstappen,red-bull,honda-rbpt,pirelli,1,12,23.644,23644.0,23.644
1087,2023,8,7,7,7,44,lewis-hamilton,mercedes,mercedes,pirelli,1,12,24.339,24339.0,24.339
1087,2023,8,8,8,8,14,fernando-alonso,aston-martin,mercedes,pirelli,1,12,24.031,24031.0,24.031
1087,2023,8,9,9,9,31,esteban-ocon,alpine,renault,pirelli,1,12,24.402,24402.0,24.402
1087,2023,8,10,10,10,81,oscar-piastri,mclaren,mercedes,pirelli,1,12,24.828,24828.0,24.828
1087,2023,8,11,11,11,4,lando-norris,mclaren,mercedes,pirelli,1,12,25.862,25862.0,25.862
1087,2023,8,12,12,12,23,alexander-albon,williams,mercedes,pirelli,1,12,25.064,25064.0,25.064
1087,2023,8,13,13,13,24,guanyu-zhou,alfa-romeo,ferrari,pirelli,1,12,24.161,24161.0,24.161
1087,2023,8,14,14,14,63,george-russell,mercedes,mercedes,pirelli,1,12,1:28.943,88943.0,21.239350478920663
1087,2023,8,15,15,15,18,lance-stroll,aston-martin,mercedes,pirelli,2,27,23.839,23839.0,23.839
1087,2023,8,16,16,16,27,nico-hulkenberg,haas,ferrari,pirelli,2,31,24.200,24200.0,24.2
1087,2023,8,17,17,17,24,guanyu-zhou,alfa-romeo,ferrari,pirelli,2,32,27.509,27509.0,27.509
1087,2023,8,18,18,18,10,pierre-gasly,alpine,renault,pirelli,2,33,24.117,24117.0,24.117
1087,2023,8,19,19,19,22,yuki-tsunoda,alphatauri,honda-rbpt,pirelli,2,34,27.523,27523.0,27.523
1087,2023,8,20,20,20,4,lando-norris,mclaren,mercedes,pirelli,2,35,23.570,23570.0,23.57
1087,2023,8,21,21,21,20,kevin-magnussen,haas,ferrari,pirelli,1,35,24.909,24909.0,24.909
1087,2023,8,22,22,22,31,esteban-ocon,alpine,renault,pirelli,2,36,23.698,23698.0,23.698
1087,2023,8,23,23,23,77,valtteri-bottas,alfa-romeo,ferrari,pirelli,1,36,24.038,24038.0,24.038
1087,2023,8,24,24,24,11,sergio-perez,red-bull,honda-rbpt,pirelli,1,37,23.281,23281.0,23.281
1087,2023,8,25,25,25,81,oscar-piastri,mclaren,mercedes,pirelli,2,37,23.436,23436.0,23.436
1087,2023,8,26,26,26,55,carlos-sainz-jr,ferrari,ferrari,pirelli,1,38,24.133,24133.0,24.133
1087,2023,8,27,27,27,16,charles-leclerc,ferrari,ferrari,pirelli,1,39,24.343,24343.0,24.343
1087,2023,8,28,28,28,44,lewis-hamilton,mercedes,mercedes,pirelli,2,40,23.749,23749.0,23.749
1087,2023,8,29,29,29,14,fernando-alonso,aston-martin,mercedes,pirelli,2,41,23.928,23928.0,23.928
1087,2023,8,30,30,30,1,max-verstappen,red-bull,honda-rbpt,pirelli,2,42,23.910,23910.0,23.91
1087,2023,8,31,31,31,21,nyck-de-vries,alphatauri,honda-rbpt,pirelli,2,50,23.786,23786.0,23.786
1087,2023,8,32,32,32,20,kevin-magnussen,haas,ferrari,pirelli,2,53,24.515,24515.0,24.515
1087,2023,8,33,33,33,11,sergio-perez,red-bull,honda-rbpt,pirelli,2,68,23.218,23218.0,23.218
1088,2023,9,1,1,1,20,kevin-magnussen,haas,ferrari,pirelli,1,1,26.587,26587.0,26.587
1088,2023,9,2,2,2,22,yuki-tsunoda,alphatauri,honda-rbpt,pirelli,1,1,29.691,29691.0,29.691
1088,2023,9,3,3,3,1,max-verstappen,red-bull,honda-rbpt,pirelli,1,2,16.369,16369.0,16.369
1088,2023,9,4,4,4,16,charles-leclerc,ferrari,ferrari,pirelli,1,2,16.393,16393.0,16.393
1088,2023,9,5,5,5,55,carlos-sainz-jr,ferrari,ferrari,pirelli,1,2,16.380,16380.0,16.38
1088,2023,9,6,6,6,44,lewis-hamilton,mercedes,mercedes,pirelli,1,2,16.415,16415.0,16.415
1088,2023,9,7,7,7,4,lando-norris,mclaren,mercedes,pirelli,1,2,18.076,18076.0,18.076
1088,2023,9,8,8,8,14,fernando-alonso,aston-martin,mercedes,pirelli,1,2,16.600,16600.0,16.6
1088,2023,9,9,9,9,27,nico-hulkenberg,haas,ferrari,pirelli,1,2,16.778,16778.0,16.778
1088,2023,9,10,10,10,18,lance-stroll,aston-martin,mercedes,pirelli,1,2,16.646,16646.0,16.646
1088,2023,9,11,11,11,10,pierre-gasly,alpine,renault,pirelli,1,2,16.380,16380.0,16.38
1088,2023,9,12,12,12,23,alexander-albon,williams,mercedes,pirelli,1,2,16.737,16737.0,16.737
1088,2023,9,13,13,13,63,george-russell,mercedes,mercedes,pirelli,1,2,17.946,17946.0,17.946
1088,2023,9,14,14,14,31,esteban-ocon,alpine,renault,pirelli,1,2,18.143,18143.0,18.143
1088,2023,9,15,15,15,11,sergio-perez,red-bull,honda-rbpt,pirelli,1,2,17.428,17428.0,17.428
1088,2023,9,16,16,16,24,guanyu-zhou,alfa-romeo,ferrari,pirelli,1,2,17.467,17467.0,17.467
1088,2023,9,17,17,17,81,oscar-piastri,mclaren,mercedes,pirelli,1,2,17.324,17324.0,17.324
1088,2023,9,18,18,18,2,logan-sargeant,williams,mercedes,pirelli,1,2,17.337,17337.0,17.337
1088,2023,9,19,19,19,77,valtteri-bottas,alfa-romeo,ferrari,pirelli,1,2,17.130,17130.0,17.13
1088,2023,9,20,20,20,21,nyck-de-vries,alphatauri,honda-rbpt,pirelli,1,2,17.033,17033.0,17.033
1088,2023,9,21,21,21,20,kevin-magnussen,haas,ferrari,pirelli,2,2,25.654,25654.0,25.654
1088,2023,9,22,22,22,22,yuki-tsunoda,alphatauri,honda-rbpt,pirelli,2,2,16.246,16246.0,16.246
1088,2023,9,23,23,23,24,guanyu-zhou,alfa-romeo,ferrari,pirelli,2,8,24.374,24374.0,24.374
1088,2023,9,24,24,24,27,nico-hulkenberg,haas,ferrari,pirelli,2,11,21.891,21891.0,21.891
1088,2023,9,25,25,25,21,nyck-de-vries,alphatauri,honda-rbpt,pirelli,2,12,21.333,21333.0,21.333
1088,2023,9,26,26,26,44,lewis-hamilton,mercedes,mercedes,pirelli,2,14,21.993,21993.0,21.993
1088,2023,9,27,27,27,4,lando-norris,mclaren,mercedes,pirelli,2,14,21.290,21290.0,21.29
1088,2023,9,28,28,28,10,pierre-gasly,alpine,renault,pirelli,2,14,21.814,21814.0,21.814
1088,2023,9,29,29,29,23,alexander-albon,williams,mercedes,pirelli,2,14,21.562,21562.0,21.562
1088,2023,9,30,30,30,63,george-russell,mercedes,mercedes,pirelli,2,14,22.262,22262.0,22.262
1088,2023,9,31,31,31,31,esteban-ocon,alpine,renault,pirelli,2,14,22.028,22028.0,22.028
1088,2023,9,32,32,32,81,oscar-piastri,mclaren,mercedes,pirelli,2,14,22.467,22467.0,22.467
1088,2023,9,33,33,33,2,logan-sargeant,williams,mercedes,pirelli,2,14,23.194,23194.0,23.194
1088,2023,9,34,34,34,16,charles-leclerc,ferrari,ferrari,pirelli,2,15,23.425,23425.0,23.425
1088,2023,9,35,35,35,55,carlos-sainz-jr,ferrari,ferrari,pirelli,2,15,26.283,26283.0,26.283
1088,2023,9,36,36,36,14,fernando-alonso,aston-martin,mercedes,pirelli,2,15,22.371,22371.0,22.371
1088,2023,9,37,37,37,18,lance-stroll,aston-martin,mercedes,pirelli,2,15,24.332,24332.0,24.332
1088,2023,9,38,38,38,77,valtteri-bottas,alfa-romeo,ferrari,pirelli,2,21,31.785,31785.0,31.785
1088,2023,9,39,39,39,81,oscar-piastri,mclaren,mercedes,pirelli,3,22,29.912,29912.0,29.912
1088,2023,9,40,40,40,22,yuki-tsunoda,alphatauri,honda-rbpt,pirelli,3,23,27.286,27286.0,27.286
1088,2023,9,41,41,41,1,max-verstappen,red-bull,honda-rbpt,pirelli,2,24,21.365,21365.0,21.365
1088,2023,9,42,42,42,11,sergio-perez,red-bull,honda-rbpt,pirelli,2,25,21.655,21655.0,21.655
1088,2023,9,43,43,43,20,kevin-magnussen,haas,ferrari,pirelli,3,34,22.250,22250.0,22.25
1088,2023,9,44,44,44,18,lance-stroll,aston-martin,mercedes,pirelli,3,36,22.050,22050.0,22.05
1088,2023,9,45,45,45,21,nyck-de-vries,alphatauri,honda-rbpt,pirelli,3,37,21.074,21074.0,21.074
1088,2023,9,46,46,46,24,guanyu-zhou,alfa-romeo,ferrari,pirelli,3,38,21.910,21910.0,21.91
1088,2023,9,47,47,47,31,esteban-ocon,alpine,renault,pirelli,3,40,30.427,30427.0,30.427
1088,2023,9,48,48,48,77,valtteri-bottas,alfa-romeo,ferrari,pirelli,3,40,21.975,21975.0,21.975
1088,2023,9,49,49,49,4,lando-norris,mclaren,mercedes,pirelli,3,41,22.088,22088.0,22.088
1088,2023,9,50,50,50,63,george-russell,mercedes,mercedes,pirelli,3,41,21.702,21702.0,21.702
1088,2023,9,51,51,51,23,alexander-albon,williams,mercedes,pirelli,3,41,27.683,27683.0,27.683
1088,2023,9,52,52,52,81,oscar-piastri,mclaren,mercedes,pirelli,4,41,22.313,22313.0,22.313
1088,2023,9,53,53,53,44,lewis-hamilton,mercedes,mercedes,pirelli,3,42,27.724,27724.0,27.724
1088,2023,9,54,54,54,2,logan-sargeant,williams,mercedes,pirelli,3,43,21.543,21543.0,21.543
1088,2023,9,55,55,55,22,yuki-tsunoda,alphatauri,honda-rbpt,pirelli,4,43,21.392,21392.0,21.392
1088,2023,9,56,56,56,14,fernando-alonso,aston-martin,mercedes,pirelli,3,44,21.993,21993.0,21.993
1088,2023,9,57,57,57,10,pierre-gasly,alpine,renault,pirelli,3,44,27.804,27804.0,27.804
1088,2023,9,58,58,58,55,carlos-sainz-jr,ferrari,ferrari,pirelli,3,45,28.583,28583.0,28.583
1088,2023,9,59,59,59,16,charles-leclerc,ferrari,ferrari,pirelli,3,47,21.470,21470.0,21.47
1088,2023,9,60,60,60,1,max-verstappen,red-bull,honda-rbpt,pirelli,3,49,21.641,21641.0,21.641
1088,2023,9,61,61,61,11,sergio-perez,red-bull,honda-rbpt,pirelli,3,50,21.267,21267.0,21.267
1088,2023,9,62,62,62,18,lance-stroll,aston-martin,mercedes,pirelli,4,54,21.837,21837.0,21.837
1088,2023,9,63,63,63,1,max-verstappen,red-bull,honda-rbpt,pirelli,4,69,21.328,21328.0,21.328
1089,2023,10,1,1,1,27,nico-hulkenberg,haas,ferrari,pirelli,1,7,41.972,41972.0,21.274212915801655
1089,2023,10,2,2,2,22,yuki-tsunoda,alphatauri,honda-rbpt,pirelli,1,14,28.353,28353.0,28.353
1089,2023,10,3,3,3,16,charles-leclerc,ferrari,ferrari,pirelli,1,18,28.244,28244.0,28.244
1089,2023,10,4,4,4,24,guanyu-zhou,alfa-romeo,ferrari,pirelli,1,24,29.177,29177.0,29.177
1089,2023,10,5,5,5,55,carlos-sainz-jr,ferrari,ferrari,pirelli,1,26,28.869,28869.0,28.869
1089,2023,10,6,6,6,21,nyck-de-vries,alphatauri,honda-rbpt,pirelli,1,27,28.242,28242.0,28.242
1089,2023,10,7,7,7,63,george-russell,mercedes,mercedes,pirelli,1,28,29.455,29455.0,29.455
1089,2023,10,8,8,8,11,sergio-perez,red-bull,honda-rbpt,pirelli,1,28,28.060,28060.0,28.06
1089,2023,10,9,9,9,81,oscar-piastri,mclaren,mercedes,pirelli,1,29,28.655,28655.0,28.655
1089,2023,10,10,10,10,2,logan-sargeant,williams,mercedes,pirelli,1,29,28.847,28847.0,28.847
1089,2023,10,11,11,11,10,pierre-gasly,alpine,renault,pirelli,1,31,28.458,28458.0,28.458
1089,2023,10,12,12,12,18,lance-stroll,aston-martin,mercedes,pirelli,1,31,28.561,28561.0,28.561
1089,2023,10,13,13,13,23,alexander-albon,williams,mercedes,pirelli,1,32,29.634,29634.0,29.634
1089,2023,10,14,14,14,16,charles-leclerc,ferrari,ferrari,pirelli,2,32,28.805,28805.0,28.805
1089,2023,10,15,15,15,77,valtteri-bottas,alfa-romeo,ferrari,pirelli,1,32,29.662,29662.0,29.662
1089,2023,10,16,16,16,22,yuki-tsunoda,alphatauri,honda-rbpt,pirelli,2,32,28.603,28603.0,28.603
1089,2023,10,17,17,17,21,nyck-de-vries,alphatauri,honda-rbpt,pirelli,2,32,28.413,28413.0,28.413
1089,2023,10,18,18,18,27,nico-hulkenberg,haas,ferrari,pirelli,2,32,30.003,30003.0,30.003
1089,2023,10,19,19,19,1,max-verstappen,red-bull,honda-rbpt,pirelli,1,33,29.056,29056.0,29.056
1089,2023,10,20,20,20,4,lando-norris,mclaren,mercedes,pirelli,1,33,28.438,28438.0,28.438
1089,2023,10,21,21,21,44,lewis-hamilton,mercedes,mercedes,pirelli,1,33,29.169,29169.0,29.169
1089,2023,10,22,22,22,14,fernando-alonso,aston-martin,mercedes,pirelli,1,33,28.679,28679.0,28.679
1089,2023,10,23,23,23,24,guanyu-zhou,alfa-romeo,ferrari,pirelli,2,33,28.709,28709.0,28.709
1089,2023,10,24,24,24,24,guanyu-zhou,alfa-romeo,ferrari,pirelli,3,36,34.374,34374.0,34.374
1090,2023,11,1,1,1,23,alexander-albon,williams,mercedes,pirelli,1,8,22.076,22076.0,22.076
1090,2023,11,2,2,2,22,yuki-tsunoda,alphatauri,honda-rbpt,pirelli,1,9,26.170,26170.0,26.17
1090,2023,11,3,3,3,18,lance-stroll,aston-martin,mercedes,pirelli,1,9,21.910,21910.0,21.91
1090,2023,11,4,4,4,77,valtteri-bottas,alfa-romeo,ferrari,pirelli,1,9,22.114,22114.0,22.114
1090,2023,11,5,5,5,24,guanyu-zhou,alfa-romeo,ferrari,pirelli,1,10,29.211,29211.0,29.211
1090,2023,11,6,6,6,2,logan-sargeant,williams,mercedes,pirelli,1,13,24.001,24001.0,24.001
1090,2023,11,7,7,7,20,kevin-magnussen,haas,ferrari,pirelli,1,14,22.753,22753.0,22.753
1090,2023,11,8,8,8,55,carlos-sainz-jr,ferrari,ferrari,pirelli,1,15,21.402,21402.0,21.402
1090,2023,11,9,9,9,44,lewis-hamilton,mercedes,mercedes,pirelli,1,16,21.974,21974.0,21.974
1090,2023,11,10,10,10,27,nico-hulkenberg,haas,ferrari,pirelli,1,16,22.922,22922.0,22.922
1090,2023,11,11,11,11,4,lando-norris,mclaren,mercedes,pirelli,1,17,21.541,21541.0,21.541
1090,2023,11,12,12,12,16,charles-leclerc,ferrari,ferrari,pirelli,1,17,28.404,28404.0,28.404
1090,2023,11,13,13,13,81,oscar-piastri,mclaren,mercedes,pirelli,1,18,21.171,21171.0,21.171
1090,2023,11,14,14,14,3,daniel-ricciardo,alphatauri,honda-rbpt,pirelli,1,18,21.958,21958.0,21.958
1090,2023,11,15,15,15,14,fernando-alonso,aston-martin,mercedes,pirelli,1,20,22.916,22916.0,22.916
1090,2023,11,16,16,16,1,max-verstappen,red-bull,honda-rbpt,pirelli,1,23,21.407,21407.0,21.407
1090,2023,11,17,17,17,11,sergio-perez,red-bull,honda-rbpt,pirelli,1,24,21.862,21862.0,21.862
1090,2023,11,18,18,18,63,george-russell,mercedes,mercedes,pirelli,1,28,21.886,21886.0,21.886
1090,2023,11,19,19,19,3,daniel-ricciardo,alphatauri,honda-rbpt,pirelli,2,29,22.203,22203.0,22.203
1090,2023,11,20,20,20,23,alexander-albon,williams,mercedes,pirelli,2,31,21.762,21762.0,21.762
1090,2023,11,21,21,21,18,lance-stroll,aston-martin,mercedes,pirelli,2,34,22.403,22403.0,22.403
1090,2023,11,22,22,22,2,logan-sargeant,williams,mercedes,pirelli,2,34,22.197,22197.0,22.197
1090,2023,11,23,23,23,27,nico-hulkenberg,haas,ferrari,pirelli,2,38,21.955,21955.0,21.955
1090,2023,11,24,24,24,24,guanyu-zhou,alfa-romeo,ferrari,pirelli,2,38,22.853,22853.0,22.853
1090,2023,11,25,25,25,77,valtteri-bottas,alfa-romeo,ferrari,pirelli,2,40,23.242,23242.0,23.242
1090,2023,11,26,26,26,20,kevin-magnussen,haas,ferrari,pirelli,2,41,22.152,22152.0,22.152
1090,2023,11,27,27,27,81,oscar-piastri,mclaren,mercedes,pirelli,2,42,22.030,22030.0,22.03
1090,2023,11,28,28,28,11,sergio-perez,red-bull,honda-rbpt,pirelli,2,42,20.880,20880.0,20.88
1090,2023,11,29,29,29,16,charles-leclerc,ferrari,ferrari,pirelli,2,43,21.452,21452.0,21.452
1090,2023,11,30,30,30,14,fernando-alonso,aston-martin,mercedes,pirelli,2,43,24.152,24152.0,24.152
1090,2023,11,31,31,31,4,lando-norris,mclaren,mercedes,pirelli,2,44,21.430,21430.0,21.43
1090,2023,11,32,32,32,55,carlos-sainz-jr,ferrari,ferrari,pirelli,2,44,22.051,22051.0,22.051
1090,2023,11,33,33,33,22,yuki-tsunoda,alphatauri,honda-rbpt,pirelli,2,44,21.181,21181.0,21.181
1090,2023,11,34,34,34,63,george-russell,mercedes,mercedes,pirelli,2,46,21.675,21675.0,21.675
1090,2023,11,35,35,35,44,lewis-hamilton,mercedes,mercedes,pirelli,2,49,21.728,21728.0,21.728
1090,2023,11,36,36,36,1,max-verstappen,red-bull,honda-rbpt,pirelli,2,51,21.680,21680.0,21.68
1091,2023,12,1,1,1,4,lando-norris,mclaren,mercedes,pirelli,1,5,25.012,25012.0,25.012
1091,2023,12,2,2,2,20,kevin-magnussen,haas,ferrari,pirelli,1,5,23.638,23638.0,23.638
1091,2023,12,3,3,3,3,daniel-ricciardo,alphatauri,honda-rbpt,pirelli,1,5,22.843,22843.0,22.843
1091,2023,12,4,4,4,31,esteban-ocon,alpine,renault,pirelli,1,6,23.085,23085.0,23.085
1091,2023,12,5,5,5,77,valtteri-bottas,alfa-romeo,ferrari,pirelli,1,6,23.362,23362.0,23.362
1091,2023,12,6,6,6,23,alexander-albon,williams,mercedes,pirelli,1,7,25.015,25015.0,25.015
1091,2023,12,7,7,7,55,carlos-sainz-jr,ferrari,ferrari,pirelli,1,7,23.303,23303.0,23.303
1091,2023,12,8,8,8,24,guanyu-zhou,alfa-romeo,ferrari,pirelli,1,7,24.449,24449.0,24.449
1091,2023,12,9,9,9,2,logan-sargeant,williams,mercedes,pirelli,1,8,23.570,23570.0,23.57
1091,2023,12,10,10,10,22,yuki-tsunoda,alphatauri,honda-rbpt,pirelli,1,9,22.610,22610.0,22.61
1091,2023,12,11,11,11,14,fernando-alonso,aston-martin,mercedes,pirelli,1,10,23.085,23085.0,23.085
1091,2023,12,12,12,12,44,lewis-hamilton,mercedes,mercedes,pirelli,1,12,23.090,23090.0,23.09
1091,2023,12,13,13,13,27,nico-hulkenberg,haas,ferrari,pirelli,1,12,24.571,24571.0,24.571
1091,2023,12,14,14,14,11,sergio-perez,red-bull,honda-rbpt,pirelli,1,13,23.684,23684.0,23.684
1091,2023,12,15,15,15,16,charles-leclerc,ferrari,ferrari,pirelli,1,13,23.224,23224.0,23.224
1091,2023,12,16,16,16,1,max-verstappen,red-bull,honda-rbpt,pirelli,1,14,22.887,22887.0,22.887
1091,2023,12,17,17,17,4,lando-norris,mclaren,mercedes,pirelli,2,17,23.744,23744.0,23.744
1091,2023,12,18,18,18,18,lance-stroll,aston-martin,mercedes,pirelli,1,20,25.397,25397.0,25.397
1091,2023,12,19,19,19,63,george-russell,mercedes,mercedes,pirelli,1,22,23.837,23837.0,23.837
1091,2023,12,20,20,20,3,daniel-ricciardo,alphatauri,honda-rbpt,pirelli,2,22,23.290,23290.0,23.29
1091,2023,12,21,21,21,10,pierre-gasly,alpine,renault,pirelli,1,23,25.664,25664.0,25.664
1091,2023,12,22,22,22,23,alexander-albon,williams,mercedes,pirelli,2,23,23.596,23596.0,23.596
1091,2023,12,23,23,23,22,yuki-tsunoda,alphatauri,honda-rbpt,pirelli,2,24,22.737,22737.0,22.737
1091,2023,12,24,24,24,77,valtteri-bottas,alfa-romeo,ferrari,pirelli,2,24,23.786,23786.0,23.786
1091,2023,12,25,25,25,27,nico-hulkenberg,haas,ferrari,pirelli,2,24,25.238,25238.0,25.238
1091,2023,12,26,26,26,2,logan-sargeant,williams,mercedes,pirelli,2,24,23.938,23938.0,23.938
1091,2023,12,27,27,27,31,esteban-ocon,alpine,renault,pirelli,2,25,23.339,23339.0,23.339
1091,2023,12,28,28,28,20,kevin-magnussen,haas,ferrari,pirelli,2,25,23.572,23572.0,23.572
1091,2023,12,29,29,29,24,guanyu-zhou,alfa-romeo,ferrari,pirelli,2,25,24.045,24045.0,24.045
1091,2023,12,30,30,30,44,lewis-hamilton,mercedes,mercedes,pirelli,2,27,23.023,23023.0,23.023
1091,2023,12,31,31,31,16,charles-leclerc,ferrari,ferrari,pirelli,2,28,23.148,23148.0,23.148
1091,2023,12,32,32,32,11,sergio-perez,red-bull,honda-rbpt,pirelli,2,29,22.710,22710.0,22.71
1091,2023,12,33,33,33,14,fernando-alonso,aston-martin,mercedes,pirelli,2,29,23.798,23798.0,23.798
1091,2023,12,34,34,34,1,max-verstappen,red-bull,honda-rbpt,pirelli,2,30,23.012,23012.0,23.012
1091,2023,12,35,35,35,23,alexander-albon,williams,mercedes,pirelli,3,33,23.529,23529.0,23.529
1091,2023,12,36,36,36,2,logan-sargeant,williams,mercedes,pirelli,3,34,23.109,23109.0,23.109
1091,2023,12,37,37,37,44,lewis-hamilton,mercedes,mercedes,pirelli,3,42,23.156,23156.0,23.156
1092,2023,13,1,1,1,11,sergio-perez,red-bull,honda-rbpt,pirelli,1,1,22.666,22666.0,22.666
1092,2023,13,2,2,2,16,charles-leclerc,ferrari,ferrari,pirelli,1,1,32.686,32686.0,32.686
1092,2023,13,3,3,3,10,pierre-gasly,alpine,renault,pirelli,1,1,28.469,28469.0,28.469
1092,2023,13,4,4,4,24,guanyu-zhou,alfa-romeo,ferrari,pirelli,1,1,23.088,23088.0,23.088
1092,2023,13,5,5,5,22,yuki-tsunoda,alphatauri,honda-rbpt,pirelli,1,1,32.321,32321.0,32.321
1092,2023,13,6,6,6,40,liam-lawson,alphatauri,honda-rbpt,pirelli,1,1,42.641,42641.0,22.930511373476726
1092,2023,13,7,7,7,20,kevin-magnussen,haas,ferrari,pirelli,1,1,31.341,31341.0,31.341
1092,2023,13,8,8,8,1,max-verstappen,red-bull,honda-rbpt,pirelli,1,2,20.379,20379.0,20.379
1092,2023,13,9,9,9,14,fernando-alonso,aston-martin,mercedes,pirelli,1,2,20.647,20647.0,20.647
1092,2023,13,10,10,10,55,carlos-sainz-jr,ferrari,ferrari,pirelli,1,2,20.973,20973.0,20.973
1092,2023,13,11,11,11,31,esteban-ocon,alpine,renault,pirelli,1,2,22.534,22534.0,22.534
1092,2023,13,12,12,12,4,lando-norris,mclaren,mercedes,pirelli,1,3,20.170,20170.0,20.17
1092,2023,13,13,13,13,44,lewis-hamilton,mercedes,mercedes,pirelli,1,3,20.266,20266.0,20.266
1092,2023,13,14,14,14,63,george-russell,mercedes,mercedes,pirelli,1,4,21.201,21201.0,21.201
1092,2023,13,15,15,15,18,lance-stroll,aston-martin,mercedes,pirelli,1,4,20.036,20036.0,20.036
1092,2023,13,16,16,16,20,kevin-magnussen,haas,ferrari,pirelli,2,9,20.137,20137.0,20.137
1092,2023,13,17,17,17,44,lewis-hamilton,mercedes,mercedes,pirelli,2,9,19.970,19970.0,19.97
1092,2023,13,18,18,18,18,lance-stroll,aston-martin,mercedes,pirelli,2,9,20.208,20208.0,20.208
1092,2023,13,19,19,19,24,guanyu-zhou,alfa-romeo,ferrari,pirelli,2,10,20.231,20231.0,20.231
1092,2023,13,20,20,20,14,fernando-alonso,aston-martin,mercedes,pirelli,2,10,20.109,20109.0,20.109
1092,2023,13,21,21,21,55,carlos-sainz-jr,ferrari,ferrari,pirelli,2,10,19.511,19511.0,19.511
1092,2023,13,22,22,22,22,yuki-tsunoda,alphatauri,honda-rbpt,pirelli,2,10,18.904,18904.0,18.904
1092,2023,13,23,23,23,31,esteban-ocon,alpine,renault,pirelli,2,10,19.795,19795.0,19.795
1092,2023,13,24,24,24,4,lando-norris,mclaren,mercedes,pirelli,2,10,20.395,20395.0,20.395
1092,2023,13,25,25,25,40,liam-lawson,alphatauri,honda-rbpt,pirelli,2,10,30.836,30836.0,30.836
1092,2023,13,26,26,26,63,george-russell,mercedes,mercedes,pirelli,2,10,20.148,20148.0,20.148
1092,2023,13,27,27,27,1,max-verstappen,red-bull,honda-rbpt,pirelli,2,11,19.289,19289.0,19.289
1092,2023,13,28,28,28,10,pierre-gasly,alpine,renault,pirelli,2,11,19.518,19518.0,19.518
1092,2023,13,29,29,29,16,charles-leclerc,ferrari,ferrari,pirelli,2,11,27.202,27202.0,27.202
1092,2023,13,30,30,30,11,sergio-perez,red-bull,honda-rbpt,pirelli,2,12,19.460,19460.0,19.46
1092,2023,13,31,31,31,81,oscar-piastri,mclaren,mercedes,pirelli,1,15,18.979,18979.0,18.979
1092,2023,13,32,32,32,77,valtteri-bottas,alfa-romeo,ferrari,pirelli,1,16,20.187,20187.0,20.187
1092,2023,13,33,33,33,27,nico-hulkenberg,haas,ferrari,pirelli,1,16,20.438,20438.0,20.438
1092,2023,13,34,34,34,63,george-russell,mercedes,mercedes,pirelli,3,16,19.607,19607.0,19.607
1092,2023,13,35,35,35,18,lance-stroll,aston-martin,mercedes,pirelli,3,16,19.653,19653.0,19.653
1092,2023,13,36,36,36,40,liam-lawson,alphatauri,honda-rbpt,pirelli,3,17,19.600,19600.0,19.6
1092,2023,13,37,37,37,18,lance-stroll,aston-martin,mercedes,pirelli,4,34,19.923,19923.0,19.923
1092,2023,13,38,38,38,20,kevin-magnussen,haas,ferrari,pirelli,3,35,20.510,20510.0,20.51
1092,2023,13,39,39,39,24,guanyu-zhou,alfa-romeo,ferrari,pirelli,3,37,20.469,20469.0,20.469
1092,2023,13,40,40,40,55,carlos-sainz-jr,ferrari,ferrari,pirelli,3,41,19.398,19398.0,19.398
1092,2023,13,41,41,41,4,lando-norris,mclaren,mercedes,pirelli,3,42,18.878,18878.0,18.878
1092,2023,13,42,42,42,31,esteban-ocon,alpine,renault,pirelli,3,43,19.024,19024.0,19.024
1092,2023,13,43,43,43,23,alexander-albon,williams,mercedes,pirelli,1,44,19.667,19667.0,19.667
1092,2023,13,44,44,44,11,sergio-perez,red-bull,honda-rbpt,pirelli,3,45,18.789,18789.0,18.789
1092,2023,13,45,45,45,44,lewis-hamilton,mercedes,mercedes,pirelli,3,45,19.327,19327.0,19.327
1092,2023,13,46,46,46,10,pierre-gasly,alpine,renault,pirelli,3,46,25.404,25404.0,25.404
1092,2023,13,47,47,47,81,oscar-piastri,mclaren,mercedes,pirelli,2,46,19.120,19120.0,19.12
1092,2023,13,48,48,48,40,liam-lawson,alphatauri,honda-rbpt,pirelli,4,46,19.192,19192.0,19.192
1092,2023,13,49,49,49,77,valtteri-bottas,alfa-romeo,ferrari,pirelli,2,47,20.213,20213.0,20.213
1092,2023,13,50,50,50,14,fernando-alonso,aston-martin,mercedes,pirelli,3,48,25.147,25147.0,25.147
1092,2023,13,51,51,51,27,nico-hulkenberg,haas,ferrari,pirelli,2,48,19.713,19713.0,19.713
1092,2023,13,52,52,52,1,max-verstappen,red-bull,honda-rbpt,pirelli,3,49,18.706,18706.0,18.706
1092,2023,13,53,53,53,77,valtteri-bottas,alfa-romeo,ferrari,pirelli,3,59,19.735,19735.0,19.735
1092,2023,13,54,54,54,40,liam-lawson,alphatauri,honda-rbpt,pirelli,5,59,19.307,19307.0,19.307
1092,2023,13,55,55,55,11,sergio-perez,red-bull,honda-rbpt,pirelli,4,60,27.596,27596.0,27.596
1092,2023,13,56,56,56,10,pierre-gasly,alpine,renault,pirelli,4,60,20.417,20417.0,20.417
1092,2023,13,57,57,57,55,carlos-sainz-jr,ferrari,ferrari,pirelli,4,60,19.838,19838.0,19.838
1092,2023,13,58,58,58,44,lewis-hamilton,mercedes,mercedes,pirelli,4,60,20.779,20779.0,20.779
1092,2023,13,59,59,59,63,george-russell,mercedes,mercedes,pirelli,4,60,24.019,24019.0,24.019
1092,2023,13,60,60,60,4,lando-norris,mclaren,mercedes,pirelli,4,60,19.871,19871.0,19.871
1092,2023,13,61,61,61,81,oscar-piastri,mclaren,mercedes,pirelli,3,60,22.376,22376.0,22.376
1092,2023,13,62,62,62,22,yuki-tsunoda,alphatauri,honda-rbpt,pirelli,3,60,20.602,20602.0,20.602
1092,2023,13,63,63,63,24,guanyu-zhou,alfa-romeo,ferrari,pirelli,4,60,21.439,21439.0,21.439
1092,2023,13,64,64,64,27,nico-hulkenberg,haas,ferrari,pirelli,3,60,23.582,23582.0,23.582
1092,2023,13,65,65,65,18,lance-stroll,aston-martin,mercedes,pirelli,5,60,21.532,21532.0,21.532
1092,2023,13,66,66,66,20,kevin-magnussen,haas,ferrari,pirelli,4,60,23.584,23584.0,23.584
1092,2023,13,67,67,67,1,max-verstappen,red-bull,honda-rbpt,pirelli,4,61,19.429,19429.0,19.429
1092,2023,13,68,68,68,14,fernando-alonso,aston-martin,mercedes,pirelli,4,61,20.655,20655.0,20.655
1092,2023,13,69,69,69,23,alexander-albon,williams,mercedes,pirelli,2,61,21.300,21300.0,21.3
1092,2023,13,70,70,70,31,esteban-ocon,alpine,renault,pirelli,4,61,22.096,22096.0,22.096
1092,2023,13,71,71,71,1,max-verstappen,red-bull,honda-rbpt,pirelli,5,63,20.402,20402.0,20.402
1092,2023,13,72,72,72,11,sergio-perez,red-bull,honda-rbpt,pirelli,5,63,41:01.612,2461612.0,23.515573596579685
1092,2023,13,73,73,73,4,lando-norris,mclaren,mercedes,pirelli,5,63,40:43.212,2443212.0,24.329803238555986
1092,2023,13,74,74,74,63,george-russell,mercedes,mercedes,pirelli,5,63,40:46.251,2446251.0,22.656072594564385
1092,2023,13,75,75,75,23,alexander-albon,williams,mercedes,pirelli,3,63,40:43.475,2443475.0,21.94496813413072
1092,2023,13,76,76,76,81,oscar-piastri,mclaren,mercedes,pirelli,4,63,40:34.653,2434653.0,21.803383514850502
1092,2023,13,77,77,77,31,esteban-ocon,alpine,renault,pirelli,5,63,40:32.201,2432201.0,21.562674500749978
1092,2023,13,78,78,78,22,yuki-tsunoda,alphatauri,honda-rbpt,pirelli,4,63,40:14.895,2414895.0,24.36191070106267
1092,2023,13,79,79,79,18,lance-stroll,aston-martin,mercedes,pirelli,6,63,40:10.734,2410734.0,22.836199157382726
1092,2023,13,80,80,80,27,nico-hulkenberg,haas,ferrari,pirelli,4,63,40:10.704,2410704.0,22.387660154968096
1092,2023,13,81,81,81,77,valtteri-bottas,alfa-romeo,ferrari,pirelli,4,63,40:05.113,2405113.0,21.441114382106697
1092,2023,13,82,82,82,40,liam-lawson,alphatauri,honda-rbpt,pirelli,6,63,39:56.340,2396340.0,22.026906932288213
1092,2023,13,83,83,83,20,kevin-magnussen,haas,ferrari,pirelli,5,63,39:54.733,2394733.0,22.29509626788984
1092,2023,13,84,84,84,1,max-verstappen,red-bull,honda-rbpt,pirelli,6,64,41:23.382,2483382.0,22.070609696556584
1092,2023,13,85,85,85,14,fernando-alonso,aston-martin,mercedes,pirelli,5,64,40:55.302,2455302.0,23.872473522304094
1092,2023,13,86,86,86,10,pierre-gasly,alpine,renault,pirelli,5,64,40:43.169,2443169.0,23.1171478477432
1092,2023,13,87,87,87,55,carlos-sainz-jr,ferrari,ferrari,pirelli,5,64,40:43.147,2443147.0,24.14717134904526
1092,2023,13,88,88,88,44,lewis-hamilton,mercedes,mercedes,pirelli,5,64,40:31.108,2431108.0,22.382775170239512
1092,2023,13,89,89,89,11,sergio-perez,red-bull,honda-rbpt,pirelli,6,64,35.592,35592.0,21.245148884050867
1092,2023,13,90,90,90,4,lando-norris,mclaren,mercedes,pirelli,6,64,44.272,44272.0,23.074129285380764
1092,2023,13,91,91,91,63,george-russell,mercedes,mercedes,pirelli,6,64,39.845,39845.0,23.7727954218617
1092,2023,13,92,92,92,23,alexander-albon,williams,mercedes,pirelli,4,64,39.234,39234.0,23.19840816983637
1092,2023,13,93,93,93,81,oscar-piastri,mclaren,mercedes,pirelli,5,64,38.453,38453.0,23.247597686881992
1092,2023,13,94,94,94,31,esteban-ocon,alpine,renault,pirelli,6,64,37.037,37037.0,21.342489791926603
1092,2023,13,95,95,95,22,yuki-tsunoda,alphatauri,honda-rbpt,pirelli,5,64,34.901,34901.0,34.901
1092,2023,13,96,96,96,18,lance-stroll,aston-martin,mercedes,pirelli,7,64,33.553,33553.0,33.553
1092,2023,13,97,97,97,27,nico-hulkenberg,haas,ferrari,pirelli,5,64,32.884,32884.0,32.884
1092,2023,13,98,98,98,77,valtteri-bottas,alfa-romeo,ferrari,pirelli,5,64,32.518,32518.0,32.518
1092,2023,13,99,99,99,40,liam-lawson,alphatauri,honda-rbpt,pirelli,7,64,31.306,31306.0,31.306
1092,2023,13,100,100,100,20,kevin-magnussen,haas,ferrari,pirelli,6,64,30.628,30628.0,30.628
1092,2023,13,101,101,101,63,george-russell,mercedes,mercedes,pirelli,7,67,22.379,22379.0,22.379
1093,2023,14,1,1,1,10,pierre-gasly,alpine,renault,pirelli,1,10,27.376,27376.0,27.376
1093,2023,14,2,2,2,24,guanyu-zhou,alfa-romeo,ferrari,pirelli,1,11,24.396,24396.0,24.396
1093,2023,14,3,3,3,20,kevin-magnussen,haas,ferrari,pirelli,1,12,24.660,24660.0,24.66
1093,2023,14,4,4,4,40,liam-lawson,alphatauri,honda-rbpt,pirelli,1,13,24.212,24212.0,24.212
1093,2023,14,5,5,5,27,nico-hulkenberg,haas,ferrari,pirelli,1,14,26.095,26095.0,26.095
1093,2023,14,6,6,6,2,logan-sargeant,williams,mercedes,pirelli,1,14,24.779,24779.0,24.779
1093,2023,14,7,7,7,23,alexander-albon,williams,mercedes,pirelli,1,15,24.538,24538.0,24.538
1093,2023,14,8,8,8,55,carlos-sainz-jr,ferrari,ferrari,pirelli,1,19,25.183,25183.0,25.183
1093,2023,14,9,9,9,63,george-russell,mercedes,mercedes,pirelli,1,19,24.215,24215.0,24.215
1093,2023,14,10,10,10,1,max-verstappen,red-bull,honda-rbpt,pirelli,1,20,24.228,24228.0,24.228
1093,2023,14,11,11,11,16,charles-leclerc,ferrari,ferrari,pirelli,1,20,23.931,23931.0,23.931
1093,2023,14,12,12,12,18,lance-stroll,aston-martin,mercedes,pirelli,1,20,25.667,25667.0,25.667
1093,2023,14,13,13,13,11,sergio-perez,red-bull,honda-rbpt,pirelli,1,21,23.819,23819.0,23.819
1093,2023,14,14,14,14,14,fernando-alonso,aston-martin,mercedes,pirelli,1,21,24.798,24798.0,24.798
1093,2023,14,15,15,15,4,lando-norris,mclaren,mercedes,pirelli,1,22,23.727,23727.0,23.727
1093,2023,14,16,16,16,81,oscar-piastri,mclaren,mercedes,pirelli,1,23,24.133,24133.0,24.133
1093,2023,14,17,17,17,31,esteban-ocon,alpine,renault,pirelli,1,24,24.249,24249.0,24.249
1093,2023,14,18,18,18,77,valtteri-bottas,alfa-romeo,ferrari,pirelli,1,25,24.658,24658.0,24.658
1093,2023,14,19,19,19,44,lewis-hamilton,mercedes,mercedes,pirelli,1,27,24.255,24255.0,24.255
1093,2023,14,20,20,20,10,pierre-gasly,alpine,renault,pirelli,2,31,24.686,24686.0,24.686
1093,2023,14,21,21,21,40,liam-lawson,alphatauri,honda-rbpt,pirelli,2,33,24.281,24281.0,24.281
1093,2023,14,22,22,22,24,guanyu-zhou,alfa-romeo,ferrari,pirelli,2,33,25.959,25959.0,25.959
1093,2023,14,23,23,23,20,kevin-magnussen,haas,ferrari,pirelli,2,33,24.765,24765.0,24.765
1093,2023,14,24,24,24,27,nico-hulkenberg,haas,ferrari,pirelli,2,39,24.328,24328.0,24.328
1093,2023,14,25,25,25,81,oscar-piastri,mclaren,mercedes,pirelli,2,41,31.799,31799.0,31.799
1094,2023,15,1,1,1,24,guanyu-zhou,alfa-romeo,ferrari,pirelli,1,2,30.032,30032.0,30.032
1094,2023,15,2,2,2,2,logan-sargeant,williams,mercedes,pirelli,1,19,1:03.543,63543.0,22.19910528215061
1094,2023,15,3,3,3,55,carlos-sainz-jr,ferrari,ferrari,pirelli,1,20,29.499,29499.0,29.499
1094,2023,15,4,4,4,16,charles-leclerc,ferrari,ferrari,pirelli,1,20,32.888,32888.0,32.888
1094,2023,15,5,5,5,63,george-russell,mercedes,mercedes,pirelli,1,20,29.976,29976.0,29.976
1094,2023,15,6,6,6,4,lando-norris,mclaren,mercedes,pirelli,1,20,29.485,29485.0,29.485
1094,2023,15,7,7,7,44,lewis-hamilton,mercedes,mercedes,pirelli,1,20,32.631,32631.0,32.631
1094,2023,15,8,8,8,14,fernando-alonso,aston-martin,mercedes,pirelli,1,20,30.670,30670.0,30.67
1094,2023,15,9,9,9,31,esteban-ocon,alpine,renault,pirelli,1,20,29.755,29755.0,29.755
1094,2023,15,10,10,10,20,kevin-magnussen,haas,ferrari,pirelli,1,20,31.475,31475.0,31.475
1094,2023,15,11,11,11,27,nico-hulkenberg,haas,ferrari,pirelli,1,20,35.497,35497.0,21.919492925546237
1094,2023,15,12,12,12,10,pierre-gasly,alpine,renault,pirelli,1,20,31.802,31802.0,31.802
1094,2023,15,13,13,13,40,liam-lawson,alphatauri,honda-rbpt,pirelli,1,20,32.348,32348.0,32.348
1094,2023,15,14,14,14,81,oscar-piastri,mclaren,mercedes,pirelli,1,20,29.369,29369.0,29.369
1094,2023,15,15,15,15,23,alexander-albon,williams,mercedes,pirelli,1,20,30.138,30138.0,30.138
1094,2023,15,16,16,16,24,guanyu-zhou,alfa-romeo,ferrari,pirelli,2,20,30.637,30637.0,30.637
1094,2023,15,17,17,17,11,sergio-perez,red-bull,honda-rbpt,pirelli,1,39,28.977,28977.0,28.977
1094,2023,15,18,18,18,1,max-verstappen,red-bull,honda-rbpt,pirelli,1,40,29.698,29698.0,29.698
1094,2023,15,19,19,19,77,valtteri-bottas,alfa-romeo,ferrari,pirelli,1,40,30.487,30487.0,30.487
1094,2023,15,20,20,20,23,alexander-albon,williams,mercedes,pirelli,2,43,29.787,29787.0,29.787
1094,2023,15,21,21,21,20,kevin-magnussen,haas,ferrari,pirelli,2,43,33.078,33078.0,33.078
1094,2023,15,22,22,22,2,logan-sargeant,williams,mercedes,pirelli,2,43,31.018,31018.0,31.018
1094,2023,15,23,23,23,63,george-russell,mercedes,mercedes,pirelli,2,44,30.039,30039.0,30.039
1094,2023,15,24,24,24,44,lewis-hamilton,mercedes,mercedes,pirelli,2,44,33.581,33581.0,33.581
1094,2023,15,25,25,25,14,fernando-alonso,aston-martin,mercedes,pirelli,2,44,52.708,52708.0,24.225798712796152
1095,2023,16,1,1,1,23,alexander-albon,williams,mercedes,pirelli,1,1,50.143,50143.0,21.804803063482012
1095,2023,16,2,2,2,24,guanyu-zhou,alfa-romeo,ferrari,pirelli,1,1,41.041,41041.0,21.768337721970997
1095,2023,16,3,3,3,31,esteban-ocon,alpine,renault,pirelli,1,1,27.056,27056.0,27.056
1095,2023,16,4,4,4,77,valtteri-bottas,alfa-romeo,ferrari,pirelli,1,1,55.802,55802.0,22.814817131777595
1095,2023,16,5,5,5,11,sergio-perez,red-bull,honda-rbpt,pirelli,1,2,32.450,32450.0,32.45
1095,2023,16,6,6,6,2,logan-sargeant,williams,mercedes,pirelli,1,2,32.715,32715.0,32.715
1095,2023,16,7,7,7,2,logan-sargeant,williams,mercedes,pirelli,2,5,43.868,43868.0,24.306955770841927
1095,2023,16,8,8,8,77,valtteri-bottas,alfa-romeo,ferrari,pirelli,2,6,53.512,53512.0,22.819728002416703
1095,2023,16,9,9,9,27,nico-hulkenberg,haas,ferrari,pirelli,1,8,23.520,23520.0,23.52
1095,2023,16,10,10,10,22,yuki-tsunoda,alphatauri,honda-rbpt,pirelli,1,9,22.944,22944.0,22.944
1095,2023,16,11,11,11,40,liam-lawson,alphatauri,honda-rbpt,pirelli,1,10,23.136,23136.0,23.136
1095,2023,16,12,12,12,24,guanyu-zhou,alfa-romeo,ferrari,pirelli,2,10,24.091,24091.0,24.091
1095,2023,16,13,13,13,14,fernando-alonso,aston-martin,mercedes,pirelli,1,11,24.086,24086.0,24.086
1095,2023,16,14,14,14,11,sergio-perez,red-bull,honda-rbpt,pirelli,2,12,41.499,41499.0,24.433937502872812
1095,2023,16,15,15,15,20,kevin-magnussen,haas,ferrari,pirelli,1,12,23.816,23816.0,23.816
1095,2023,16,16,16,16,81,oscar-piastri,mclaren,mercedes,pirelli,1,13,24.455,24455.0,24.455
1095,2023,16,17,17,17,23,alexander-albon,williams,mercedes,pirelli,2,13,52.165,52165.0,21.30331724123121
1095,2023,16,18,18,18,18,lance-stroll,aston-martin,mercedes,pirelli,1,14,23.441,23441.0,23.441
1095,2023,16,19,19,19,11,sergio-perez,red-bull,honda-rbpt,pirelli,3,13,41:25.913,2485913.0,24.123565866169233
1095,2023,16,20,20,20,1,max-verstappen,red-bull,honda-rbpt,pirelli,1,16,24.382,24382.0,24.382
1095,2023,16,21,21,21,44,lewis-hamilton,mercedes,mercedes,pirelli,1,16,24.841,24841.0,24.841
1095,2023,16,22,22,22,4,lando-norris,mclaren,mercedes,pirelli,1,17,23.523,23523.0,23.523
1095,2023,16,23,23,23,16,charles-leclerc,ferrari,ferrari,pirelli,1,17,23.197,23197.0,23.197
1095,2023,16,24,24,24,55,carlos-sainz-jr,ferrari,ferrari,pirelli,1,18,23.075,23075.0,23.075
1095,2023,16,25,25,25,10,pierre-gasly,alpine,renault,pirelli,1,18,24.488,24488.0,24.488
1095,2023,16,26,26,26,27,nico-hulkenberg,haas,ferrari,pirelli,2,21,23.660,23660.0,23.66
1095,2023,16,27,27,27,2,logan-sargeant,williams,mercedes,pirelli,3,21,35.182,35182.0,22.531318863749313
1095,2023,16,28,28,28,63,george-russell,mercedes,mercedes,pirelli,1,24,24.034,24034.0,24.034
1095,2023,16,29,29,29,14,fernando-alonso,aston-martin,mercedes,pirelli,2,25,24.294,24294.0,24.294
1095,2023,16,30,30,30,40,liam-lawson,alphatauri,honda-rbpt,pirelli,2,25,23.671,23671.0,23.671
1095,2023,16,31,31,31,31,esteban-ocon,alpine,renault,pirelli,2,28,23.789,23789.0,23.789
1095,2023,16,32,32,32,24,guanyu-zhou,alfa-romeo,ferrari,pirelli,3,29,24.116,24116.0,24.116
1095,2023,16,33,33,33,22,yuki-tsunoda,alphatauri,honda-rbpt,pirelli,2,30,23.327,23327.0,23.327
1095,2023,16,34,34,34,20,kevin-magnussen,haas,ferrari,pirelli,2,31,23.858,23858.0,23.858
1095,2023,16,35,35,35,16,charles-leclerc,ferrari,ferrari,pirelli,2,34,22.926,22926.0,22.926
1095,2023,16,36,36,36,44,lewis-hamilton,mercedes,mercedes,pirelli,2,34,23.631,23631.0,23.631
1095,2023,16,37,37,37,10,pierre-gasly,alpine,renault,pirelli,2,34,24.651,24651.0,24.651
1095,2023,16,38,38,38,81,oscar-piastri,mclaren,mercedes,pirelli,2,35,23.198,23198.0,23.198
1095,2023,16,39,39,39,4,lando-norris,mclaren,mercedes,pirelli,2,36,23.182,23182.0,23.182
1095,2023,16,40,40,40,1,max-verstappen,red-bull,honda-rbpt,pirelli,2,37,23.696,23696.0,23.696
1095,2023,16,41,41,41,27,nico-hulkenberg,haas,ferrari,pirelli,3,37,23.338,23338.0,23.338
1095,2023,16,42,42,42,55,carlos-sainz-jr,ferrari,ferrari,pirelli,2,38,23.374,23374.0,23.374
1095,2023,16,43,43,43,11,sergio-perez,red-bull,honda-rbpt,pirelli,4,14,30.651,30651.0,30.651
1096,2023,17,1,1,1,63,george-russell,mercedes,mercedes,pirelli,1,1,39.686,39686.0,23.053497888378924
1096,2023,17,2,2,2,77,valtteri-bottas,alfa-romeo,ferrari,pirelli,1,3,29.977,29977.0,29.977
1096,2023,17,3,3,3,20,kevin-magnussen,haas,ferrari,pirelli,1,3,28.743,28743.0,28.743
1096,2023,17,4,4,4,18,lance-stroll,aston-martin,mercedes,pirelli,1,3,28.886,28886.0,28.886
1096,2023,17,5,5,5,40,liam-lawson,alphatauri,honda-rbpt,pirelli,1,3,29.330,29330.0,29.33
1096,2023,17,6,6,6,22,yuki-tsunoda,alphatauri,honda-rbpt,pirelli,1,9,27.781,27781.0,27.781
1096,2023,17,7,7,7,31,esteban-ocon,alpine,renault,pirelli,1,10,28.961,28961.0,28.961
1096,2023,17,8,8,8,14,fernando-alonso,aston-martin,mercedes,pirelli,1,11,28.373,28373.0,28.373
1096,2023,17,9,9,9,10,pierre-gasly,alpine,renault,pirelli,1,11,28.429,28429.0,28.429
1096,2023,17,10,10,10,81,oscar-piastri,mclaren,mercedes,pirelli,1,12,28.875,28875.0,28.875
1096,2023,17,11,11,11,16,charles-leclerc,ferrari,ferrari,pirelli,1,12,28.228,28228.0,28.228
1096,2023,17,12,12,12,4,lando-norris,mclaren,mercedes,pirelli,1,13,28.134,28134.0,28.134
1096,2023,17,13,13,13,27,nico-hulkenberg,haas,ferrari,pirelli,1,13,39.879,39879.0,22.26464011182432
1096,2023,17,14,14,14,2,logan-sargeant,williams,mercedes,pirelli,1,13,29.436,29436.0,29.436
1096,2023,17,15,15,15,63,george-russell,mercedes,mercedes,pirelli,2,14,28.542,28542.0,28.542
1096,2023,17,16,16,16,1,max-verstappen,red-bull,honda-rbpt,pirelli,1,17,28.233,28233.0,28.233
1096,2023,17,17,17,17,11,sergio-perez,red-bull,honda-rbpt,pirelli,1,17,27.808,27808.0,27.808
1096,2023,17,18,18,18,23,alexander-albon,williams,mercedes,pirelli,1,18,29.253,29253.0,29.253
1096,2023,17,19,19,19,24,guanyu-zhou,alfa-romeo,ferrari,pirelli,1,18,28.984,28984.0,28.984
1096,2023,17,20,20,20,77,valtteri-bottas,alfa-romeo,ferrari,pirelli,2,21,29.387,29387.0,29.387
1096,2023,17,21,21,21,18,lance-stroll,aston-martin,mercedes,pirelli,2,21,28.156,28156.0,28.156
1096,2023,17,22,22,22,20,kevin-magnussen,haas,ferrari,pirelli,2,21,28.948,28948.0,28.948
1096,2023,17,23,23,23,40,liam-lawson,alphatauri,honda-rbpt,pirelli,2,21,28.665,28665.0,28.665
1096,2023,17,24,24,24,22,yuki-tsunoda,alphatauri,honda-rbpt,pirelli,2,22,27.596,27596.0,27.596
1096,2023,17,25,25,25,81,oscar-piastri,mclaren,mercedes,pirelli,2,25,27.868,27868.0,27.868
1096,2023,17,26,26,26,16,charles-leclerc,ferrari,ferrari,pirelli,2,25,27.873,27873.0,27.873
1096,2023,17,27,27,27,31,esteban-ocon,alpine,renault,pirelli,2,25,28.969,28969.0,28.969
1096,2023,17,28,28,28,14,fernando-alonso,aston-martin,mercedes,pirelli,2,26,28.432,28432.0,28.432
1096,2023,17,29,29,29,10,pierre-gasly,alpine,renault,pirelli,2,26,30.192,30192.0,30.192
1096,2023,17,30,30,30,2,logan-sargeant,williams,mercedes,pirelli,2,26,29.373,29373.0,29.373
1096,2023,17,31,31,31,4,lando-norris,mclaren,mercedes,pirelli,2,27,27.611,27611.0,27.611
1096,2023,17,32,32,32,27,nico-hulkenberg,haas,ferrari,pirelli,2,27,28.274,28274.0,28.274
1096,2023,17,33,33,33,11,sergio-perez,red-bull,honda-rbpt,pirelli,2,31,33.246,33246.0,33.246
1096,2023,17,34,34,34,23,alexander-albon,williams,mercedes,pirelli,2,31,28.747,28747.0,28.747
1096,2023,17,35,35,35,63,george-russell,mercedes,mercedes,pirelli,3,32,28.314,28314.0,28.314
1096,2023,17,36,36,36,1,max-verstappen,red-bull,honda-rbpt,pirelli,2,34,28.103,28103.0,28.103
1096,2023,17,37,37,37,24,guanyu-zhou,alfa-romeo,ferrari,pirelli,2,35,28.854,28854.0,28.854
1096,2023,17,38,38,38,77,valtteri-bottas,alfa-romeo,ferrari,pirelli,3,39,28.946,28946.0,28.946
1096,2023,17,39,39,39,18,lance-stroll,aston-martin,mercedes,pirelli,3,39,29.399,29399.0,29.399
1096,2023,17,40,40,40,20,kevin-magnussen,haas,ferrari,pirelli,3,39,30.331,30331.0,30.331
1096,2023,17,41,41,41,40,liam-lawson,alphatauri,honda-rbpt,pirelli,3,39,28.171,28171.0,28.171
1096,2023,17,42,42,42,27,nico-hulkenberg,haas,ferrari,pirelli,3,39,28.591,28591.0,28.591
1096,2023,17,43,43,43,22,yuki-tsunoda,alphatauri,honda-rbpt,pirelli,3,40,27.809,27809.0,27.809
1096,2023,17,44,44,44,81,oscar-piastri,mclaren,mercedes,pirelli,3,43,27.489,27489.0,27.489
1096,2023,17,45,45,45,16,charles-leclerc,ferrari,ferrari,pirelli,3,43,27.513,27513.0,27.513
1096,2023,17,46,46,46,31,esteban-ocon,alpine,renault,pirelli,3,43,29.169,29169.0,29.169
1096,2023,17,47,47,47,11,sergio-perez,red-bull,honda-rbpt,pirelli,3,43,33.165,33165.0,33.165
1096,2023,17,48,48,48,4,lando-norris,mclaren,mercedes,pirelli,3,44,27.677,27677.0,27.677
1096,2023,17,49,49,49,14,fernando-alonso,aston-martin,mercedes,pirelli,3,44,28.393,28393.0,28.393
1096,2023,17,50,50,50,10,pierre-gasly,alpine,renault,pirelli,3,44,34.856,34856.0,34.856
1096,2023,17,51,51,51,23,alexander-albon,williams,mercedes,pirelli,3,44,28.981,28981.0,28.981
1096,2023,17,52,52,52,63,george-russell,mercedes,mercedes,pirelli,4,50,28.191,28191.0,28.191
1096,2023,17,53,53,53,1,max-verstappen,red-bull,honda-rbpt,pirelli,3,51,29.726,29726.0,29.726
1096,2023,17,54,54,54,24,guanyu-zhou,alfa-romeo,ferrari,pirelli,3,52,28.815,28815.0,28.815
1097,2023,18,1,1,1,24,guanyu-zhou,alfa-romeo,ferrari,pirelli,1,9,25.636,25636.0,25.636
1097,2023,18,2,2,2,23,alexander-albon,williams,mercedes,pirelli,1,10,24.563,24563.0,24.563
1097,2023,18,3,3,3,77,valtteri-bottas,alfa-romeo,ferrari,pirelli,1,10,24.783,24783.0,24.783
1097,2023,18,4,4,4,20,kevin-magnussen,haas,ferrari,pirelli,1,10,25.067,25067.0,25.067
1097,2023,18,5,5,5,2,logan-sargeant,williams,mercedes,pirelli,1,11,24.990,24990.0,24.99
1097,2023,18,6,6,6,1,max-verstappen,red-bull,honda-rbpt,pirelli,1,16,23.756,23756.0,23.756
1097,2023,18,7,7,7,4,lando-norris,mclaren,mercedes,pirelli,1,17,24.155,24155.0,24.155
1097,2023,18,8,8,8,55,carlos-sainz-jr,ferrari,ferrari,pirelli,1,17,23.668,23668.0,23.668
1097,2023,18,9,9,9,11,sergio-perez,red-bull,honda-rbpt,pirelli,1,17,24.245,24245.0,24.245
1097,2023,18,10,10,10,22,yuki-tsunoda,alphatauri,honda-rbpt,pirelli,1,17,24.354,24354.0,24.354
1097,2023,18,11,11,11,10,pierre-gasly,alpine,renault,pirelli,1,18,23.900,23900.0,23.9
1097,2023,18,12,12,12,14,fernando-alonso,aston-martin,mercedes,pirelli,1,19,25.055,25055.0,25.055
1097,2023,18,13,13,13,27,nico-hulkenberg,haas,ferrari,pirelli,1,19,26.573,26573.0,26.573
1097,2023,18,14,14,14,44,lewis-hamilton,mercedes,mercedes,pirelli,1,20,24.916,24916.0,24.916
1097,2023,18,15,15,15,18,lance-stroll,aston-martin,mercedes,pirelli,1,20,24.457,24457.0,24.457
1097,2023,18,16,16,16,63,george-russell,mercedes,mercedes,pirelli,1,21,24.357,24357.0,24.357
1097,2023,18,17,17,17,3,daniel-ricciardo,alphatauri,honda-rbpt,pirelli,1,22,24.364,24364.0,24.364
1097,2023,18,18,18,18,16,charles-leclerc,ferrari,ferrari,pirelli,1,23,23.963,23963.0,23.963
1097,2023,18,19,19,19,24,guanyu-zhou,alfa-romeo,ferrari,pirelli,2,27,24.717,24717.0,24.717
1097,2023,18,20,20,20,77,valtteri-bottas,alfa-romeo,ferrari,pirelli,2,28,25.020,25020.0,25.02
1097,2023,18,21,21,21,23,alexander-albon,williams,mercedes,pirelli,2,29,24.354,24354.0,24.354
1097,2023,18,22,22,22,20,kevin-magnussen,haas,ferrari,pirelli,2,29,24.745,24745.0,24.745
1097,2023,18,23,23,23,2,logan-sargeant,williams,mercedes,pirelli,2,32,25.547,25547.0,25.547
1097,2023,18,24,24,24,4,lando-norris,mclaren,mercedes,pirelli,2,34,23.361,23361.0,23.361
1097,2023,18,25,25,25,22,yuki-tsunoda,alphatauri,honda-rbpt,pirelli,2,34,24.125,24125.0,24.125
1097,2023,18,26,26,26,27,nico-hulkenberg,haas,ferrari,pirelli,2,34,24.308,24308.0,24.308
1097,2023,18,27,27,27,1,max-verstappen,red-bull,honda-rbpt,pirelli,2,35,24.974,24974.0,24.974
1097,2023,18,28,28,28,55,carlos-sainz-jr,ferrari,ferrari,pirelli,2,35,23.673,23673.0,23.673
1097,2023,18,29,29,29,11,sergio-perez,red-bull,honda-rbpt,pirelli,2,37,23.747,23747.0,23.747
1097,2023,18,30,30,30,10,pierre-gasly,alpine,renault,pirelli,2,37,24.880,24880.0,24.88
1097,2023,18,31,31,31,44,lewis-hamilton,mercedes,mercedes,pirelli,2,38,24.648,24648.0,24.648
1097,2023,18,32,32,32,63,george-russell,mercedes,mercedes,pirelli,2,39,23.969,23969.0,23.969
1097,2023,18,33,33,33,18,lance-stroll,aston-martin,mercedes,pirelli,2,40,23.955,23955.0,23.955
1097,2023,18,34,34,34,14,fernando-alonso,aston-martin,mercedes,pirelli,2,42,24.823,24823.0,24.823
1097,2023,18,35,35,35,3,daniel-ricciardo,alphatauri,honda-rbpt,pirelli,2,47,26.513,26513.0,26.513
1097,2023,18,36,36,36,22,yuki-tsunoda,alphatauri,honda-rbpt,pirelli,3,54,23.472,23472.0,23.472
1098,2023,19,1,1,1,22,yuki-tsunoda,alphatauri,honda-rbpt,pirelli,1,9,30.121,30121.0,30.121
1098,2023,19,2,2,2,4,lando-norris,mclaren,mercedes,pirelli,1,11,23.408,23408.0,23.408
1098,2023,19,3,3,3,1,max-verstappen,red-bull,honda-rbpt,pirelli,1,19,22.427,22427.0,22.427
1098,2023,19,4,4,4,24,guanyu-zhou,alfa-romeo,ferrari,pirelli,1,21,22.817,22817.0,22.817
1098,2023,19,5,5,5,2,logan-sargeant,williams,mercedes,pirelli,1,22,23.945,23945.0,23.945
1098,2023,19,6,6,6,27,nico-hulkenberg,haas,ferrari,pirelli,1,23,23.144,23144.0,23.144
1098,2023,19,7,7,7,20,kevin-magnussen,haas,ferrari,pirelli,1,23,23.642,23642.0,23.642
1098,2023,19,8,8,8,44,lewis-hamilton,mercedes,mercedes,pirelli,1,24,22.210,22210.0,22.21
1098,2023,19,9,9,9,81,oscar-piastri,mclaren,mercedes,pirelli,1,25,23.734,23734.0,23.734
1098,2023,19,10,10,10,63,george-russell,mercedes,mercedes,pirelli,1,26,22.311,22311.0,22.311
1098,2023,19,11,11,11,3,daniel-ricciardo,alphatauri,honda-rbpt,pirelli,1,27,22.406,22406.0,22.406
1098,2023,19,12,12,12,10,pierre-gasly,alpine,renault,pirelli,1,28,22.627,22627.0,22.627
1098,2023,19,13,13,13,14,fernando-alonso,aston-martin,mercedes,pirelli,1,29,22.844,22844.0,22.844
1098,2023,19,14,14,14,55,carlos-sainz-jr,ferrari,ferrari,pirelli,1,30,22.067,22067.0,22.067
1098,2023,19,15,15,15,18,lance-stroll,aston-martin,mercedes,pirelli,1,30,22.582,22582.0,22.582
1098,2023,19,16,16,16,16,charles-leclerc,ferrari,ferrari,pirelli,1,31,22.248,22248.0,22.248
1098,2023,19,17,17,17,77,valtteri-bottas,alfa-romeo,ferrari,pirelli,1,31,23.638,23638.0,23.638
1098,2023,19,18,18,18,1,max-verstappen,red-bull,honda-rbpt,pirelli,2,33,22.372,22372.0,22.372
1098,2023,19,19,19,19,4,lando-norris,mclaren,mercedes,pirelli,2,33,22.563,22563.0,22.563
1098,2023,19,20,20,20,23,alexander-albon,williams,mercedes,pirelli,1,33,23.680,23680.0,23.68
1098,2023,19,21,21,21,1,max-verstappen,red-bull,honda-rbpt,pirelli,3,34,20:09.136,1209136.0,21.959783523019336
1098,2023,19,22,22,22,16,charles-leclerc,ferrari,ferrari,pirelli,2,34,20:10.512,1210512.0,23.22714010747499
1098,2023,19,23,23,23,44,lewis-hamilton,mercedes,mercedes,pirelli,2,34,20:12.908,1212908.0,24.167735557348625
1098,2023,19,24,24,24,55,carlos-sainz-jr,ferrari,ferrari,pirelli,2,34,20:15.432,1215432.0,24.214219414495606
1098,2023,19,25,25,25,3,daniel-ricciardo,alphatauri,honda-rbpt,pirelli,2,34,20:17.136,1217136.0,22.25605149814228
1098,2023,19,26,26,26,81,oscar-piastri,mclaren,mercedes,pirelli,2,34,20:19.064,1219064.0,21.28171861487372
1098,2023,19,27,27,27,63,george-russell,mercedes,mercedes,pirelli,2,34,20:18.200,1218200.0,21.564744893144503
1098,2023,19,28,28,28,22,yuki-tsunoda,alphatauri,honda-rbpt,pirelli,2,34,20:18.057,1218057.0,23.946627474044426
1098,2023,19,29,29,29,27,nico-hulkenberg,haas,ferrari,pirelli,2,34,20:19.826,1219826.0,21.475434169943682
1098,2023,19,30,30,30,4,lando-norris,mclaren,mercedes,pirelli,3,34,20:26.386,1226386.0,23.514389096769353
1098,2023,19,31,31,31,10,pierre-gasly,alpine,renault,pirelli,2,34,20:25.698,1225698.0,21.64880198176235
1098,2023,19,32,32,32,23,alexander-albon,williams,mercedes,pirelli,2,34,20:27.980,1227980.0,23.37766898548545
1098,2023,19,33,33,33,24,guanyu-zhou,alfa-romeo,ferrari,pirelli,2,34,20:29.539,1229539.0,21.938628329422908
1098,2023,19,34,34,34,31,esteban-ocon,alpine,renault,pirelli,1,34,20:26.296,1226296.0,23.895921809361745
1098,2023,19,35,35,35,2,logan-sargeant,williams,mercedes,pirelli,2,34,20:27.718,1227718.0,21.68175284922455
1098,2023,19,36,36,36,77,valtteri-bottas,alfa-romeo,ferrari,pirelli,2,34,20:29.349,1229349.0,21.323842534966996
1098,2023,19,37,37,37,18,lance-stroll,aston-martin,mercedes,pirelli,2,34,20:29.686,1229686.0,21.658669036013816
1098,2023,19,38,38,38,14,fernando-alonso,aston-martin,mercedes,pirelli,2,34,20:29.837,1229837.0,23.777759590158393
1099,2023,20,1,1,1,1,max-verstappen,red-bull,honda-rbpt,pirelli,1,1,18.535,18535.0,18.535
1099,2023,20,2,2,2,4,lando-norris,mclaren,mercedes,pirelli,1,1,19.386,19386.0,19.386
1099,2023,20,3,3,3,44,lewis-hamilton,mercedes,mercedes,pirelli,1,1,18.521,18521.0,18.521
1099,2023,20,4,4,4,14,fernando-alonso,aston-martin,mercedes,pirelli,1,1,18.487,18487.0,18.487
1099,2023,20,5,5,5,18,lance-stroll,aston-martin,mercedes,pirelli,1,1,18.504,18504.0,18.504
1099,2023,20,6,6,6,63,george-russell,mercedes,mercedes,pirelli,1,1,20.449,20449.0,20.449
1099,2023,20,7,7,7,11,sergio-perez,red-bull,honda-rbpt,pirelli,1,1,20.811,20811.0,20.811
1099,2023,20,8,8,8,55,carlos-sainz-jr,ferrari,ferrari,pirelli,1,1,23.030,23030.0,23.03
1099,2023,20,9,9,9,31,esteban-ocon,alpine,renault,pirelli,1,1,22.209,22209.0,22.209
1099,2023,20,10,10,10,81,oscar-piastri,mclaren,mercedes,pirelli,1,1,26:24.007,1584007.0,24.03885369225858
1099,2023,20,11,11,11,22,yuki-tsunoda,alphatauri,honda-rbpt,pirelli,1,1,20.969,20969.0,20.969
1099,2023,20,12,12,12,10,pierre-gasly,alpine,renault,pirelli,1,1,20.523,20523.0,20.523
1099,2023,20,13,13,13,77,valtteri-bottas,alfa-romeo,ferrari,pirelli,1,1,20.732,20732.0,20.732
1099,2023,20,14,14,14,24,guanyu-zhou,alfa-romeo,ferrari,pirelli,1,1,21.256,21256.0,21.256
1099,2023,20,15,15,15,2,logan-sargeant,williams,mercedes,pirelli,1,1,27.472,27472.0,27.472
1099,2023,20,16,16,16,3,daniel-ricciardo,alphatauri,honda-rbpt,pirelli,1,1,26:16.725,1576725.0,24.224806114838117
1099,2023,20,17,17,17,27,nico-hulkenberg,haas,ferrari,pirelli,1,1,34.261,34261.0,34.261
1099,2023,20,18,18,18,1,max-verstappen,red-bull,honda-rbpt,pirelli,2,2,23:22.632,1402632.0,21.69044039128676
1099,2023,20,19,19,19,4,lando-norris,mclaren,mercedes,pirelli,2,2,23:24.611,1404611.0,22.93950823239511
1099,2023,20,20,20,20,44,lewis-hamilton,mercedes,mercedes,pirelli,2,2,23:26.375,1406375.0,24.4437568225917
1099,2023,20,21,21,21,14,fernando-alonso,aston-martin,mercedes,pirelli,2,2,23:28.154,1408154.0,21.53728787452037
1099,2023,20,22,22,22,18,lance-stroll,aston-martin,mercedes,pirelli,2,2,23:29.984,1409984.0,23.41704292801527
1099,2023,20,23,23,23,63,george-russell,mercedes,mercedes,pirelli,2,2,23:30.984,1410984.0,22.12061844149834
1099,2023,20,24,24,24,11,sergio-perez,red-bull,honda-rbpt,pirelli,2,2,23:31.712,1411712.0,22.319431325317733
1099,2023,20,25,25,25,55,carlos-sainz-jr,ferrari,ferrari,pirelli,2,2,23:33.704,1413704.0,23.155730109689884
1099,2023,20,26,26,26,31,esteban-ocon,alpine,renault,pirelli,2,2,23:34.725,1414725.0,21.14569922908896
1099,2023,20,27,27,27,22,yuki-tsunoda,alphatauri,honda-rbpt,pirelli,2,2,23:35.420,1415420.0,21.862642770325774
1099,2023,20,28,28,28,10,pierre-gasly,alpine,renault,pirelli,2,2,23:36.706,1416706.0,23.96697225008536
1099,2023,20,29,29,29,77,valtteri-bottas,alfa-romeo,ferrari,pirelli,2,2,23:38.156,1418156.0,21.004430157932966
1099,2023,20,30,30,30,24,guanyu-zhou,alfa-romeo,ferrari,pirelli,2,2,23:39.945,1419945.0,22.61428976334763
1099,2023,20,31,31,31,2,logan-sargeant,williams,mercedes,pirelli,2,2,23:41.207,1421207.0,23.011173891680038
1099,2023,20,32,32,32,27,nico-hulkenberg,haas,ferrari,pirelli,2,2,23:41.069,1421069.0,22.579575966394398
1099,2023,20,33,33,33,81,oscar-piastri,mclaren,mercedes,pirelli,2,2,38.489,38489.0,21.638105284067688
1099,2023,20,34,34,34,3,daniel-ricciardo,alphatauri,honda-rbpt,pirelli,2,2,32.770,32770.0,32.77
1099,2023,20,35,35,35,31,esteban-ocon,alpine,renault,pirelli,3,14,24.037,24037.0,24.037
1099,2023,20,36,36,36,24,guanyu-zhou,alfa-romeo,ferrari,pirelli,3,15,23.953,23953.0,23.953
1099,2023,20,37,37,37,2,logan-sargeant,williams,mercedes,pirelli,3,17,24.367,24367.0,24.367
1099,2023,20,38,38,38,44,lewis-hamilton,mercedes,mercedes,pirelli,3,18,23.571,23571.0,23.571
1099,2023,20,39,39,39,77,valtteri-bottas,alfa-romeo,ferrari,pirelli,3,18,24.077,24077.0,24.077
1099,2023,20,40,40,40,63,george-russell,mercedes,mercedes,pirelli,3,19,23.730,23730.0,23.73
1099,2023,20,41,41,41,11,sergio-perez,red-bull,honda-rbpt,pirelli,3,20,23.164,23164.0,23.164
1099,2023,20,42,42,42,27,nico-hulkenberg,haas,ferrari,pirelli,3,21,24.401,24401.0,24.401
1099,2023,20,43,43,43,18,lance-stroll,aston-martin,mercedes,pirelli,3,22,23.558,23558.0,23.558
1099,2023,20,44,44,44,14,fernando-alonso,aston-martin,mercedes,pirelli,3,25,24.204,24204.0,24.204
1099,2023,20,45,45,45,81,oscar-piastri,mclaren,mercedes,pirelli,3,24,23.536,23536.0,23.536
1099,2023,20,46,46,46,55,carlos-sainz-jr,ferrari,ferrari,pirelli,3,26,23.557,23557.0,23.557
1099,2023,20,47,47,47,10,pierre-gasly,alpine,renault,pirelli,3,26,25.295,25295.0,25.295
1099,2023,20,48,48,48,22,yuki-tsunoda,alphatauri,honda-rbpt,pirelli,3,26,27.114,27114.0,27.114
1099,2023,20,49,49,49,1,max-verstappen,red-bull,honda-rbpt,pirelli,3,27,22.994,22994.0,22.994
1099,2023,20,50,50,50,4,lando-norris,mclaren,mercedes,pirelli,3,27,23.806,23806.0,23.806
1099,2023,20,51,51,51,3,daniel-ricciardo,alphatauri,honda-rbpt,pirelli,3,26,23.955,23955.0,23.955
1099,2023,20,52,52,52,31,esteban-ocon,alpine,renault,pirelli,4,31,24.406,24406.0,24.406
1099,2023,20,53,53,53,2,logan-sargeant,williams,mercedes,pirelli,4,44,24.137,24137.0,24.137
1099,2023,20,54,54,54,63,george-russell,mercedes,mercedes,pirelli,4,45,23.962,23962.0,23.962
1099,2023,20,55,55,55,11,sergio-perez,red-bull,honda-rbpt,pirelli,4,46,23.522,23522.0,23.522
1099,2023,20,56,56,56,44,lewis-hamilton,mercedes,mercedes,pirelli,4,46,24.074,24074.0,24.074
1099,2023,20,57,57,57,10,pierre-gasly,alpine,renault,pirelli,4,46,23.583,23583.0,23.583
1099,2023,20,58,58,58,27,nico-hulkenberg,haas,ferrari,pirelli,4,46,23.841,23841.0,23.841
1099,2023,20,59,59,59,14,fernando-alonso,aston-martin,mercedes,pirelli,4,47,23.830,23830.0,23.83
1099,2023,20,60,60,60,55,carlos-sainz-jr,ferrari,ferrari,pirelli,4,51,23.704,23704.0,23.704
1099,2023,20,61,61,61,31,esteban-ocon,alpine,renault,pirelli,5,51,23.599,23599.0,23.599
1099,2023,20,62,62,62,18,lance-stroll,aston-martin,mercedes,pirelli,4,52,25.294,25294.0,25.294
1099,2023,20,63,63,63,81,oscar-piastri,mclaren,mercedes,pirelli,4,52,23.338,23338.0,23.338
1099,2023,20,64,64,64,22,yuki-tsunoda,alphatauri,honda-rbpt,pirelli,4,55,23.453,23453.0,23.453
1099,2023,20,65,65,65,1,max-verstappen,red-bull,honda-rbpt,pirelli,4,56,23.397,23397.0,23.397
1099,2023,20,66,66,66,3,daniel-ricciardo,alphatauri,honda-rbpt,pirelli,4,55,23.508,23508.0,23.508
1099,2023,20,67,67,67,4,lando-norris,mclaren,mercedes,pirelli,4,59,23.664,23664.0,23.664
1100,2023,21,1,1,1,11,sergio-perez,red-bull,honda-rbpt,pirelli,1,1,33.599,33599.0,33.599
1100,2023,21,2,2,2,14,fernando-alonso,aston-martin,mercedes,pirelli,1,1,29.304,29304.0,29.304
1100,2023,21,3,3,3,77,valtteri-bottas,alfa-romeo,ferrari,pirelli,1,1,43.914,43914.0,23.70242983718346
1100,2023,21,4,4,4,18,lance-stroll,aston-martin,mercedes,pirelli,1,3,22.222,22222.0,22.222
1100,2023,21,5,5,5,55,carlos-sainz-jr,ferrari,ferrari,pirelli,1,3,21.261,21261.0,21.261
1100,2023,21,6,6,6,22,yuki-tsunoda,alphatauri,honda-rbpt,pirelli,1,10,20.619,20619.0,20.619
1100,2023,21,7,7,7,27,nico-hulkenberg,haas,ferrari,pirelli,1,12,22.154,22154.0,22.154
1100,2023,21,8,8,8,20,kevin-magnussen,haas,ferrari,pirelli,1,14,21.611,21611.0,21.611
1100,2023,21,9,9,9,63,george-russell,mercedes,mercedes,pirelli,1,15,21.257,21257.0,21.257
1100,2023,21,10,10,10,2,logan-sargeant,williams,mercedes,pirelli,1,15,21.367,21367.0,21.367
1100,2023,21,11,11,11,1,max-verstappen,red-bull,honda-rbpt,pirelli,1,16,26.686,26686.0,26.686
1100,2023,21,12,12,12,23,alexander-albon,williams,mercedes,pirelli,1,16,21.242,21242.0,21.242
1100,2023,21,13,13,13,81,oscar-piastri,mclaren,mercedes,pirelli,1,16,23.269,23269.0,23.269
1100,2023,21,14,14,14,10,pierre-gasly,alpine,renault,pirelli,1,17,22.262,22262.0,22.262
1100,2023,21,15,15,15,44,lewis-hamilton,mercedes,mercedes,pirelli,1,17,25.047,25047.0,25.047
1100,2023,21,16,16,16,3,daniel-ricciardo,alphatauri,honda-rbpt,pirelli,1,17,22.242,22242.0,22.242
1100,2023,21,17,17,17,31,esteban-ocon,alpine,renault,pirelli,1,20,21.763,21763.0,21.763
1100,2023,21,18,18,18,16,charles-leclerc,ferrari,ferrari,pirelli,1,21,22.559,22559.0,22.559
1100,2023,21,19,19,19,22,yuki-tsunoda,alphatauri,honda-rbpt,pirelli,2,21,20.894,20894.0,20.894
1100,2023,21,20,20,20,77,valtteri-bottas,alfa-romeo,ferrari,pirelli,2,24,21.575,21575.0,21.575
1100,2023,21,21,21,21,11,sergio-perez,red-bull,honda-rbpt,pirelli,2,26,21.568,21568.0,21.568
1100,2023,21,22,22,22,18,lance-stroll,aston-martin,mercedes,pirelli,2,26,22.570,22570.0,22.57
1100,2023,21,23,23,23,1,max-verstappen,red-bull,honda-rbpt,pirelli,2,26,21.323,21323.0,21.323
1100,2023,21,24,24,24,63,george-russell,mercedes,mercedes,pirelli,2,26,21.952,21952.0,21.952
1100,2023,21,25,25,25,55,carlos-sainz-jr,ferrari,ferrari,pirelli,2,26,22.630,22630.0,22.63
1100,2023,21,26,26,26,14,fernando-alonso,aston-martin,mercedes,pirelli,2,26,23.214,23214.0,23.214
1100,2023,21,27,27,27,24,guanyu-zhou,alfa-romeo,ferrari,pirelli,1,26,22.155,22155.0,22.155
1100,2023,21,28,28,28,20,kevin-magnussen,haas,ferrari,pirelli,2,26,21.868,21868.0,21.868
1100,2023,21,29,29,29,27,nico-hulkenberg,haas,ferrari,pirelli,2,26,25.453,25453.0,25.453
1100,2023,21,30,30,30,44,lewis-hamilton,mercedes,mercedes,pirelli,2,26,22.508,22508.0,22.508
1100,2023,21,31,31,31,81,oscar-piastri,mclaren,mercedes,pirelli,2,43,20.535,20535.0,20.535
1101,2023,22,1,1,1,20,kevin-magnussen,haas,ferrari,pirelli,1,5,22.764,22764.0,22.764
1101,2023,22,2,2,2,3,daniel-ricciardo,alphatauri,honda-rbpt,pirelli,1,7,21.692,21692.0,21.692
1101,2023,22,3,3,3,14,fernando-alonso,aston-martin,mercedes,pirelli,1,12,22.462,22462.0,22.462
1101,2023,22,4,4,4,81,oscar-piastri,mclaren,mercedes,pirelli,1,13,21.697,21697.0,21.697
1101,2023,22,5,5,5,27,nico-hulkenberg,haas,ferrari,pirelli,1,13,21.861,21861.0,21.861
1101,2023,22,6,6,6,24,guanyu-zhou,alfa-romeo,ferrari,pirelli,1,13,22.867,22867.0,22.867
1101,2023,22,7,7,7,4,lando-norris,mclaren,mercedes,pirelli,1,14,24.061,24061.0,24.061
1101,2023,22,8,8,8,63,george-russell,mercedes,mercedes,pirelli,1,14,21.650,21650.0,21.65
1101,2023,22,9,9,9,44,lewis-hamilton,mercedes,mercedes,pirelli,1,15,22.195,22195.0,22.195
1101,2023,22,10,10,10,31,esteban-ocon,alpine,renault,pirelli,1,15,22.160,22160.0,22.16
1101,2023,22,11,11,11,2,logan-sargeant,williams,mercedes,pirelli,1,15,22.124,22124.0,22.124
1101,2023,22,12,12,12,1,max-verstappen,red-bull,honda-rbpt,pirelli,1,16,21.662,21662.0,21.662
1101,2023,22,13,13,13,23,alexander-albon,williams,mercedes,pirelli,1,16,22.170,22170.0,22.17
1101,2023,22,14,14,14,16,charles-leclerc,ferrari,ferrari,pirelli,1,17,21.919,21919.0,21.919
1101,2023,22,15,15,15,11,sergio-perez,red-bull,honda-rbpt,pirelli,1,17,21.446,21446.0,21.446
1101,2023,22,16,16,16,10,pierre-gasly,alpine,renault,pirelli,1,17,23.091,23091.0,23.091
1101,2023,22,17,17,17,22,yuki-tsunoda,alphatauri,honda-rbpt,pirelli,1,22,21.486,21486.0,21.486
1101,2023,22,18,18,18,18,lance-stroll,aston-martin,mercedes,pirelli,1,22,21.866,21866.0,21.866
1101,2023,22,19,19,19,20,kevin-magnussen,haas,ferrari,pirelli,2,22,22.163,22163.0,22.163
1101,2023,22,20,20,20,55,carlos-sainz-jr,ferrari,ferrari,pirelli,1,23,21.229,21229.0,21.229
1101,2023,22,21,21,21,77,valtteri-bottas,alfa-romeo,ferrari,pirelli,1,29,22.665,22665.0,22.665
1101,2023,22,22,22,22,3,daniel-ricciardo,alphatauri,honda-rbpt,pirelli,2,31,21.740,21740.0,21.74
1101,2023,22,23,23,23,10,pierre-gasly,alpine,renault,pirelli,2,32,23.478,23478.0,23.478
1101,2023,22,24,24,24,4,lando-norris,mclaren,mercedes,pirelli,2,33,21.432,21432.0,21.432
1101,2023,22,25,25,25,27,nico-hulkenberg,haas,ferrari,pirelli,2,33,22.081,22081.0,22.081
1101,2023,22,26,26,26,63,george-russell,mercedes,mercedes,pirelli,2,34,22.084,22084.0,22.084
1101,2023,22,27,27,27,16,charles-leclerc,ferrari,ferrari,pirelli,2,35,21.246,21246.0,21.246
1101,2023,22,28,28,28,44,lewis-hamilton,mercedes,mercedes,pirelli,2,35,22.045,22045.0,22.045
1101,2023,22,29,29,29,81,oscar-piastri,mclaren,mercedes,pirelli,2,36,21.156,21156.0,21.156
1101,2023,22,30,30,30,14,fernando-alonso,aston-martin,mercedes,pirelli,2,36,21.841,21841.0,21.841
1101,2023,22,31,31,31,24,guanyu-zhou,alfa-romeo,ferrari,pirelli,2,37,22.345,22345.0,22.345
1101,2023,22,32,32,32,2,logan-sargeant,williams,mercedes,pirelli,2,41,21.880,21880.0,21.88
1101,2023,22,33,33,33,11,sergio-perez,red-bull,honda-rbpt,pirelli,2,42,21.274,21274.0,21.274
1101,2023,22,34,34,34,18,lance-stroll,aston-martin,mercedes,pirelli,2,42,21.667,21667.0,21.667
1101,2023,22,35,35,35,1,max-verstappen,red-bull,honda-rbpt,pirelli,2,43,21.275,21275.0,21.275
1101,2023,22,36,36,36,23,alexander-albon,williams,mercedes,pirelli,2,43,21.919,21919.0,21.919
1101,2023,22,37,37,37,55,carlos-sainz-jr,ferrari,ferrari,pirelli,2,56,21.564,21564.0,21.564
1102,2024,1,1,1,1,27,nico-hulkenberg,haas,ferrari,pirelli,1,1,36.604,36604.0,22.156731722686466
1102,2024,1,2,2,2,24,guanyu-zhou,kick-sauber,ferrari,pirelli,1,9,25.208,25208.0,25.208
1102,2024,1,3,3,3,18,lance-stroll,aston-martin,mercedes,pirelli,1,9,24.418,24418.0,24.418
1102,2024,1,4,4,4,31,esteban-ocon,alpine,renault,pirelli,1,10,24.877,24877.0,24.877
1102,2024,1,5,5,5,2,logan-sargeant,williams,mercedes,pirelli,1,10,35.729,35729.0,24.440127601492225
1102,2024,1,6,6,6,63,george-russell,mercedes,mercedes,pirelli,1,11,24.778,24778.0,24.778
1102,2024,1,7,7,7,16,charles-leclerc,ferrari,ferrari,pirelli,1,11,24.069,24069.0,24.069
1102,2024,1,8,8,8,20,kevin-magnussen,haas,ferrari,pirelli,1,11,25.951,25951.0,25.951
1102,2024,1,9,9,9,11,sergio-perez,red-bull,honda-rbpt,pirelli,1,12,24.516,24516.0,24.516
1102,2024,1,10,10,10,81,oscar-piastri,mclaren,mercedes,pirelli,1,12,25.450,25450.0,25.45
1102,2024,1,11,11,11,44,lewis-hamilton,mercedes,mercedes,pirelli,1,12,25.087,25087.0,25.087
1102,2024,1,12,12,12,10,pierre-gasly,alpine,renault,pirelli,1,12,29.980,29980.0,29.98
1102,2024,1,13,13,13,77,valtteri-bottas,kick-sauber,ferrari,pirelli,1,12,26.420,26420.0,26.42
1102,2024,1,14,14,14,4,lando-norris,mclaren,mercedes,pirelli,1,13,24.205,24205.0,24.205
1102,2024,1,15,15,15,3,daniel-ricciardo,rb,honda-rbpt,pirelli,1,13,24.988,24988.0,24.988
1102,2024,1,16,16,16,55,carlos-sainz-jr,ferrari,ferrari,pirelli,1,14,24.474,24474.0,24.474
1102,2024,1,17,17,17,22,yuki-tsunoda,rb,honda-rbpt,pirelli,1,14,24.724,24724.0,24.724
1102,2024,1,18,18,18,14,fernando-alonso,aston-martin,mercedes,pirelli,1,15,24.786,24786.0,24.786
1102,2024,1,19,19,19,23,alexander-albon,williams,mercedes,pirelli,1,15,24.681,24681.0,24.681
1102,2024,1,20,20,20,1,max-verstappen,red-bull,honda-rbpt,pirelli,1,17,25.064,25064.0,25.064
1102,2024,1,21,21,21,27,nico-hulkenberg,haas,ferrari,pirelli,2,20,24.768,24768.0,24.768
1102,2024,1,22,22,22,18,lance-stroll,aston-martin,mercedes,pirelli,2,27,24.545,24545.0,24.545
1102,2024,1,23,23,23,24,guanyu-zhou,kick-sauber,ferrari,pirelli,2,28,25.094,25094.0,25.094
1102,2024,1,24,24,24,2,logan-sargeant,williams,mercedes,pirelli,2,28,25.070,25070.0,25.07
1102,2024,1,25,25,25,31,esteban-ocon,alpine,renault,pirelli,2,30,25.145,25145.0,25.145
1102,2024,1,26,26,26,77,valtteri-bottas,kick-sauber,ferrari,pirelli,2,30,1:14.773,74773.0,23.480036238040796
1102,2024,1,27,27,27,63,george-russell,mercedes,mercedes,pirelli,2,31,24.866,24866.0,24.866
1102,2024,1,28,28,28,10,pierre-gasly,alpine,renault,pirelli,2,31,26.462,26462.0,26.462
1102,2024,1,29,29,29,20,kevin-magnussen,haas,ferrari,pirelli,2,32,24.446,24446.0,24.446
1102,2024,1,30,30,30,4,lando-norris,mclaren,mercedes,pirelli,2,33,24.705,24705.0,24.705
1102,2024,1,31,31,31,44,lewis-hamilton,mercedes,mercedes,pirelli,2,33,24.094,24094.0,24.094
1102,2024,1,32,32,32,16,charles-leclerc,ferrari,ferrari,pirelli,2,34,24.136,24136.0,24.136
1102,2024,1,33,33,33,81,oscar-piastri,mclaren,mercedes,pirelli,2,34,24.852,24852.0,24.852
1102,2024,1,34,34,34,22,yuki-tsunoda,rb,honda-rbpt,pirelli,2,34,24.324,24324.0,24.324
1102,2024,1,35,35,35,55,carlos-sainz-jr,ferrari,ferrari,pirelli,2,35,23.866,23866.0,23.866
1102,2024,1,36,36,36,3,daniel-ricciardo,rb,honda-rbpt,pirelli,2,35,24.856,24856.0,24.856
1102,2024,1,37,37,37,11,sergio-perez,red-bull,honda-rbpt,pirelli,2,36,24.563,24563.0,24.563
1102,2024,1,38,38,38,23,alexander-albon,williams,mercedes,pirelli,2,36,24.610,24610.0,24.61
1102,2024,1,39,39,39,1,max-verstappen,red-bull,honda-rbpt,pirelli,2,37,24.209,24209.0,24.209
1102,2024,1,40,40,40,14,fernando-alonso,aston-martin,mercedes,pirelli,2,41,25.109,25109.0,25.109
1102,2024,1,41,41,41,2,logan-sargeant,williams,mercedes,pirelli,3,40,25.346,25346.0,25.346
1102,2024,1,42,42,42,27,nico-hulkenberg,haas,ferrari,pirelli,3,41,24.387,24387.0,24.387
1102,2024,1,43,43,43,10,pierre-gasly,alpine,renault,pirelli,3,43,25.240,25240.0,25.24
1103,2024,2,1,1,1,1,max-verstappen,red-bull,honda-rbpt,pirelli,1,7,20.607,20607.0,20.607
1103,2024,2,2,2,2,11,sergio-perez,red-bull,honda-rbpt,pirelli,1,7,22.196,22196.0,22.196
1103,2024,2,3,3,3,16,charles-leclerc,ferrari,ferrari,pirelli,1,7,23.419,23419.0,23.419
1103,2024,2,4,4,4,81,oscar-piastri,mclaren,mercedes,pirelli,1,7,21.427,21427.0,21.427
1103,2024,2,5,5,5,14,fernando-alonso,aston-martin,mercedes,pirelli,1,7,22.129,22129.0,22.129
1103,2024,2,6,6,6,63,george-russell,mercedes,mercedes,pirelli,1,7,21.013,21013.0,21.013
1103,2024,2,7,7,7,38,oliver-bearman,ferrari,ferrari,pirelli,1,7,22.457,22457.0,22.457
1103,2024,2,8,8,8,22,yuki-tsunoda,rb,honda-rbpt,pirelli,1,7,21.694,21694.0,21.694
1103,2024,2,9,9,9,20,kevin-magnussen,haas,ferrari,pirelli,1,7,21.460,21460.0,21.46
1103,2024,2,10,10,10,23,alexander-albon,williams,mercedes,pirelli,1,7,21.723,21723.0,21.723
1103,2024,2,11,11,11,3,daniel-ricciardo,rb,honda-rbpt,pirelli,1,7,1:03.364,63364.0,22.854526232532905
1103,2024,2,12,12,12,31,esteban-ocon,alpine,renault,pirelli,1,7,22.502,22502.0,22.502
1103,2024,2,13,13,13,77,valtteri-bottas,kick-sauber,ferrari,pirelli,1,7,22.795,22795.0,22.795
1103,2024,2,14,14,14,2,logan-sargeant,williams,mercedes,pirelli,1,7,23.645,23645.0,23.645
1103,2024,2,15,15,15,27,nico-hulkenberg,haas,ferrari,pirelli,1,33,21.035,21035.0,21.035
1103,2024,2,16,16,16,77,valtteri-bottas,kick-sauber,ferrari,pirelli,2,35,23.281,23281.0,23.281
1103,2024,2,17,17,17,44,lewis-hamilton,mercedes,mercedes,pirelli,1,36,20.170,20170.0,20.17
1103,2024,2,18,18,18,4,lando-norris,mclaren,mercedes,pirelli,1,37,22.211,22211.0,22.211
1103,2024,2,19,19,19,24,guanyu-zhou,kick-sauber,ferrari,pirelli,1,41,46.381,46381.0,23.92858249259691
1104,2024,3,1,1,1,3,daniel-ricciardo,rb,honda-rbpt,pirelli,1,5,18.265,18265.0,18.265
1104,2024,3,2,2,2,23,alexander-albon,williams,mercedes,pirelli,1,6,17.755,17755.0,17.755
1104,2024,3,3,3,3,24,guanyu-zhou,kick-sauber,ferrari,pirelli,1,6,19.032,19032.0,19.032
1104,2024,3,4,4,4,44,lewis-hamilton,mercedes,mercedes,pirelli,1,7,17.596,17596.0,17.596
1104,2024,3,5,5,5,20,kevin-magnussen,haas,ferrari,pirelli,1,7,18.301,18301.0,18.301
1104,2024,3,6,6,6,63,george-russell,mercedes,mercedes,pirelli,1,8,18.046,18046.0,18.046
1104,2024,3,7,7,7,18,lance-stroll,aston-martin,mercedes,pirelli,1,8,17.901,17901.0,17.901
1104,2024,3,8,8,8,77,valtteri-bottas,kick-sauber,ferrari,pirelli,1,8,46.969,46969.0,22.173967306278826
1104,2024,3,9,9,9,16,charles-leclerc,ferrari,ferrari,pirelli,1,9,17.409,17409.0,17.409
1104,2024,3,10,10,10,81,oscar-piastri,mclaren,mercedes,pirelli,1,9,17.573,17573.0,17.573
1104,2024,3,11,11,11,22,yuki-tsunoda,rb,honda-rbpt,pirelli,1,9,18.523,18523.0,18.523
1104,2024,3,12,12,12,31,esteban-ocon,alpine,renault,pirelli,1,9,18.287,18287.0,18.287
1104,2024,3,13,13,13,4,lando-norris,mclaren,mercedes,pirelli,1,14,17.776,17776.0,17.776
1104,2024,3,14,14,14,11,sergio-perez,red-bull,honda-rbpt,pirelli,1,14,18.112,18112.0,18.112
1104,2024,3,15,15,15,55,carlos-sainz-jr,ferrari,ferrari,pirelli,1,16,17.599,17599.0,17.599
1104,2024,3,16,16,16,31,esteban-ocon,alpine,renault,pirelli,2,16,30.626,30626.0,30.626
1104,2024,3,17,17,17,14,fernando-alonso,aston-martin,mercedes,pirelli,1,17,18.160,18160.0,18.16
1104,2024,3,18,18,18,27,nico-hulkenberg,haas,ferrari,pirelli,1,17,18.320,18320.0,18.32
1104,2024,3,19,19,19,10,pierre-gasly,alpine,renault,pirelli,1,17,20.316,20316.0,20.316
1104,2024,3,20,20,20,23,alexander-albon,williams,mercedes,pirelli,2,27,17.745,17745.0,17.745
1104,2024,3,21,21,21,3,daniel-ricciardo,rb,honda-rbpt,pirelli,2,29,17.751,17751.0,17.751
1104,2024,3,22,22,22,20,kevin-magnussen,haas,ferrari,pirelli,2,33,18.151,18151.0,18.151
1104,2024,3,23,23,23,16,charles-leclerc,ferrari,ferrari,pirelli,2,34,17.308,17308.0,17.308
1104,2024,3,24,24,24,11,sergio-perez,red-bull,honda-rbpt,pirelli,2,35,17.222,17222.0,17.222
1104,2024,3,25,25,25,27,nico-hulkenberg,haas,ferrari,pirelli,2,35,18.145,18145.0,18.145
1104,2024,3,26,26,26,24,guanyu-zhou,kick-sauber,ferrari,pirelli,2,35,36.866,36866.0,21.413373490319348
1104,2024,3,27,27,27,22,yuki-tsunoda,rb,honda-rbpt,pirelli,2,36,17.535,17535.0,17.535
1104,2024,3,28,28,28,77,valtteri-bottas,kick-sauber,ferrari,pirelli,2,36,18.938,18938.0,18.938
1104,2024,3,29,29,29,18,lance-stroll,aston-martin,mercedes,pirelli,2,37,17.977,17977.0,17.977
1104,2024,3,30,30,30,81,oscar-piastri,mclaren,mercedes,pirelli,2,39,18.533,18533.0,18.533
1104,2024,3,31,31,31,4,lando-norris,mclaren,mercedes,pirelli,2,40,17.653,17653.0,17.653
1104,2024,3,32,32,32,55,carlos-sainz-jr,ferrari,ferrari,pirelli,2,41,17.740,17740.0,17.74
1104,2024,3,33,33,33,14,fernando-alonso,aston-martin,mercedes,pirelli,2,41,17.995,17995.0,17.995
1104,2024,3,34,34,34,10,pierre-gasly,alpine,renault,pirelli,2,41,17.682,17682.0,17.682
1104,2024,3,35,35,35,31,esteban-ocon,alpine,renault,pirelli,3,42,18.007,18007.0,18.007
1104,2024,3,36,36,36,63,george-russell,mercedes,mercedes,pirelli,2,45,17.964,17964.0,17.964
1105,2024,4,1,1,1,1,max-verstappen,red-bull,honda-rbpt,pirelli,1,1,26:15.603,1575603.0,21.057633561949274
1105,2024,4,2,2,2,11,sergio-perez,red-bull,honda-rbpt,pirelli,1,1,26:17.661,1577661.0,21.459987443574608
1105,2024,4,3,3,3,4,lando-norris,mclaren,mercedes,pirelli,1,1,26:20.116,1580116.0,23.696894366715522
1105,2024,4,4,4,4,55,carlos-sainz-jr,ferrari,ferrari,pirelli,1,1,26:20.097,1580097.0,24.089799163650053
1105,2024,4,5,5,5,14,fernando-alonso,aston-martin,mercedes,pirelli,1,1,26:20.924,1580924.0,24.1301907388194
1105,2024,4,6,6,6,81,oscar-piastri,mclaren,mercedes,pirelli,1,1,26:20.204,1580204.0,22.792947024051944
1105,2024,4,7,7,7,44,lewis-hamilton,mercedes,mercedes,pirelli,1,1,26:20.696,1580696.0,21.84458998242132
1105,2024,4,8,8,8,16,charles-leclerc,ferrari,ferrari,pirelli,1,1,26:23.333,1583333.0,23.191781353302165
1105,2024,4,9,9,9,63,george-russell,mercedes,mercedes,pirelli,1,1,26:21.238,1581238.0,22.455185291187643
1105,2024,4,10,10,10,27,nico-hulkenberg,haas,ferrari,pirelli,1,1,26:20.886,1580886.0,24.384032991776866
1105,2024,4,11,11,11,77,valtteri-bottas,kick-sauber,ferrari,pirelli,1,1,26:22.542,1582542.0,21.256895869751148
1105,2024,4,12,12,12,22,yuki-tsunoda,rb,honda-rbpt,pirelli,1,1,26:24.553,1584553.0,24.124671154606624
1105,2024,4,13,13,13,31,esteban-ocon,alpine,renault,pirelli,1,1,26:26.095,1586095.0,22.571982351864346
1105,2024,4,14,14,14,10,pierre-gasly,alpine,renault,pirelli,1,1,26:26.793,1586793.0,22.720773745517477
1105,2024,4,15,15,15,18,lance-stroll,aston-martin,mercedes,pirelli,1,1,26:25.911,1585911.0,22.694091219920537
1105,2024,4,16,16,16,20,kevin-magnussen,haas,ferrari,pirelli,1,1,26:24.630,1584630.0,23.878726820210765
1105,2024,4,17,17,17,2,logan-sargeant,williams,mercedes,pirelli,1,1,26:25.267,1585267.0,21.81626444540811
1105,2024,4,18,18,18,24,guanyu-zhou,kick-sauber,ferrari,pirelli,1,1,26:22.912,1582912.0,21.92780866205989
1105,2024,4,19,19,19,27,nico-hulkenberg,haas,ferrari,pirelli,2,5,23.622,23622.0,23.622
1105,2024,4,20,20,20,77,valtteri-bottas,kick-sauber,ferrari,pirelli,2,6,24.824,24824.0,24.824
1105,2024,4,21,21,21,22,yuki-tsunoda,rb,honda-rbpt,pirelli,2,7,23.358,23358.0,23.358
1105,2024,4,22,22,22,24,guanyu-zhou,kick-sauber,ferrari,pirelli,2,7,23.910,23910.0,23.91
1105,2024,4,23,23,23,4,lando-norris,mclaren,mercedes,pirelli,2,11,23.049,23049.0,23.049
1105,2024,4,24,24,24,24,guanyu-zhou,kick-sauber,ferrari,pirelli,3,11,26.653,26653.0,26.653
1105,2024,4,25,25,25,81,oscar-piastri,mclaren,mercedes,pirelli,2,12,23.420,23420.0,23.42
1105,2024,4,26,26,26,18,lance-stroll,aston-martin,mercedes,pirelli,2,12,23.358,23358.0,23.358
1105,2024,4,27,27,27,14,fernando-alonso,aston-martin,mercedes,pirelli,2,13,22.998,22998.0,22.998
1105,2024,4,28,28,28,11,sergio-perez,red-bull,honda-rbpt,pirelli,2,15,22.990,22990.0,22.99
1105,2024,4,29,29,29,55,carlos-sainz-jr,ferrari,ferrari,pirelli,2,15,23.136,23136.0,23.136
1105,2024,4,30,30,30,1,max-verstappen,red-bull,honda-rbpt,pirelli,2,16,23.177,23177.0,23.177
1105,2024,4,31,31,31,10,pierre-gasly,alpine,renault,pirelli,2,16,23.844,23844.0,23.844
1105,2024,4,32,32,32,31,esteban-ocon,alpine,renault,pirelli,2,19,23.394,23394.0,23.394
1105,2024,4,33,33,33,63,george-russell,mercedes,mercedes,pirelli,2,22,23.577,23577.0,23.577
1105,2024,4,34,34,34,20,kevin-magnussen,haas,ferrari,pirelli,2,22,26.198,26198.0,26.198
1105,2024,4,35,35,35,77,valtteri-bottas,kick-sauber,ferrari,pirelli,3,22,25.946,25946.0,25.946
1105,2024,4,36,36,36,2,logan-sargeant,williams,mercedes,pirelli,2,22,25.530,25530.0,25.53
1105,2024,4,37,37,37,22,yuki-tsunoda,rb,honda-rbpt,pirelli,3,22,23.486,23486.0,23.486
1105,2024,4,38,38,38,18,lance-stroll,aston-martin,mercedes,pirelli,3,22,23.238,23238.0,23.238
1105,2024,4,39,39,39,44,lewis-hamilton,mercedes,mercedes,pirelli,2,23,23.333,23333.0,23.333
1105,2024,4,40,40,40,16,charles-leclerc,ferrari,ferrari,pirelli,2,26,23.285,23285.0,23.285
1105,2024,4,41,41,41,4,lando-norris,mclaren,mercedes,pirelli,3,26,23.232,23232.0,23.232
1105,2024,4,42,42,42,81,oscar-piastri,mclaren,mercedes,pirelli,3,32,22.848,22848.0,22.848
1105,2024,4,43,43,43,10,pierre-gasly,alpine,renault,pirelli,3,32,23.102,23102.0,23.102
1105,2024,4,44,44,44,11,sergio-perez,red-bull,honda-rbpt,pirelli,3,33,22.956,22956.0,22.956
1105,2024,4,45,45,45,14,fernando-alonso,aston-martin,mercedes,pirelli,3,33,23.157,23157.0,23.157
1105,2024,4,46,46,46,27,nico-hulkenberg,haas,ferrari,pirelli,3,33,23.993,23993.0,23.993
1105,2024,4,47,47,47,31,esteban-ocon,alpine,renault,pirelli,3,33,24.181,24181.0,24.181
1105,2024,4,48,48,48,1,max-verstappen,red-bull,honda-rbpt,pirelli,3,34,23.234,23234.0,23.234
1105,2024,4,49,49,49,18,lance-stroll,aston-martin,mercedes,pirelli,4,34,22.911,22911.0,22.911
1105,2024,4,50,50,50,2,logan-sargeant,williams,mercedes,pirelli,3,34,24.220,24220.0,24.22
1105,2024,4,51,51,51,55,carlos-sainz-jr,ferrari,ferrari,pirelli,3,36,23.591,23591.0,23.591
1105,2024,4,52,52,52,63,george-russell,mercedes,mercedes,pirelli,3,37,22.991,22991.0,22.991
1105,2024,4,53,53,53,44,lewis-hamilton,mercedes,mercedes,pirelli,3,39,23.956,23956.0,23.956
1105,2024,4,54,54,54,2,logan-sargeant,williams,mercedes,pirelli,4,41,23.287,23287.0,23.287
1106,2024,5,1,1,1,27,nico-hulkenberg,haas,ferrari,pirelli,1,8,23.004,23004.0,23.004
1106,2024,5,2,2,2,22,yuki-tsunoda,rb,honda-rbpt,pirelli,1,8,23.160,23160.0,23.16
1106,2024,5,3,3,3,24,guanyu-zhou,kick-sauber,ferrari,pirelli,1,8,23.362,23362.0,23.362
1106,2024,5,4,4,4,18,lance-stroll,aston-martin,mercedes,pirelli,1,9,23.823,23823.0,23.823
1106,2024,5,5,5,5,77,valtteri-bottas,kick-sauber,ferrari,pirelli,1,9,22.949,22949.0,22.949
1106,2024,5,6,6,6,31,esteban-ocon,alpine,renault,pirelli,1,9,23.156,23156.0,23.156
1106,2024,5,7,7,7,23,alexander-albon,williams,mercedes,pirelli,1,9,23.273,23273.0,23.273
1106,2024,5,8,8,8,44,lewis-hamilton,mercedes,mercedes,pirelli,1,9,22.518,22518.0,22.518
1106,2024,5,9,9,9,14,fernando-alonso,aston-martin,mercedes,pirelli,1,11,23.049,23049.0,23.049
1106,2024,5,10,10,10,63,george-russell,mercedes,mercedes,pirelli,1,11,22.415,22415.0,22.415
1106,2024,5,11,11,11,10,pierre-gasly,alpine,renault,pirelli,1,11,39.712,39712.0,24.233996064759506
1106,2024,5,12,12,12,2,logan-sargeant,williams,mercedes,pirelli,1,12,23.229,23229.0,23.229
1106,2024,5,13,13,13,1,max-verstappen,red-bull,honda-rbpt,pirelli,1,13,22.456,22456.0,22.456
1106,2024,5,14,14,14,11,sergio-perez,red-bull,honda-rbpt,pirelli,1,13,22.027,22027.0,22.027
1106,2024,5,15,15,15,3,daniel-ricciardo,rb,honda-rbpt,pirelli,1,14,22.598,22598.0,22.598
1106,2024,5,16,16,16,81,oscar-piastri,mclaren,mercedes,pirelli,1,16,22.673,22673.0,22.673
1106,2024,5,17,17,17,55,carlos-sainz-jr,ferrari,ferrari,pirelli,1,17,22.629,22629.0,22.629
1106,2024,5,18,18,18,20,kevin-magnussen,haas,ferrari,pirelli,1,17,22.974,22974.0,22.974
1106,2024,5,19,19,19,16,charles-leclerc,ferrari,ferrari,pirelli,1,21,22.360,22360.0,22.36
1106,2024,5,20,20,20,18,lance-stroll,aston-martin,mercedes,pirelli,2,21,22.911,22911.0,22.911
1106,2024,5,21,21,21,44,lewis-hamilton,mercedes,mercedes,pirelli,2,21,22.662,22662.0,22.662
1106,2024,5,22,22,22,4,lando-norris,mclaren,mercedes,pirelli,1,22,22.161,22161.0,22.161
1106,2024,5,23,23,23,1,max-verstappen,red-bull,honda-rbpt,pirelli,2,23,22.270,22270.0,22.27
1106,2024,5,24,24,24,11,sergio-perez,red-bull,honda-rbpt,pirelli,2,23,22.371,22371.0,22.371
1106,2024,5,25,25,25,14,fernando-alonso,aston-martin,mercedes,pirelli,2,23,22.687,22687.0,22.687
1106,2024,5,26,26,26,63,george-russell,mercedes,mercedes,pirelli,2,23,22.707,22707.0,22.707
1106,2024,5,27,27,27,27,nico-hulkenberg,haas,ferrari,pirelli,2,23,23.336,23336.0,23.336
1106,2024,5,28,28,28,31,esteban-ocon,alpine,renault,pirelli,2,23,23.208,23208.0,23.208
1106,2024,5,29,29,29,22,yuki-tsunoda,rb,honda-rbpt,pirelli,2,23,22.387,22387.0,22.387
1106,2024,5,30,30,30,23,alexander-albon,williams,mercedes,pirelli,2,23,23.600,23600.0,23.6
1106,2024,5,31,31,31,24,guanyu-zhou,kick-sauber,ferrari,pirelli,2,23,25.610,25610.0,25.61
1106,2024,5,32,32,32,10,pierre-gasly,alpine,renault,pirelli,2,23,23.987,23987.0,23.987
1106,2024,5,33,33,33,81,oscar-piastri,mclaren,mercedes,pirelli,2,24,22.262,22262.0,22.262
1106,2024,5,34,34,34,2,logan-sargeant,williams,mercedes,pirelli,2,24,22.684,22684.0,22.684
1106,2024,5,35,35,35,18,lance-stroll,aston-martin,mercedes,pirelli,3,26,1:33.274,93274.0,23.5124035281557
1106,2024,5,36,36,36,20,kevin-magnussen,haas,ferrari,pirelli,2,27,25.727,25727.0,25.727
1106,2024,5,37,37,37,18,lance-stroll,aston-martin,mercedes,pirelli,4,35,34.777,34777.0,34.777
1106,2024,5,38,38,38,10,pierre-gasly,alpine,renault,pirelli,3,38,22.836,22836.0,22.836
1106,2024,5,39,39,39,24,guanyu-zhou,kick-sauber,ferrari,pirelli,3,40,23.252,23252.0,23.252
1106,2024,5,40,40,40,14,fernando-alonso,aston-martin,mercedes,pirelli,3,43,23.179,23179.0,23.179
1107,2024,6,1,1,1,23,alexander-albon,williams,mercedes,pirelli,1,10,22.828,22828.0,22.828
1107,2024,6,2,2,2,18,lance-stroll,aston-martin,mercedes,pirelli,1,11,23.038,23038.0,23.038
1107,2024,6,3,3,3,2,logan-sargeant,williams,mercedes,pirelli,1,11,22.611,22611.0,22.611
1107,2024,6,4,4,4,77,valtteri-bottas,kick-sauber,ferrari,pirelli,1,11,23.730,23730.0,23.73
1107,2024,6,5,5,5,27,nico-hulkenberg,haas,ferrari,pirelli,1,12,23.055,23055.0,23.055
1107,2024,6,6,6,6,10,pierre-gasly,alpine,renault,pirelli,1,12,22.466,22466.0,22.466
1107,2024,6,7,7,7,11,sergio-perez,red-bull,honda-rbpt,pirelli,1,17,21.695,21695.0,21.695
1107,2024,6,8,8,8,16,charles-leclerc,ferrari,ferrari,pirelli,1,19,21.825,21825.0,21.825
1107,2024,6,9,9,9,31,esteban-ocon,alpine,renault,pirelli,1,22,22.663,22663.0,22.663
1107,2024,6,10,10,10,14,fernando-alonso,aston-martin,mercedes,pirelli,1,22,22.374,22374.0,22.374
1107,2024,6,11,11,11,20,kevin-magnussen,haas,ferrari,pirelli,1,22,23.265,23265.0,23.265
1107,2024,6,12,12,12,1,max-verstappen,red-bull,honda-rbpt,pirelli,1,23,22.187,22187.0,22.187
1107,2024,6,13,13,13,63,george-russell,mercedes,mercedes,pirelli,1,24,22.800,22800.0,22.8
1107,2024,6,14,14,14,44,lewis-hamilton,mercedes,mercedes,pirelli,1,26,22.107,22107.0,22.107
1107,2024,6,15,15,15,81,oscar-piastri,mclaren,mercedes,pirelli,1,27,22.216,22216.0,22.216
1107,2024,6,16,16,16,55,carlos-sainz-jr,ferrari,ferrari,pirelli,1,27,22.805,22805.0,22.805
1107,2024,6,17,17,17,11,sergio-perez,red-bull,honda-rbpt,pirelli,2,28,22.396,22396.0,22.396
1107,2024,6,18,18,18,22,yuki-tsunoda,rb,honda-rbpt,pirelli,1,28,22.153,22153.0,22.153
1107,2024,6,19,19,19,24,guanyu-zhou,kick-sauber,ferrari,pirelli,1,28,23.017,23017.0,23.017
1107,2024,6,20,20,20,3,daniel-ricciardo,rb,honda-rbpt,pirelli,1,28,22.540,22540.0,22.54
1107,2024,6,21,21,21,27,nico-hulkenberg,haas,ferrari,pirelli,2,28,22.487,22487.0,22.487
1107,2024,6,22,22,22,18,lance-stroll,aston-martin,mercedes,pirelli,2,28,22.631,22631.0,22.631
1107,2024,6,23,23,23,20,kevin-magnussen,haas,ferrari,pirelli,2,28,29.727,29727.0,29.727
1107,2024,6,24,24,24,4,lando-norris,mclaren,mercedes,pirelli,1,29,22.041,22041.0,22.041
1107,2024,6,25,25,25,77,valtteri-bottas,kick-sauber,ferrari,pirelli,2,29,22.765,22765.0,22.765
1107,2024,6,26,26,26,20,kevin-magnussen,haas,ferrari,pirelli,3,31,30.732,30732.0,30.732
1107,2024,6,27,27,27,81,oscar-piastri,mclaren,mercedes,pirelli,2,40,30.409,30409.0,30.409
1107,2024,6,28,28,28,23,alexander-albon,williams,mercedes,pirelli,2,53,22.567,22567.0,22.567
1108,2024,7,1,1,1,14,fernando-alonso,aston-martin,mercedes,pirelli,1,7,31.368,31368.0,31.368
1108,2024,7,2,2,2,23,alexander-albon,williams,mercedes,pirelli,1,8,30.050,30050.0,30.05
1108,2024,7,3,3,3,10,pierre-gasly,alpine,renault,pirelli,1,8,30.081,30081.0,30.081
1108,2024,7,4,4,4,77,valtteri-bottas,kick-sauber,ferrari,pirelli,1,8,30.240,30240.0,30.24
1108,2024,7,5,5,5,23,alexander-albon,williams,mercedes,pirelli,2,9,33.179,33179.0,33.179
1108,2024,7,6,6,6,3,daniel-ricciardo,rb,honda-rbpt,pirelli,1,11,30.068,30068.0,30.068
1108,2024,7,7,7,7,22,yuki-tsunoda,rb,honda-rbpt,pirelli,1,12,29.628,29628.0,29.628
1108,2024,7,8,8,8,27,nico-hulkenberg,haas,ferrari,pirelli,1,13,29.749,29749.0,29.749
1108,2024,7,9,9,9,63,george-russell,mercedes,mercedes,pirelli,1,21,29.664,29664.0,29.664
1108,2024,7,10,10,10,4,lando-norris,mclaren,mercedes,pirelli,1,22,29.956,29956.0,29.956
1108,2024,7,11,11,11,81,oscar-piastri,mclaren,mercedes,pirelli,1,23,29.770,29770.0,29.77
1108,2024,7,12,12,12,1,max-verstappen,red-bull,honda-rbpt,pirelli,1,24,30.416,30416.0,30.416
1108,2024,7,13,13,13,23,alexander-albon,williams,mercedes,pirelli,3,23,38.413,38413.0,23.941207320168964
1108,2024,7,14,14,14,16,charles-leclerc,ferrari,ferrari,pirelli,1,25,30.149,30149.0,30.149
1108,2024,7,15,15,15,31,esteban-ocon,alpine,renault,pirelli,1,25,30.659,30659.0,30.659
1108,2024,7,16,16,16,55,carlos-sainz-jr,ferrari,ferrari,pirelli,1,27,30.508,30508.0,30.508
1108,2024,7,17,17,17,44,lewis-hamilton,mercedes,mercedes,pirelli,1,27,29.547,29547.0,29.547
1108,2024,7,18,18,18,23,alexander-albon,williams,mercedes,pirelli,4,28,31.131,31131.0,31.131
1108,2024,7,19,19,19,10,pierre-gasly,alpine,renault,pirelli,2,30,30.654,30654.0,30.654
1108,2024,7,20,20,20,2,logan-sargeant,williams,mercedes,pirelli,1,31,31.085,31085.0,31.085
1108,2024,7,21,21,21,24,guanyu-zhou,kick-sauber,ferrari,pirelli,1,33,30.244,30244.0,30.244
1108,2024,7,22,22,22,11,sergio-perez,red-bull,honda-rbpt,pirelli,1,37,29.669,29669.0,29.669
1108,2024,7,23,23,23,18,lance-stroll,aston-martin,mercedes,pirelli,1,37,29.971,29971.0,29.971
1108,2024,7,24,24,24,20,kevin-magnussen,haas,ferrari,pirelli,1,37,31.302,31302.0,31.302
1108,2024,7,25,25,25,14,fernando-alonso,aston-martin,mercedes,pirelli,2,40,30.483,30483.0,30.483
1108,2024,7,26,26,26,63,george-russell,mercedes,mercedes,pirelli,2,52,29.605,29605.0,29.605
1108,2024,7,27,27,27,14,fernando-alonso,aston-martin,mercedes,pirelli,3,59,29.931,29931.0,29.931
1109,2024,8,1,1,1,16,charles-leclerc,ferrari,ferrari,pirelli,1,1,39:18.026,2358026.0,21.334283261293525
1109,2024,8,2,2,2,81,oscar-piastri,mclaren,mercedes,pirelli,1,1,39:17.645,2357645.0,23.11124898982585
1109,2024,8,3,3,3,4,lando-norris,mclaren,mercedes,pirelli,1,1,39:25.538,2365538.0,22.866884391438127
1109,2024,8,4,4,4,63,george-russell,mercedes,mercedes,pirelli,1,1,39:29.363,2369363.0,24.253066224021328
1109,2024,8,5,5,5,1,max-verstappen,red-bull,honda-rbpt,pirelli,1,1,39:32.670,2372670.0,21.885309512303962
1109,2024,8,6,6,6,44,lewis-hamilton,mercedes,mercedes,pirelli,1,1,39:35.369,2375369.0,24.150172215167462
1109,2024,8,7,7,7,22,yuki-tsunoda,rb,honda-rbpt,pirelli,1,1,39:37.564,2377564.0,23.424449182737433
1109,2024,8,8,8,8,23,alexander-albon,williams,mercedes,pirelli,1,1,39:41.390,2381390.0,22.870661639306658
1109,2024,8,9,9,9,10,pierre-gasly,alpine,renault,pirelli,1,1,39:41.893,2381893.0,21.611133051518856
1109,2024,8,10,10,10,18,lance-stroll,aston-martin,mercedes,pirelli,1,1,39:43.588,2383588.0,24.07860644695829
1109,2024,8,11,11,11,3,daniel-ricciardo,rb,honda-rbpt,pirelli,1,1,39:45.823,2385823.0,22.713025266497773
1109,2024,8,12,12,12,14,fernando-alonso,aston-martin,mercedes,pirelli,1,1,39:49.467,2389467.0,21.952066004136245
1109,2024,8,13,13,13,2,logan-sargeant,williams,mercedes,pirelli,1,1,39:51.600,2391600.0,24.180908331630658
1109,2024,8,14,14,14,77,valtteri-bottas,kick-sauber,ferrari,pirelli,1,1,39:54.053,2394053.0,23.87601479635278
1109,2024,8,15,15,15,55,carlos-sainz-jr,ferrari,ferrari,pirelli,1,1,38:47.072,2327072.0,21.80823602779581
1109,2024,8,16,16,16,24,guanyu-zhou,kick-sauber,ferrari,pirelli,1,1,39:46.414,2386414.0,23.159214980966013
1109,2024,8,17,17,17,77,valtteri-bottas,kick-sauber,ferrari,pirelli,2,15,24.239,24239.0,24.239
1109,2024,8,18,18,18,18,lance-stroll,aston-martin,mercedes,pirelli,2,42,24.132,24132.0,24.132
1109,2024,8,19,19,19,18,lance-stroll,aston-martin,mercedes,pirelli,3,48,28.211,28211.0,28.211
1109,2024,8,20,20,20,44,lewis-hamilton,mercedes,mercedes,pirelli,2,51,24.232,24232.0,24.232
1109,2024,8,21,21,21,1,max-verstappen,red-bull,honda-rbpt,pirelli,2,52,23.813,23813.0,23.813
1109,2024,8,22,22,22,2,logan-sargeant,williams,mercedes,pirelli,2,57,24.384,24384.0,24.384
1109,2024,8,23,23,23,24,guanyu-zhou,kick-sauber,ferrari,pirelli,2,70,24.367,24367.0,24.367
1110,2024,9,1,1,1,20,kevin-magnussen,haas,ferrari,pirelli,1,7,30.472,30472.0,30.472
1110,2024,9,2,2,2,27,nico-hulkenberg,haas,ferrari,pirelli,1,12,24.233,24233.0,24.233
1110,2024,9,3,3,3,24,guanyu-zhou,kick-sauber,ferrari,pirelli,1,24,25.598,25598.0,25.598
1110,2024,9,4,4,4,63,george-russell,mercedes,mercedes,pirelli,1,25,24.044,24044.0,24.044
1110,2024,9,5,5,5,1,max-verstappen,red-bull,honda-rbpt,pirelli,1,25,24.306,24306.0,24.306
1110,2024,9,6,6,6,81,oscar-piastri,mclaren,mercedes,pirelli,1,25,23.977,23977.0,23.977
1110,2024,9,7,7,7,14,fernando-alonso,aston-martin,mercedes,pirelli,1,25,25.788,25788.0,25.788
1110,2024,9,8,8,8,44,lewis-hamilton,mercedes,mercedes,pirelli,1,25,23.762,23762.0,23.762
1110,2024,9,9,9,9,18,lance-stroll,aston-martin,mercedes,pirelli,1,25,24.284,24284.0,24.284
1110,2024,9,10,10,10,23,alexander-albon,williams,mercedes,pirelli,1,25,24.753,24753.0,24.753
1110,2024,9,11,11,11,16,charles-leclerc,ferrari,ferrari,pirelli,1,25,24.031,24031.0,24.031
1110,2024,9,12,12,12,55,carlos-sainz-jr,ferrari,ferrari,pirelli,1,25,27.626,27626.0,27.626
1110,2024,9,13,13,13,20,kevin-magnussen,haas,ferrari,pirelli,2,25,26.794,26794.0,26.794
1110,2024,9,14,14,14,10,pierre-gasly,alpine,renault,pirelli,1,25,24.911,24911.0,24.911
1110,2024,9,15,15,15,11,sergio-perez,red-bull,honda-rbpt,pirelli,1,25,33.762,33762.0,33.762
1110,2024,9,16,16,16,27,nico-hulkenberg,haas,ferrari,pirelli,2,25,24.668,24668.0,24.668
1110,2024,9,17,17,17,4,lando-norris,mclaren,mercedes,pirelli,1,26,23.423,23423.0,23.423
1110,2024,9,18,18,18,3,daniel-ricciardo,rb,honda-rbpt,pirelli,1,26,30.298,30298.0,30.298
1110,2024,9,19,19,19,16,charles-leclerc,ferrari,ferrari,pirelli,2,28,47.186,47186.0,22.04873273140446
1110,2024,9,20,20,20,16,charles-leclerc,ferrari,ferrari,pirelli,3,31,24.629,24629.0,24.629
1110,2024,9,21,21,21,10,pierre-gasly,alpine,renault,pirelli,2,40,24.408,24408.0,24.408
1110,2024,9,22,22,22,20,kevin-magnussen,haas,ferrari,pirelli,3,41,24.833,24833.0,24.833
1110,2024,9,23,23,23,77,valtteri-bottas,kick-sauber,ferrari,pirelli,1,42,24.929,24929.0,24.929
1110,2024,9,24,24,24,44,lewis-hamilton,mercedes,mercedes,pirelli,2,43,24.226,24226.0,24.226
1110,2024,9,25,25,25,3,daniel-ricciardo,rb,honda-rbpt,pirelli,2,43,23.860,23860.0,23.86
1110,2024,9,26,26,26,55,carlos-sainz-jr,ferrari,ferrari,pirelli,2,43,24.125,24125.0,24.125
1110,2024,9,27,27,27,11,sergio-perez,red-bull,honda-rbpt,pirelli,2,43,24.423,24423.0,24.423
1110,2024,9,28,28,28,81,oscar-piastri,mclaren,mercedes,pirelli,2,44,23.476,23476.0,23.476
1110,2024,9,29,29,29,14,fernando-alonso,aston-martin,mercedes,pirelli,2,44,24.346,24346.0,24.346
1110,2024,9,30,30,30,22,yuki-tsunoda,rb,honda-rbpt,pirelli,1,44,25.569,25569.0,25.569
1110,2024,9,31,31,31,18,lance-stroll,aston-martin,mercedes,pirelli,2,44,25.025,25025.0,25.025
1110,2024,9,32,32,32,31,esteban-ocon,alpine,renault,pirelli,1,44,24.495,24495.0,24.495
1110,2024,9,33,33,33,23,alexander-albon,williams,mercedes,pirelli,2,44,24.804,24804.0,24.804
1110,2024,9,34,34,34,27,nico-hulkenberg,haas,ferrari,pirelli,3,44,24.751,24751.0,24.751
1110,2024,9,35,35,35,24,guanyu-zhou,kick-sauber,ferrari,pirelli,2,44,1:05.564,65564.0,23.519910604382005
1110,2024,9,36,36,36,1,max-verstappen,red-bull,honda-rbpt,pirelli,2,45,24.246,24246.0,24.246
1110,2024,9,37,37,37,63,george-russell,mercedes,mercedes,pirelli,2,45,25.431,25431.0,25.431
1110,2024,9,38,38,38,4,lando-norris,mclaren,mercedes,pirelli,2,47,23.983,23983.0,23.983
1110,2024,9,39,39,39,24,guanyu-zhou,kick-sauber,ferrari,pirelli,3,52,28.375,28375.0,28.375
1110,2024,9,40,40,40,63,george-russell,mercedes,mercedes,pirelli,3,54,28.157,28157.0,28.157
1110,2024,9,41,41,41,44,lewis-hamilton,mercedes,mercedes,pirelli,3,54,28.817,28817.0,28.817
1110,2024,9,42,42,42,20,kevin-magnussen,haas,ferrari,pirelli,4,54,26.845,26845.0,26.845
1111,2024,10,1,1,1,24,guanyu-zhou,kick-sauber,ferrari,pirelli,1,9,22.523,22523.0,22.523
1111,2024,10,2,2,2,22,yuki-tsunoda,rb,honda-rbpt,pirelli,1,9,22.064,22064.0,22.064
1111,2024,10,3,3,3,20,kevin-magnussen,haas,ferrari,pirelli,1,10,23.360,23360.0,23.36
1111,2024,10,4,4,4,77,valtteri-bottas,kick-sauber,ferrari,pirelli,1,11,22.744,22744.0,22.744
1111,2024,10,5,5,5,27,nico-hulkenberg,haas,ferrari,pirelli,1,12,22.722,22722.0,22.722
1111,2024,10,6,6,6,31,esteban-ocon,alpine,renault,pirelli,1,13,21.834,21834.0,21.834
1111,2024,10,7,7,7,11,sergio-perez,red-bull,honda-rbpt,pirelli,1,13,22.181,22181.0,22.181
1111,2024,10,8,8,8,10,pierre-gasly,alpine,renault,pirelli,1,14,26.097,26097.0,26.097
1111,2024,10,9,9,9,2,logan-sargeant,williams,mercedes,pirelli,1,14,22.401,22401.0,22.401
1111,2024,10,10,10,10,63,george-russell,mercedes,mercedes,pirelli,1,15,25.023,25023.0,25.023
1111,2024,10,11,11,11,55,carlos-sainz-jr,ferrari,ferrari,pirelli,1,15,22.194,22194.0,22.194
1111,2024,10,12,12,12,44,lewis-hamilton,mercedes,mercedes,pirelli,1,16,21.840,21840.0,21.84
1111,2024,10,13,13,13,3,daniel-ricciardo,rb,honda-rbpt,pirelli,1,16,22.364,22364.0,22.364
1111,2024,10,14,14,14,1,max-verstappen,red-bull,honda-rbpt,pirelli,1,17,21.544,21544.0,21.544
1111,2024,10,15,15,15,18,lance-stroll,aston-martin,mercedes,pirelli,1,17,21.880,21880.0,21.88
1111,2024,10,16,16,16,23,alexander-albon,williams,mercedes,pirelli,1,18,23.248,23248.0,23.248
1111,2024,10,17,17,17,14,fernando-alonso,aston-martin,mercedes,pirelli,1,19,21.957,21957.0,21.957
1111,2024,10,18,18,18,81,oscar-piastri,mclaren,mercedes,pirelli,1,21,22.224,22224.0,22.224
1111,2024,10,19,19,19,4,lando-norris,mclaren,mercedes,pirelli,1,23,21.618,21618.0,21.618
1111,2024,10,20,20,20,16,charles-leclerc,ferrari,ferrari,pirelli,1,24,22.260,22260.0,22.26
1111,2024,10,21,21,21,22,yuki-tsunoda,rb,honda-rbpt,pirelli,2,27,22.084,22084.0,22.084
1111,2024,10,22,22,22,77,valtteri-bottas,kick-sauber,ferrari,pirelli,2,28,22.963,22963.0,22.963
1111,2024,10,23,23,23,20,kevin-magnussen,haas,ferrari,pirelli,2,29,28.967,28967.0,28.967
1111,2024,10,24,24,24,11,sergio-perez,red-bull,honda-rbpt,pirelli,2,31,21.464,21464.0,21.464
1111,2024,10,25,25,25,2,logan-sargeant,williams,mercedes,pirelli,2,34,22.506,22506.0,22.506
1111,2024,10,26,26,26,63,george-russell,mercedes,mercedes,pirelli,2,36,22.700,22700.0,22.7
1111,2024,10,27,27,27,55,carlos-sainz-jr,ferrari,ferrari,pirelli,2,36,22.249,22249.0,22.249
1111,2024,10,28,28,28,31,esteban-ocon,alpine,renault,pirelli,2,37,21.921,21921.0,21.921
1111,2024,10,29,29,29,18,lance-stroll,aston-martin,mercedes,pirelli,2,37,23.381,23381.0,23.381
1111,2024,10,30,30,30,10,pierre-gasly,alpine,renault,pirelli,2,38,21.687,21687.0,21.687
1111,2024,10,31,31,31,27,nico-hulkenberg,haas,ferrari,pirelli,2,38,22.518,22518.0,22.518
1111,2024,10,32,32,32,24,guanyu-zhou,kick-sauber,ferrari,pirelli,2,41,24.253,24253.0,24.253
1111,2024,10,33,33,33,3,daniel-ricciardo,rb,honda-rbpt,pirelli,2,42,22.108,22108.0,22.108
1111,2024,10,34,34,34,44,lewis-hamilton,mercedes,mercedes,pirelli,2,43,21.603,21603.0,21.603
1111,2024,10,35,35,35,1,max-verstappen,red-bull,honda-rbpt,pirelli,2,44,22.340,22340.0,22.34
1111,2024,10,36,36,36,23,alexander-albon,williams,mercedes,pirelli,2,43,21.892,21892.0,21.892
1111,2024,10,37,37,37,22,yuki-tsunoda,rb,honda-rbpt,pirelli,3,44,22.564,22564.0,22.564
1111,2024,10,38,38,38,14,fernando-alonso,aston-martin,mercedes,pirelli,2,45,22.571,22571.0,22.571
1111,2024,10,39,39,39,81,oscar-piastri,mclaren,mercedes,pirelli,2,46,22.420,22420.0,22.42
1111,2024,10,40,40,40,4,lando-norris,mclaren,mercedes,pirelli,2,47,22.631,22631.0,22.631
1111,2024,10,41,41,41,16,charles-leclerc,ferrari,ferrari,pirelli,2,47,21.624,21624.0,21.624
1111,2024,10,42,42,42,11,sergio-perez,red-bull,honda-rbpt,pirelli,3,49,21.472,21472.0,21.472
1112,2024,11,1,1,1,16,charles-leclerc,ferrari,ferrari,pirelli,1,1,31.917,31917.0,31.917
1112,2024,11,2,2,2,2,logan-sargeant,williams,mercedes,pirelli,1,1,31.722,31722.0,31.722
1112,2024,11,3,3,3,20,kevin-magnussen,haas,ferrari,pirelli,1,10,21.518,21518.0,21.518
1112,2024,11,4,4,4,3,daniel-ricciardo,rb,honda-rbpt,pirelli,1,10,21.502,21502.0,21.502
1112,2024,11,5,5,5,27,nico-hulkenberg,haas,ferrari,pirelli,1,11,22.355,22355.0,22.355
1112,2024,11,6,6,6,14,fernando-alonso,aston-martin,mercedes,pirelli,1,11,21.483,21483.0,21.483
1112,2024,11,7,7,7,23,alexander-albon,williams,mercedes,pirelli,1,12,21.878,21878.0,21.878
1112,2024,11,8,8,8,16,charles-leclerc,ferrari,ferrari,pirelli,2,16,21.685,21685.0,21.685
1112,2024,11,9,9,9,31,esteban-ocon,alpine,renault,pirelli,1,19,22.291,22291.0,22.291
1112,2024,11,10,10,10,77,valtteri-bottas,kick-sauber,ferrari,pirelli,1,19,21.918,21918.0,21.918
1112,2024,11,11,11,11,10,pierre-gasly,alpine,renault,pirelli,1,20,21.431,21431.0,21.431
1112,2024,11,12,12,12,18,lance-stroll,aston-martin,mercedes,pirelli,1,20,21.399,21399.0,21.399
1112,2024,11,13,13,13,2,logan-sargeant,williams,mercedes,pirelli,2,20,22.502,22502.0,22.502
1112,2024,11,14,14,14,44,lewis-hamilton,mercedes,mercedes,pirelli,1,21,21.563,21563.0,21.563
1112,2024,11,15,15,15,11,sergio-perez,red-bull,honda-rbpt,pirelli,1,21,21.291,21291.0,21.291
1112,2024,11,16,16,16,22,yuki-tsunoda,rb,honda-rbpt,pirelli,1,21,21.250,21250.0,21.25
1112,2024,11,17,17,17,63,george-russell,mercedes,mercedes,pirelli,1,22,21.673,21673.0,21.673
1112,2024,11,18,18,18,55,carlos-sainz-jr,ferrari,ferrari,pirelli,1,22,21.226,21226.0,21.226
1112,2024,11,19,19,19,1,max-verstappen,red-bull,honda-rbpt,pirelli,1,23,21.899,21899.0,21.899
1112,2024,11,20,20,20,4,lando-norris,mclaren,mercedes,pirelli,1,23,21.617,21617.0,21.617
1112,2024,11,21,21,21,81,oscar-piastri,mclaren,mercedes,pirelli,1,25,20.978,20978.0,20.978
1112,2024,11,22,22,22,24,guanyu-zhou,kick-sauber,ferrari,pirelli,1,28,23.198,23198.0,23.198
1112,2024,11,23,23,23,16,charles-leclerc,ferrari,ferrari,pirelli,3,33,22.243,22243.0,22.243
1112,2024,11,24,24,24,14,fernando-alonso,aston-martin,mercedes,pirelli,2,35,33.947,33947.0,33.947
1112,2024,11,25,25,25,3,daniel-ricciardo,rb,honda-rbpt,pirelli,2,37,21.093,21093.0,21.093
1112,2024,11,26,26,26,20,kevin-magnussen,haas,ferrari,pirelli,2,38,21.832,21832.0,21.832
1112,2024,11,27,27,27,27,nico-hulkenberg,haas,ferrari,pirelli,2,39,21.814,21814.0,21.814
1112,2024,11,28,28,28,23,alexander-albon,williams,mercedes,pirelli,2,39,21.692,21692.0,21.692
1112,2024,11,29,29,29,10,pierre-gasly,alpine,renault,pirelli,2,42,22.043,22043.0,22.043
1112,2024,11,30,30,30,77,valtteri-bottas,kick-sauber,ferrari,pirelli,2,42,21.991,21991.0,21.991
1112,2024,11,31,31,31,31,esteban-ocon,alpine,renault,pirelli,2,43,21.231,21231.0,21.231
1112,2024,11,32,32,32,18,lance-stroll,aston-martin,mercedes,pirelli,2,43,21.302,21302.0,21.302
1112,2024,11,33,33,33,22,yuki-tsunoda,rb,honda-rbpt,pirelli,2,44,23.444,23444.0,23.444
1112,2024,11,34,34,34,63,george-russell,mercedes,mercedes,pirelli,2,46,21.229,21229.0,21.229
1112,2024,11,35,35,35,55,carlos-sainz-jr,ferrari,ferrari,pirelli,2,47,21.283,21283.0,21.283
1112,2024,11,36,36,36,2,logan-sargeant,williams,mercedes,pirelli,3,49,22.093,22093.0,22.093
1112,2024,11,37,37,37,1,max-verstappen,red-bull,honda-rbpt,pirelli,2,51,25.841,25841.0,25.841
1112,2024,11,38,38,38,4,lando-norris,mclaren,mercedes,pirelli,2,51,21.411,21411.0,21.411
1112,2024,11,39,39,39,81,oscar-piastri,mclaren,mercedes,pirelli,2,51,20.775,20775.0,20.775
1112,2024,11,40,40,40,11,sergio-perez,red-bull,honda-rbpt,pirelli,2,51,27.500,27500.0,27.5
1112,2024,11,41,41,41,16,charles-leclerc,ferrari,ferrari,pirelli,4,51,20.903,20903.0,20.903
1112,2024,11,42,42,42,24,guanyu-zhou,kick-sauber,ferrari,pirelli,2,51,21.594,21594.0,21.594
1112,2024,11,43,43,43,44,lewis-hamilton,mercedes,mercedes,pirelli,2,53,27.281,27281.0,27.281
1112,2024,11,44,44,44,1,max-verstappen,red-bull,honda-rbpt,pirelli,3,64,22.729,22729.0,22.729
1112,2024,11,45,45,45,14,fernando-alonso,aston-martin,mercedes,pirelli,3,68,22.487,22487.0,22.487
1113,2024,12,1,1,1,24,guanyu-zhou,kick-sauber,ferrari,pirelli,1,12,29.178,29178.0,29.178
1113,2024,12,2,2,2,16,charles-leclerc,ferrari,ferrari,pirelli,1,19,28.481,28481.0,28.481
1113,2024,12,3,3,3,11,sergio-perez,red-bull,honda-rbpt,pirelli,1,19,28.391,28391.0,28.391
1113,2024,12,4,4,4,31,esteban-ocon,alpine,renault,pirelli,1,19,28.495,28495.0,28.495
1113,2024,12,5,5,5,24,guanyu-zhou,kick-sauber,ferrari,pirelli,2,19,29.838,29838.0,29.838
1113,2024,12,6,6,6,31,esteban-ocon,alpine,renault,pirelli,2,21,28.276,28276.0,28.276
1113,2024,12,7,7,7,1,max-verstappen,red-bull,honda-rbpt,pirelli,1,26,28.365,28365.0,28.365
1113,2024,12,8,8,8,55,carlos-sainz-jr,ferrari,ferrari,pirelli,1,26,29.199,29199.0,29.199
1113,2024,12,9,9,9,27,nico-hulkenberg,haas,ferrari,pirelli,1,26,29.412,29412.0,29.412
1113,2024,12,10,10,10,18,lance-stroll,aston-martin,mercedes,pirelli,1,26,29.023,29023.0,29.023
1113,2024,12,11,11,11,3,daniel-ricciardo,rb,honda-rbpt,pirelli,1,26,28.875,28875.0,28.875
1113,2024,12,12,12,12,77,valtteri-bottas,kick-sauber,ferrari,pirelli,1,26,30.628,30628.0,30.628
1113,2024,12,13,13,13,4,lando-norris,mclaren,mercedes,pirelli,1,27,28.661,28661.0,28.661
1113,2024,12,14,14,14,44,lewis-hamilton,mercedes,mercedes,pirelli,1,27,28.929,28929.0,28.929
1113,2024,12,15,15,15,63,george-russell,mercedes,mercedes,pirelli,1,27,32.045,32045.0,32.045
1113,2024,12,16,16,16,14,fernando-alonso,aston-martin,mercedes,pirelli,1,27,29.341,29341.0,29.341
1113,2024,12,17,17,17,22,yuki-tsunoda,rb,honda-rbpt,pirelli,1,27,30.000,30000.0,30.0
1113,2024,12,18,18,18,23,alexander-albon,williams,mercedes,pirelli,1,27,34.742,34742.0,34.742
1113,2024,12,19,19,19,31,esteban-ocon,alpine,renault,pirelli,3,26,29.289,29289.0,29.289
1113,2024,12,20,20,20,20,kevin-magnussen,haas,ferrari,pirelli,1,27,30.308,30308.0,30.308
1113,2024,12,21,21,21,2,logan-sargeant,williams,mercedes,pirelli,1,27,32.801,32801.0,32.801
1113,2024,12,22,22,22,24,guanyu-zhou,kick-sauber,ferrari,pirelli,3,26,29.125,29125.0,29.125
1113,2024,12,23,23,23,81,oscar-piastri,mclaren,mercedes,pirelli,1,28,29.541,29541.0,29.541
1113,2024,12,24,24,24,16,charles-leclerc,ferrari,ferrari,pirelli,2,27,29.233,29233.0,29.233
1113,2024,12,25,25,25,11,sergio-perez,red-bull,honda-rbpt,pirelli,2,28,32.313,32313.0,32.313
1113,2024,12,26,26,26,20,kevin-magnussen,haas,ferrari,pirelli,2,37,29.884,29884.0,29.884
1113,2024,12,27,27,27,3,daniel-ricciardo,rb,honda-rbpt,pirelli,2,37,29.873,29873.0,29.873
1113,2024,12,28,28,28,77,valtteri-bottas,kick-sauber,ferrari,pirelli,2,37,31.527,31527.0,31.527
1113,2024,12,29,29,29,44,lewis-hamilton,mercedes,mercedes,pirelli,2,38,30.038,30038.0,30.038
1113,2024,12,30,30,30,1,max-verstappen,red-bull,honda-rbpt,pirelli,2,38,29.076,29076.0,29.076
1113,2024,12,31,31,31,81,oscar-piastri,mclaren,mercedes,pirelli,2,38,29.200,29200.0,29.2
1113,2024,12,32,32,32,16,charles-leclerc,ferrari,ferrari,pirelli,3,37,29.166,29166.0,29.166
1113,2024,12,33,33,33,11,sergio-perez,red-bull,honda-rbpt,pirelli,3,37,29.300,29300.0,29.3
1113,2024,12,34,34,34,14,fernando-alonso,aston-martin,mercedes,pirelli,2,38,29.686,29686.0,29.686
1113,2024,12,35,35,35,22,yuki-tsunoda,rb,honda-rbpt,pirelli,2,38,29.658,29658.0,29.658
1113,2024,12,36,36,36,23,alexander-albon,williams,mercedes,pirelli,2,38,29.410,29410.0,29.41
1113,2024,12,37,37,37,2,logan-sargeant,williams,mercedes,pirelli,2,38,29.444,29444.0,29.444
1113,2024,12,38,38,38,4,lando-norris,mclaren,mercedes,pirelli,2,39,30.387,30387.0,30.387
1113,2024,12,39,39,39,24,guanyu-zhou,kick-sauber,ferrari,pirelli,4,37,33.083,33083.0,33.083
1113,2024,12,40,40,40,55,carlos-sainz-jr,ferrari,ferrari,pirelli,2,39,29.097,29097.0,29.097
1113,2024,12,41,41,41,27,nico-hulkenberg,haas,ferrari,pirelli,2,39,30.265,30265.0,30.265
1113,2024,12,42,42,42,18,lance-stroll,aston-martin,mercedes,pirelli,2,39,29.469,29469.0,29.469
1113,2024,12,43,43,43,31,esteban-ocon,alpine,renault,pirelli,4,38,29.086,29086.0,29.086
1113,2024,12,44,44,44,11,sergio-perez,red-bull,honda-rbpt,pirelli,4,47,28.871,28871.0,28.871
1113,2024,12,45,45,45,55,carlos-sainz-jr,ferrari,ferrari,pirelli,3,50,28.706,28706.0,28.706
1114,2024,13,1,1,1,27,nico-hulkenberg,haas,ferrari,pirelli,1,2,22.287,22287.0,22.287
1114,2024,13,2,2,2,20,kevin-magnussen,haas,ferrari,pirelli,1,6,21.871,21871.0,21.871
1114,2024,13,3,3,3,23,alexander-albon,williams,mercedes,pirelli,1,6,22.091,22091.0,22.091
1114,2024,13,4,4,4,31,esteban-ocon,alpine,renault,pirelli,1,6,21.829,21829.0,21.829
1114,2024,13,5,5,5,14,fernando-alonso,aston-martin,mercedes,pirelli,1,7,22.542,22542.0,22.542
1114,2024,13,6,6,6,3,daniel-ricciardo,rb,honda-rbpt,pirelli,1,7,21.084,21084.0,21.084
1114,2024,13,7,7,7,24,guanyu-zhou,kick-sauber,ferrari,pirelli,1,7,21.993,21993.0,21.993
1114,2024,13,8,8,8,2,logan-sargeant,williams,mercedes,pirelli,1,8,21.757,21757.0,21.757
1114,2024,13,9,9,9,18,lance-stroll,aston-martin,mercedes,pirelli,1,14,23.237,23237.0,23.237
1114,2024,13,10,10,10,44,lewis-hamilton,mercedes,mercedes,pirelli,1,16,21.306,21306.0,21.306
1114,2024,13,11,11,11,77,valtteri-bottas,kick-sauber,ferrari,pirelli,1,16,22.146,22146.0,22.146
1114,2024,13,12,12,12,4,lando-norris,mclaren,mercedes,pirelli,1,17,21.861,21861.0,21.861
1114,2024,13,13,13,13,81,oscar-piastri,mclaren,mercedes,pirelli,1,18,21.641,21641.0,21.641
1114,2024,13,14,14,14,1,max-verstappen,red-bull,honda-rbpt,pirelli,1,21,22.101,22101.0,22.101
1114,2024,13,15,15,15,55,carlos-sainz-jr,ferrari,ferrari,pirelli,1,21,21.655,21655.0,21.655
1114,2024,13,16,16,16,16,charles-leclerc,ferrari,ferrari,pirelli,1,23,21.894,21894.0,21.894
1114,2024,13,17,17,17,11,sergio-perez,red-bull,honda-rbpt,pirelli,1,28,21.395,21395.0,21.395
1114,2024,13,18,18,18,10,pierre-gasly,alpine,renault,pirelli,1,28,21.405,21405.0,21.405
1114,2024,13,19,19,19,3,daniel-ricciardo,rb,honda-rbpt,pirelli,2,28,21.378,21378.0,21.378
1114,2024,13,20,20,20,22,yuki-tsunoda,rb,honda-rbpt,pirelli,1,29,21.467,21467.0,21.467
1114,2024,13,21,21,21,27,nico-hulkenberg,haas,ferrari,pirelli,2,29,22.472,22472.0,22.472
1114,2024,13,22,22,22,23,alexander-albon,williams,mercedes,pirelli,2,29,23.410,23410.0,23.41
1114,2024,13,23,23,23,31,esteban-ocon,alpine,renault,pirelli,2,30,21.444,21444.0,21.444
1114,2024,13,24,24,24,63,george-russell,mercedes,mercedes,pirelli,1,33,21.369,21369.0,21.369
1114,2024,13,25,25,25,2,logan-sargeant,williams,mercedes,pirelli,2,33,21.398,21398.0,21.398
1114,2024,13,26,26,26,20,kevin-magnussen,haas,ferrari,pirelli,2,34,22.531,22531.0,22.531
1114,2024,13,27,27,27,24,guanyu-zhou,kick-sauber,ferrari,pirelli,2,36,22.183,22183.0,22.183
1114,2024,13,28,28,28,14,fernando-alonso,aston-martin,mercedes,pirelli,2,37,21.800,21800.0,21.8
1114,2024,13,29,29,29,44,lewis-hamilton,mercedes,mercedes,pirelli,2,40,21.910,21910.0,21.91
1114,2024,13,30,30,30,16,charles-leclerc,ferrari,ferrari,pirelli,2,40,21.723,21723.0,21.723
1114,2024,13,31,31,31,4,lando-norris,mclaren,mercedes,pirelli,2,45,21.249,21249.0,21.249
1114,2024,13,32,32,32,18,lance-stroll,aston-martin,mercedes,pirelli,2,45,22.276,22276.0,22.276
1114,2024,13,33,33,33,77,valtteri-bottas,kick-sauber,ferrari,pirelli,2,45,21.981,21981.0,21.981
1114,2024,13,34,34,34,81,oscar-piastri,mclaren,mercedes,pirelli,2,47,21.823,21823.0,21.823
1114,2024,13,35,35,35,55,carlos-sainz-jr,ferrari,ferrari,pirelli,2,47,21.439,21439.0,21.439
1114,2024,13,36,36,36,11,sergio-perez,red-bull,honda-rbpt,pirelli,2,47,21.056,21056.0,21.056
1114,2024,13,37,37,37,1,max-verstappen,red-bull,honda-rbpt,pirelli,2,49,21.344,21344.0,21.344
1114,2024,13,38,38,38,63,george-russell,mercedes,mercedes,pirelli,2,53,21.328,21328.0,21.328
1114,2024,13,39,39,39,2,logan-sargeant,williams,mercedes,pirelli,3,63,21.908,21908.0,21.908
1114,2024,13,40,40,40,31,esteban-ocon,alpine,renault,pirelli,3,64,21.330,21330.0,21.33
1115,2024,14,1,1,1,27,nico-hulkenberg,haas,ferrari,pirelli,1,7,23.562,23562.0,23.562
1115,2024,14,2,2,2,23,alexander-albon,williams,mercedes,pirelli,1,8,23.606,23606.0,23.606
1115,2024,14,3,3,3,3,daniel-ricciardo,rb,honda-rbpt,pirelli,1,8,22.643,22643.0,22.643
1115,2024,14,4,4,4,2,logan-sargeant,williams,mercedes,pirelli,1,8,23.338,23338.0,23.338
1115,2024,14,5,5,5,10,pierre-gasly,alpine,renault,pirelli,1,9,22.900,22900.0,22.9
1115,2024,14,6,6,6,63,george-russell,mercedes,mercedes,pirelli,1,10,22.686,22686.0,22.686
1115,2024,14,7,7,7,1,max-verstappen,red-bull,honda-rbpt,pirelli,1,10,23.214,23214.0,23.214
1115,2024,14,8,8,8,44,lewis-hamilton,mercedes,mercedes,pirelli,1,11,23.188,23188.0,23.188
1115,2024,14,9,9,9,11,sergio-perez,red-bull,honda-rbpt,pirelli,1,11,22.692,22692.0,22.692
1115,2024,14,10,10,10,81,oscar-piastri,mclaren,mercedes,pirelli,1,11,22.623,22623.0,22.623
1115,2024,14,11,11,11,77,valtteri-bottas,kick-sauber,ferrari,pirelli,1,11,23.147,23147.0,23.147
1115,2024,14,12,12,12,16,charles-leclerc,ferrari,ferrari,pirelli,1,12,22.942,22942.0,22.942
1115,2024,14,13,13,13,31,esteban-ocon,alpine,renault,pirelli,1,12,23.366,23366.0,23.366
1115,2024,14,14,14,14,18,lance-stroll,aston-martin,mercedes,pirelli,1,12,23.010,23010.0,23.01
1115,2024,14,15,15,15,14,fernando-alonso,aston-martin,mercedes,pirelli,1,13,23.075,23075.0,23.075
1115,2024,14,16,16,16,4,lando-norris,mclaren,mercedes,pirelli,1,15,22.682,22682.0,22.682
1115,2024,14,17,17,17,22,yuki-tsunoda,rb,honda-rbpt,pirelli,1,15,23.452,23452.0,23.452
1115,2024,14,18,18,18,20,kevin-magnussen,haas,ferrari,pirelli,1,17,23.619,23619.0,23.619
1115,2024,14,19,19,19,55,carlos-sainz-jr,ferrari,ferrari,pirelli,1,20,23.080,23080.0,23.08
1115,2024,14,20,20,20,27,nico-hulkenberg,haas,ferrari,pirelli,2,20,23.268,23268.0,23.268
1115,2024,14,21,21,21,11,sergio-perez,red-bull,honda-rbpt,pirelli,2,21,22.648,22648.0,22.648
1115,2024,14,22,22,22,3,daniel-ricciardo,rb,honda-rbpt,pirelli,2,21,22.328,22328.0,22.328
1115,2024,14,23,23,23,23,alexander-albon,williams,mercedes,pirelli,2,23,23.146,23146.0,23.146
1115,2024,14,24,24,24,2,logan-sargeant,williams,mercedes,pirelli,2,24,23.692,23692.0,23.692
1115,2024,14,25,25,25,16,charles-leclerc,ferrari,ferrari,pirelli,2,25,23.330,23330.0,23.33
1115,2024,14,26,26,26,44,lewis-hamilton,mercedes,mercedes,pirelli,2,26,22.704,22704.0,22.704
1115,2024,14,27,27,27,1,max-verstappen,red-bull,honda-rbpt,pirelli,2,28,22.943,22943.0,22.943
1115,2024,14,28,28,28,55,carlos-sainz-jr,ferrari,ferrari,pirelli,2,28,23.089,23089.0,23.089
1115,2024,14,29,29,29,10,pierre-gasly,alpine,renault,pirelli,2,28,22.844,22844.0,22.844
1115,2024,14,30,30,30,4,lando-norris,mclaren,mercedes,pirelli,2,29,22.610,22610.0,22.61
1115,2024,14,31,31,31,81,oscar-piastri,mclaren,mercedes,pirelli,2,30,24.125,24125.0,24.125
1115,2024,14,32,32,32,31,esteban-ocon,alpine,renault,pirelli,2,30,23.546,23546.0,23.546
1115,2024,14,33,33,33,77,valtteri-bottas,kick-sauber,ferrari,pirelli,2,35,22.949,22949.0,22.949
1115,2024,14,34,34,34,11,sergio-perez,red-bull,honda-rbpt,pirelli,3,42,22.632,22632.0,22.632
1116,2024,15,1,1,1,23,alexander-albon,williams,mercedes,pirelli,1,12,21.258,21258.0,21.258
1116,2024,15,2,2,2,27,nico-hulkenberg,haas,ferrari,pirelli,1,14,21.619,21619.0,21.619
1116,2024,15,3,3,3,22,yuki-tsunoda,rb,honda-rbpt,pirelli,1,14,21.249,21249.0,21.249
1116,2024,15,4,4,4,77,valtteri-bottas,kick-sauber,ferrari,pirelli,1,15,21.095,21095.0,21.095
1116,2024,15,5,5,5,24,guanyu-zhou,kick-sauber,ferrari,pirelli,1,18,21.214,21214.0,21.214
1116,2024,15,6,6,6,2,logan-sargeant,williams,mercedes,pirelli,1,22,22.030,22030.0,22.03
1116,2024,15,7,7,7,44,lewis-hamilton,mercedes,mercedes,pirelli,1,23,21.168,21168.0,21.168
1116,2024,15,8,8,8,16,charles-leclerc,ferrari,ferrari,pirelli,1,24,20.841,20841.0,20.841
1116,2024,15,9,9,9,63,george-russell,mercedes,mercedes,pirelli,1,25,21.846,21846.0,21.846
1116,2024,15,10,10,10,1,max-verstappen,red-bull,honda-rbpt,pirelli,1,27,20.785,20785.0,20.785
1116,2024,15,11,11,11,4,lando-norris,mclaren,mercedes,pirelli,1,28,21.536,21536.0,21.536
1116,2024,15,12,12,12,11,sergio-perez,red-bull,honda-rbpt,pirelli,1,29,22.934,22934.0,22.934
1116,2024,15,13,13,13,3,daniel-ricciardo,rb,honda-rbpt,pirelli,1,29,20.942,20942.0,20.942
1116,2024,15,14,14,14,55,carlos-sainz-jr,ferrari,ferrari,pirelli,1,30,20.840,20840.0,20.84
1116,2024,15,15,15,15,18,lance-stroll,aston-martin,mercedes,pirelli,1,30,21.385,21385.0,21.385
1116,2024,15,16,16,16,31,esteban-ocon,alpine,renault,pirelli,1,30,21.015,21015.0,21.015
1116,2024,15,17,17,17,14,fernando-alonso,aston-martin,mercedes,pirelli,1,31,21.348,21348.0,21.348
1116,2024,15,18,18,18,10,pierre-gasly,alpine,renault,pirelli,1,32,22.646,22646.0,22.646
1116,2024,15,19,19,19,22,yuki-tsunoda,rb,honda-rbpt,pirelli,2,32,20.880,20880.0,20.88
1116,2024,15,20,20,20,81,oscar-piastri,mclaren,mercedes,pirelli,1,33,20.969,20969.0,20.969
1116,2024,15,21,21,21,20,kevin-magnussen,haas,ferrari,pirelli,1,40,21.403,21403.0,21.403
1116,2024,15,22,22,22,77,valtteri-bottas,kick-sauber,ferrari,pirelli,2,43,21.273,21273.0,21.273
1116,2024,15,23,23,23,44,lewis-hamilton,mercedes,mercedes,pirelli,2,48,21.026,21026.0,21.026
1116,2024,15,24,24,24,24,guanyu-zhou,kick-sauber,ferrari,pirelli,2,51,22.044,22044.0,22.044
1116,2024,15,25,25,25,63,george-russell,mercedes,mercedes,pirelli,2,54,21.159,21159.0,21.159
1116,2024,15,26,26,26,23,alexander-albon,williams,mercedes,pirelli,2,54,21.016,21016.0,21.016
1117,2024,16,1,1,1,27,nico-hulkenberg,haas,ferrari,pirelli,1,5,38.875,38875.0,22.894248992852734
1117,2024,16,2,2,2,10,pierre-gasly,alpine,renault,pirelli,1,10,24.335,24335.0,24.335
1117,2024,16,3,3,3,63,george-russell,mercedes,mercedes,pirelli,1,11,32.696,32696.0,32.696
1117,2024,16,4,4,4,3,daniel-ricciardo,rb,honda-rbpt,pirelli,1,11,30.317,30317.0,30.317
1117,2024,16,5,5,5,14,fernando-alonso,aston-martin,mercedes,pirelli,1,12,24.866,24866.0,24.866
1117,2024,16,6,6,6,4,lando-norris,mclaren,mercedes,pirelli,1,14,24.169,24169.0,24.169
1117,2024,16,7,7,7,20,kevin-magnussen,haas,ferrari,pirelli,1,14,25.672,25672.0,25.672
1117,2024,16,8,8,8,16,charles-leclerc,ferrari,ferrari,pirelli,1,15,24.551,24551.0,24.551
1117,2024,16,9,9,9,44,lewis-hamilton,mercedes,mercedes,pirelli,1,15,24.469,24469.0,24.469
1117,2024,16,10,10,10,24,guanyu-zhou,kick-sauber,ferrari,pirelli,1,15,27.138,27138.0,27.138
1117,2024,16,11,11,11,81,oscar-piastri,mclaren,mercedes,pirelli,1,16,23.793,23793.0,23.793
1117,2024,16,12,12,12,43,franco-colapinto,williams,mercedes,pirelli,1,16,25.147,25147.0,25.147
1117,2024,16,13,13,13,23,alexander-albon,williams,mercedes,pirelli,1,17,24.801,24801.0,24.801
1117,2024,16,14,14,14,55,carlos-sainz-jr,ferrari,ferrari,pirelli,1,19,24.313,24313.0,24.313
1117,2024,16,15,15,15,18,lance-stroll,aston-martin,mercedes,pirelli,1,19,24.980,24980.0,24.98
1117,2024,16,16,16,16,1,max-verstappen,red-bull,honda-rbpt,pirelli,1,22,28.198,28198.0,28.198
1117,2024,16,17,17,17,11,sergio-perez,red-bull,honda-rbpt,pirelli,1,23,24.728,24728.0,24.728
1117,2024,16,18,18,18,10,pierre-gasly,alpine,renault,pirelli,2,30,24.203,24203.0,24.203
1117,2024,16,19,19,19,31,esteban-ocon,alpine,renault,pirelli,1,31,24.146,24146.0,24.146
1117,2024,16,20,20,20,4,lando-norris,mclaren,mercedes,pirelli,2,32,24.870,24870.0,24.87
1117,2024,16,21,21,21,27,nico-hulkenberg,haas,ferrari,pirelli,2,32,36.576,36576.0,21.882606332453413
1117,2024,16,22,22,22,63,george-russell,mercedes,mercedes,pirelli,2,33,26.297,26297.0,26.297
1117,2024,16,23,23,23,77,valtteri-bottas,kick-sauber,ferrari,pirelli,1,33,24.410,24410.0,24.41
1117,2024,16,24,24,24,11,sergio-perez,red-bull,honda-rbpt,pirelli,2,35,24.030,24030.0,24.03
1117,2024,16,25,25,25,14,fernando-alonso,aston-martin,mercedes,pirelli,2,35,24.501,24501.0,24.501
1117,2024,16,26,26,26,18,lance-stroll,aston-martin,mercedes,pirelli,2,36,24.209,24209.0,24.209
1117,2024,16,27,27,27,44,lewis-hamilton,mercedes,mercedes,pirelli,2,37,24.155,24155.0,24.155
1117,2024,16,28,28,28,81,oscar-piastri,mclaren,mercedes,pirelli,2,38,24.670,24670.0,24.67
1117,2024,16,29,29,29,1,max-verstappen,red-bull,honda-rbpt,pirelli,2,41,24.150,24150.0,24.15
1117,2024,16,30,30,30,18,lance-stroll,aston-martin,mercedes,pirelli,3,50,25.269,25269.0,25.269
1118,2024,17,1,1,1,18,lance-stroll,aston-martin,mercedes,pirelli,1,1,21.123,21123.0,21.123
1118,2024,17,2,2,2,43,franco-colapinto,williams,mercedes,pirelli,1,10,20.596,20596.0,20.596
1118,2024,17,3,3,3,14,fernando-alonso,aston-martin,mercedes,pirelli,1,11,20.073,20073.0,20.073
1118,2024,17,4,4,4,77,valtteri-bottas,kick-sauber,ferrari,pirelli,1,11,20.045,20045.0,20.045
1118,2024,17,5,5,5,1,max-verstappen,red-bull,honda-rbpt,pirelli,1,12,21.145,21145.0,21.145
1118,2024,17,6,6,6,63,george-russell,mercedes,mercedes,pirelli,1,12,19.954,19954.0,19.954
1118,2024,17,7,7,7,44,lewis-hamilton,mercedes,mercedes,pirelli,1,12,21.289,21289.0,21.289
1118,2024,17,8,8,8,22,yuki-tsunoda,rb,honda-rbpt,pirelli,1,12,20.922,20922.0,20.922
1118,2024,17,9,9,9,11,sergio-perez,red-bull,honda-rbpt,pirelli,1,13,20.630,20630.0,20.63
1118,2024,17,10,10,10,50,oliver-bearman,haas,ferrari,pirelli,1,14,21.276,21276.0,21.276
1118,2024,17,11,11,11,81,oscar-piastri,mclaren,mercedes,pirelli,1,15,20.181,20181.0,20.181
1118,2024,17,12,12,12,27,nico-hulkenberg,haas,ferrari,pirelli,1,15,21.617,21617.0,21.617
1118,2024,17,13,13,13,16,charles-leclerc,ferrari,ferrari,pirelli,1,16,20.671,20671.0,20.671
1118,2024,17,14,14,14,55,carlos-sainz-jr,ferrari,ferrari,pirelli,1,17,21.483,21483.0,21.483
1118,2024,17,15,15,15,18,lance-stroll,aston-martin,mercedes,pirelli,2,22,20.214,20214.0,20.214
1118,2024,17,16,16,16,23,alexander-albon,williams,mercedes,pirelli,1,31,20.287,20287.0,20.287
1118,2024,17,17,17,17,24,guanyu-zhou,kick-sauber,ferrari,pirelli,1,34,20.520,20520.0,20.52
1118,2024,17,18,18,18,4,lando-norris,mclaren,mercedes,pirelli,1,37,19.712,19712.0,19.712
1118,2024,17,19,19,19,1,max-verstappen,red-bull,honda-rbpt,pirelli,2,49,20.725,20725.0,20.725
1118,2024,17,20,20,20,3,daniel-ricciardo,rb,honda-rbpt,pirelli,1,49,21.984,21984.0,21.984
1118,2024,17,21,21,21,31,esteban-ocon,alpine,renault,pirelli,1,49,20.634,20634.0,20.634
1118,2024,17,22,22,22,10,pierre-gasly,alpine,renault,pirelli,1,50,20.257,20257.0,20.257
1119,2024,18,1,1,1,3,daniel-ricciardo,rb,honda-rbpt,pirelli,1,10,30.316,30316.0,30.316
1119,2024,18,2,2,2,23,alexander-albon,williams,mercedes,pirelli,1,11,29.126,29126.0,29.126
1119,2024,18,3,3,3,55,carlos-sainz-jr,ferrari,ferrari,pirelli,1,13,29.385,29385.0,29.385
1119,2024,18,4,4,4,44,lewis-hamilton,mercedes,mercedes,pirelli,1,17,29.272,29272.0,29.272
1119,2024,18,5,5,5,14,fernando-alonso,aston-martin,mercedes,pirelli,1,25,29.251,29251.0,29.251
1119,2024,18,6,6,6,18,lance-stroll,aston-martin,mercedes,pirelli,1,26,29.816,29816.0,29.816
1119,2024,18,7,7,7,63,george-russell,mercedes,mercedes,pirelli,1,27,28.739,28739.0,28.739
1119,2024,18,8,8,8,11,sergio-perez,red-bull,honda-rbpt,pirelli,1,28,28.990,28990.0,28.99
1119,2024,18,9,9,9,20,kevin-magnussen,haas,ferrari,pirelli,1,28,29.707,29707.0,29.707
1119,2024,18,10,10,10,1,max-verstappen,red-bull,honda-rbpt,pirelli,1,29,29.655,29655.0,29.655
1119,2024,18,11,11,11,27,nico-hulkenberg,haas,ferrari,pirelli,1,29,29.808,29808.0,29.808
1119,2024,18,12,12,12,43,franco-colapinto,williams,mercedes,pirelli,1,29,29.772,29772.0,29.772
1119,2024,18,13,13,13,31,esteban-ocon,alpine,renault,pirelli,1,29,29.601,29601.0,29.601
1119,2024,18,14,14,14,4,lando-norris,mclaren,mercedes,pirelli,1,30,29.091,29091.0,29.091
1119,2024,18,15,15,15,22,yuki-tsunoda,rb,honda-rbpt,pirelli,1,33,29.662,29662.0,29.662
1119,2024,18,16,16,16,77,valtteri-bottas,kick-sauber,ferrari,pirelli,1,33,30.423,30423.0,30.423
1119,2024,18,17,17,17,24,guanyu-zhou,kick-sauber,ferrari,pirelli,1,34,29.360,29360.0,29.36
1119,2024,18,18,18,18,16,charles-leclerc,ferrari,ferrari,pirelli,1,36,29.042,29042.0,29.042
1119,2024,18,19,19,19,10,pierre-gasly,alpine,renault,pirelli,1,37,31.509,31509.0,31.509
1119,2024,18,20,20,20,81,oscar-piastri,mclaren,mercedes,pirelli,1,38,29.152,29152.0,29.152
1119,2024,18,21,21,21,3,daniel-ricciardo,rb,honda-rbpt,pirelli,2,46,29.066,29066.0,29.066
1119,2024,18,22,22,22,20,kevin-magnussen,haas,ferrari,pirelli,2,49,31.291,31291.0,31.291
1119,2024,18,23,23,23,3,daniel-ricciardo,rb,honda-rbpt,pirelli,3,58,29.653,29653.0,29.653
1120,2024,19,1,1,1,23,alexander-albon,williams,mercedes,pirelli,1,3,34.983,34983.0,34.983
1120,2024,19,2,2,2,24,guanyu-zhou,kick-sauber,ferrari,pirelli,1,13,24.433,24433.0,24.433
1120,2024,19,3,3,3,77,valtteri-bottas,kick-sauber,ferrari,pirelli,1,15,24.439,24439.0,24.439
1120,2024,19,4,4,4,20,kevin-magnussen,haas,ferrari,pirelli,1,17,23.966,23966.0,23.966
1120,2024,19,5,5,5,10,pierre-gasly,alpine,renault,pirelli,1,18,28.228,28228.0,28.228
1120,2024,19,6,6,6,22,yuki-tsunoda,rb,honda-rbpt,pirelli,1,18,24.193,24193.0,24.193
1120,2024,19,7,7,7,55,carlos-sainz-jr,ferrari,ferrari,pirelli,1,21,23.963,23963.0,23.963
1120,2024,19,8,8,8,1,max-verstappen,red-bull,honda-rbpt,pirelli,1,25,24.228,24228.0,24.228
1120,2024,19,9,9,9,16,charles-leclerc,ferrari,ferrari,pirelli,1,26,23.817,23817.0,23.817
1120,2024,19,10,10,10,11,sergio-perez,red-bull,honda-rbpt,pirelli,1,26,23.580,23580.0,23.58
1120,2024,19,11,11,11,14,fernando-alonso,aston-martin,mercedes,pirelli,1,26,24.247,24247.0,24.247
1120,2024,19,12,12,12,27,nico-hulkenberg,haas,ferrari,pirelli,1,27,24.500,24500.0,24.5
1120,2024,19,13,13,13,18,lance-stroll,aston-martin,mercedes,pirelli,1,27,26.399,26399.0,26.399
1120,2024,19,14,14,14,4,lando-norris,mclaren,mercedes,pirelli,1,31,23.731,23731.0,23.731
1120,2024,19,15,15,15,31,esteban-ocon,alpine,renault,pirelli,1,31,24.156,24156.0,24.156
1120,2024,19,16,16,16,81,oscar-piastri,mclaren,mercedes,pirelli,1,32,24.107,24107.0,24.107
1120,2024,19,17,17,17,23,alexander-albon,williams,mercedes,pirelli,2,33,24.391,24391.0,24.391
1120,2024,19,18,18,18,24,guanyu-zhou,kick-sauber,ferrari,pirelli,2,35,24.890,24890.0,24.89
1120,2024,19,19,19,19,30,liam-lawson,rb,honda-rbpt,pirelli,1,36,23.839,23839.0,23.839
1120,2024,19,20,20,20,20,kevin-magnussen,haas,ferrari,pirelli,2,38,24.087,24087.0,24.087
1120,2024,19,21,21,21,43,franco-colapinto,williams,mercedes,pirelli,1,39,23.971,23971.0,23.971
1120,2024,19,22,22,22,63,george-russell,mercedes,mercedes,pirelli,1,40,29.327,29327.0,29.327
1120,2024,19,23,23,23,31,esteban-ocon,alpine,renault,pirelli,2,51,26.175,26175.0,26.175
1121,2024,20,1,1,1,11,sergio-perez,red-bull,honda-rbpt,pirelli,1,20,27.730,27730.0,27.73
1121,2024,20,2,2,2,1,max-verstappen,red-bull,honda-rbpt,pirelli,1,26,43.730,43730.0,22.16301252122343
1121,2024,20,3,3,3,18,lance-stroll,aston-martin,mercedes,pirelli,1,26,22.592,22592.0,22.592
1121,2024,20,4,4,4,44,lewis-hamilton,mercedes,mercedes,pirelli,1,28,22.538,22538.0,22.538
1121,2024,20,5,5,5,10,pierre-gasly,alpine,renault,pirelli,1,28,23.204,23204.0,23.204
1121,2024,20,6,6,6,27,nico-hulkenberg,haas,ferrari,pirelli,1,29,23.077,23077.0,23.077
1121,2024,20,7,7,7,4,lando-norris,mclaren,mercedes,pirelli,1,30,22.111,22111.0,22.111
1121,2024,20,8,8,8,20,kevin-magnussen,haas,ferrari,pirelli,1,30,23.332,23332.0,23.332
1121,2024,20,9,9,9,16,charles-leclerc,ferrari,ferrari,pirelli,1,31,22.860,22860.0,22.86
1121,2024,20,10,10,10,63,george-russell,mercedes,mercedes,pirelli,1,31,22.462,22462.0,22.462
1121,2024,20,11,11,11,55,carlos-sainz-jr,ferrari,ferrari,pirelli,1,32,22.249,22249.0,22.249
1121,2024,20,12,12,12,81,oscar-piastri,mclaren,mercedes,pirelli,1,39,21.825,21825.0,21.825
1121,2024,20,13,13,13,30,liam-lawson,rb,honda-rbpt,pirelli,1,39,22.586,22586.0,22.586
1121,2024,20,14,14,14,24,guanyu-zhou,kick-sauber,ferrari,pirelli,1,43,22.935,22935.0,22.935
1121,2024,20,15,15,15,11,sergio-perez,red-bull,honda-rbpt,pirelli,2,43,22.174,22174.0,22.174
1121,2024,20,16,16,16,43,franco-colapinto,williams,mercedes,pirelli,1,47,23.895,23895.0,23.895
1121,2024,20,17,17,17,31,esteban-ocon,alpine,renault,pirelli,1,48,23.245,23245.0,23.245
1121,2024,20,18,18,18,77,valtteri-bottas,kick-sauber,ferrari,pirelli,1,49,22.505,22505.0,22.505
1121,2024,20,19,19,19,30,liam-lawson,rb,honda-rbpt,pirelli,2,65,30.299,30299.0,30.299
1121,2024,20,20,20,20,16,charles-leclerc,ferrari,ferrari,pirelli,2,69,22.690,22690.0,22.69
1121,2024,20,21,21,21,11,sergio-perez,red-bull,honda-rbpt,pirelli,3,68,21.920,21920.0,21.92
1122,2024,21,1,1,1,16,charles-leclerc,ferrari,ferrari,pirelli,1,24,24.573,24573.0,24.573
1122,2024,21,2,2,2,27,nico-hulkenberg,haas,ferrari,pirelli,1,25,25.369,25369.0,25.369
1122,2024,21,3,3,3,43,franco-colapinto,williams,mercedes,pirelli,1,26,25.287,25287.0,25.287
1122,2024,21,4,4,4,81,oscar-piastri,mclaren,mercedes,pirelli,1,27,26.050,26050.0,26.05
1122,2024,21,5,5,5,14,fernando-alonso,aston-martin,mercedes,pirelli,1,27,25.107,25107.0,25.107
1122,2024,21,6,6,6,50,oliver-bearman,haas,ferrari,pirelli,1,27,35.755,35755.0,23.22356753616441
1122,2024,21,7,7,7,44,lewis-hamilton,mercedes,mercedes,pirelli,1,27,25.205,25205.0,25.205
1122,2024,21,8,8,8,55,carlos-sainz-jr,ferrari,ferrari,pirelli,1,27,25.920,25920.0,25.92
1122,2024,21,9,9,9,11,sergio-perez,red-bull,honda-rbpt,pirelli,1,27,26.692,26692.0,26.692
1122,2024,21,10,10,10,24,guanyu-zhou,kick-sauber,ferrari,pirelli,1,27,25.248,25248.0,25.248
1122,2024,21,11,11,11,63,george-russell,mercedes,mercedes,pirelli,1,28,25.698,25698.0,25.698
1122,2024,21,12,12,12,4,lando-norris,mclaren,mercedes,pirelli,1,28,24.764,24764.0,24.764
1122,2024,21,13,13,13,22,yuki-tsunoda,rb,honda-rbpt,pirelli,1,28,25.431,25431.0,25.431
1122,2024,21,14,14,14,30,liam-lawson,rb,honda-rbpt,pirelli,1,28,28.167,28167.0,28.167
1122,2024,21,15,15,15,27,nico-hulkenberg,haas,ferrari,pirelli,2,27,58.984,58984.0,21.9792846991635
1122,2024,21,16,16,16,24,guanyu-zhou,kick-sauber,ferrari,pirelli,2,28,27.067,27067.0,27.067
1122,2024,21,17,17,17,43,franco-colapinto,williams,mercedes,pirelli,2,30,25.239,25239.0,25.239
1122,2024,21,18,18,18,27,nico-hulkenberg,haas,ferrari,pirelli,3,29,28.590,28590.0,28.59
1122,2024,21,19,19,19,31,esteban-ocon,alpine,renault,pirelli,1,32,23:28.695,1408695.0,24.209742523759456
1122,2024,21,20,20,20,1,max-verstappen,red-bull,honda-rbpt,pirelli,1,32,23:29.303,1409303.0,21.64951717315046
1122,2024,21,21,21,21,24,guanyu-zhou,kick-sauber,ferrari,pirelli,3,31,21:23.154,1283154.0,21.422983158687938
1122,2024,21,22,22,22,10,pierre-gasly,alpine,renault,pirelli,1,32,23:27.586,1407586.0,22.277200620261958
1122,2024,21,23,23,23,4,lando-norris,mclaren,mercedes,pirelli,2,32,23:35.363,1415363.0,21.924530368140214
1122,2024,21,24,24,24,63,george-russell,mercedes,mercedes,pirelli,2,32,23:35.838,1415838.0,21.38661334341371
1122,2024,21,25,25,25,22,yuki-tsunoda,rb,honda-rbpt,pirelli,2,32,23:39.030,1419030.0,22.372404876399493
1122,2024,21,26,26,26,16,charles-leclerc,ferrari,ferrari,pirelli,2,32,23:40.260,1420260.0,21.77764956653066
1122,2024,21,27,27,27,81,oscar-piastri,mclaren,mercedes,pirelli,2,32,23:40.270,1420270.0,22.32324211519429
1122,2024,21,28,28,28,14,fernando-alonso,aston-martin,mercedes,pirelli,2,32,23:42.872,1422872.0,21.82410580508102
1122,2024,21,29,29,29,30,liam-lawson,rb,honda-rbpt,pirelli,2,32,23:42.722,1422722.0,21.72291748388086
1122,2024,21,30,30,30,44,lewis-hamilton,mercedes,mercedes,pirelli,2,32,23:45.703,1425703.0,24.123299735977337
1122,2024,21,31,31,31,77,valtteri-bottas,kick-sauber,ferrari,pirelli,1,32,23:42.094,1422094.0,24.485432669404464
1122,2024,21,32,32,32,55,carlos-sainz-jr,ferrari,ferrari,pirelli,2,32,23:44.659,1424659.0,22.437277053038358
1122,2024,21,33,33,33,11,sergio-perez,red-bull,honda-rbpt,pirelli,2,32,23:45.215,1425215.0,22.64370516476087
1122,2024,21,34,34,34,50,oliver-bearman,haas,ferrari,pirelli,2,32,23:44.737,1424737.0,21.448279860485993
1122,2024,21,35,35,35,24,guanyu-zhou,kick-sauber,ferrari,pirelli,4,32,1:08.542,68542.0,21.055441495480654
1123,2024,22,1,1,1,14,fernando-alonso,aston-martin,mercedes,pirelli,1,4,21.407,21407.0,21.407
1123,2024,22,2,2,2,16,charles-leclerc,ferrari,ferrari,pirelli,1,9,21.329,21329.0,21.329
1123,2024,22,3,3,3,4,lando-norris,mclaren,mercedes,pirelli,1,9,21.194,21194.0,21.194
1123,2024,22,4,4,4,23,alexander-albon,williams,mercedes,pirelli,1,9,22.012,22012.0,22.012
1123,2024,22,5,5,5,18,lance-stroll,aston-martin,mercedes,pirelli,1,9,34.863,34863.0,34.863
1123,2024,22,6,6,6,55,carlos-sainz-jr,ferrari,ferrari,pirelli,1,10,21.048,21048.0,21.048
1123,2024,22,7,7,7,10,pierre-gasly,alpine,renault,pirelli,1,10,22.179,22179.0,22.179
1123,2024,22,8,8,8,22,yuki-tsunoda,rb,honda-rbpt,pirelli,1,10,21.168,21168.0,21.168
1123,2024,22,9,9,9,81,oscar-piastri,mclaren,mercedes,pirelli,1,10,27.732,27732.0,27.732
1123,2024,22,10,10,10,1,max-verstappen,red-bull,honda-rbpt,pirelli,1,11,20.697,20697.0,20.697
1123,2024,22,11,11,11,31,esteban-ocon,alpine,renault,pirelli,1,11,15.790,15790.0,15.79
1123,2024,22,12,12,12,24,guanyu-zhou,kick-sauber,ferrari,pirelli,1,11,22.960,22960.0,22.96
1123,2024,22,13,13,13,30,liam-lawson,rb,honda-rbpt,pirelli,1,11,21.049,21049.0,21.049
1123,2024,22,14,14,14,63,george-russell,mercedes,mercedes,pirelli,1,12,21.072,21072.0,21.072
1123,2024,22,15,15,15,31,esteban-ocon,alpine,renault,pirelli,2,12,21.142,21142.0,21.142
1123,2024,22,16,16,16,44,lewis-hamilton,mercedes,mercedes,pirelli,1,13,21.067,21067.0,21.067
1123,2024,22,17,17,17,27,nico-hulkenberg,haas,ferrari,pirelli,1,14,21.511,21511.0,21.511
1123,2024,22,18,18,18,43,franco-colapinto,williams,mercedes,pirelli,1,16,21.170,21170.0,21.17
1123,2024,22,19,19,19,11,sergio-perez,red-bull,honda-rbpt,pirelli,1,17,21.294,21294.0,21.294
1123,2024,22,20,20,20,20,kevin-magnussen,haas,ferrari,pirelli,1,17,21.963,21963.0,21.963
1123,2024,22,21,21,21,77,valtteri-bottas,kick-sauber,ferrari,pirelli,1,17,21.623,21623.0,21.623
1123,2024,22,22,22,22,14,fernando-alonso,aston-martin,mercedes,pirelli,2,24,21.407,21407.0,21.407
1123,2024,22,23,23,23,81,oscar-piastri,mclaren,mercedes,pirelli,2,25,21.082,21082.0,21.082
1123,2024,22,24,24,24,43,franco-colapinto,williams,mercedes,pirelli,2,26,21.221,21221.0,21.221
1123,2024,22,25,25,25,1,max-verstappen,red-bull,honda-rbpt,pirelli,2,27,22.254,22254.0,22.254
1123,2024,22,26,26,26,44,lewis-hamilton,mercedes,mercedes,pirelli,2,27,21.355,21355.0,21.355
1123,2024,22,27,27,27,55,carlos-sainz-jr,ferrari,ferrari,pirelli,2,28,20.879,20879.0,20.879
1123,2024,22,28,28,28,18,lance-stroll,aston-martin,mercedes,pirelli,2,28,21.588,21588.0,21.588
1123,2024,22,29,29,29,22,yuki-tsunoda,rb,honda-rbpt,pirelli,2,29,21.208,21208.0,21.208
1123,2024,22,30,30,30,4,lando-norris,mclaren,mercedes,pirelli,2,30,20.668,20668.0,20.668
1123,2024,22,31,31,31,16,charles-leclerc,ferrari,ferrari,pirelli,2,31,21.585,21585.0,21.585
1123,2024,22,32,32,32,63,george-russell,mercedes,mercedes,pirelli,2,32,20.975,20975.0,20.975
1123,2024,22,33,33,33,11,sergio-perez,red-bull,honda-rbpt,pirelli,2,32,21.034,21034.0,21.034
1123,2024,22,34,34,34,27,nico-hulkenberg,haas,ferrari,pirelli,2,33,21.702,21702.0,21.702
1123,2024,22,35,35,35,24,guanyu-zhou,kick-sauber,ferrari,pirelli,2,34,21.761,21761.0,21.761
1123,2024,22,36,36,36,77,valtteri-bottas,kick-sauber,ferrari,pirelli,2,35,22.821,22821.0,22.821
1123,2024,22,37,37,37,30,liam-lawson,rb,honda-rbpt,pirelli,2,38,20.642,20642.0,20.642
1123,2024,22,38,38,38,31,esteban-ocon,alpine,renault,pirelli,3,45,21.858,21858.0,21.858
1123,2024,22,39,39,39,4,lando-norris,mclaren,mercedes,pirelli,3,48,21.059,21059.0,21.059
1124,2024,23,1,1,1,18,lance-stroll,aston-martin,mercedes,pirelli,1,1,29.783,29783.0,29.783
1124,2024,23,2,2,2,27,nico-hulkenberg,haas,ferrari,pirelli,1,1,32.957,32957.0,32.957
1124,2024,23,3,3,3,18,lance-stroll,aston-martin,mercedes,pirelli,2,7,41.674,41674.0,22.004072262692084
1124,2024,23,4,4,4,63,george-russell,mercedes,mercedes,pirelli,1,23,32.309,32309.0,32.309
1124,2024,23,5,5,5,77,valtteri-bottas,kick-sauber,ferrari,pirelli,1,24,29.034,29034.0,29.034
1124,2024,23,6,6,6,20,kevin-magnussen,haas,ferrari,pirelli,1,27,28.543,28543.0,28.543
1124,2024,23,7,7,7,27,nico-hulkenberg,haas,ferrari,pirelli,2,31,28.343,28343.0,28.343
1124,2024,23,8,8,8,81,oscar-piastri,mclaren,mercedes,pirelli,1,34,27.818,27818.0,27.818
1124,2024,23,9,9,9,55,carlos-sainz-jr,ferrari,ferrari,pirelli,1,34,36.143,36143.0,21.497653386811834
1124,2024,23,10,10,10,44,lewis-hamilton,mercedes,mercedes,pirelli,1,34,37.915,37915.0,22.750553849699635
1124,2024,23,11,11,11,1,max-verstappen,red-bull,honda-rbpt,pirelli,1,35,28.303,28303.0,28.303
1124,2024,23,12,12,12,4,lando-norris,mclaren,mercedes,pirelli,1,35,28.024,28024.0,28.024
1124,2024,23,13,13,13,16,charles-leclerc,ferrari,ferrari,pirelli,1,35,28.460,28460.0,28.46
1124,2024,23,14,14,14,11,sergio-perez,red-bull,honda-rbpt,pirelli,1,35,28.088,28088.0,28.088
1124,2024,23,15,15,15,10,pierre-gasly,alpine,renault,pirelli,1,35,28.792,28792.0,28.792
1124,2024,23,16,16,16,63,george-russell,mercedes,mercedes,pirelli,2,35,27.870,27870.0,27.87
1124,2024,23,17,17,17,14,fernando-alonso,aston-martin,mercedes,pirelli,1,35,28.628,28628.0,28.628
1124,2024,23,18,18,18,24,guanyu-zhou,kick-sauber,ferrari,pirelli,1,35,29.085,29085.0,29.085
1124,2024,23,19,19,19,22,yuki-tsunoda,rb,honda-rbpt,pirelli,1,35,29.024,29024.0,29.024
1124,2024,23,20,20,20,23,alexander-albon,williams,mercedes,pirelli,1,35,29.179,29179.0,29.179
1124,2024,23,21,21,21,30,liam-lawson,rb,honda-rbpt,pirelli,1,35,45.049,45049.0,23.349043240765184
1124,2024,23,22,22,22,1,max-verstappen,red-bull,honda-rbpt,pirelli,2,36,23.884,23884.0,23.884
1124,2024,23,23,23,23,44,lewis-hamilton,mercedes,mercedes,pirelli,2,35,23.412,23412.0,23.412
1124,2024,23,24,24,24,77,valtteri-bottas,kick-sauber,ferrari,pirelli,2,35,28.968,28968.0,28.968
1124,2024,23,25,25,25,4,lando-norris,mclaren,mercedes,pirelli,2,36,25.592,25592.0,25.592
1124,2024,23,26,26,26,16,charles-leclerc,ferrari,ferrari,pirelli,2,36,25.675,25675.0,25.675
1124,2024,23,27,27,27,81,oscar-piastri,mclaren,mercedes,pirelli,2,36,22.867,22867.0,22.867
1124,2024,23,28,28,28,11,sergio-perez,red-bull,honda-rbpt,pirelli,2,36,22.705,22705.0,22.705
1124,2024,23,29,29,29,10,pierre-gasly,alpine,renault,pirelli,2,36,22.717,22717.0,22.717
1124,2024,23,30,30,30,63,george-russell,mercedes,mercedes,pirelli,3,36,22.763,22763.0,22.763
1124,2024,23,31,31,31,55,carlos-sainz-jr,ferrari,ferrari,pirelli,2,36,22.776,22776.0,22.776
1124,2024,23,32,32,32,14,fernando-alonso,aston-martin,mercedes,pirelli,2,36,28.592,28592.0,28.592
1124,2024,23,33,33,33,24,guanyu-zhou,kick-sauber,ferrari,pirelli,2,36,23.228,23228.0,23.228
1124,2024,23,34,34,34,20,kevin-magnussen,haas,ferrari,pirelli,2,36,22.696,22696.0,22.696
1124,2024,23,35,35,35,22,yuki-tsunoda,rb,honda-rbpt,pirelli,2,36,22.714,22714.0,22.714
1124,2024,23,36,36,36,23,alexander-albon,williams,mercedes,pirelli,2,36,22.710,22710.0,22.71
1124,2024,23,37,37,37,27,nico-hulkenberg,haas,ferrari,pirelli,3,36,23.810,23810.0,23.81
1124,2024,23,38,38,38,30,liam-lawson,rb,honda-rbpt,pirelli,2,36,22.737,22737.0,22.737
1124,2024,23,39,39,39,1,max-verstappen,red-bull,honda-rbpt,pirelli,3,37,22.703,22703.0,22.703
1124,2024,23,40,40,40,44,lewis-hamilton,mercedes,mercedes,pirelli,3,36,26.815,26815.0,26.815
1124,2024,23,41,41,41,4,lando-norris,mclaren,mercedes,pirelli,3,37,28.746,28746.0,28.746
1124,2024,23,42,42,42,77,valtteri-bottas,kick-sauber,ferrari,pirelli,3,36,28.140,28140.0,28.14
1124,2024,23,43,43,43,16,charles-leclerc,ferrari,ferrari,pirelli,3,37,28.983,28983.0,28.983
1124,2024,23,44,44,44,81,oscar-piastri,mclaren,mercedes,pirelli,3,37,29.326,29326.0,29.326
1124,2024,23,45,45,45,11,sergio-perez,red-bull,honda-rbpt,pirelli,3,37,29.459,29459.0,29.459
1124,2024,23,46,46,46,10,pierre-gasly,alpine,renault,pirelli,3,37,30.488,30488.0,30.488
1124,2024,23,47,47,47,63,george-russell,mercedes,mercedes,pirelli,4,37,34.037,34037.0,34.037
1124,2024,23,48,48,48,55,carlos-sainz-jr,ferrari,ferrari,pirelli,3,37,34.356,34356.0,34.356
1124,2024,23,49,49,49,24,guanyu-zhou,kick-sauber,ferrari,pirelli,3,37,34.818,34818.0,34.818
1124,2024,23,50,50,50,14,fernando-alonso,aston-martin,mercedes,pirelli,3,37,32.811,32811.0,32.811
1124,2024,23,51,51,51,20,kevin-magnussen,haas,ferrari,pirelli,3,37,33.363,33363.0,33.363
1124,2024,23,52,52,52,22,yuki-tsunoda,rb,honda-rbpt,pirelli,3,37,35.849,35849.0,21.09590782536444
1124,2024,23,53,53,53,23,alexander-albon,williams,mercedes,pirelli,3,37,36.548,36548.0,23.383754512509643
1124,2024,23,54,54,54,27,nico-hulkenberg,haas,ferrari,pirelli,4,37,37.692,37692.0,21.385163006979067
1124,2024,23,55,55,55,30,liam-lawson,rb,honda-rbpt,pirelli,3,37,26.790,26790.0,26.79
1124,2024,23,56,56,56,22,yuki-tsunoda,rb,honda-rbpt,pirelli,4,40,29.271,29271.0,29.271
1124,2024,23,57,57,57,30,liam-lawson,rb,honda-rbpt,pirelli,4,40,34.655,34655.0,34.655
1124,2024,23,58,58,58,4,lando-norris,mclaren,mercedes,pirelli,4,45,36.069,36069.0,23.925768839748642
1124,2024,23,59,59,59,44,lewis-hamilton,mercedes,mercedes,pirelli,4,47,22.705,22705.0,22.705
1124,2024,23,60,60,60,23,alexander-albon,williams,mercedes,pirelli,4,55,39.687,39687.0,22.687789606990957
1125,2024,24,1,1,1,43,franco-colapinto,williams,mercedes,pirelli,1,3,24.941,24941.0,24.941
1125,2024,24,2,2,2,81,oscar-piastri,mclaren,mercedes,pirelli,1,4,23.582,23582.0,23.582
1125,2024,24,3,3,3,77,valtteri-bottas,kick-sauber,ferrari,pirelli,1,6,41.144,41144.0,21.864933964800166
1125,2024,24,4,4,4,18,lance-stroll,aston-martin,mercedes,pirelli,1,11,23.266,23266.0,23.266
1125,2024,24,5,5,5,20,kevin-magnussen,haas,ferrari,pirelli,1,12,26.363,26363.0,26.363
1125,2024,24,6,6,6,24,guanyu-zhou,kick-sauber,ferrari,pirelli,1,12,23.024,23024.0,23.024
1125,2024,24,7,7,7,23,alexander-albon,williams,mercedes,pirelli,1,12,22.065,22065.0,22.065
1125,2024,24,8,8,8,27,nico-hulkenberg,haas,ferrari,pirelli,1,13,21.530,21530.0,21.53
1125,2024,24,9,9,9,14,fernando-alonso,aston-martin,mercedes,pirelli,1,13,23.326,23326.0,23.326
1125,2024,24,10,10,10,10,pierre-gasly,alpine,renault,pirelli,1,14,22.059,22059.0,22.059
1125,2024,24,11,11,11,16,charles-leclerc,ferrari,ferrari,pirelli,1,20,21.869,21869.0,21.869
1125,2024,24,12,12,12,22,yuki-tsunoda,rb,honda-rbpt,pirelli,1,22,21.869,21869.0,21.869
1125,2024,24,13,13,13,61,jack-doohan,alpine,renault,pirelli,1,22,22.080,22080.0,22.08
1125,2024,24,14,14,14,30,liam-lawson,rb,honda-rbpt,pirelli,1,23,23.415,23415.0,23.415
1125,2024,24,15,15,15,30,liam-lawson,rb,honda-rbpt,pirelli,2,24,22.565,22565.0,22.565
1125,2024,24,16,16,16,55,carlos-sainz-jr,ferrari,ferrari,pirelli,1,25,21.280,21280.0,21.28
1125,2024,24,17,17,17,4,lando-norris,mclaren,mercedes,pirelli,1,26,21.276,21276.0,21.276
1125,2024,24,18,18,18,63,george-russell,mercedes,mercedes,pirelli,1,26,21.656,21656.0,21.656
1125,2024,24,19,19,19,1,max-verstappen,red-bull,honda-rbpt,pirelli,1,29,32.652,32652.0,32.652
1125,2024,24,20,20,20,20,kevin-magnussen,haas,ferrari,pirelli,2,29,21.678,21678.0,21.678
1125,2024,24,21,21,21,30,liam-lawson,rb,honda-rbpt,pirelli,3,29,32.317,32317.0,32.317
1125,2024,24,22,22,22,20,kevin-magnussen,haas,ferrari,pirelli,3,30,22.815,22815.0,22.815
1125,2024,24,23,23,23,81,oscar-piastri,mclaren,mercedes,pirelli,2,32,32.774,32774.0,32.774
1125,2024,24,24,24,24,18,lance-stroll,aston-martin,mercedes,pirelli,2,32,22.053,22053.0,22.053
1125,2024,24,25,25,25,44,lewis-hamilton,mercedes,mercedes,pirelli,1,34,21.694,21694.0,21.694
1125,2024,24,26,26,26,14,fernando-alonso,aston-martin,mercedes,pirelli,2,37,22.437,22437.0,22.437
1125,2024,24,27,27,27,24,guanyu-zhou,kick-sauber,ferrari,pirelli,2,39,28.765,28765.0,28.765
1125,2024,24,28,28,28,20,kevin-magnussen,haas,ferrari,pirelli,4,55,22.090,22090.0,22.09
1126,2025,1,1,1,1,4,lando-norris,mclaren,mercedes,pirelli,1,2,13.341,13341.0,23.145066929414458
1126,2025,1,2,2,2,1,max-verstappen,red-bull,honda-rbpt,pirelli,1,2,13.416,13416.0,21.66344836820974
1126,2025,1,3,3,3,81,oscar-piastri,mclaren,mercedes,pirelli,1,2,13.078,13078.0,23.37040081270576
1126,2025,1,4,4,4,63,george-russell,mercedes,mercedes,pirelli,1,2,13.672,13672.0,23.25581052433824
1126,2025,1,5,5,5,16,charles-leclerc,ferrari,ferrari,pirelli,1,2,14.182,14182.0,23.201291386041557
1126,2025,1,6,6,6,22,yuki-tsunoda,racing-bulls,honda-rbpt,pirelli,1,2,14.957,14957.0,21.123082207381263
1126,2025,1,7,7,7,23,alexander-albon,williams,mercedes,pirelli,1,2,15.020,15020.0,15.02
1126,2025,1,8,8,8,44,lewis-hamilton,ferrari,ferrari,pirelli,1,2,15.002,15002.0,15.002
1126,2025,1,9,9,9,10,pierre-gasly,alpine,renault,pirelli,1,2,15.104,15104.0,15.104
1126,2025,1,10,10,10,14,fernando-alonso,aston-martin,mercedes,pirelli,1,2,15.535,15535.0,15.535
1126,2025,1,11,11,11,18,lance-stroll,aston-martin,mercedes,pirelli,1,2,15.505,15505.0,15.505
1126,2025,1,12,12,12,27,nico-hulkenberg,kick-sauber,ferrari,pirelli,1,2,15.130,15130.0,15.13
1126,2025,1,13,13,13,12,kimi-antonelli,mercedes,mercedes,pirelli,1,2,14.658,14658.0,24.228108732741187
1126,2025,1,14,14,14,5,gabriel-bortoleto,kick-sauber,ferrari,pirelli,1,2,14.432,14432.0,24.478390199423572
1126,2025,1,15,15,15,31,esteban-ocon,haas,ferrari,pirelli,1,2,14.395,14395.0,22.142484391402597
1126,2025,1,16,16,16,30,liam-lawson,red-bull,honda-rbpt,pirelli,1,2,14.790,14790.0,23.680504841197603
1126,2025,1,17,17,17,87,oliver-bearman,haas,ferrari,pirelli,1,2,14.605,14605.0,21.546629546175993
1126,2025,1,18,18,18,4,lando-norris,mclaren,mercedes,pirelli,2,3,12.910,12910.0,23.40967422018485
1126,2025,1,19,19,19,1,max-verstappen,red-bull,honda-rbpt,pirelli,2,3,13.740,13740.0,21.480310956306624
1126,2025,1,20,20,20,81,oscar-piastri,mclaren,mercedes,pirelli,2,3,13.838,13838.0,23.745687163423327
1126,2025,1,21,21,21,63,george-russell,mercedes,mercedes,pirelli,2,3,14.104,14104.0,21.103991167365304
1126,2025,1,22,22,22,16,charles-leclerc,ferrari,ferrari,pirelli,2,3,14.621,14621.0,22.876374492517265
1126,2025,1,23,23,23,22,yuki-tsunoda,racing-bulls,honda-rbpt,pirelli,2,3,15.223,15223.0,15.223
1126,2025,1,24,24,24,23,alexander-albon,williams,mercedes,pirelli,2,3,16.993,16993.0,16.993
1126,2025,1,25,25,25,44,lewis-hamilton,ferrari,ferrari,pirelli,2,3,16.191,16191.0,16.191
1126,2025,1,26,26,26,10,pierre-gasly,alpine,renault,pirelli,2,3,15.744,15744.0,15.744
1126,2025,1,27,27,27,14,fernando-alonso,aston-martin,mercedes,pirelli,2,3,16.241,16241.0,16.241
1126,2025,1,28,28,28,18,lance-stroll,aston-martin,mercedes,pirelli,2,3,16.014,16014.0,16.014
1126,2025,1,29,29,29,27,nico-hulkenberg,kick-sauber,ferrari,pirelli,2,3,15.971,15971.0,15.971
1126,2025,1,30,30,30,12,kimi-antonelli,mercedes,mercedes,pirelli,2,3,16.374,16374.0,16.374
1126,2025,1,31,31,31,5,gabriel-bortoleto,kick-sauber,ferrari,pirelli,2,3,16.363,16363.0,16.363
1126,2025,1,32,32,32,31,esteban-ocon,haas,ferrari,pirelli,2,3,16.477,16477.0,16.477
1126,2025,1,33,33,33,30,liam-lawson,red-bull,honda-rbpt,pirelli,2,3,16.309,16309.0,16.309
1126,2025,1,34,34,34,87,oliver-bearman,haas,ferrari,pirelli,2,3,16.347,16347.0,16.347
1126,2025,1,35,35,35,4,lando-norris,mclaren,mercedes,pirelli,3,4,12.804,12804.0,23.17273740943716
1126,2025,1,36,36,36,1,max-verstappen,red-bull,honda-rbpt,pirelli,3,4,12.938,12938.0,21.270629097638597
1126,2025,1,37,37,37,81,oscar-piastri,mclaren,mercedes,pirelli,3,4,12.816,12816.0,22.282877705664358
1126,2025,1,38,38,38,63,george-russell,mercedes,mercedes,pirelli,3,4,13.696,13696.0,23.705767736727907
1126,2025,1,39,39,39,16,charles-leclerc,ferrari,ferrari,pirelli,3,4,14.129,14129.0,22.74246783947819
1126,2025,1,40,40,40,22,yuki-tsunoda,racing-bulls,honda-rbpt,pirelli,3,4,13.605,13605.0,22.981456429377534
1126,2025,1,41,41,41,23,alexander-albon,williams,mercedes,pirelli,3,4,14.285,14285.0,23.852801385429895
1126,2025,1,42,42,42,44,lewis-hamilton,ferrari,ferrari,pirelli,3,4,14.789,14789.0,22.3469871441881
1126,2025,1,43,43,43,10,pierre-gasly,alpine,renault,pirelli,3,4,14.710,14710.0,21.042193455969667
1126,2025,1,44,44,44,14,fernando-alonso,aston-martin,mercedes,pirelli,3,4,15.034,15034.0,15.034
1126,2025,1,45,45,45,18,lance-stroll,aston-martin,mercedes,pirelli,3,4,14.451,14451.0,22.567546915873482
1126,2025,1,46,46,46,27,nico-hulkenberg,kick-sauber,ferrari,pirelli,3,4,14.198,14198.0,22.854687981950143
1126,2025,1,47,47,47,12,kimi-antonelli,mercedes,mercedes,pirelli,3,4,13.975,13975.0,22.32812311343824
1126,2025,1,48,48,48,5,gabriel-bortoleto,kick-sauber,ferrari,pirelli,3,4,14.206,14206.0,22.801722421422237
1126,2025,1,49,49,49,31,esteban-ocon,haas,ferrari,pirelli,3,4,19.649,19649.0,19.649
1126,2025,1,50,50,50,30,liam-lawson,red-bull,honda-rbpt,pirelli,3,4,18.880,18880.0,18.88
1126,2025,1,51,51,51,87,oliver-bearman,haas,ferrari,pirelli,3,4,22.494,22494.0,22.494
1126,2025,1,52,52,52,22,yuki-tsunoda,racing-bulls,honda-rbpt,pirelli,4,33,18.997,18997.0,18.997
1126,2025,1,53,53,53,23,alexander-albon,williams,mercedes,pirelli,4,33,18.573,18573.0,18.573
1126,2025,1,54,54,54,44,lewis-hamilton,ferrari,ferrari,pirelli,4,33,18.526,18526.0,18.526
1126,2025,1,55,55,55,10,pierre-gasly,alpine,renault,pirelli,4,33,19.589,19589.0,19.589
1126,2025,1,56,56,56,12,kimi-antonelli,mercedes,mercedes,pirelli,4,33,18.912,18912.0,18.912
1126,2025,1,57,57,57,18,lance-stroll,aston-martin,mercedes,pirelli,4,33,18.802,18802.0,18.802
1126,2025,1,58,58,58,27,nico-hulkenberg,kick-sauber,ferrari,pirelli,4,33,21.123,21123.0,21.123
1126,2025,1,59,59,59,5,gabriel-bortoleto,kick-sauber,ferrari,pirelli,4,33,24.073,24073.0,24.073
1126,2025,1,60,60,60,4,lando-norris,mclaren,mercedes,pirelli,4,34,18.464,18464.0,18.464
1126,2025,1,61,61,61,81,oscar-piastri,mclaren,mercedes,pirelli,4,34,19.719,19719.0,19.719
1126,2025,1,62,62,62,30,liam-lawson,red-bull,honda-rbpt,pirelli,4,33,20.067,20067.0,20.067
1126,2025,1,63,63,63,1,max-verstappen,red-bull,honda-rbpt,pirelli,4,34,18.700,18700.0,18.7
1126,2025,1,64,64,64,63,george-russell,mercedes,mercedes,pirelli,4,34,19.125,19125.0,19.125
1126,2025,1,65,65,65,16,charles-leclerc,ferrari,ferrari,pirelli,4,34,18.154,18154.0,18.154
1126,2025,1,66,66,66,31,esteban-ocon,haas,ferrari,pirelli,4,39,18.778,18778.0,18.778
1126,2025,1,67,67,67,87,oliver-bearman,haas,ferrari,pirelli,4,39,22.441,22441.0,22.441
1126,2025,1,68,68,68,4,lando-norris,mclaren,mercedes,pirelli,5,44,18.031,18031.0,18.031
1126,2025,1,69,69,69,63,george-russell,mercedes,mercedes,pirelli,5,44,19.378,19378.0,19.378
1126,2025,1,70,70,70,23,alexander-albon,williams,mercedes,pirelli,5,44,18.952,18952.0,18.952
1126,2025,1,71,71,71,12,kimi-antonelli,mercedes,mercedes,pirelli,5,44,21.946,21946.0,21.946
1126,2025,1,72,72,72,18,lance-stroll,aston-martin,mercedes,pirelli,5,44,18.901,18901.0,18.901
1126,2025,1,73,73,73,27,nico-hulkenberg,kick-sauber,ferrari,pirelli,5,44,20.209,20209.0,20.209
1126,2025,1,74,74,74,5,gabriel-bortoleto,kick-sauber,ferrari,pirelli,5,44,26.214,26214.0,26.214
1126,2025,1,75,75,75,81,oscar-piastri,mclaren,mercedes,pirelli,5,44,19.850,19850.0,19.85
1126,2025,1,76,76,76,87,oliver-bearman,haas,ferrari,pirelli,5,44,19.370,19370.0,19.37
1126,2025,1,77,77,77,1,max-verstappen,red-bull,honda-rbpt,pirelli,5,46,18.721,18721.0,18.721
1126,2025,1,78,78,78,10,pierre-gasly,alpine,renault,pirelli,5,46,19.482,19482.0,19.482
1126,2025,1,79,79,79,31,esteban-ocon,haas,ferrari,pirelli,5,46,19.858,19858.0,19.858
1126,2025,1,80,80,80,44,lewis-hamilton,ferrari,ferrari,pirelli,5,47,20.802,20802.0,20.802
1126,2025,1,81,81,81,16,charles-leclerc,ferrari,ferrari,pirelli,5,47,24.528,24528.0,24.528
1126,2025,1,82,82,82,22,yuki-tsunoda,racing-bulls,honda-rbpt,pirelli,5,47,19.312,19312.0,19.312
1127,2025,2,1,1,1,5,gabriel-bortoleto,kick-sauber,ferrari,pirelli,1,1,23.385,23385.0,23.385
1127,2025,2,2,2,2,10,pierre-gasly,alpine,renault,pirelli,1,10,23.138,23138.0,23.138
1127,2025,2,3,3,3,22,yuki-tsunoda,racing-bulls,honda-rbpt,pirelli,1,11,22.519,22519.0,22.519
1127,2025,2,4,4,4,31,esteban-ocon,haas,ferrari,pirelli,1,11,23.114,23114.0,23.114
1127,2025,2,5,5,5,7,jack-doohan,alpine,renault,pirelli,1,11,22.793,22793.0,22.793
1127,2025,2,6,6,6,12,kimi-antonelli,mercedes,mercedes,pirelli,1,12,22.675,22675.0,22.675
1127,2025,2,7,7,7,6,isack-hadjar,racing-bulls,honda-rbpt,pirelli,1,12,22.896,22896.0,22.896
1127,2025,2,8,8,8,44,lewis-hamilton,ferrari,ferrari,pirelli,1,13,22.388,22388.0,22.388
1127,2025,2,9,9,9,1,max-verstappen,red-bull,honda-rbpt,pirelli,1,13,22.454,22454.0,22.454
1127,2025,2,10,10,10,81,oscar-piastri,mclaren,mercedes,pirelli,1,14,23.938,23938.0,23.938
1127,2025,2,11,11,11,63,george-russell,mercedes,mercedes,pirelli,1,14,22.324,22324.0,22.324
1127,2025,2,12,12,12,4,lando-norris,mclaren,mercedes,pirelli,1,15,22.213,22213.0,22.213
1127,2025,2,13,13,13,16,charles-leclerc,ferrari,ferrari,pirelli,1,15,22.151,22151.0,22.151
1127,2025,2,14,14,14,55,carlos-sainz-jr,williams,mercedes,pirelli,1,17,22.721,22721.0,22.721
1127,2025,2,15,15,15,30,liam-lawson,red-bull,honda-rbpt,pirelli,1,18,22.536,22536.0,22.536
1127,2025,2,16,16,16,23,alexander-albon,williams,mercedes,pirelli,1,20,23.362,23362.0,23.362
1127,2025,2,17,17,17,27,nico-hulkenberg,kick-sauber,ferrari,pirelli,1,20,22.959,22959.0,22.959
1127,2025,2,18,18,18,87,oliver-bearman,haas,ferrari,pirelli,1,26,22.808,22808.0,22.808
1127,2025,2,19,19,19,5,gabriel-bortoleto,kick-sauber,ferrari,pirelli,2,26,22.790,22790.0,22.79
1127,2025,2,20,20,20,30,liam-lawson,red-bull,honda-rbpt,pirelli,2,30,22.355,22355.0,22.355
1127,2025,2,21,21,21,6,isack-hadjar,racing-bulls,honda-rbpt,pirelli,2,33,22.234,22234.0,22.234
1127,2025,2,22,22,22,22,yuki-tsunoda,racing-bulls,honda-rbpt,pirelli,2,35,22.583,22583.0,22.583
1127,2025,2,23,23,23,18,lance-stroll,aston-martin,mercedes,pirelli,1,36,22.995,22995.0,22.995
1127,2025,2,24,24,24,44,lewis-hamilton,ferrari,ferrari,pirelli,2,37,22.364,22364.0,22.364
1127,2025,2,25,25,25,22,yuki-tsunoda,racing-bulls,honda-rbpt,pirelli,3,46,38.102,38102.0,22.79366572735291
1128,2025,3,1,1,1,18,lance-stroll,aston-martin,mercedes,pirelli,1,9,23.724,23724.0,23.724
1128,2025,3,2,2,2,7,jack-doohan,alpine,renault,pirelli,1,15,23.382,23382.0,23.382
1128,2025,3,3,3,3,63,george-russell,mercedes,mercedes,pirelli,1,19,23.184,23184.0,23.184
1128,2025,3,4,4,4,81,oscar-piastri,mclaren,mercedes,pirelli,1,20,23.037,23037.0,23.037
1128,2025,3,5,5,5,1,max-verstappen,red-bull,honda-rbpt,pirelli,1,21,24.397,24397.0,24.397
1128,2025,3,6,6,6,4,lando-norris,mclaren,mercedes,pirelli,1,21,23.222,23222.0,23.222
1128,2025,3,7,7,7,16,charles-leclerc,ferrari,ferrari,pirelli,1,21,23.346,23346.0,23.346
1128,2025,3,8,8,8,27,nico-hulkenberg,kick-sauber,ferrari,pirelli,1,22,23.515,23515.0,23.515
1128,2025,3,9,9,9,87,oliver-bearman,haas,ferrari,pirelli,1,23,24.834,24834.0,24.834
1128,2025,3,10,10,10,22,yuki-tsunoda,red-bull,honda-rbpt,pirelli,1,23,24.181,24181.0,24.181
1128,2025,3,11,11,11,23,alexander-albon,williams,mercedes,pirelli,1,24,23.093,23093.0,23.093
1128,2025,3,12,12,12,14,fernando-alonso,aston-martin,mercedes,pirelli,1,24,25.708,25708.0,25.708
1128,2025,3,13,13,13,10,pierre-gasly,alpine,renault,pirelli,1,24,26.041,26041.0,26.041
1128,2025,3,14,14,14,6,isack-hadjar,racing-bulls,honda-rbpt,pirelli,1,25,23.333,23333.0,23.333
1128,2025,3,15,15,15,44,lewis-hamilton,ferrari,ferrari,pirelli,1,30,22.937,22937.0,22.937
1128,2025,3,16,16,16,18,lance-stroll,aston-martin,mercedes,pirelli,2,30,23.608,23608.0,23.608
1128,2025,3,17,17,17,12,kimi-antonelli,mercedes,mercedes,pirelli,1,31,24.380,24380.0,24.38
1128,2025,3,18,18,18,5,gabriel-bortoleto,kick-sauber,ferrari,pirelli,1,31,23.419,23419.0,23.419
1128,2025,3,19,19,19,31,esteban-ocon,haas,ferrari,pirelli,1,32,24.464,24464.0,24.464
1128,2025,3,20,20,20,30,liam-lawson,racing-bulls,honda-rbpt,pirelli,1,33,23.662,23662.0,23.662
1128,2025,3,21,21,21,55,carlos-sainz-jr,williams,mercedes,pirelli,1,33,23.337,23337.0,23.337
1129,2025,4,1,1,1,27,nico-hulkenberg,kick-sauber,ferrari,pirelli,1,5,24.229,24229.0,24.229
1129,2025,4,2,2,2,6,isack-hadjar,racing-bulls,honda-rbpt,pirelli,1,6,25.265,25265.0,25.265
1129,2025,4,3,3,3,31,esteban-ocon,haas,ferrari,pirelli,1,8,24.876,24876.0,24.876
1129,2025,4,4,4,4,7,jack-doohan,alpine,renault,pirelli,1,9,24.791,24791.0,24.791
1129,2025,4,5,5,5,4,lando-norris,mclaren,mercedes,pirelli,1,10,29.822,29822.0,29.822
1129,2025,4,6,6,6,10,pierre-gasly,alpine,renault,pirelli,1,10,25.033,25033.0,25.033
1129,2025,4,7,7,7,1,max-verstappen,red-bull,honda-rbpt,pirelli,1,10,26.518,26518.0,26.518
1129,2025,4,8,8,8,22,yuki-tsunoda,red-bull,honda-rbpt,pirelli,1,11,26.493,26493.0,26.493
1129,2025,4,9,9,9,12,kimi-antonelli,mercedes,mercedes,pirelli,1,12,24.807,24807.0,24.807
1129,2025,4,10,10,10,18,lance-stroll,aston-martin,mercedes,pirelli,1,12,24.611,24611.0,24.611
1129,2025,4,11,11,11,63,george-russell,mercedes,mercedes,pirelli,1,13,24.044,24044.0,24.044
1129,2025,4,12,12,12,5,gabriel-bortoleto,kick-sauber,ferrari,pirelli,1,13,24.143,24143.0,24.143
1129,2025,4,13,13,13,81,oscar-piastri,mclaren,mercedes,pirelli,1,14,24.498,24498.0,24.498
1129,2025,4,14,14,14,55,carlos-sainz-jr,williams,mercedes,pirelli,1,14,24.600,24600.0,24.6
1129,2025,4,15,15,15,87,oliver-bearman,haas,ferrari,pirelli,1,14,24.562,24562.0,24.562
1129,2025,4,16,16,16,30,liam-lawson,racing-bulls,honda-rbpt,pirelli,1,14,25.242,25242.0,25.242
1129,2025,4,17,17,17,23,alexander-albon,williams,mercedes,pirelli,1,16,25.394,25394.0,25.394
1129,2025,4,18,18,18,14,fernando-alonso,aston-martin,mercedes,pirelli,1,16,24.826,24826.0,24.826
1129,2025,4,19,19,19,16,charles-leclerc,ferrari,ferrari,pirelli,1,17,24.802,24802.0,24.802
1129,2025,4,20,20,20,44,lewis-hamilton,ferrari,ferrari,pirelli,1,17,24.340,24340.0,24.34
1129,2025,4,21,21,21,1,max-verstappen,red-bull,honda-rbpt,pirelli,2,26,28.067,28067.0,28.067
1129,2025,4,22,22,22,31,esteban-ocon,haas,ferrari,pirelli,2,27,24.832,24832.0,24.832
1129,2025,4,23,23,23,12,kimi-antonelli,mercedes,mercedes,pirelli,2,27,24.506,24506.0,24.506
1129,2025,4,24,24,24,27,nico-hulkenberg,kick-sauber,ferrari,pirelli,2,27,24.291,24291.0,24.291
1129,2025,4,25,25,25,10,pierre-gasly,alpine,renault,pirelli,2,28,24.958,24958.0,24.958
1129,2025,4,26,26,26,7,jack-doohan,alpine,renault,pirelli,2,28,25.093,25093.0,25.093
1129,2025,4,27,27,27,6,isack-hadjar,racing-bulls,honda-rbpt,pirelli,2,28,24.640,24640.0,24.64
1129,2025,4,28,28,28,81,oscar-piastri,mclaren,mercedes,pirelli,2,32,24.900,24900.0,24.9
1129,2025,4,29,29,29,63,george-russell,mercedes,mercedes,pirelli,2,32,24.100,24100.0,24.1
1129,2025,4,30,30,30,16,charles-leclerc,ferrari,ferrari,pirelli,2,32,24.241,24241.0,24.241
1129,2025,4,31,31,31,4,lando-norris,mclaren,mercedes,pirelli,2,32,24.035,24035.0,24.035
1129,2025,4,32,32,32,44,lewis-hamilton,ferrari,ferrari,pirelli,2,32,24.350,24350.0,24.35
1129,2025,4,33,33,33,55,carlos-sainz-jr,williams,mercedes,pirelli,2,32,24.315,24315.0,24.315
1129,2025,4,34,34,34,22,yuki-tsunoda,red-bull,honda-rbpt,pirelli,2,32,24.771,24771.0,24.771
1129,2025,4,35,35,35,23,alexander-albon,williams,mercedes,pirelli,2,32,25.990,25990.0,25.99
1129,2025,4,36,36,36,87,oliver-bearman,haas,ferrari,pirelli,2,32,24.895,24895.0,24.895
1129,2025,4,37,37,37,12,kimi-antonelli,mercedes,mercedes,pirelli,3,32,24.693,24693.0,24.693
1129,2025,4,38,38,38,14,fernando-alonso,aston-martin,mercedes,pirelli,2,32,24.846,24846.0,24.846
1129,2025,4,39,39,39,30,liam-lawson,racing-bulls,honda-rbpt,pirelli,2,32,24.191,24191.0,24.191
1129,2025,4,40,40,40,18,lance-stroll,aston-martin,mercedes,pirelli,2,32,24.592,24592.0,24.592
1129,2025,4,41,41,41,5,gabriel-bortoleto,kick-sauber,ferrari,pirelli,2,32,25.396,25396.0,25.396
1129,2025,4,42,42,42,55,carlos-sainz-jr,williams,mercedes,pirelli,3,44,37.116,37116.0,22.13535551929658
1130,2025,5,1,1,1,7,jack-doohan,alpine,renault,pirelli,1,1,20.571,20571.0,20.571
1130,2025,5,2,2,2,31,esteban-ocon,haas,ferrari,pirelli,1,1,21.512,21512.0,21.512
1130,2025,5,3,3,3,5,gabriel-bortoleto,kick-sauber,ferrari,pirelli,1,1,21.854,21854.0,21.854
1130,2025,5,4,4,4,87,oliver-bearman,haas,ferrari,pirelli,1,18,22.095,22095.0,22.095
1130,2025,5,5,5,5,81,oscar-piastri,mclaren,mercedes,pirelli,1,19,21.388,21388.0,21.388
1130,2025,5,6,6,6,12,kimi-antonelli,mercedes,mercedes,pirelli,1,19,20.399,20399.0,20.399
1130,2025,5,7,7,7,14,fernando-alonso,aston-martin,mercedes,pirelli,1,19,21.891,21891.0,21.891
1130,2025,5,8,8,8,63,george-russell,mercedes,mercedes,pirelli,1,20,20.329,20329.0,20.329
1130,2025,5,9,9,9,30,liam-lawson,racing-bulls,honda-rbpt,pirelli,1,20,20.534,20534.0,20.534
1130,2025,5,10,10,10,1,max-verstappen,red-bull,honda-rbpt,pirelli,1,21,26.030,26030.0,26.03
1130,2025,5,11,11,11,55,carlos-sainz-jr,williams,mercedes,pirelli,1,21,24.148,24148.0,24.148
1130,2025,5,12,12,12,23,alexander-albon,williams,mercedes,pirelli,1,22,22.135,22135.0,22.135
1130,2025,5,13,13,13,44,lewis-hamilton,ferrari,ferrari,pirelli,1,23,20.144,20144.0,20.144
1130,2025,5,14,14,14,16,charles-leclerc,ferrari,ferrari,pirelli,1,29,20.131,20131.0,20.131
1130,2025,5,15,15,15,7,jack-doohan,alpine,renault,pirelli,2,32,21.521,21521.0,21.521
1130,2025,5,16,16,16,27,nico-hulkenberg,kick-sauber,ferrari,pirelli,1,33,20.441,20441.0,20.441
1130,2025,5,17,17,17,4,lando-norris,mclaren,mercedes,pirelli,1,34,20.427,20427.0,20.427
1130,2025,5,18,18,18,6,isack-hadjar,racing-bulls,honda-rbpt,pirelli,1,34,20.827,20827.0,20.827
1130,2025,5,19,19,19,18,lance-stroll,aston-martin,mercedes,pirelli,1,39,20.487,20487.0,20.487
1131,2025,6,1,1,1,5,gabriel-bortoleto,kick-sauber,ferrari,pirelli,1,19,22.188,22188.0,22.188
1131,2025,6,2,2,2,18,lance-stroll,aston-martin,mercedes,pirelli,1,20,22.317,22317.0,22.317
1131,2025,6,3,3,3,6,isack-hadjar,racing-bulls,honda-rbpt,pirelli,1,22,22.115,22115.0,22.115
1131,2025,6,4,4,4,31,esteban-ocon,haas,ferrari,pirelli,1,23,23.162,23162.0,23.162
1131,2025,6,5,5,5,12,kimi-antonelli,mercedes,mercedes,pirelli,1,25,24.383,24383.0,24.383
1131,2025,6,6,6,6,55,carlos-sainz-jr,williams,mercedes,pirelli,1,25,22.415,22415.0,22.415
1131,2025,6,7,7,7,1,max-verstappen,red-bull,honda-rbpt,pirelli,1,26,22.501,22501.0,22.501
1131,2025,6,8,8,8,23,alexander-albon,williams,mercedes,pirelli,1,26,21.906,21906.0,21.906
1131,2025,6,9,9,9,22,yuki-tsunoda,red-bull,honda-rbpt,pirelli,1,27,22.560,22560.0,22.56
1131,2025,6,10,10,10,44,lewis-hamilton,ferrari,ferrari,pirelli,1,28,23.104,23104.0,23.104
1131,2025,6,11,11,11,14,fernando-alonso,aston-martin,mercedes,pirelli,1,28,23.602,23602.0,23.602
1131,2025,6,12,12,12,30,liam-lawson,racing-bulls,honda-rbpt,pirelli,1,28,22.439,22439.0,22.439
1131,2025,6,13,13,13,81,oscar-piastri,mclaren,mercedes,pirelli,1,29,22.106,22106.0,22.106
1131,2025,6,14,14,14,4,lando-norris,mclaren,mercedes,pirelli,1,29,22.044,22044.0,22.044
1131,2025,6,15,15,15,63,george-russell,mercedes,mercedes,pirelli,1,29,24.257,24257.0,24.257
1131,2025,6,16,16,16,16,charles-leclerc,ferrari,ferrari,pirelli,1,29,22.183,22183.0,22.183
1131,2025,6,17,17,17,10,pierre-gasly,alpine,renault,pirelli,1,32,22.060,22060.0,22.06
1131,2025,6,18,18,18,27,nico-hulkenberg,kick-sauber,ferrari,pirelli,1,36,22.108,22108.0,22.108
1132,2025,7,1,1,1,31,esteban-ocon,haas,ferrari,pirelli,1,1,30.506,30506.0,30.506
1132,2025,7,2,2,2,10,pierre-gasly,alpine,renault,pirelli,1,9,31.488,31488.0,31.488
1132,2025,7,3,3,3,16,charles-leclerc,ferrari,ferrari,pirelli,1,10,29.634,29634.0,29.634
1132,2025,7,4,4,4,30,liam-lawson,racing-bulls,honda-rbpt,pirelli,1,10,29.695,29695.0,29.695
1132,2025,7,5,5,5,63,george-russell,mercedes,mercedes,pirelli,1,11,29.784,29784.0,29.784
1132,2025,7,6,6,6,55,carlos-sainz-jr,williams,mercedes,pirelli,1,11,30.080,30080.0,30.08
1132,2025,7,7,7,7,14,fernando-alonso,aston-martin,mercedes,pirelli,1,12,30.163,30163.0,30.163
1132,2025,7,8,8,8,5,gabriel-bortoleto,kick-sauber,ferrari,pirelli,1,12,30.906,30906.0,30.906
1132,2025,7,9,9,9,81,oscar-piastri,mclaren,mercedes,pirelli,1,13,30.973,30973.0,30.973
1132,2025,7,10,10,10,18,lance-stroll,aston-martin,mercedes,pirelli,1,14,31.218,31218.0,31.218
1132,2025,7,11,11,11,43,franco-colapinto,alpine,renault,pirelli,1,22,30.317,30317.0,30.317
1132,2025,7,12,12,12,4,lando-norris,mclaren,mercedes,pirelli,1,28,29.513,29513.0,29.513
1132,2025,7,13,13,13,1,max-verstappen,red-bull,honda-rbpt,pirelli,1,29,29.991,29991.0,29.991
1132,2025,7,14,14,14,23,alexander-albon,williams,mercedes,pirelli,1,29,30.471,30471.0,30.471
1132,2025,7,15,15,15,6,isack-hadjar,racing-bulls,honda-rbpt,pirelli,1,29,30.123,30123.0,30.123
1132,2025,7,16,16,16,44,lewis-hamilton,ferrari,ferrari,pirelli,1,29,29.949,29949.0,29.949
1132,2025,7,17,17,17,12,kimi-antonelli,mercedes,mercedes,pirelli,1,29,30.051,30051.0,30.051
1132,2025,7,18,18,18,16,charles-leclerc,ferrari,ferrari,pirelli,2,29,31.898,31898.0,31.898
1132,2025,7,19,19,19,27,nico-hulkenberg,kick-sauber,ferrari,pirelli,1,29,30.184,30184.0,30.184
1132,2025,7,20,20,20,87,oliver-bearman,haas,ferrari,pirelli,1,29,31.414,31414.0,31.414
1132,2025,7,21,21,21,63,george-russell,mercedes,mercedes,pirelli,2,29,30.754,30754.0,30.754
1132,2025,7,22,22,22,22,yuki-tsunoda,red-bull,honda-rbpt,pirelli,1,29,29.807,29807.0,29.807
1132,2025,7,23,23,23,55,carlos-sainz-jr,williams,mercedes,pirelli,2,29,30.635,30635.0,30.635
1132,2025,7,24,24,24,10,pierre-gasly,alpine,renault,pirelli,2,29,32.003,32003.0,32.003
1132,2025,7,25,25,25,30,liam-lawson,racing-bulls,honda-rbpt,pirelli,2,29,30.291,30291.0,30.291
1132,2025,7,26,26,26,5,gabriel-bortoleto,kick-sauber,ferrari,pirelli,2,29,30.605,30605.0,30.605
1132,2025,7,27,27,27,81,oscar-piastri,mclaren,mercedes,pirelli,2,30,30.609,30609.0,30.609
1132,2025,7,28,28,28,87,oliver-bearman,haas,ferrari,pirelli,2,31,56.757,56757.0,23.4582125882076
1132,2025,7,29,29,29,1,max-verstappen,red-bull,honda-rbpt,pirelli,2,46,29.657,29657.0,29.657
1132,2025,7,30,30,30,4,lando-norris,mclaren,mercedes,pirelli,2,46,31.675,31675.0,31.675
1132,2025,7,31,31,31,44,lewis-hamilton,ferrari,ferrari,pirelli,2,46,29.950,29950.0,29.95
1132,2025,7,32,32,32,6,isack-hadjar,racing-bulls,honda-rbpt,pirelli,2,46,30.096,30096.0,30.096
1132,2025,7,33,33,33,14,fernando-alonso,aston-martin,mercedes,pirelli,2,46,30.886,30886.0,30.886
1132,2025,7,34,34,34,18,lance-stroll,aston-martin,mercedes,pirelli,2,46,34.496,34496.0,34.496
1132,2025,7,35,35,35,43,franco-colapinto,alpine,renault,pirelli,2,46,31.107,31107.0,31.107
1132,2025,7,36,36,36,5,gabriel-bortoleto,kick-sauber,ferrari,pirelli,3,46,29.917,29917.0,29.917
1132,2025,7,37,37,37,23,alexander-albon,williams,mercedes,pirelli,2,47,29.786,29786.0,29.786
1133,2025,8,1,1,1,22,yuki-tsunoda,red-bull,honda-rbpt,pirelli,1,1,24.525,24525.0,24.525
1133,2025,8,2,2,2,10,pierre-gasly,alpine,renault,pirelli,1,1,24.376,24376.0,24.376
1133,2025,8,3,3,3,87,oliver-bearman,haas,ferrari,pirelli,1,1,50.191,50191.0,22.639440843156027
1133,2025,8,4,4,4,5,gabriel-bortoleto,kick-sauber,ferrari,pirelli,1,1,37.243,37243.0,21.260399595231625
1133,2025,8,5,5,5,27,nico-hulkenberg,kick-sauber,ferrari,pirelli,1,12,24.065,24065.0,24.065
1133,2025,8,6,6,6,43,franco-colapinto,alpine,renault,pirelli,1,13,24.355,24355.0,24.355
1133,2025,8,7,7,7,6,isack-hadjar,racing-bulls,honda-rbpt,pirelli,1,14,24.311,24311.0,24.311
1133,2025,8,8,8,8,14,fernando-alonso,aston-martin,mercedes,pirelli,1,16,25.375,25375.0,25.375
1133,2025,8,9,9,9,31,esteban-ocon,haas,ferrari,pirelli,1,16,25.575,25575.0,25.575
1133,2025,8,10,10,10,18,lance-stroll,aston-martin,mercedes,pirelli,1,17,23.978,23978.0,23.978
1133,2025,8,11,11,11,87,oliver-bearman,haas,ferrari,pirelli,2,17,24.580,24580.0,24.58
1133,2025,8,12,12,12,44,lewis-hamilton,ferrari,ferrari,pirelli,1,18,23.565,23565.0,23.565
1133,2025,8,13,13,13,4,lando-norris,mclaren,mercedes,pirelli,1,19,24.545,24545.0,24.545
1133,2025,8,14,14,14,6,isack-hadjar,racing-bulls,honda-rbpt,pirelli,2,19,24.031,24031.0,24.031
1133,2025,8,15,15,15,81,oscar-piastri,mclaren,mercedes,pirelli,1,20,25.756,25756.0,25.756
1133,2025,8,16,16,16,16,charles-leclerc,ferrari,ferrari,pirelli,1,22,23.576,23576.0,23.576
1133,2025,8,17,17,17,5,gabriel-bortoleto,kick-sauber,ferrari,pirelli,2,26,24.483,24483.0,24.483
1133,2025,8,18,18,18,43,franco-colapinto,alpine,renault,pirelli,2,26,24.497,24497.0,24.497
1133,2025,8,19,19,19,1,max-verstappen,red-bull,honda-rbpt,pirelli,1,28,24.114,24114.0,24.114
1133,2025,8,20,20,20,31,esteban-ocon,haas,ferrari,pirelli,2,28,24.773,24773.0,24.773
1133,2025,8,21,21,21,30,liam-lawson,racing-bulls,honda-rbpt,pirelli,1,31,24.206,24206.0,24.206
1133,2025,8,22,22,22,23,alexander-albon,williams,mercedes,pirelli,1,32,23.927,23927.0,23.927
1133,2025,8,23,23,23,5,gabriel-bortoleto,kick-sauber,ferrari,pirelli,3,35,24.246,24246.0,24.246
1133,2025,8,24,24,24,30,liam-lawson,racing-bulls,honda-rbpt,pirelli,2,40,24.320,24320.0,24.32
1133,2025,8,25,25,25,23,alexander-albon,williams,mercedes,pirelli,2,40,24.190,24190.0,24.19
1133,2025,8,26,26,26,27,nico-hulkenberg,kick-sauber,ferrari,pirelli,2,44,24.397,24397.0,24.397
1133,2025,8,27,27,27,81,oscar-piastri,mclaren,mercedes,pirelli,2,48,23.908,23908.0,23.908
1133,2025,8,28,28,28,16,charles-leclerc,ferrari,ferrari,pirelli,2,49,23.678,23678.0,23.678
1133,2025,8,29,29,29,55,carlos-sainz-jr,williams,mercedes,pirelli,1,48,24.498,24498.0,24.498
1133,2025,8,30,30,30,4,lando-norris,mclaren,mercedes,pirelli,2,50,23.704,23704.0,23.704
1133,2025,8,31,31,31,55,carlos-sainz-jr,williams,mercedes,pirelli,2,53,24.049,24049.0,24.049
1133,2025,8,32,32,32,44,lewis-hamilton,ferrari,ferrari,pirelli,2,56,24.256,24256.0,24.256
1133,2025,8,33,33,33,63,george-russell,mercedes,mercedes,pirelli,2,62,25.063,25063.0,25.063
1133,2025,8,34,34,34,18,lance-stroll,aston-martin,mercedes,pirelli,2,64,25.916,25916.0,25.916
1133,2025,8,35,35,35,63,george-russell,mercedes,mercedes,pirelli,3,68,24.025,24025.0,24.025
1133,2025,8,36,36,36,12,kimi-antonelli,mercedes,mercedes,pirelli,1,69,24.457,24457.0,24.457
1133,2025,8,37,37,37,12,kimi-antonelli,mercedes,mercedes,pirelli,2,71,24.837,24837.0,24.837
1133,2025,8,38,38,38,22,yuki-tsunoda,red-bull,honda-rbpt,pirelli,2,73,24.086,24086.0,24.086
1133,2025,8,39,39,39,1,max-verstappen,red-bull,honda-rbpt,pirelli,2,77,23.950,23950.0,23.95
1134,2025,9,1,1,1,23,alexander-albon,williams,mercedes,pirelli,1,6,30.823,30823.0,30.823
1134,2025,9,2,2,2,87,oliver-bearman,haas,ferrari,pirelli,1,8,22.009,22009.0,22.009
1134,2025,9,3,3,3,22,yuki-tsunoda,red-bull,honda-rbpt,pirelli,1,8,21.868,21868.0,21.868
1134,2025,9,4,4,4,27,nico-hulkenberg,kick-sauber,ferrari,pirelli,1,9,22.233,22233.0,22.233
1134,2025,9,5,5,5,55,carlos-sainz-jr,williams,mercedes,pirelli,1,9,30.547,30547.0,30.547
1134,2025,9,6,6,6,10,pierre-gasly,alpine,renault,pirelli,1,10,22.224,22224.0,22.224
1134,2025,9,7,7,7,1,max-verstappen,red-bull,honda-rbpt,pirelli,1,13,21.869,21869.0,21.869
1134,2025,9,8,8,8,43,franco-colapinto,alpine,renault,pirelli,1,14,22.491,22491.0,22.491
1134,2025,9,9,9,9,14,fernando-alonso,aston-martin,mercedes,pirelli,1,15,22.782,22782.0,22.782
1134,2025,9,10,10,10,44,lewis-hamilton,ferrari,ferrari,pirelli,1,16,21.957,21957.0,21.957
1134,2025,9,11,11,11,16,charles-leclerc,ferrari,ferrari,pirelli,1,17,21.863,21863.0,21.863
1134,2025,9,12,12,12,30,liam-lawson,racing-bulls,honda-rbpt,pirelli,1,18,22.039,22039.0,22.039
1134,2025,9,13,13,13,6,isack-hadjar,racing-bulls,honda-rbpt,pirelli,1,19,21.769,21769.0,21.769
1134,2025,9,14,14,14,5,gabriel-bortoleto,kick-sauber,ferrari,pirelli,1,19,22.041,22041.0,22.041
1134,2025,9,15,15,15,63,george-russell,mercedes,mercedes,pirelli,1,20,21.739,21739.0,21.739
1134,2025,9,16,16,16,31,esteban-ocon,haas,ferrari,pirelli,1,20,22.554,22554.0,22.554
1134,2025,9,17,17,17,4,lando-norris,mclaren,mercedes,pirelli,1,21,22.454,22454.0,22.454
1134,2025,9,18,18,18,12,kimi-antonelli,mercedes,mercedes,pirelli,1,21,22.234,22234.0,22.234
1134,2025,9,19,19,19,81,oscar-piastri,mclaren,mercedes,pirelli,1,22,21.858,21858.0,21.858
1134,2025,9,20,20,20,22,yuki-tsunoda,red-bull,honda-rbpt,pirelli,2,24,22.056,22056.0,22.056
1134,2025,9,21,21,21,23,alexander-albon,williams,mercedes,pirelli,2,26,37.674,37674.0,23.265426786127804
1134,2025,9,22,22,22,1,max-verstappen,red-bull,honda-rbpt,pirelli,2,29,21.933,21933.0,21.933
1134,2025,9,23,23,23,10,pierre-gasly,alpine,renault,pirelli,2,31,22.006,22006.0,22.006
1134,2025,9,24,24,24,55,carlos-sainz-jr,williams,mercedes,pirelli,2,34,22.346,22346.0,22.346
1134,2025,9,25,25,25,87,oliver-bearman,haas,ferrari,pirelli,2,35,22.270,22270.0,22.27
1134,2025,9,26,26,26,16,charles-leclerc,ferrari,ferrari,pirelli,2,40,21.893,21893.0,21.893
1134,2025,9,27,27,27,43,franco-colapinto,alpine,renault,pirelli,2,39,22.119,22119.0,22.119
1134,2025,9,28,28,28,63,george-russell,mercedes,mercedes,pirelli,2,41,21.752,21752.0,21.752
1134,2025,9,29,29,29,14,fernando-alonso,aston-martin,mercedes,pirelli,2,42,22.242,22242.0,22.242
1134,2025,9,30,30,30,31,esteban-ocon,haas,ferrari,pirelli,2,43,22.468,22468.0,22.468
1134,2025,9,31,31,31,30,liam-lawson,racing-bulls,honda-rbpt,pirelli,2,44,22.127,22127.0,22.127
1134,2025,9,32,32,32,22,yuki-tsunoda,red-bull,honda-rbpt,pirelli,3,44,21.822,21822.0,21.822
1134,2025,9,33,33,33,27,nico-hulkenberg,kick-sauber,ferrari,pirelli,2,45,21.849,21849.0,21.849
1134,2025,9,34,34,34,44,lewis-hamilton,ferrari,ferrari,pirelli,2,46,24.416,24416.0,24.416
1134,2025,9,35,35,35,1,max-verstappen,red-bull,honda-rbpt,pirelli,3,47,21.802,21802.0,21.802
1134,2025,9,36,36,36,4,lando-norris,mclaren,mercedes,pirelli,2,48,21.863,21863.0,21.863
1134,2025,9,37,37,37,6,isack-hadjar,racing-bulls,honda-rbpt,pirelli,2,48,22.019,22019.0,22.019
1134,2025,9,38,38,38,81,oscar-piastri,mclaren,mercedes,pirelli,2,49,21.838,21838.0,21.838
1134,2025,9,39,39,39,12,kimi-antonelli,mercedes,mercedes,pirelli,2,49,23.457,23457.0,23.457
1134,2025,9,40,40,40,5,gabriel-bortoleto,kick-sauber,ferrari,pirelli,2,49,22.953,22953.0,22.953
1134,2025,9,41,41,41,81,oscar-piastri,mclaren,mercedes,pirelli,3,55,22.748,22748.0,22.748
1134,2025,9,42,42,42,4,lando-norris,mclaren,mercedes,pirelli,3,55,23.562,23562.0,23.562
1134,2025,9,43,43,43,1,max-verstappen,red-bull,honda-rbpt,pirelli,4,55,22.197,22197.0,22.197
1134,2025,9,44,44,44,14,fernando-alonso,aston-martin,mercedes,pirelli,3,54,22.216,22216.0,22.216
1134,2025,9,45,45,45,87,oliver-bearman,haas,ferrari,pirelli,3,54,22.765,22765.0,22.765
1134,2025,9,46,46,46,22,yuki-tsunoda,red-bull,honda-rbpt,pirelli,4,54,22.283,22283.0,22.283
1134,2025,9,47,47,47,16,charles-leclerc,ferrari,ferrari,pirelli,3,55,22.383,22383.0,22.383
1134,2025,9,48,48,48,63,george-russell,mercedes,mercedes,pirelli,3,55,23.167,23167.0,23.167
1134,2025,9,49,49,49,44,lewis-hamilton,ferrari,ferrari,pirelli,3,55,22.830,22830.0,22.83
1134,2025,9,50,50,50,43,franco-colapinto,alpine,renault,pirelli,3,54,21.874,21874.0,21.874
1134,2025,9,51,51,51,6,isack-hadjar,racing-bulls,honda-rbpt,pirelli,3,55,21.841,21841.0,21.841
1134,2025,9,52,52,52,10,pierre-gasly,alpine,renault,pirelli,3,55,22.818,22818.0,22.818
1134,2025,9,53,53,53,55,carlos-sainz-jr,williams,mercedes,pirelli,3,55,21.984,21984.0,21.984
1134,2025,9,54,54,54,27,nico-hulkenberg,kick-sauber,ferrari,pirelli,3,56,21.904,21904.0,21.904
1135,2025,10,1,1,1,1,max-verstappen,red-bull,honda-rbpt,pirelli,1,12,23.604,23604.0,23.604
1135,2025,10,2,2,2,63,george-russell,mercedes,mercedes,pirelli,1,13,23.231,23231.0,23.231
1135,2025,10,3,3,3,6,isack-hadjar,racing-bulls,honda-rbpt,pirelli,1,13,24.130,24130.0,24.13
1135,2025,10,4,4,4,12,kimi-antonelli,mercedes,mercedes,pirelli,1,14,23.320,23320.0,23.32
1135,2025,10,5,5,5,43,franco-colapinto,alpine,renault,pirelli,1,14,24.735,24735.0,24.735
1135,2025,10,6,6,6,44,lewis-hamilton,ferrari,ferrari,pirelli,1,15,23.604,23604.0,23.604
1135,2025,10,7,7,7,14,fernando-alonso,aston-martin,mercedes,pirelli,1,15,24.021,24021.0,24.021
1135,2025,10,8,8,8,81,oscar-piastri,mclaren,mercedes,pirelli,1,16,23.245,23245.0,23.245
1135,2025,10,9,9,9,87,oliver-bearman,haas,ferrari,pirelli,1,18,23.562,23562.0,23.562
1135,2025,10,10,10,10,27,nico-hulkenberg,kick-sauber,ferrari,pirelli,1,19,23.476,23476.0,23.476
1135,2025,10,11,11,11,23,alexander-albon,williams,mercedes,pirelli,1,23,23.898,23898.0,23.898
1135,2025,10,12,12,12,18,lance-stroll,aston-martin,mercedes,pirelli,1,24,23.742,23742.0,23.742
1135,2025,10,13,13,13,16,charles-leclerc,ferrari,ferrari,pirelli,1,28,23.360,23360.0,23.36
1135,2025,10,14,14,14,4,lando-norris,mclaren,mercedes,pirelli,1,29,23.223,23223.0,23.223
1135,2025,10,15,15,15,1,max-verstappen,red-bull,honda-rbpt,pirelli,2,37,23.121,23121.0,23.121
1135,2025,10,16,16,16,12,kimi-antonelli,mercedes,mercedes,pirelli,2,38,23.416,23416.0,23.416
1135,2025,10,17,17,17,30,liam-lawson,racing-bulls,honda-rbpt,pirelli,1,38,23.280,23280.0,23.28
1135,2025,10,18,18,18,63,george-russell,mercedes,mercedes,pirelli,2,42,24.262,24262.0,24.262
1135,2025,10,19,19,19,81,oscar-piastri,mclaren,mercedes,pirelli,2,45,23.174,23174.0,23.174
1135,2025,10,20,20,20,44,lewis-hamilton,ferrari,ferrari,pirelli,2,45,23.338,23338.0,23.338
1135,2025,10,21,21,21,4,lando-norris,mclaren,mercedes,pirelli,2,47,23.471,23471.0,23.471
1135,2025,10,22,22,22,5,gabriel-bortoleto,kick-sauber,ferrari,pirelli,1,49,23.715,23715.0,23.715
1135,2025,10,23,23,23,14,fernando-alonso,aston-martin,mercedes,pirelli,2,50,23.409,23409.0,23.409
1135,2025,10,24,24,24,18,lance-stroll,aston-martin,mercedes,pirelli,2,51,34.742,34742.0,34.742
1135,2025,10,25,25,25,16,charles-leclerc,ferrari,ferrari,pirelli,2,53,23.859,23859.0,23.859
1135,2025,10,26,26,26,10,pierre-gasly,alpine,renault,pirelli,1,53,23.987,23987.0,23.987
1135,2025,10,27,27,27,22,yuki-tsunoda,red-bull,honda-rbpt,pirelli,1,56,25.178,25178.0,25.178
1135,2025,10,28,28,28,31,esteban-ocon,haas,ferrari,pirelli,1,57,24.452,24452.0,24.452
1135,2025,10,29,29,29,55,carlos-sainz-jr,williams,mercedes,pirelli,1,57,23.269,23269.0,23.269
1135,2025,10,30,30,30,81,oscar-piastri,mclaren,mercedes,pirelli,3,67,26.385,26385.0,26.385
1135,2025,10,31,31,31,87,oliver-bearman,haas,ferrari,pirelli,2,66,27.985,27985.0,27.985
1135,2025,10,32,32,32,6,isack-hadjar,racing-bulls,honda-rbpt,pirelli,2,66,23.693,23693.0,23.693
1135,2025,10,33,33,33,18,lance-stroll,aston-martin,mercedes,pirelli,3,66,23.772,23772.0,23.772
1136,2025,11,1,1,1,6,isack-hadjar,racing-bulls,honda-rbpt,pirelli,1,2,21.297,21297.0,21.297
1136,2025,11,2,2,2,87,oliver-bearman,haas,ferrari,pirelli,1,11,21.910,21910.0,21.91
1136,2025,11,3,3,3,10,pierre-gasly,alpine,renault,pirelli,1,12,21.959,21959.0,21.959
1136,2025,11,4,4,4,27,nico-hulkenberg,kick-sauber,ferrari,pirelli,1,12,21.236,21236.0,21.236
1136,2025,11,5,5,5,23,alexander-albon,williams,mercedes,pirelli,1,13,21.210,21210.0,21.21
1136,2025,11,6,6,6,43,franco-colapinto,alpine,renault,pirelli,1,13,23.038,23038.0,23.038
1136,2025,11,7,7,7,63,george-russell,mercedes,mercedes,pirelli,1,18,21.344,21344.0,21.344
1136,2025,11,8,8,8,22,yuki-tsunoda,red-bull,honda-rbpt,pirelli,1,18,21.492,21492.0,21.492
1136,2025,11,9,9,9,31,esteban-ocon,haas,ferrari,pirelli,1,19,23.188,23188.0,23.188
1136,2025,11,10,10,10,4,lando-norris,mclaren,mercedes,pirelli,1,20,22.131,22131.0,22.131
1136,2025,11,11,11,11,5,gabriel-bortoleto,kick-sauber,ferrari,pirelli,1,21,21.676,21676.0,21.676
1136,2025,11,12,12,12,81,oscar-piastri,mclaren,mercedes,pirelli,1,24,22.599,22599.0,22.599
1136,2025,11,13,13,13,16,charles-leclerc,ferrari,ferrari,pirelli,1,25,21.308,21308.0,21.308
1136,2025,11,14,14,14,44,lewis-hamilton,ferrari,ferrari,pirelli,1,26,21.287,21287.0,21.287
1136,2025,11,15,15,15,18,lance-stroll,aston-martin,mercedes,pirelli,1,26,22.907,22907.0,22.907
1136,2025,11,16,16,16,6,isack-hadjar,racing-bulls,honda-rbpt,pirelli,2,28,21.680,21680.0,21.68
1136,2025,11,17,17,17,22,yuki-tsunoda,red-bull,honda-rbpt,pirelli,2,30,30.000,30000.0,30.0
1136,2025,11,18,18,18,30,liam-lawson,racing-bulls,honda-rbpt,pirelli,1,32,21.434,21434.0,21.434
1136,2025,11,19,19,19,14,fernando-alonso,aston-martin,mercedes,pirelli,1,33,21.865,21865.0,21.865
1136,2025,11,20,20,20,10,pierre-gasly,alpine,renault,pirelli,2,38,22.105,22105.0,22.105
1136,2025,11,21,21,21,87,oliver-bearman,haas,ferrari,pirelli,2,39,21.771,21771.0,21.771
1136,2025,11,22,22,22,43,franco-colapinto,alpine,renault,pirelli,2,39,21.087,21087.0,21.087
1136,2025,11,23,23,23,27,nico-hulkenberg,kick-sauber,ferrari,pirelli,2,42,21.045,21045.0,21.045
1136,2025,11,24,24,24,63,george-russell,mercedes,mercedes,pirelli,2,45,21.854,21854.0,21.854
1136,2025,11,25,25,25,16,charles-leclerc,ferrari,ferrari,pirelli,2,49,21.536,21536.0,21.536
1136,2025,11,26,26,26,5,gabriel-bortoleto,kick-sauber,ferrari,pirelli,2,49,21.286,21286.0,21.286
1136,2025,11,27,27,27,44,lewis-hamilton,ferrari,ferrari,pirelli,2,50,21.158,21158.0,21.158
1136,2025,11,28,28,28,31,esteban-ocon,haas,ferrari,pirelli,2,50,22.284,22284.0,22.284
1136,2025,11,29,29,29,4,lando-norris,mclaren,mercedes,pirelli,2,52,21.427,21427.0,21.427
1136,2025,11,30,30,30,81,oscar-piastri,mclaren,mercedes,pirelli,2,53,21.033,21033.0,21.033
1136,2025,11,31,31,31,18,lance-stroll,aston-martin,mercedes,pirelli,2,53,21.763,21763.0,21.763
1136,2025,11,32,32,32,22,yuki-tsunoda,red-bull,honda-rbpt,pirelli,3,60,32.643,32643.0,32.643
1137,2025,12,1,1,1,12,kimi-antonelli,mercedes,mercedes,pirelli,1,2,28.721,28721.0,28.721
1137,2025,12,2,2,2,18,lance-stroll,aston-martin,mercedes,pirelli,1,6,29.125,29125.0,29.125
1137,2025,12,3,3,3,27,nico-hulkenberg,kick-sauber,ferrari,pirelli,1,9,29.736,29736.0,29.736
1137,2025,12,4,4,4,12,kimi-antonelli,mercedes,mercedes,pirelli,2,9,28.707,28707.0,28.707
1137,2025,12,5,5,5,18,lance-stroll,aston-martin,mercedes,pirelli,2,10,28.853,28853.0,28.853
1137,2025,12,6,6,6,63,george-russell,mercedes,mercedes,pirelli,1,10,28.647,28647.0,28.647
1137,2025,12,7,7,7,16,charles-leclerc,ferrari,ferrari,pirelli,1,10,29.089,29089.0,29.089
1137,2025,12,8,8,8,6,isack-hadjar,racing-bulls,honda-rbpt,pirelli,1,10,28.523,28523.0,28.523
1137,2025,12,9,9,9,87,oliver-bearman,haas,ferrari,pirelli,1,10,29.201,29201.0,29.201
1137,2025,12,10,10,10,81,oscar-piastri,mclaren,mercedes,pirelli,1,11,29.491,29491.0,29.491
1137,2025,12,11,11,11,4,lando-norris,mclaren,mercedes,pirelli,1,11,30.630,30630.0,30.63
1137,2025,12,12,12,12,1,max-verstappen,red-bull,honda-rbpt,pirelli,1,11,28.182,28182.0,28.182
1137,2025,12,13,13,13,44,lewis-hamilton,ferrari,ferrari,pirelli,1,11,28.917,28917.0,28.917
1137,2025,12,14,14,14,10,pierre-gasly,alpine,renault,pirelli,1,11,28.912,28912.0,28.912
1137,2025,12,15,15,15,14,fernando-alonso,aston-martin,mercedes,pirelli,1,11,28.707,28707.0,28.707
1137,2025,12,16,16,16,55,carlos-sainz-jr,williams,mercedes,pirelli,1,11,29.554,29554.0,29.554
1137,2025,12,17,17,17,22,yuki-tsunoda,red-bull,honda-rbpt,pirelli,1,11,28.544,28544.0,28.544
1137,2025,12,18,18,18,23,alexander-albon,williams,mercedes,pirelli,1,12,29.251,29251.0,29.251
1137,2025,12,19,19,19,31,esteban-ocon,haas,ferrari,pirelli,1,18,29.562,29562.0,29.562
1137,2025,12,20,20,20,12,kimi-antonelli,mercedes,mercedes,pirelli,3,20,29.728,29728.0,29.728
1137,2025,12,21,21,21,14,fernando-alonso,aston-martin,mercedes,pirelli,2,37,28.534,28534.0,28.534
1137,2025,12,22,22,22,63,george-russell,mercedes,mercedes,pirelli,2,38,28.205,28205.0,28.205
1137,2025,12,23,23,23,44,lewis-hamilton,ferrari,ferrari,pirelli,2,41,29.127,29127.0,29.127
1137,2025,12,24,24,24,18,lance-stroll,aston-martin,mercedes,pirelli,3,41,28.553,28553.0,28.553
1137,2025,12,25,25,25,1,max-verstappen,red-bull,honda-rbpt,pirelli,2,41,29.689,29689.0,29.689
1137,2025,12,26,26,26,10,pierre-gasly,alpine,renault,pirelli,2,41,28.469,28469.0,28.469
1137,2025,12,27,27,27,55,carlos-sainz-jr,williams,mercedes,pirelli,2,41,28.655,28655.0,28.655
1137,2025,12,28,28,28,87,oliver-bearman,haas,ferrari,pirelli,2,41,29.090,29090.0,29.09
1137,2025,12,29,29,29,27,nico-hulkenberg,kick-sauber,ferrari,pirelli,2,42,29.952,29952.0,29.952
1137,2025,12,30,30,30,16,charles-leclerc,ferrari,ferrari,pirelli,2,42,28.840,28840.0,28.84
1137,2025,12,31,31,31,23,alexander-albon,williams,mercedes,pirelli,2,42,29.292,29292.0,29.292
1137,2025,12,32,32,32,31,esteban-ocon,haas,ferrari,pirelli,2,42,28.646,28646.0,28.646
1137,2025,12,33,33,33,81,oscar-piastri,mclaren,mercedes,pirelli,2,43,40.280,40280.0,22.38253960583021
1137,2025,12,34,34,34,4,lando-norris,mclaren,mercedes,pirelli,2,44,28.214,28214.0,28.214
1138,2025,13,1,1,1,44,lewis-hamilton,ferrari,ferrari,pirelli,1,11,23.284,23284.0,23.284
1138,2025,13,2,2,2,10,pierre-gasly,alpine,renault,pirelli,1,11,26.825,26825.0,26.825
1138,2025,13,3,3,3,27,nico-hulkenberg,kick-sauber,ferrari,pirelli,1,11,23.599,23599.0,23.599
1138,2025,13,4,4,4,14,fernando-alonso,aston-martin,mercedes,pirelli,1,11,23.404,23404.0,23.404
1138,2025,13,5,5,5,81,oscar-piastri,mclaren,mercedes,pirelli,1,12,23.844,23844.0,23.844
1138,2025,13,6,6,6,16,charles-leclerc,ferrari,ferrari,pirelli,1,12,23.806,23806.0,23.806
1138,2025,13,7,7,7,1,max-verstappen,red-bull,honda-rbpt,pirelli,1,12,25.913,25913.0,25.913
1138,2025,13,8,8,8,63,george-russell,mercedes,mercedes,pirelli,1,12,23.635,23635.0,23.635
1138,2025,13,9,9,9,23,alexander-albon,williams,mercedes,pirelli,1,12,24.029,24029.0,24.029
1138,2025,13,10,10,10,30,liam-lawson,racing-bulls,honda-rbpt,pirelli,1,12,23.269,23269.0,23.269
1138,2025,13,11,11,11,5,gabriel-bortoleto,kick-sauber,ferrari,pirelli,1,12,23.274,23274.0,23.274
1138,2025,13,12,12,12,87,oliver-bearman,haas,ferrari,pirelli,1,12,24.130,24130.0,24.13
1138,2025,13,13,13,13,43,franco-colapinto,alpine,renault,pirelli,1,12,23.665,23665.0,23.665
1138,2025,13,14,14,14,55,carlos-sainz-jr,williams,mercedes,pirelli,1,12,27.528,27528.0,27.528
1138,2025,13,15,15,15,18,lance-stroll,aston-martin,mercedes,pirelli,1,12,23.787,23787.0,23.787
1138,2025,13,16,16,16,12,kimi-antonelli,mercedes,mercedes,pirelli,1,12,23.609,23609.0,23.609
1138,2025,13,17,17,17,4,lando-norris,mclaren,mercedes,pirelli,1,13,24.376,24376.0,24.376
1138,2025,13,18,18,18,22,yuki-tsunoda,red-bull,honda-rbpt,pirelli,1,13,23.330,23330.0,23.33
1138,2025,13,19,19,19,6,isack-hadjar,racing-bulls,honda-rbpt,pirelli,1,13,23.580,23580.0,23.58
1138,2025,13,20,20,20,31,esteban-ocon,haas,ferrari,pirelli,1,13,23.802,23802.0,23.802
1138,2025,13,21,21,21,6,isack-hadjar,racing-bulls,honda-rbpt,pirelli,2,20,23.376,23376.0,23.376
1138,2025,13,22,22,22,55,carlos-sainz-jr,williams,mercedes,pirelli,2,26,23.770,23770.0,23.77
1138,2025,13,23,23,23,43,franco-colapinto,alpine,renault,pirelli,2,28,23.449,23449.0,23.449
1138,2025,13,24,24,24,14,fernando-alonso,aston-martin,mercedes,pirelli,2,29,23.692,23692.0,23.692
1138,2025,13,25,25,25,12,kimi-antonelli,mercedes,mercedes,pirelli,2,30,23.059,23059.0,23.059
1138,2025,13,26,26,26,27,nico-hulkenberg,kick-sauber,ferrari,pirelli,2,32,23.890,23890.0,23.89
1139,2025,14,1,1,1,27,nico-hulkenberg,kick-sauber,ferrari,pirelli,1,5,21.594,21594.0,21.594
1139,2025,14,2,2,2,43,franco-colapinto,alpine,renault,pirelli,1,13,30.248,30248.0,30.248
1139,2025,14,3,3,3,31,esteban-ocon,haas,ferrari,pirelli,1,14,22.444,22444.0,22.444
1139,2025,14,4,4,4,23,alexander-albon,williams,mercedes,pirelli,1,14,21.345,21345.0,21.345
1139,2025,14,5,5,5,55,carlos-sainz-jr,williams,mercedes,pirelli,1,15,21.670,21670.0,21.67
1139,2025,14,6,6,6,1,max-verstappen,red-bull,honda-rbpt,pirelli,1,17,21.433,21433.0,21.433
1139,2025,14,7,7,7,81,oscar-piastri,mclaren,mercedes,pirelli,1,18,21.145,21145.0,21.145
1139,2025,14,8,8,8,16,charles-leclerc,ferrari,ferrari,pirelli,1,19,21.130,21130.0,21.13
1139,2025,14,9,9,9,63,george-russell,mercedes,mercedes,pirelli,1,19,21.703,21703.0,21.703
1139,2025,14,10,10,10,22,yuki-tsunoda,red-bull,honda-rbpt,pirelli,1,20,21.295,21295.0,21.295
1139,2025,14,11,11,11,12,kimi-antonelli,mercedes,mercedes,pirelli,1,21,22.328,22328.0,22.328
1139,2025,14,12,12,12,87,oliver-bearman,haas,ferrari,pirelli,1,30,21.754,21754.0,21.754
1139,2025,14,13,13,13,4,lando-norris,mclaren,mercedes,pirelli,1,31,20.940,20940.0,20.94
1139,2025,14,14,14,14,10,pierre-gasly,alpine,renault,pirelli,1,32,21.699,21699.0,21.699
1139,2025,14,15,15,15,6,isack-hadjar,racing-bulls,honda-rbpt,pirelli,1,33,21.096,21096.0,21.096
1139,2025,14,16,16,16,43,franco-colapinto,alpine,renault,pirelli,2,35,26.280,26280.0,26.28
1139,2025,14,17,17,17,18,lance-stroll,aston-martin,mercedes,pirelli,1,36,21.464,21464.0,21.464
1139,2025,14,18,18,18,22,yuki-tsunoda,red-bull,honda-rbpt,pirelli,2,37,21.541,21541.0,21.541
1139,2025,14,19,19,19,23,alexander-albon,williams,mercedes,pirelli,2,38,22.726,22726.0,22.726
1139,2025,14,20,20,20,14,fernando-alonso,aston-martin,mercedes,pirelli,1,39,22.204,22204.0,22.204
1139,2025,14,21,21,21,16,charles-leclerc,ferrari,ferrari,pirelli,2,40,21.136,21136.0,21.136
1139,2025,14,22,22,22,5,gabriel-bortoleto,kick-sauber,ferrari,pirelli,1,40,21.773,21773.0,21.773
1139,2025,14,23,23,23,30,liam-lawson,racing-bulls,honda-rbpt,pirelli,1,40,22.136,22136.0,22.136
1139,2025,14,24,24,24,27,nico-hulkenberg,kick-sauber,ferrari,pirelli,2,41,28.777,28777.0,28.777
1139,2025,14,25,25,25,44,lewis-hamilton,ferrari,ferrari,pirelli,1,42,21.150,21150.0,21.15
1139,2025,14,26,26,26,63,george-russell,mercedes,mercedes,pirelli,2,43,21.450,21450.0,21.45
1139,2025,14,27,27,27,81,oscar-piastri,mclaren,mercedes,pirelli,2,45,20.940,20940.0,20.94
1139,2025,14,28,28,28,1,max-verstappen,red-bull,honda-rbpt,pirelli,2,48,21.258,21258.0,21.258
1139,2025,14,29,29,29,55,carlos-sainz-jr,williams,mercedes,pirelli,2,51,21.423,21423.0,21.423
1140,2025,15,1,1,1,18,lance-stroll,aston-martin,mercedes,pirelli,1,8,17.561,17561.0,17.561
1140,2025,15,2,2,2,14,fernando-alonso,aston-martin,mercedes,pirelli,1,18,17.417,17417.0,17.417
1140,2025,15,3,3,3,22,yuki-tsunoda,red-bull,honda-rbpt,pirelli,1,19,18.348,18348.0,18.348
1140,2025,15,4,4,4,43,franco-colapinto,alpine,renault,pirelli,1,19,17.986,17986.0,17.986
1140,2025,15,5,5,5,27,nico-hulkenberg,kick-sauber,ferrari,pirelli,1,19,17.602,17602.0,17.602
1140,2025,15,6,6,6,16,charles-leclerc,ferrari,ferrari,pirelli,1,22,17.081,17081.0,17.081
1140,2025,15,7,7,7,5,gabriel-bortoleto,kick-sauber,ferrari,pirelli,1,22,17.908,17908.0,17.908
1140,2025,15,8,8,8,81,oscar-piastri,mclaren,mercedes,pirelli,1,23,17.375,17375.0,17.375
1140,2025,15,9,9,9,4,lando-norris,mclaren,mercedes,pirelli,1,23,20.042,20042.0,20.042
1140,2025,15,10,10,10,1,max-verstappen,red-bull,honda-rbpt,pirelli,1,23,18.740,18740.0,18.74
1140,2025,15,11,11,11,6,isack-hadjar,racing-bulls,honda-rbpt,pirelli,1,23,17.414,17414.0,17.414
1140,2025,15,12,12,12,63,george-russell,mercedes,mercedes,pirelli,1,23,18.832,18832.0,18.832
1140,2025,15,13,13,13,30,liam-lawson,racing-bulls,honda-rbpt,pirelli,1,23,17.549,17549.0,17.549
1140,2025,15,14,14,14,55,carlos-sainz-jr,williams,mercedes,pirelli,1,23,17.670,17670.0,17.67
1140,2025,15,15,15,15,23,alexander-albon,williams,mercedes,pirelli,1,23,19.692,19692.0,19.692
1140,2025,15,16,16,16,12,kimi-antonelli,mercedes,mercedes,pirelli,1,23,17.476,17476.0,17.476
1140,2025,15,17,17,17,10,pierre-gasly,alpine,renault,pirelli,1,23,19.223,19223.0,19.223
1140,2025,15,18,18,18,55,carlos-sainz-jr,williams,mercedes,pirelli,2,27,29.443,29443.0,29.443
1140,2025,15,19,19,19,30,liam-lawson,racing-bulls,honda-rbpt,pirelli,2,27,22.209,22209.0,22.209
1140,2025,15,20,20,20,14,fernando-alonso,aston-martin,mercedes,pirelli,2,40,17.949,17949.0,17.949
1140,2025,15,21,21,21,12,kimi-antonelli,mercedes,mercedes,pirelli,2,51,17.365,17365.0,17.365
1140,2025,15,22,22,22,16,charles-leclerc,ferrari,ferrari,pirelli,2,52,17.042,17042.0,17.042
1140,2025,15,23,23,23,55,carlos-sainz-jr,williams,mercedes,pirelli,3,51,30.340,30340.0,30.34
1140,2025,15,24,24,24,18,lance-stroll,aston-martin,mercedes,pirelli,2,52,17.598,17598.0,17.598
1140,2025,15,25,25,25,31,esteban-ocon,haas,ferrari,pirelli,1,52,18.270,18270.0,18.27
1140,2025,15,26,26,26,81,oscar-piastri,mclaren,mercedes,pirelli,2,53,18.589,18589.0,18.589
1140,2025,15,27,27,27,4,lando-norris,mclaren,mercedes,pirelli,2,53,22.608,22608.0,22.608
1140,2025,15,28,28,28,1,max-verstappen,red-bull,honda-rbpt,pirelli,2,53,18.261,18261.0,18.261
1140,2025,15,29,29,29,6,isack-hadjar,racing-bulls,honda-rbpt,pirelli,2,53,18.535,18535.0,18.535
1140,2025,15,30,30,30,63,george-russell,mercedes,mercedes,pirelli,2,53,17.344,17344.0,17.344
1140,2025,15,31,31,31,23,alexander-albon,williams,mercedes,pirelli,2,53,17.840,17840.0,17.84
1140,2025,15,32,32,32,12,kimi-antonelli,mercedes,mercedes,pirelli,3,53,21.360,21360.0,21.36
1140,2025,15,33,33,33,30,liam-lawson,racing-bulls,honda-rbpt,pirelli,3,52,18.552,18552.0,18.552
1140,2025,15,34,34,34,87,oliver-bearman,haas,ferrari,pirelli,1,53,18.622,18622.0,18.622
1140,2025,15,35,35,35,22,yuki-tsunoda,red-bull,honda-rbpt,pirelli,2,53,18.147,18147.0,18.147
1140,2025,15,36,36,36,43,franco-colapinto,alpine,renault,pirelli,2,53,17.586,17586.0,17.586
1140,2025,15,37,37,37,27,nico-hulkenberg,kick-sauber,ferrari,pirelli,2,53,17.944,17944.0,17.944
1140,2025,15,38,38,38,5,gabriel-bortoleto,kick-sauber,ferrari,pirelli,2,60,17.491,17491.0,17.491
1140,2025,15,39,39,39,43,franco-colapinto,alpine,renault,pirelli,3,65,18.077,18077.0,18.077
1140,2025,15,40,40,40,55,carlos-sainz-jr,williams,mercedes,pirelli,4,65,18.043,18043.0,18.043
1141,2025,16,1,1,1,30,liam-lawson,racing-bulls,honda-rbpt,pirelli,1,9,24.156,24156.0,24.156
1141,2025,16,2,2,2,87,oliver-bearman,haas,ferrari,pirelli,1,18,25.372,25372.0,25.372
1141,2025,16,3,3,3,22,yuki-tsunoda,red-bull,honda-rbpt,pirelli,1,19,24.372,24372.0,24.372
1141,2025,16,4,4,4,14,fernando-alonso,aston-martin,mercedes,pirelli,1,20,25.160,25160.0,25.16
1141,2025,16,5,5,5,5,gabriel-bortoleto,kick-sauber,ferrari,pirelli,1,20,26.143,26143.0,26.143
1141,2025,16,6,6,6,63,george-russell,mercedes,mercedes,pirelli,1,27,25.021,25021.0,25.021
1141,2025,16,7,7,7,12,kimi-antonelli,mercedes,mercedes,pirelli,1,28,24.916,24916.0,24.916
1141,2025,16,8,8,8,55,carlos-sainz-jr,williams,mercedes,pirelli,1,30,24.605,24605.0,24.605
1141,2025,16,9,9,9,6,isack-hadjar,racing-bulls,honda-rbpt,pirelli,1,32,24.326,24326.0,24.326
1141,2025,16,10,10,10,16,charles-leclerc,ferrari,ferrari,pirelli,1,33,24.235,24235.0,24.235
1141,2025,16,11,11,11,43,franco-colapinto,alpine,renault,pirelli,1,33,24.971,24971.0,24.971
1141,2025,16,12,12,12,1,max-verstappen,red-bull,honda-rbpt,pirelli,1,37,24.545,24545.0,24.545
1141,2025,16,13,13,13,44,lewis-hamilton,ferrari,ferrari,pirelli,1,38,23.971,23971.0,23.971
1141,2025,16,14,14,14,23,alexander-albon,williams,mercedes,pirelli,1,41,24.717,24717.0,24.717
1141,2025,16,15,15,15,81,oscar-piastri,mclaren,mercedes,pirelli,1,45,23.602,23602.0,23.602
1141,2025,16,16,16,16,4,lando-norris,mclaren,mercedes,pirelli,1,46,27.498,27498.0,27.498
1141,2025,16,17,17,17,18,lance-stroll,aston-martin,mercedes,pirelli,1,49,38.418,38418.0,24.274608199265273
1141,2025,16,18,18,18,10,pierre-gasly,alpine,renault,pirelli,1,49,25.012,25012.0,25.012
1141,2025,16,19,19,19,31,esteban-ocon,haas,ferrari,pirelli,1,51,30.754,30754.0,30.754
1142,2025,17,1,1,1,31,esteban-ocon,haas,ferrari,pirelli,1,1,20.691,20691.0,20.691
1142,2025,17,2,2,2,23,alexander-albon,williams,mercedes,pirelli,1,1,20.758,20758.0,20.758
1142,2025,17,3,3,3,31,esteban-ocon,haas,ferrari,pirelli,2,2,20.759,20759.0,20.759
1142,2025,17,4,4,4,23,alexander-albon,williams,mercedes,pirelli,2,15,20.489,20489.0,20.489
1142,2025,17,5,5,5,43,franco-colapinto,alpine,renault,pirelli,1,16,21.088,21088.0,21.088
1142,2025,17,6,6,6,12,kimi-antonelli,mercedes,mercedes,pirelli,1,18,20.669,20669.0,20.669
1142,2025,17,7,7,7,16,charles-leclerc,ferrari,ferrari,pirelli,1,19,20.542,20542.0,20.542
1142,2025,17,8,8,8,30,liam-lawson,racing-bulls,honda-rbpt,pirelli,1,20,20.283,20283.0,20.283
1142,2025,17,9,9,9,14,fernando-alonso,aston-martin,mercedes,pirelli,1,21,25.768,25768.0,25.768
1142,2025,17,10,10,10,5,gabriel-bortoleto,kick-sauber,ferrari,pirelli,1,26,20.845,20845.0,20.845
1142,2025,17,11,11,11,55,carlos-sainz-jr,williams,mercedes,pirelli,1,27,20.508,20508.0,20.508
1142,2025,17,12,12,12,87,oliver-bearman,haas,ferrari,pirelli,1,28,21.194,21194.0,21.194
1142,2025,17,13,13,13,6,isack-hadjar,racing-bulls,honda-rbpt,pirelli,1,29,20.294,20294.0,20.294
1142,2025,17,14,14,14,10,pierre-gasly,alpine,renault,pirelli,1,35,21.500,21500.0,21.5
1142,2025,17,15,15,15,44,lewis-hamilton,ferrari,ferrari,pirelli,1,36,20.062,20062.0,20.062
1142,2025,17,16,16,16,27,nico-hulkenberg,kick-sauber,ferrari,pirelli,1,36,19.970,19970.0,19.97
1142,2025,17,17,17,17,4,lando-norris,mclaren,mercedes,pirelli,1,37,21.975,21975.0,21.975
1142,2025,17,18,18,18,18,lance-stroll,aston-martin,mercedes,pirelli,1,37,21.820,21820.0,21.82
1142,2025,17,19,19,19,22,yuki-tsunoda,red-bull,honda-rbpt,pirelli,1,38,20.323,20323.0,20.323
1142,2025,17,20,20,20,63,george-russell,mercedes,mercedes,pirelli,1,39,19.809,19809.0,19.809
1142,2025,17,21,21,21,1,max-verstappen,red-bull,honda-rbpt,pirelli,1,40,20.221,20221.0,20.221
1143,2025,18,1,1,1,5,gabriel-bortoleto,kick-sauber,ferrari,pirelli,1,13,32.856,32856.0,32.856
1143,2025,18,2,2,2,22,yuki-tsunoda,red-bull,honda-rbpt,pirelli,1,13,24.610,24610.0,24.61
1143,2025,18,3,3,3,43,franco-colapinto,alpine,renault,pirelli,1,14,24.040,24040.0,24.04
1143,2025,18,4,4,4,1,max-verstappen,red-bull,honda-rbpt,pirelli,1,19,24.008,24008.0,24.008
1143,2025,18,5,5,5,6,isack-hadjar,racing-bulls,honda-rbpt,pirelli,1,20,23.827,23827.0,23.827
1143,2025,18,6,6,6,16,charles-leclerc,ferrari,ferrari,pirelli,1,21,23.630,23630.0,23.63
1143,2025,18,7,7,7,87,oliver-bearman,haas,ferrari,pirelli,1,23,23.979,23979.0,23.979
1143,2025,18,8,8,8,44,lewis-hamilton,ferrari,ferrari,pirelli,1,24,24.794,24794.0,24.794
1143,2025,18,9,9,9,10,pierre-gasly,alpine,renault,pirelli,1,24,25.583,25583.0,25.583
1143,2025,18,10,10,10,63,george-russell,mercedes,mercedes,pirelli,1,25,23.966,23966.0,23.966
1143,2025,18,11,11,11,12,kimi-antonelli,mercedes,mercedes,pirelli,1,25,23.806,23806.0,23.806
1143,2025,18,12,12,12,27,nico-hulkenberg,kick-sauber,ferrari,pirelli,1,25,24.193,24193.0,24.193
1143,2025,18,13,13,13,4,lando-norris,mclaren,mercedes,pirelli,1,26,23.314,23314.0,23.314
1143,2025,18,14,14,14,81,oscar-piastri,mclaren,mercedes,pirelli,1,27,26.637,26637.0,26.637
1143,2025,18,15,15,15,14,fernando-alonso,aston-martin,mercedes,pirelli,1,27,30.749,30749.0,30.749
1143,2025,18,16,16,16,31,esteban-ocon,haas,ferrari,pirelli,1,30,25.078,25078.0,25.078
1143,2025,18,17,17,17,18,lance-stroll,aston-martin,mercedes,pirelli,1,38,24.012,24012.0,24.012
1143,2025,18,18,18,18,23,alexander-albon,williams,mercedes,pirelli,1,42,25.732,25732.0,25.732
1143,2025,18,19,19,19,27,nico-hulkenberg,kick-sauber,ferrari,pirelli,2,44,31.894,31894.0,31.894
1143,2025,18,20,20,20,44,lewis-hamilton,ferrari,ferrari,pirelli,2,46,23.344,23344.0,23.344
1143,2025,18,21,21,21,30,liam-lawson,racing-bulls,honda-rbpt,pirelli,1,48,24.027,24027.0,24.027
1143,2025,18,22,22,22,55,carlos-sainz-jr,williams,mercedes,pirelli,1,50,24.075,24075.0,24.075
1143,2025,18,23,23,23,10,pierre-gasly,alpine,renault,pirelli,2,51,25.188,25188.0,25.188
1144,2025,19,1,1,1,23,alexander-albon,williams,mercedes,pirelli,1,7,23.763,23763.0,23.763
1144,2025,19,2,2,2,5,gabriel-bortoleto,kick-sauber,ferrari,pirelli,1,14,25.567,25567.0,25.567
1144,2025,19,3,3,3,16,charles-leclerc,ferrari,ferrari,pirelli,1,22,23.718,23718.0,23.718
1144,2025,19,4,4,4,31,esteban-ocon,haas,ferrari,pirelli,1,24,25.060,25060.0,25.06
1144,2025,19,5,5,5,10,pierre-gasly,alpine,renault,pirelli,1,27,26.631,26631.0,26.631
1144,2025,19,6,6,6,18,lance-stroll,aston-martin,mercedes,pirelli,1,28,24.192,24192.0,24.192
1144,2025,19,7,7,7,6,isack-hadjar,racing-bulls,honda-rbpt,pirelli,1,28,23.831,23831.0,23.831
1144,2025,19,8,8,8,22,yuki-tsunoda,red-bull,honda-rbpt,pirelli,1,29,24.539,24539.0,24.539
1144,2025,19,9,9,9,81,oscar-piastri,mclaren,mercedes,pirelli,1,30,23.452,23452.0,23.452
1144,2025,19,10,10,10,87,oliver-bearman,haas,ferrari,pirelli,1,30,24.110,24110.0,24.11
1144,2025,19,11,11,11,14,fernando-alonso,aston-martin,mercedes,pirelli,1,30,24.054,24054.0,24.054
1144,2025,19,12,12,12,30,liam-lawson,racing-bulls,honda-rbpt,pirelli,1,30,23.681,23681.0,23.681
1144,2025,19,13,13,13,44,lewis-hamilton,ferrari,ferrari,pirelli,1,31,23.937,23937.0,23.937
1144,2025,19,14,14,14,12,kimi-antonelli,mercedes,mercedes,pirelli,1,31,23.949,23949.0,23.949
1144,2025,19,15,15,15,4,lando-norris,mclaren,mercedes,pirelli,1,32,24.580,24580.0,24.58
1144,2025,19,16,16,16,43,franco-colapinto,alpine,renault,pirelli,1,32,24.045,24045.0,24.045
1144,2025,19,17,17,17,1,max-verstappen,red-bull,honda-rbpt,pirelli,1,33,23.987,23987.0,23.987
1144,2025,19,18,18,18,63,george-russell,mercedes,mercedes,pirelli,1,33,23.555,23555.0,23.555
1144,2025,19,19,19,19,27,nico-hulkenberg,kick-sauber,ferrari,pirelli,1,33,23.753,23753.0,23.753
1144,2025,19,20,20,20,23,alexander-albon,williams,mercedes,pirelli,2,36,24.582,24582.0,24.582
1144,2025,19,21,21,21,5,gabriel-bortoleto,kick-sauber,ferrari,pirelli,2,36,24.007,24007.0,24.007
1145,2025,20,1,1,1,30,liam-lawson,racing-bulls,honda-rbpt,pirelli,1,2,34.212,34212.0,34.212
1145,2025,20,2,2,2,55,carlos-sainz-jr,williams,mercedes,pirelli,1,17,22.502,22502.0,22.502
1145,2025,20,3,3,3,14,fernando-alonso,aston-martin,mercedes,pirelli,1,20,26.816,26816.0,26.816
1145,2025,20,4,4,4,12,kimi-antonelli,mercedes,mercedes,pirelli,1,22,22.476,22476.0,22.476
1145,2025,20,5,5,5,44,lewis-hamilton,ferrari,ferrari,pirelli,1,23,33.308,33308.0,33.308
1145,2025,20,6,6,6,87,oliver-bearman,haas,ferrari,pirelli,1,24,22.647,22647.0,22.647
1145,2025,20,7,7,7,81,oscar-piastri,mclaren,mercedes,pirelli,1,24,23.211,23211.0,23.211
1145,2025,20,8,8,8,63,george-russell,mercedes,mercedes,pirelli,1,25,22.347,22347.0,22.347
1145,2025,20,9,9,9,18,lance-stroll,aston-martin,mercedes,pirelli,1,26,22.071,22071.0,22.071
1145,2025,20,10,10,10,31,esteban-ocon,haas,ferrari,pirelli,1,27,23.203,23203.0,23.203
1145,2025,20,11,11,11,16,charles-leclerc,ferrari,ferrari,pirelli,1,31,22.215,22215.0,22.215
1145,2025,20,12,12,12,10,pierre-gasly,alpine,renault,pirelli,1,33,22.834,22834.0,22.834
1145,2025,20,13,13,13,4,lando-norris,mclaren,mercedes,pirelli,1,34,22.567,22567.0,22.567
1145,2025,20,14,14,14,6,isack-hadjar,racing-bulls,honda-rbpt,pirelli,1,34,22.196,22196.0,22.196
1145,2025,20,15,15,15,22,yuki-tsunoda,red-bull,honda-rbpt,pirelli,1,36,31.630,31630.0,31.63
1145,2025,20,16,16,16,1,max-verstappen,red-bull,honda-rbpt,pirelli,1,37,22.762,22762.0,22.762
1145,2025,20,17,17,17,5,gabriel-bortoleto,kick-sauber,ferrari,pirelli,1,37,22.410,22410.0,22.41
1145,2025,20,18,18,18,23,alexander-albon,williams,mercedes,pirelli,1,41,22.040,22040.0,22.04
1145,2025,20,19,19,19,18,lance-stroll,aston-martin,mercedes,pirelli,2,43,23.713,23713.0,23.713
1145,2025,20,20,20,20,55,carlos-sainz-jr,williams,mercedes,pirelli,2,46,30.546,30546.0,30.546
1145,2025,20,21,21,21,12,kimi-antonelli,mercedes,mercedes,pirelli,2,47,24.523,24523.0,24.523
1145,2025,20,22,22,22,81,oscar-piastri,mclaren,mercedes,pirelli,2,47,22.159,22159.0,22.159
1145,2025,20,23,23,23,44,lewis-hamilton,ferrari,ferrari,pirelli,2,47,23.342,23342.0,23.342
1145,2025,20,24,24,24,87,oliver-bearman,haas,ferrari,pirelli,2,48,22.174,22174.0,22.174
1145,2025,20,25,25,25,63,george-russell,mercedes,mercedes,pirelli,2,48,22.470,22470.0,22.47
1145,2025,20,26,26,26,43,franco-colapinto,alpine,renault,pirelli,1,48,22.789,22789.0,22.789
1146,2025,21,1,1,1,22,yuki-tsunoda,red-bull,honda-rbpt,pirelli,1,2,22.974,22974.0,22.974
1146,2025,21,2,2,2,44,lewis-hamilton,ferrari,ferrari,pirelli,1,2,40.076,40076.0,24.40458463137097
1146,2025,21,3,3,3,1,max-verstappen,red-bull,honda-rbpt,pirelli,1,7,23.197,23197.0,23.197
1146,2025,21,4,4,4,31,esteban-ocon,haas,ferrari,pirelli,1,8,24.204,24204.0,24.204
1146,2025,21,5,5,5,44,lewis-hamilton,ferrari,ferrari,pirelli,2,14,23.426,23426.0,23.426
1146,2025,21,6,6,6,87,oliver-bearman,haas,ferrari,pirelli,1,17,23.748,23748.0,23.748
1146,2025,21,7,7,7,55,carlos-sainz-jr,williams,mercedes,pirelli,1,17,26.064,26064.0,26.064
1146,2025,21,8,8,8,6,isack-hadjar,racing-bulls,honda-rbpt,pirelli,1,18,23.708,23708.0,23.708
1146,2025,21,9,9,9,10,pierre-gasly,alpine,renault,pirelli,1,18,23.673,23673.0,23.673
1146,2025,21,10,10,10,30,liam-lawson,racing-bulls,honda-rbpt,pirelli,1,19,22.899,22899.0,22.899
1146,2025,21,11,11,11,12,kimi-antonelli,mercedes,mercedes,pirelli,1,21,23.356,23356.0,23.356
1146,2025,21,12,12,12,22,yuki-tsunoda,red-bull,honda-rbpt,pirelli,2,24,34.185,34185.0,34.185
1146,2025,21,13,13,13,14,fernando-alonso,aston-martin,mercedes,pirelli,1,28,23.942,23942.0,23.942
1146,2025,21,14,14,14,18,lance-stroll,aston-martin,mercedes,pirelli,1,29,23.760,23760.0,23.76
1146,2025,21,15,15,15,43,franco-colapinto,alpine,renault,pirelli,1,29,23.710,23710.0,23.71
1146,2025,21,16,16,16,4,lando-norris,mclaren,mercedes,pirelli,1,30,23.490,23490.0,23.49
1146,2025,21,17,17,17,44,lewis-hamilton,ferrari,ferrari,pirelli,3,32,30.752,30752.0,30.752
1146,2025,21,18,18,18,63,george-russell,mercedes,mercedes,pirelli,1,34,23.358,23358.0,23.358
1146,2025,21,19,19,19,1,max-verstappen,red-bull,honda-rbpt,pirelli,2,34,23.058,23058.0,23.058
1146,2025,21,20,20,20,23,alexander-albon,williams,mercedes,pirelli,1,35,23.061,23061.0,23.061
1146,2025,21,21,21,21,27,nico-hulkenberg,kick-sauber,ferrari,pirelli,1,36,23.086,23086.0,23.086
1146,2025,21,22,22,22,6,isack-hadjar,racing-bulls,honda-rbpt,pirelli,2,37,23.460,23460.0,23.46
1146,2025,21,23,23,23,81,oscar-piastri,mclaren,mercedes,pirelli,1,38,34.644,34644.0,34.644
1146,2025,21,24,24,24,55,carlos-sainz-jr,williams,mercedes,pirelli,2,38,23.234,23234.0,23.234
1146,2025,21,25,25,25,10,pierre-gasly,alpine,renault,pirelli,2,39,23.648,23648.0,23.648
1146,2025,21,26,26,26,87,oliver-bearman,haas,ferrari,pirelli,2,42,24.654,24654.0,24.654
1146,2025,21,27,27,27,43,franco-colapinto,alpine,renault,pirelli,2,43,26.124,26124.0,26.124
1146,2025,21,28,28,28,14,fernando-alonso,aston-martin,mercedes,pirelli,2,46,23.563,23563.0,23.563
1146,2025,21,29,29,29,12,kimi-antonelli,mercedes,mercedes,pirelli,2,47,23.401,23401.0,23.401
1146,2025,21,30,30,30,31,esteban-ocon,haas,ferrari,pirelli,2,47,24.177,24177.0,24.177
1146,2025,21,31,31,31,22,yuki-tsunoda,red-bull,honda-rbpt,pirelli,3,47,33.841,33841.0,33.841
1146,2025,21,32,32,32,63,george-russell,mercedes,mercedes,pirelli,2,48,23.128,23128.0,23.128
1146,2025,21,33,33,33,4,lando-norris,mclaren,mercedes,pirelli,2,50,23.238,23238.0,23.238
1146,2025,21,34,34,34,81,oscar-piastri,mclaren,mercedes,pirelli,2,51,23.113,23113.0,23.113
1146,2025,21,35,35,35,1,max-verstappen,red-bull,honda-rbpt,pirelli,3,54,23.311,23311.0,23.311
1146,2025,21,36,36,36,18,lance-stroll,aston-martin,mercedes,pirelli,2,54,22.968,22968.0,22.968
1146,2025,21,37,37,37,23,alexander-albon,williams,mercedes,pirelli,2,55,23.112,23112.0,23.112
1147,2025,22,1,1,1,22,yuki-tsunoda,red-bull,honda-rbpt,pirelli,1,1,21.383,21383.0,21.383
1147,2025,22,2,2,2,5,gabriel-bortoleto,kick-sauber,ferrari,pirelli,1,1,33.230,33230.0,33.23
1147,2025,22,3,3,3,12,kimi-antonelli,mercedes,mercedes,pirelli,1,2,21.968,21968.0,21.968
1147,2025,22,4,4,4,30,liam-lawson,racing-bulls,honda-rbpt,pirelli,1,2,32.736,32736.0,32.736
1147,2025,22,5,5,5,10,pierre-gasly,alpine,renault,pirelli,1,2,23.903,23903.0,23.903
1147,2025,22,6,6,6,23,alexander-albon,williams,mercedes,pirelli,1,13,23.361,23361.0,23.361
1147,2025,22,7,7,7,23,alexander-albon,williams,mercedes,pirelli,2,14,30.065,30065.0,30.065
1147,2025,22,8,8,8,14,fernando-alonso,aston-martin,mercedes,pirelli,1,16,21.068,21068.0,21.068
1147,2025,22,9,9,9,63,george-russell,mercedes,mercedes,pirelli,1,17,20.929,20929.0,20.929
1147,2025,22,10,10,10,87,oliver-bearman,haas,ferrari,pirelli,1,17,21.491,21491.0,21.491
1147,2025,22,11,11,11,6,isack-hadjar,racing-bulls,honda-rbpt,pirelli,1,20,21.324,21324.0,21.324
1147,2025,22,12,12,12,81,oscar-piastri,mclaren,mercedes,pirelli,1,21,21.371,21371.0,21.371
1147,2025,22,13,13,13,4,lando-norris,mclaren,mercedes,pirelli,1,22,21.049,21049.0,21.049
1147,2025,22,14,14,14,55,carlos-sainz-jr,williams,mercedes,pirelli,1,22,21.164,21164.0,21.164
1147,2025,22,15,15,15,16,charles-leclerc,ferrari,ferrari,pirelli,1,24,21.351,21351.0,21.351
1147,2025,22,16,16,16,1,max-verstappen,red-bull,honda-rbpt,pirelli,1,25,21.708,21708.0,21.708
1147,2025,22,17,17,17,43,franco-colapinto,alpine,renault,pirelli,1,25,22.842,22842.0,22.842
1147,2025,22,18,18,18,31,esteban-ocon,haas,ferrari,pirelli,1,27,22.389,22389.0,22.389
1147,2025,22,19,19,19,22,yuki-tsunoda,red-bull,honda-rbpt,pirelli,2,27,20.680,20680.0,20.68
1147,2025,22,20,20,20,30,liam-lawson,racing-bulls,honda-rbpt,pirelli,2,28,21.287,21287.0,21.287
1147,2025,22,21,21,21,44,lewis-hamilton,ferrari,ferrari,pirelli,1,29,21.638,21638.0,21.638
1147,2025,22,22,22,22,27,nico-hulkenberg,kick-sauber,ferrari,pirelli,1,30,22.333,22333.0,22.333
1147,2025,22,23,23,23,23,alexander-albon,williams,mercedes,pirelli,3,34,29.308,29308.0,29.308
1148,2025,23,1,1,1,1,max-verstappen,red-bull,honda-rbpt,pirelli,1,7,29.970,29970.0,29.97
1148,2025,23,2,2,2,12,kimi-antonelli,mercedes,mercedes,pirelli,1,7,32.002,32002.0,32.002
1148,2025,23,3,3,3,55,carlos-sainz-jr,williams,mercedes,pirelli,1,7,28.560,28560.0,28.56
1148,2025,23,4,4,4,14,fernando-alonso,aston-martin,mercedes,pirelli,1,7,28.288,28288.0,28.288
1148,2025,23,5,5,5,63,george-russell,mercedes,mercedes,pirelli,1,7,33.241,33241.0,33.241
1148,2025,23,6,6,6,6,isack-hadjar,racing-bulls,honda-rbpt,pirelli,1,7,28.815,28815.0,28.815
1148,2025,23,7,7,7,16,charles-leclerc,ferrari,ferrari,pirelli,1,7,30.395,30395.0,30.395
1148,2025,23,8,8,8,87,oliver-bearman,haas,ferrari,pirelli,1,7,28.837,28837.0,28.837
1148,2025,23,9,9,9,44,lewis-hamilton,ferrari,ferrari,pirelli,1,7,32.166,32166.0,32.166
1148,2025,23,10,10,10,30,liam-lawson,racing-bulls,honda-rbpt,pirelli,1,7,28.993,28993.0,28.993
1148,2025,23,11,11,11,22,yuki-tsunoda,red-bull,honda-rbpt,pirelli,1,7,29.188,29188.0,29.188
1148,2025,23,12,12,12,23,alexander-albon,williams,mercedes,pirelli,1,7,28.890,28890.0,28.89
1148,2025,23,13,13,13,5,gabriel-bortoleto,kick-sauber,ferrari,pirelli,1,7,28.471,28471.0,28.471
1148,2025,23,14,14,14,18,lance-stroll,aston-martin,mercedes,pirelli,1,7,28.124,28124.0,28.124
1148,2025,23,15,15,15,43,franco-colapinto,alpine,renault,pirelli,1,7,29.538,29538.0,29.538
1148,2025,23,16,16,16,10,pierre-gasly,alpine,renault,pirelli,1,7,31.343,31343.0,31.343
1148,2025,23,17,17,17,31,esteban-ocon,haas,ferrari,pirelli,1,8,34.006,34006.0,34.006
1148,2025,23,18,18,18,31,esteban-ocon,haas,ferrari,pirelli,2,9,34.540,34540.0,34.54
1148,2025,23,19,19,19,81,oscar-piastri,mclaren,mercedes,pirelli,1,24,29.047,29047.0,29.047
1148,2025,23,20,20,20,18,lance-stroll,aston-martin,mercedes,pirelli,2,24,28.064,28064.0,28.064
1148,2025,23,21,21,21,4,lando-norris,mclaren,mercedes,pirelli,1,25,27.938,27938.0,27.938
1148,2025,23,22,22,22,1,max-verstappen,red-bull,honda-rbpt,pirelli,2,32,28.168,28168.0,28.168
1148,2025,23,23,23,23,55,carlos-sainz-jr,williams,mercedes,pirelli,2,32,28.181,28181.0,28.181
1148,2025,23,24,24,24,12,kimi-antonelli,mercedes,mercedes,pirelli,2,32,28.544,28544.0,28.544
1148,2025,23,25,25,25,14,fernando-alonso,aston-martin,mercedes,pirelli,2,32,28.935,28935.0,28.935
1148,2025,23,26,26,26,6,isack-hadjar,racing-bulls,honda-rbpt,pirelli,2,32,27.931,27931.0,27.931
1148,2025,23,27,27,27,63,george-russell,mercedes,mercedes,pirelli,2,32,29.077,29077.0,29.077
1148,2025,23,28,28,28,16,charles-leclerc,ferrari,ferrari,pirelli,2,32,28.999,28999.0,28.999
1148,2025,23,29,29,29,87,oliver-bearman,haas,ferrari,pirelli,2,32,45.232,45232.0,23.607011081861273
1148,2025,23,30,30,30,30,liam-lawson,racing-bulls,honda-rbpt,pirelli,2,32,28.078,28078.0,28.078
1148,2025,23,31,31,31,22,yuki-tsunoda,red-bull,honda-rbpt,pirelli,2,32,28.330,28330.0,28.33
1148,2025,23,32,32,32,23,alexander-albon,williams,mercedes,pirelli,2,32,29.457,29457.0,29.457
1148,2025,23,33,33,33,44,lewis-hamilton,ferrari,ferrari,pirelli,2,32,28.541,28541.0,28.541
1148,2025,23,34,34,34,5,gabriel-bortoleto,kick-sauber,ferrari,pirelli,2,32,28.234,28234.0,28.234
1148,2025,23,35,35,35,43,franco-colapinto,alpine,renault,pirelli,2,32,28.942,28942.0,28.942
1148,2025,23,36,36,36,10,pierre-gasly,alpine,renault,pirelli,2,32,30.559,30559.0,30.559
1148,2025,23,37,37,37,31,esteban-ocon,haas,ferrari,pirelli,3,34,30.469,30469.0,30.469
1148,2025,23,38,38,38,87,oliver-bearman,haas,ferrari,pirelli,3,40,37.513,37513.0,24.3504570177572
1148,2025,23,39,39,39,81,oscar-piastri,mclaren,mercedes,pirelli,2,42,27.853,27853.0,27.853
1148,2025,23,40,40,40,4,lando-norris,mclaren,mercedes,pirelli,2,44,28.243,28243.0,28.243
1148,2025,23,41,41,41,18,lance-stroll,aston-martin,mercedes,pirelli,3,49,35.671,35671.0,22.48032957054814
1149,2025,24,1,1,1,27,nico-hulkenberg,kick-sauber,ferrari,pirelli,1,7,21.619,21619.0,21.619
1149,2025,24,2,2,2,44,lewis-hamilton,ferrari,ferrari,pirelli,1,8,21.601,21601.0,21.601
1149,2025,24,3,3,3,23,alexander-albon,williams,mercedes,pirelli,1,8,21.551,21551.0,21.551
1149,2025,24,4,4,4,10,pierre-gasly,alpine,renault,pirelli,1,13,22.585,22585.0,22.585
1149,2025,24,5,5,5,63,george-russell,mercedes,mercedes,pirelli,1,14,21.979,21979.0,21.979
1149,2025,24,6,6,6,6,isack-hadjar,racing-bulls,honda-rbpt,pirelli,1,14,21.932,21932.0,21.932
1149,2025,24,7,7,7,87,oliver-bearman,haas,ferrari,pirelli,1,14,22.263,22263.0,22.263
1149,2025,24,8,8,8,5,gabriel-bortoleto,kick-sauber,ferrari,pirelli,1,15,22.121,22121.0,22.121
1149,2025,24,9,9,9,43,franco-colapinto,alpine,renault,pirelli,1,15,21.953,21953.0,21.953
1149,2025,24,10,10,10,4,lando-norris,mclaren,mercedes,pirelli,1,16,21.323,21323.0,21.323
1149,2025,24,11,11,11,16,charles-leclerc,ferrari,ferrari,pirelli,1,16,21.692,21692.0,21.692
1149,2025,24,12,12,12,14,fernando-alonso,aston-martin,mercedes,pirelli,1,16,23.267,23267.0,23.267
1149,2025,24,13,13,13,55,carlos-sainz-jr,williams,mercedes,pirelli,1,18,21.799,21799.0,21.799
1149,2025,24,14,14,14,31,esteban-ocon,haas,ferrari,pirelli,1,19,22.254,22254.0,22.254
1149,2025,24,15,15,15,30,liam-lawson,racing-bulls,honda-rbpt,pirelli,1,21,28.369,28369.0,28.369
1149,2025,24,16,16,16,1,max-verstappen,red-bull,honda-rbpt,pirelli,1,23,21.703,21703.0,21.703
1149,2025,24,17,17,17,44,lewis-hamilton,ferrari,ferrari,pirelli,2,31,21.417,21417.0,21.417
1149,2025,24,18,18,18,22,yuki-tsunoda,red-bull,honda-rbpt,pirelli,1,32,27.041,27041.0,27.041
1149,2025,24,19,19,19,12,kimi-antonelli,mercedes,mercedes,pirelli,1,32,22.155,22155.0,22.155
1149,2025,24,20,20,20,23,alexander-albon,williams,mercedes,pirelli,2,33,21.495,21495.0,21.495
1149,2025,24,21,21,21,16,charles-leclerc,ferrari,ferrari,pirelli,2,39,20.902,20902.0,20.902
1149,2025,24,22,22,22,4,lando-norris,mclaren,mercedes,pirelli,2,40,21.407,21407.0,21.407
1149,2025,24,23,23,23,10,pierre-gasly,alpine,renault,pirelli,2,40,22.234,22234.0,22.234
1149,2025,24,24,24,24,43,franco-colapinto,alpine,renault,pirelli,2,40,22.955,22955.0,22.955
1149,2025,24,25,25,25,81,oscar-piastri,mclaren,mercedes,pirelli,1,41,21.565,21565.0,21.565
1149,2025,24,26,26,26,18,lance-stroll,aston-martin,mercedes,pirelli,1,42,21.535,21535.0,21.535
1149,2025,24,27,27,27,27,nico-hulkenberg,kick-sauber,ferrari,pirelli,2,42,21.468,21468.0,21.468
1150,2026,1,1,1,1,43,franco-colapinto,alpine,mercedes,pirelli,1,9,27.733,27733.0,27.733
1150,2026,1,2,2,2,1,lando-norris,mclaren,mercedes,pirelli,1,11,18.266,18266.0,18.266
1150,2026,1,3,3,3,31,esteban-ocon,haas,ferrari,pirelli,1,11,18.570,18570.0,18.57
1150,2026,1,4,4,4,10,pierre-gasly,alpine,mercedes,pirelli,1,11,18.672,18672.0,18.672
1150,2026,1,5,5,5,55,carlos-sainz-jr,williams,mercedes,pirelli,1,11,19.859,19859.0,19.859
1150,2026,1,6,6,6,30,liam-lawson,racing-bulls,red-bull-ford,pirelli,1,11,19.112,19112.0,19.112
1150,2026,1,7,7,7,14,fernando-alonso,aston-martin,honda,pirelli,1,11,25.895,25895.0,25.895
1150,2026,1,8,8,8,18,lance-stroll,aston-martin,honda,pirelli,1,11,36.686,36686.0,22.58463791472135
1150,2026,1,9,9,9,63,george-russell,mercedes,mercedes,pirelli,1,12,17.794,17794.0,17.794
1150,2026,1,10,10,10,12,kimi-antonelli,mercedes,mercedes,pirelli,1,12,20.985,20985.0,20.985
1150,2026,1,11,11,11,23,alexander-albon,williams,mercedes,pirelli,1,12,18.118,18118.0,18.118
1150,2026,1,12,12,12,77,valtteri-bottas,cadillac,ferrari,pirelli,1,12,30.387,30387.0,30.387
1150,2026,1,13,13,13,41,arvid-lindblad,racing-bulls,red-bull-ford,pirelli,1,18,18.506,18506.0,18.506
1150,2026,1,14,14,14,3,max-verstappen,red-bull,red-bull-ford,pirelli,1,18,19.070,19070.0,19.07
1150,2026,1,15,15,15,87,oliver-bearman,haas,ferrari,pirelli,1,18,18.774,18774.0,18.774
1150,2026,1,16,16,16,5,gabriel-bortoleto,audi,audi,pirelli,1,18,18.916,18916.0,18.916
1150,2026,1,17,17,17,11,sergio-perez,cadillac,ferrari,pirelli,1,18,21.371,21371.0,21.371
1150,2026,1,18,18,18,16,charles-leclerc,ferrari,ferrari,pirelli,1,25,17.664,17664.0,17.664
1150,2026,1,19,19,19,18,lance-stroll,aston-martin,honda,pirelli,2,26,33.182,33182.0,33.182
1150,2026,1,20,20,20,44,lewis-hamilton,ferrari,ferrari,pirelli,1,28,17.741,17741.0,17.741
1150,2026,1,21,21,21,5,gabriel-bortoleto,audi,audi,pirelli,2,33,22.619,22619.0,22.619
1150,2026,1,22,22,22,23,alexander-albon,williams,mercedes,pirelli,2,33,18.404,18404.0,18.404
1150,2026,1,23,23,23,55,carlos-sainz-jr,williams,mercedes,pirelli,2,33,25.939,25939.0,25.939
1150,2026,1,24,24,24,30,liam-lawson,racing-bulls,red-bull-ford,pirelli,2,33,18.190,18190.0,18.19
1150,2026,1,25,25,25,1,lando-norris,mclaren,mercedes,pirelli,2,34,17.649,17649.0,17.649
1150,2026,1,26,26,26,3,max-verstappen,red-bull,red-bull-ford,pirelli,2,41,18.078,18078.0,18.078
1150,2026,1,27,27,27,11,sergio-perez,cadillac,ferrari,pirelli,2,43,18.951,18951.0,18.951
1150,2026,1,28,28,28,55,carlos-sainz-jr,williams,mercedes,pirelli,3,45,34.615,34615.0,34.615
1150,2026,1,29,29,29,43,franco-colapinto,alpine,mercedes,pirelli,2,46,18.561,18561.0,18.561
1150,2026,1,30,30,30,18,lance-stroll,aston-martin,honda,pirelli,4,39,22.469,22469.0,22.469
1151,2026,2,1,1,1,6,isack-hadjar,red-bull,red-bull-ford,pirelli,1,1,23.062,23062.0,23.062
1151,2026,2,2,2,2,3,max-verstappen,red-bull,red-bull-ford,pirelli,1,9,23.678,23678.0,23.678
1151,2026,2,3,3,3,30,liam-lawson,racing-bulls,red-bull-ford,pirelli,1,9,22.721,22721.0,22.721
1151,2026,2,4,4,4,55,carlos-sainz-jr,williams,mercedes,pirelli,1,9,23.106,23106.0,23.106
1151,2026,2,5,5,5,12,kimi-antonelli,mercedes,mercedes,pirelli,1,10,23.005,23005.0,23.005
1151,2026,2,6,6,6,63,george-russell,mercedes,mercedes,pirelli,1,10,23.390,23390.0,23.39
1151,2026,2,7,7,7,44,lewis-hamilton,ferrari,ferrari,pirelli,1,10,22.433,22433.0,22.433
1151,2026,2,8,8,8,16,charles-leclerc,ferrari,ferrari,pirelli,1,10,25.633,25633.0,25.633
1151,2026,2,9,9,9,10,pierre-gasly,alpine,mercedes,pirelli,1,10,23.539,23539.0,23.539
1151,2026,2,10,10,10,87,oliver-bearman,haas,ferrari,pirelli,1,10,22.967,22967.0,22.967
1151,2026,2,11,11,11,77,valtteri-bottas,cadillac,ferrari,pirelli,1,10,27.795,27795.0,27.795
1151,2026,2,12,12,12,6,isack-hadjar,red-bull,red-bull-ford,pirelli,2,10,25.748,25748.0,25.748
1151,2026,2,13,13,13,11,sergio-perez,cadillac,ferrari,pirelli,1,11,26.213,26213.0,26.213
1151,2026,2,14,14,14,31,esteban-ocon,haas,ferrari,pirelli,1,29,25.997,25997.0,25.997
1151,2026,2,15,15,15,14,fernando-alonso,aston-martin,honda,pirelli,1,31,23.291,23291.0,23.291
1151,2026,2,16,16,16,43,franco-colapinto,alpine,mercedes,pirelli,1,32,23.195,23195.0,23.195
1151,2026,2,17,17,17,27,nico-hulkenberg,audi,audi,pirelli,1,35,37.358,37358.0,24.19029324459929
1151,2026,2,18,18,18,41,arvid-lindblad,racing-bulls,red-bull-ford,pirelli,1,42,23.290,23290.0,23.29
1151,2026,2,19,19,19,31,esteban-ocon,haas,ferrari,pirelli,2,46,47.067,47067.0,23.17713498439912
1152,2026,3,1,1,1,1,lando-norris,mclaren,mercedes,pirelli,1,16,23.316,23316.0,23.316
1152,2026,3,2,2,2,87,oliver-bearman,haas,ferrari,pirelli,1,16,25.081,25081.0,25.081
1152,2026,3,3,3,3,16,charles-leclerc,ferrari,ferrari,pirelli,1,17,22.992,22992.0,22.992
1152,2026,3,4,4,4,43,franco-colapinto,alpine,mercedes,pirelli,1,17,23.649,23649.0,23.649
1152,2026,3,5,5,5,81,oscar-piastri,mclaren,mercedes,pirelli,1,18,23.444,23444.0,23.444
1152,2026,3,6,6,6,41,arvid-lindblad,racing-bulls,red-bull-ford,pirelli,1,18,26.335,26335.0,26.335
1152,2026,3,7,7,7,31,esteban-ocon,haas,ferrari,pirelli,1,19,24.629,24629.0,24.629
1152,2026,3,8,8,8,6,isack-hadjar,red-bull,red-bull-ford,pirelli,1,19,23.698,23698.0,23.698
1152,2026,3,9,9,9,77,valtteri-bottas,cadillac,ferrari,pirelli,1,19,25.129,25129.0,25.129
1152,2026,3,10,10,10,63,george-russell,mercedes,mercedes,pirelli,1,21,22.937,22937.0,22.937
1152,2026,3,11,11,11,11,sergio-perez,cadillac,ferrari,pirelli,1,21,27.307,27307.0,27.307
1152,2026,3,12,12,12,18,lance-stroll,aston-martin,honda,pirelli,1,21,25.083,25083.0,25.083
1152,2026,3,13,13,13,14,fernando-alonso,aston-martin,honda,pirelli,1,21,26.458,26458.0,26.458
1152,2026,3,14,14,14,12,kimi-antonelli,mercedes,mercedes,pirelli,1,22,23.288,23288.0,23.288
1152,2026,3,15,15,15,44,lewis-hamilton,ferrari,ferrari,pirelli,1,22,22.891,22891.0,22.891
1152,2026,3,16,16,16,10,pierre-gasly,alpine,mercedes,pirelli,1,22,24.304,24304.0,24.304
1152,2026,3,17,17,17,3,max-verstappen,red-bull,red-bull-ford,pirelli,1,22,24.490,24490.0,24.49
1152,2026,3,18,18,18,30,liam-lawson,racing-bulls,red-bull-ford,pirelli,1,22,24.165,24165.0,24.165
1152,2026,3,19,19,19,5,gabriel-bortoleto,audi,audi,pirelli,1,22,24.630,24630.0,24.63
1152,2026,3,20,20,20,55,carlos-sainz-jr,williams,mercedes,pirelli,1,22,24.396,24396.0,24.396
1152,2026,3,21,21,21,23,alexander-albon,williams,mercedes,pirelli,1,22,24.600,24600.0,24.6
1152,2026,3,22,22,22,27,nico-hulkenberg,audi,audi,pirelli,1,23,23.999,23999.0,23.999
1152,2026,3,23,23,23,14,fernando-alonso,aston-martin,honda,pirelli,2,23,24.014,24014.0,24.014
1152,2026,3,24,24,24,18,lance-stroll,aston-martin,honda,pirelli,2,24,23.501,23501.0,23.501
1152,2026,3,25,25,25,23,alexander-albon,williams,mercedes,pirelli,2,45,23.072,23072.0,23.072
1152,2026,3,26,26,26,23,alexander-albon,williams,mercedes,pirelli,3,49,24.337,24337.0,24.337
1153,2026,4,1,1,1,27,nico-hulkenberg,audi,audi,pirelli,1,1,33.710,33710.0,33.71
1153,2026,4,2,2,2,3,max-verstappen,red-bull,red-bull-ford,pirelli,1,6,22.547,22547.0,22.547
1153,2026,4,3,3,3,77,valtteri-bottas,cadillac,ferrari,pirelli,1,6,23.529,23529.0,23.529
1153,2026,4,4,4,4,63,george-russell,mercedes,mercedes,pirelli,1,20,22.042,22042.0,22.042
1153,2026,4,5,5,5,16,charles-leclerc,ferrari,ferrari,pirelli,1,21,23.386,23386.0,23.386
1153,2026,4,6,6,6,77,valtteri-bottas,cadillac,ferrari,pirelli,2,21,23.827,23827.0,23.827
1153,2026,4,7,7,7,18,lance-stroll,aston-martin,honda,pirelli,1,21,22.630,22630.0,22.63
1153,2026,4,8,8,8,12,kimi-antonelli,mercedes,mercedes,pirelli,1,26,22.128,22128.0,22.128
1153,2026,4,9,9,9,87,oliver-bearman,haas,ferrari,pirelli,1,26,23.474,23474.0,23.474
1153,2026,4,10,10,10,1,lando-norris,mclaren,mercedes,pirelli,1,27,22.565,22565.0,22.565
1153,2026,4,11,11,11,44,lewis-hamilton,ferrari,ferrari,pirelli,1,27,23.779,23779.0,23.779
1153,2026,4,12,12,12,23,alexander-albon,williams,mercedes,pirelli,1,27,23.016,23016.0,23.016
1153,2026,4,13,13,13,81,oscar-piastri,mclaren,mercedes,pirelli,1,28,23.024,23024.0,23.024
1153,2026,4,14,14,14,55,carlos-sainz-jr,williams,mercedes,pirelli,1,28,23.595,23595.0,23.595
1153,2026,4,15,15,15,41,arvid-lindblad,racing-bulls,red-bull-ford,pirelli,1,28,22.731,22731.0,22.731
1153,2026,4,16,16,16,11,sergio-perez,cadillac,ferrari,pirelli,1,29,23.228,23228.0,23.228
1153,2026,4,17,17,17,43,franco-colapinto,alpine,mercedes,pirelli,1,31,23.093,23093.0,23.093
1153,2026,4,18,18,18,31,esteban-ocon,haas,ferrari,pirelli,1,31,24.027,24027.0,24.027
1153,2026,4,19,19,19,5,gabriel-bortoleto,audi,audi,pirelli,1,32,23.986,23986.0,23.986
1153,2026,4,20,20,20,18,lance-stroll,aston-martin,honda,pirelli,2,37,22.090,22090.0,22.09
1153,2026,4,21,21,21,14,fernando-alonso,aston-martin,honda,pirelli,1,41,23.160,23160.0,23.16
1154,2026,5,1,1,1,81,oscar-piastri,mclaren,mercedes,pirelli,1,1,24.121,24121.0,24.121
1154,2026,5,2,2,2,1,lando-norris,mclaren,mercedes,pirelli,1,2,23.418,23418.0,23.418
1154,2026,5,3,3,3,27,nico-hulkenberg,audi,audi,pirelli,1,2,24.952,24952.0,24.952
1154,2026,5,4,4,4,5,gabriel-bortoleto,audi,audi,pirelli,1,2,28.178,28178.0,28.178
1154,2026,5,5,5,5,55,carlos-sainz-jr,williams,mercedes,pirelli,1,2,24.751,24751.0,24.751
1154,2026,5,6,6,6,11,sergio-perez,cadillac,ferrari,pirelli,1,2,25.737,25737.0,25.737
1154,2026,5,7,7,7,77,valtteri-bottas,cadillac,ferrari,pirelli,1,3,28.257,28257.0,28.257
1154,2026,5,8,8,8,77,valtteri-bottas,cadillac,ferrari,pirelli,2,9,24.847,24847.0,24.847
1154,2026,5,9,9,9,81,oscar-piastri,mclaren,mercedes,pirelli,2,12,36.627,36627.0,22.86559921614373
1154,2026,5,10,10,10,18,lance-stroll,aston-martin,honda,pirelli,1,14,24.249,24249.0,24.249
1154,2026,5,11,11,11,1,lando-norris,mclaren,mercedes,pirelli,2,15,28.859,28859.0,28.859
1154,2026,5,12,12,12,11,sergio-perez,cadillac,ferrari,pirelli,2,15,25.153,25153.0,25.153
1154,2026,5,13,13,13,31,esteban-ocon,haas,ferrari,pirelli,1,16,24.833,24833.0,24.833
1154,2026,5,14,14,14,5,gabriel-bortoleto,audi,audi,pirelli,2,18,24.766,24766.0,24.766
1154,2026,5,15,15,15,27,nico-hulkenberg,audi,audi,pirelli,2,20,31.024,31024.0,31.024
1154,2026,5,16,16,16,14,fernando-alonso,aston-martin,honda,pirelli,1,20,24.709,24709.0,24.709
1154,2026,5,17,17,17,43,franco-colapinto,alpine,mercedes,pirelli,1,30,25.640,25640.0,25.64
1154,2026,5,18,18,18,11,sergio-perez,cadillac,ferrari,pirelli,3,29,24.984,24984.0,24.984
1154,2026,5,19,19,19,30,liam-lawson,racing-bulls,red-bull-ford,pirelli,1,30,24.177,24177.0,24.177
1154,2026,5,20,20,20,10,pierre-gasly,alpine,mercedes,pirelli,1,30,25.644,25644.0,25.644
1154,2026,5,21,21,21,12,kimi-antonelli,mercedes,mercedes,pirelli,1,31,25.153,25153.0,25.153
1154,2026,5,22,22,22,3,max-verstappen,red-bull,red-bull-ford,pirelli,1,31,25.199,25199.0,25.199
1154,2026,5,23,23,23,44,lewis-hamilton,ferrari,ferrari,pirelli,1,31,25.936,25936.0,25.936
1154,2026,5,24,24,24,16,charles-leclerc,ferrari,ferrari,pirelli,1,31,30.114,30114.0,30.114
1154,2026,5,25,25,25,6,isack-hadjar,red-bull,red-bull-ford,pirelli,1,31,24.902,24902.0,24.902
1154,2026,5,26,26,26,77,valtteri-bottas,cadillac,ferrari,pirelli,3,29,24.413,24413.0,24.413
1154,2026,5,27,27,27,31,esteban-ocon,haas,ferrari,pirelli,2,30,35.351,35351.0,21.045102506484064
1154,2026,5,28,28,28,18,lance-stroll,aston-martin,honda,pirelli,2,49,24.146,24146.0,24.146
1154,2026,5,29,29,29,81,oscar-piastri,mclaren,mercedes,pirelli,3,51,36.103,36103.0,22.25812374994677
1154,2026,5,30,30,30,77,valtteri-bottas,cadillac,ferrari,pirelli,4,49,31.102,31102.0,31.102
1155,2026,6,1,1,1,77,valtteri-bottas,cadillac,ferrari,pirelli,1,1,26.759,26759.0,26.759
1155,2026,6,2,2,2,87,oliver-bearman,haas,ferrari,pirelli,1,1,32.127,32127.0,32.127
1155,2026,6,3,3,3,5,gabriel-bortoleto,audi,audi,pirelli,1,1,25.927,25927.0,25.927
1155,2026,6,4,4,4,14,fernando-alonso,aston-martin,honda,pirelli,1,3,24.975,24975.0,24.975
1155,2026,6,5,5,5,11,sergio-perez,cadillac,ferrari,pirelli,1,4,27.138,27138.0,27.138
1155,2026,6,6,6,6,18,lance-stroll,aston-martin,honda,pirelli,1,4,24.803,24803.0,24.803
1155,2026,6,7,7,7,31,esteban-ocon,haas,ferrari,pirelli,1,9,25.482,25482.0,25.482
1155,2026,6,8,8,8,27,nico-hulkenberg,audi,audi,pirelli,1,12,24.810,24810.0,24.81
1155,2026,6,9,9,9,44,lewis-hamilton,ferrari,ferrari,pirelli,1,28,24.138,24138.0,24.138
1155,2026,6,10,10,10,63,george-russell,mercedes,mercedes,pirelli,1,31,24.029,24029.0,24.029
1155,2026,6,11,11,11,6,isack-hadjar,red-bull,red-bull-ford,pirelli,1,32,24.784,24784.0,24.784
1155,2026,6,12,12,12,16,charles-leclerc,ferrari,ferrari,pirelli,1,35,25.377,25377.0,25.377
1155,2026,6,13,13,13,43,franco-colapinto,alpine,mercedes,pirelli,1,35,25.797,25797.0,25.797
1155,2026,6,14,14,14,12,kimi-antonelli,mercedes,mercedes,pirelli,1,37,24.136,24136.0,24.136
1155,2026,6,15,15,15,23,alexander-albon,williams,mercedes,pirelli,1,43,25.553,25553.0,25.553
1155,2026,6,16,16,16,5,gabriel-bortoleto,audi,audi,pirelli,2,43,24.690,24690.0,24.69
1155,2026,6,17,17,17,30,liam-lawson,racing-bulls,red-bull-ford,pirelli,1,44,25.622,25622.0,25.622
1155,2026,6,18,18,18,10,pierre-gasly,alpine,mercedes,pirelli,1,45,25.547,25547.0,25.547
1155,2026,6,19,19,19,81,oscar-piastri,mclaren,mercedes,pirelli,1,48,24.244,24244.0,24.244
1155,2026,6,20,20,20,55,carlos-sainz-jr,williams,mercedes,pirelli,1,52,25.662,25662.0,25.662
1155,2026,6,21,21,21,81,oscar-piastri,mclaren,mercedes,pirelli,2,59,31.421,31421.0,31.421
1155,2026,6,22,22,22,44,lewis-hamilton,ferrari,ferrari,pirelli,2,60,31.227,31227.0,31.227
1155,2026,6,23,23,23,16,charles-leclerc,ferrari,ferrari,pirelli,2,60,34.907,34907.0,34.907
1155,2026,6,24,24,24,14,fernando-alonso,aston-martin,honda,pirelli,2,58,26.334,26334.0,26.334
1155,2026,6,25,25,25,12,kimi-antonelli,mercedes,mercedes,pirelli,2,61,26.878,26878.0,26.878
1155,2026,6,26,26,26,63,george-russell,mercedes,mercedes,pirelli,2,60,35.258,35258.0,22.709630196905277
1155,2026,6,27,27,27,11,sergio-perez,cadillac,ferrari,pirelli,3,59,26.005,26005.0,26.005
1155,2026,6,28,28,28,5,gabriel-bortoleto,audi,audi,pirelli,4,59,24.824,24824.0,24.824
1156,2026,7,1,1,1,44,lewis-hamilton,ferrari,ferrari,pirelli,1,11,22.480,22480.0,22.48
1156,2026,7,2,2,2,30,liam-lawson,racing-bulls,red-bull-ford,pirelli,1,11,25.983,25983.0,25.983
1156,2026,7,3,3,3,63,george-russell,mercedes,mercedes,pirelli,1,12,22.080,22080.0,22.08
1156,2026,7,4,4,4,3,max-verstappen,red-bull,red-bull-ford,pirelli,1,12,22.273,22273.0,22.273
1156,2026,7,5,5,5,43,franco-colapinto,alpine,mercedes,pirelli,1,12,22.983,22983.0,22.983
1156,2026,7,6,6,6,11,sergio-perez,cadillac,ferrari,pirelli,1,12,24.805,24805.0,24.805
1156,2026,7,7,7,7,1,lando-norris,mclaren,mercedes,pirelli,1,13,21.791,21791.0,21.791
1156,2026,7,8,8,8,27,nico-hulkenberg,audi,audi,pirelli,1,13,22.869,22869.0,22.869
1156,2026,7,9,9,9,31,esteban-ocon,haas,ferrari,pirelli,1,13,23.256,23256.0,23.256
1156,2026,7,10,10,10,23,alexander-albon,williams,mercedes,pirelli,1,13,24.005,24005.0,24.005
1156,2026,7,11,11,11,12,kimi-antonelli,mercedes,mercedes,pirelli,1,14,22.038,22038.0,22.038
1156,2026,7,12,12,12,81,oscar-piastri,mclaren,mercedes,pirelli,1,14,21.776,21776.0,21.776
1156,2026,7,13,13,13,10,pierre-gasly,alpine,mercedes,pirelli,1,14,22.682,22682.0,22.682
1156,2026,7,14,14,14,55,carlos-sainz-jr,williams,mercedes,pirelli,1,14,22.977,22977.0,22.977
1156,2026,7,15,15,15,77,valtteri-bottas,cadillac,ferrari,pirelli,1,14,23.280,23280.0,23.28
1156,2026,7,16,16,16,6,isack-hadjar,red-bull,red-bull-ford,pirelli,1,15,22.444,22444.0,22.444
1156,2026,7,17,17,17,5,gabriel-bortoleto,audi,audi,pirelli,1,15,22.783,22783.0,22.783
1156,2026,7,18,18,18,16,charles-leclerc,ferrari,ferrari,pirelli,1,16,22.249,22249.0,22.249
1156,2026,7,19,19,19,87,oliver-bearman,haas,ferrari,pirelli,1,18,23.118,23118.0,23.118
1156,2026,7,20,20,20,14,fernando-alonso,aston-martin,honda,pirelli,1,21,22.220,22220.0,22.22
1156,2026,7,21,21,21,41,arvid-lindblad,racing-bulls,red-bull-ford,pirelli,1,22,22.476,22476.0,22.476
1156,2026,7,22,22,22,44,lewis-hamilton,ferrari,ferrari,pirelli,2,27,22.477,22477.0,22.477
1156,2026,7,23,23,23,3,max-verstappen,red-bull,red-bull-ford,pirelli,2,29,24.189,24189.0,24.189
1156,2026,7,24,24,24,23,alexander-albon,williams,mercedes,pirelli,2,29,22.027,22027.0,22.027
1156,2026,7,25,25,25,55,carlos-sainz-jr,williams,mercedes,pirelli,2,30,22.595,22595.0,22.595
1156,2026,7,26,26,26,11,sergio-perez,cadillac,ferrari,pirelli,2,31,24.432,24432.0,24.432
1156,2026,7,27,27,27,6,isack-hadjar,red-bull,red-bull-ford,pirelli,2,32,22.528,22528.0,22.528
1156,2026,7,28,28,28,5,gabriel-bortoleto,audi,audi,pirelli,2,33,22.285,22285.0,22.285
1156,2026,7,29,29,29,43,franco-colapinto,alpine,mercedes,pirelli,2,34,22.290,22290.0,22.29
1156,2026,7,30,30,30,1,lando-norris,mclaren,mercedes,pirelli,2,35,22.041,22041.0,22.041
1156,2026,7,31,31,31,31,esteban-ocon,haas,ferrari,pirelli,2,34,26.449,26449.0,26.449
1156,2026,7,32,32,32,30,liam-lawson,racing-bulls,red-bull-ford,pirelli,2,35,23.172,23172.0,23.172
1156,2026,7,33,33,33,63,george-russell,mercedes,mercedes,pirelli,2,36,21.677,21677.0,21.677
1156,2026,7,34,34,34,81,oscar-piastri,mclaren,mercedes,pirelli,2,36,22.661,22661.0,22.661
1156,2026,7,35,35,35,12,kimi-antonelli,mercedes,mercedes,pirelli,2,37,22.210,22210.0,22.21
1156,2026,7,36,36,36,41,arvid-lindblad,racing-bulls,red-bull-ford,pirelli,2,37,24.010,24010.0,24.01
1156,2026,7,37,37,37,16,charles-leclerc,ferrari,ferrari,pirelli,2,39,22.125,22125.0,22.125
1156,2026,7,38,38,38,3,max-verstappen,red-bull,red-bull-ford,pirelli,3,40,22.786,22786.0,22.786
1156,2026,7,39,39,39,87,oliver-bearman,haas,ferrari,pirelli,2,39,23.901,23901.0,23.901
1156,2026,7,40,40,40,11,sergio-perez,cadillac,ferrari,pirelli,3,39,23.912,23912.0,23.912
1156,2026,7,41,41,41,44,lewis-hamilton,ferrari,ferrari,pirelli,3,41,22.837,22837.0,22.837
1156,2026,7,42,42,42,10,pierre-gasly,alpine,mercedes,pirelli,2,40,23.310,23310.0,23.31
1156,2026,7,43,43,43,5,gabriel-bortoleto,audi,audi,pirelli,3,53,25.915,25915.0,25.915
1156,2026,7,44,44,44,55,carlos-sainz-jr,williams,mercedes,pirelli,3,55,22.772,22772.0,22.772
1156,2026,7,45,45,45,6,isack-hadjar,red-bull,red-bull-ford,pirelli,3,58,21.949,21949.0,21.949
1156,2026,7,46,46,46,31,esteban-ocon,haas,ferrari,pirelli,3,58,22.965,22965.0,22.965
1156,2026,7,47,47,47,23,alexander-albon,williams,mercedes,pirelli,4,50,22.703,22703.0,22.703
1157,2026,8,1,1,1,44,lewis-hamilton,ferrari,ferrari,pirelli,1,12,21.369,21369.0,21.369
1157,2026,8,2,2,2,16,charles-leclerc,ferrari,ferrari,pirelli,1,13,21.731,21731.0,21.731
1157,2026,8,3,3,3,10,pierre-gasly,alpine,mercedes,pirelli,1,13,21.600,21600.0,21.6
1157,2026,8,4,4,4,55,carlos-sainz-jr,williams,mercedes,pirelli,1,14,21.371,21371.0,21.371
1157,2026,8,5,5,5,5,gabriel-bortoleto,audi,audi,pirelli,1,17,22.605,22605.0,22.605
1157,2026,8,6,6,6,3,max-verstappen,red-bull,red-bull-ford,pirelli,1,18,21.317,21317.0,21.317
1157,2026,8,7,7,7,6,isack-hadjar,red-bull,red-bull-ford,pirelli,1,18,21.770,21770.0,21.77
1157,2026,8,8,8,8,41,arvid-lindblad,racing-bulls,red-bull-ford,pirelli,1,18,21.408,21408.0,21.408
1157,2026,8,9,9,9,31,esteban-ocon,haas,ferrari,pirelli,1,18,21.878,21878.0,21.878
1157,2026,8,10,10,10,23,alexander-albon,williams,mercedes,pirelli,1,18,21.249,21249.0,21.249
1157,2026,8,11,11,11,63,george-russell,mercedes,mercedes,pirelli,1,19,21.204,21204.0,21.204
1157,2026,8,12,12,12,81,oscar-piastri,mclaren,mercedes,pirelli,1,19,22.077,22077.0,22.077
1157,2026,8,13,13,13,30,liam-lawson,racing-bulls,red-bull-ford,pirelli,1,19,22.022,22022.0,22.022
1157,2026,8,14,14,14,43,franco-colapinto,alpine,mercedes,pirelli,1,20,21.561,21561.0,21.561
1157,2026,8,15,15,15,1,lando-norris,mclaren,mercedes,pirelli,1,21,21.578,21578.0,21.578
1157,2026,8,16,16,16,27,nico-hulkenberg,audi,audi,pirelli,1,21,21.585,21585.0,21.585
1157,2026,8,17,17,17,12,kimi-antonelli,mercedes,mercedes,pirelli,1,24,21.413,21413.0,21.413
1157,2026,8,18,18,18,87,oliver-bearman,haas,ferrari,pirelli,1,24,21.593,21593.0,21.593
1157,2026,8,19,19,19,14,fernando-alonso,aston-martin,honda,pirelli,1,24,22.358,22358.0,22.358
1157,2026,8,20,20,20,18,lance-stroll,aston-martin,honda,pirelli,1,24,23.522,23522.0,23.522
1157,2026,8,21,21,21,44,lewis-hamilton,ferrari,ferrari,pirelli,2,25,21.250,21250.0,21.25
1157,2026,8,22,22,22,31,esteban-ocon,haas,ferrari,pirelli,2,33,25.455,25455.0,25.455
1157,2026,8,23,23,23,16,charles-leclerc,ferrari,ferrari,pirelli,2,37,21.020,21020.0,21.02
1157,2026,8,24,24,24,23,alexander-albon,williams,mercedes,pirelli,2,37,21.270,21270.0,21.27
1157,2026,8,25,25,25,10,pierre-gasly,alpine,mercedes,pirelli,2,38,21.212,21212.0,21.212
1157,2026,8,26,26,26,6,isack-hadjar,red-bull,red-bull-ford,pirelli,2,40,21.268,21268.0,21.268
1157,2026,8,27,27,27,81,oscar-piastri,mclaren,mercedes,pirelli,2,42,21.209,21209.0,21.209
1157,2026,8,28,28,28,44,lewis-hamilton,ferrari,ferrari,pirelli,3,42,21.267,21267.0,21.267
1157,2026,8,29,29,29,63,george-russell,mercedes,mercedes,pirelli,2,43,21.221,21221.0,21.221
1157,2026,8,30,30,30,5,gabriel-bortoleto,audi,audi,pirelli,2,44,21.877,21877.0,21.877
1157,2026,8,31,31,31,30,liam-lawson,racing-bulls,red-bull-ford,pirelli,2,45,21.545,21545.0,21.545
1157,2026,8,32,32,32,27,nico-hulkenberg,audi,audi,pirelli,2,45,22.591,22591.0,22.591
1157,2026,8,33,33,33,87,oliver-bearman,haas,ferrari,pirelli,2,45,22.044,22044.0,22.044
1157,2026,8,34,34,34,41,arvid-lindblad,racing-bulls,red-bull-ford,pirelli,2,46,21.551,21551.0,21.551
1157,2026,8,35,35,35,1,lando-norris,mclaren,mercedes,pirelli,2,47,21.816,21816.0,21.816
1157,2026,8,36,36,36,43,franco-colapinto,alpine,mercedes,pirelli,2,46,21.446,21446.0,21.446
1157,2026,8,37,37,37,3,max-verstappen,red-bull,red-bull-ford,pirelli,2,49,21.252,21252.0,21.252
1157,2026,8,38,38,38,12,kimi-antonelli,mercedes,mercedes,pirelli,2,51,21.502,21502.0,21.502
1157,2026,8,39,39,39,14,fernando-alonso,aston-martin,honda,pirelli,2,49,28.713,28713.0,28.713
1157,2026,8,40,40,40,10,pierre-gasly,alpine,mercedes,pirelli,3,51,21.580,21580.0,21.58
1157,2026,8,41,41,41,16,charles-leclerc,ferrari,ferrari,pirelli,3,59,22.738,22738.0,22.738
1158,2026,9,1,1,1,23,alexander-albon,williams,mercedes,pirelli,1,1,44.179,44179.0,21.79203599755923
1158,2026,9,2,2,2,81,oscar-piastri,mclaren,mercedes,pirelli,1,2,40.553,40553.0,21.377439344016324
1158,2026,9,3,3,3,23,alexander-albon,williams,mercedes,pirelli,2,14,41.291,41291.0,22.538705855404924
1158,2026,9,4,4,4,3,max-verstappen,red-bull,red-bull-ford,pirelli,1,17,28.738,28738.0,28.738
1158,2026,9,5,5,5,27,nico-hulkenberg,audi,audi,pirelli,1,17,28.979,28979.0,28.979
1158,2026,9,6,6,6,18,lance-stroll,aston-martin,honda,pirelli,1,18,28.734,28734.0,28.734
1158,2026,9,7,7,7,6,isack-hadjar,red-bull,red-bull-ford,pirelli,1,19,29.972,29972.0,29.972
1158,2026,9,8,8,8,55,carlos-sainz-jr,williams,mercedes,pirelli,1,20,28.894,28894.0,28.894
1158,2026,9,9,9,9,14,fernando-alonso,aston-martin,honda,pirelli,1,20,28.732,28732.0,28.732
1158,2026,9,10,10,10,31,esteban-ocon,haas,ferrari,pirelli,1,21,43.253,43253.0,23.85931382686462
1158,2026,9,11,11,11,11,sergio-perez,cadillac,ferrari,pirelli,1,21,29.374,29374.0,29.374
1158,2026,9,12,12,12,43,franco-colapinto,alpine,mercedes,pirelli,1,22,29.360,29360.0,29.36
1158,2026,9,13,13,13,44,lewis-hamilton,ferrari,ferrari,pirelli,1,23,34.864,34864.0,34.864
1158,2026,9,14,14,14,63,george-russell,mercedes,mercedes,pirelli,1,23,28.663,28663.0,28.663
1158,2026,9,15,15,15,10,pierre-gasly,alpine,mercedes,pirelli,1,23,33.608,33608.0,33.608
1158,2026,9,16,16,16,23,alexander-albon,williams,mercedes,pirelli,3,23,39.601,39601.0,21.538563595646814
1158,2026,9,17,17,17,16,charles-leclerc,ferrari,ferrari,pirelli,1,25,28.444,28444.0,28.444
1158,2026,9,18,18,18,5,gabriel-bortoleto,audi,audi,pirelli,1,26,28.662,28662.0,28.662
1158,2026,9,19,19,19,41,arvid-lindblad,racing-bulls,red-bull-ford,pirelli,1,27,28.974,28974.0,28.974
1158,2026,9,20,20,20,1,lando-norris,mclaren,mercedes,pirelli,1,28,28.833,28833.0,28.833
1158,2026,9,21,21,21,30,liam-lawson,racing-bulls,red-bull-ford,pirelli,1,28,28.746,28746.0,28.746
1158,2026,9,22,22,22,87,oliver-bearman,haas,ferrari,pirelli,1,29,29.971,29971.0,29.971
1158,2026,9,23,23,23,77,valtteri-bottas,cadillac,ferrari,pirelli,1,29,31.599,31599.0,31.599
1158,2026,9,24,24,24,63,george-russell,mercedes,mercedes,pirelli,2,34,28.337,28337.0,28.337
1158,2026,9,25,25,25,27,nico-hulkenberg,audi,audi,pirelli,2,34,35.858,35858.0,22.581460576990892
1158,2026,9,26,26,26,12,kimi-antonelli,mercedes,mercedes,pirelli,1,35,28.948,28948.0,28.948
1158,2026,9,27,27,27,81,oscar-piastri,mclaren,mercedes,pirelli,2,36,29.515,29515.0,29.515
1158,2026,9,28,28,28,23,alexander-albon,williams,mercedes,pirelli,4,35,31.474,31474.0,31.474
1158,2026,9,29,29,29,3,max-verstappen,red-bull,red-bull-ford,pirelli,2,38,28.950,28950.0,28.95
1158,2026,9,30,30,30,1,lando-norris,mclaren,mercedes,pirelli,2,38,29.818,29818.0,29.818
1158,2026,9,31,31,31,12,kimi-antonelli,mercedes,mercedes,pirelli,2,41,41.215,41215.0,24.129378866756664
1158,2026,9,32,32,32,23,alexander-albon,williams,mercedes,pirelli,5,40,32.582,32582.0,32.582
1158,2026,9,33,33,33,12,kimi-antonelli,mercedes,mercedes,pirelli,3,43,33.650,33650.0,33.65
1158,2026,9,34,34,34,6,isack-hadjar,red-bull,red-bull-ford,pirelli,3,47,29.672,29672.0,29.672
1158,2026,9,35,35,35,11,sergio-perez,cadillac,ferrari,pirelli,2,46,29.866,29866.0,29.866
1158,2026,9,36,36,36,30,liam-lawson,racing-bulls,red-bull-ford,pirelli,2,47,28.577,28577.0,28.577
1158,2026,9,37,37,37,41,arvid-lindblad,racing-bulls,red-bull-ford,pirelli,2,47,32.143,32143.0,32.143
1158,2026,9,38,38,38,5,gabriel-bortoleto,audi,audi,pirelli,2,47,29.926,29926.0,29.926
1158,2026,9,39,39,39,77,valtteri-bottas,cadillac,ferrari,pirelli,2,46,29.584,29584.0,29.584
1158,2026,9,40,40,40,43,franco-colapinto,alpine,mercedes,pirelli,2,47,29.461,29461.0,29.461
1158,2026,9,41,41,41,16,charles-leclerc,ferrari,ferrari,pirelli,2,48,28.887,28887.0,28.887
1158,2026,9,42,42,42,44,lewis-hamilton,ferrari,ferrari,pirelli,2,48,28.732,28732.0,28.732
1158,2026,9,43,43,43,81,oscar-piastri,mclaren,mercedes,pirelli,3,47,29.081,29081.0,29.081
1158,2026,9,44,44,44,14,fernando-alonso,aston-martin,honda,pirelli,2,46,29.964,29964.0,29.964
1158,2026,9,45,45,45,18,lance-stroll,aston-martin,honda,pirelli,2,46,46.234,46234.0,21.21379416695656
1158,2026,9,46,46,46,87,oliver-bearman,haas,ferrari,pirelli,2,47,30.274,30274.0,30.274
1158,2026,9,47,47,47,31,esteban-ocon,haas,ferrari,pirelli,2,47,31.212,31212.0,31.212
1158,2026,9,48,48,48,1,lando-norris,mclaren,mercedes,pirelli,3,48,28.475,28475.0,28.475
1158,2026,9,49,49,49,10,pierre-gasly,alpine,mercedes,pirelli,2,48,28.737,28737.0,28.737
1158,2026,9,50,50,50,55,carlos-sainz-jr,williams,mercedes,pirelli,2,48,29.219,29219.0,29.219
1159,2026,10,1,1,1,87,oliver-bearman,haas,ferrari,pirelli,1,1,26.554,26554.0,26.554
1159,2026,10,2,2,2,6,isack-hadjar,red-bull,red-bull-ford,pirelli,1,1,24.156,24156.0,24.156
1159,2026,10,3,3,3,11,sergio-perez,cadillac,ferrari,pirelli,1,1,25.372,25372.0,25.372
1159,2026,10,4,4,4,77,valtteri-bottas,cadillac,ferrari,pirelli,1,1,30.594,30594.0,30.594
1159,2026,10,5,5,5,31,esteban-ocon,haas,ferrari,pirelli,1,1,33.740,33740.0,33.74
1159,2026,10,6,6,6,6,isack-hadjar,red-bull,red-bull-ford,pirelli,2,2,22.997,22997.0,22.997
1159,2026,10,7,7,7,11,sergio-perez,cadillac,ferrari,pirelli,2,12,27.617,27617.0,27.617
1159,2026,10,8,8,8,10,pierre-gasly,alpine,mercedes,pirelli,1,14,24.177,24177.0,24.177
1159,2026,10,9,9,9,55,carlos-sainz-jr,williams,mercedes,pirelli,1,14,34.841,34841.0,34.841
1159,2026,10,10,10,10,30,liam-lawson,racing-bulls,red-bull-ford,pirelli,1,15,23.722,23722.0,23.722
1159,2026,10,11,11,11,43,franco-colapinto,alpine,mercedes,pirelli,1,15,24.146,24146.0,24.146
1159,2026,10,12,12,12,41,arvid-lindblad,racing-bulls,red-bull-ford,pirelli,1,16,24.810,24810.0,24.81
1159,2026,10,13,13,13,31,esteban-ocon,haas,ferrari,pirelli,2,16,24.124,24124.0,24.124
1159,2026,10,14,14,14,3,max-verstappen,red-bull,red-bull-ford,pirelli,1,17,23.128,23128.0,23.128
1159,2026,10,15,15,15,18,lance-stroll,aston-martin,honda,pirelli,1,17,31.649,31649.0,31.649
1159,2026,10,16,16,16,12,kimi-antonelli,mercedes,mercedes,pirelli,1,18,23.093,23093.0,23.093
1159,2026,10,17,17,17,23,alexander-albon,williams,mercedes,pirelli,1,18,22.638,22638.0,22.638
1159,2026,10,18,18,18,14,fernando-alonso,aston-martin,honda,pirelli,1,19,23.190,23190.0,23.19
1159,2026,10,19,19,19,16,charles-leclerc,ferrari,ferrari,pirelli,1,20,23.164,23164.0,23.164
1159,2026,10,20,20,20,44,lewis-hamilton,ferrari,ferrari,pirelli,1,20,32.201,32201.0,32.201
1159,2026,10,21,21,21,81,oscar-piastri,mclaren,mercedes,pirelli,1,20,23.292,23292.0,23.292
1159,2026,10,22,22,22,6,isack-hadjar,red-bull,red-bull-ford,pirelli,3,20,24.727,24727.0,24.727
1159,2026,10,23,23,23,5,gabriel-bortoleto,audi,audi,pirelli,1,20,23.127,23127.0,23.127
1159,2026,10,24,24,24,27,nico-hulkenberg,audi,audi,pirelli,1,20,26.098,26098.0,26.098
1159,2026,10,25,25,25,87,oliver-bearman,haas,ferrari,pirelli,2,20,28.982,28982.0,28.982
1159,2026,10,26,26,26,1,lando-norris,mclaren,mercedes,pirelli,1,30,28.314,28314.0,28.314
1159,2026,10,27,27,27,14,fernando-alonso,aston-martin,honda,pirelli,2,31,24.746,24746.0,24.746
1159,2026,10,28,28,28,77,valtteri-bottas,cadillac,ferrari,pirelli,2,32,25.910,25910.0,25.91
1160,2026,11,1,1,1,18,lance-stroll,aston-martin,honda,pirelli,1,8,21.789,21789.0,21.789
1160,2026,11,2,2,2,44,lewis-hamilton,ferrari,ferrari,pirelli,1,13,21.748,21748.0,21.748
1160,2026,11,3,3,3,3,max-verstappen,red-bull,red-bull-ford,pirelli,1,14,21.625,21625.0,21.625
1160,2026,11,4,4,4,43,franco-colapinto,alpine,mercedes,pirelli,1,15,22.995,22995.0,22.995
1160,2026,11,5,5,5,81,oscar-piastri,mclaren,mercedes,pirelli,1,16,21.765,21765.0,21.765
1160,2026,11,6,6,6,16,charles-leclerc,ferrari,ferrari,pirelli,1,16,21.931,21931.0,21.931
1160,2026,11,7,7,7,10,pierre-gasly,alpine,mercedes,pirelli,1,16,21.458,21458.0,21.458
1160,2026,11,8,8,8,1,lando-norris,mclaren,mercedes,pirelli,1,17,22.147,22147.0,22.147
1160,2026,11,9,9,9,31,esteban-ocon,haas,ferrari,pirelli,1,17,22.505,22505.0,22.505
1160,2026,11,10,10,10,55,carlos-sainz-jr,williams,mercedes,pirelli,1,18,21.614,21614.0,21.614
1160,2026,11,11,11,11,6,isack-hadjar,red-bull,red-bull-ford,pirelli,1,19,21.822,21822.0,21.822
1160,2026,11,12,12,12,27,nico-hulkenberg,audi,audi,pirelli,1,19,21.420,21420.0,21.42
1160,2026,11,13,13,13,41,arvid-lindblad,racing-bulls,red-bull-ford,pirelli,1,20,21.395,21395.0,21.395
1160,2026,11,14,14,14,30,liam-lawson,racing-bulls,red-bull-ford,pirelli,1,21,21.923,21923.0,21.923
1160,2026,11,15,15,15,11,sergio-perez,cadillac,ferrari,pirelli,1,21,23.212,23212.0,23.212
1160,2026,11,16,16,16,12,kimi-antonelli,mercedes,mercedes,pirelli,1,22,21.326,21326.0,21.326
1160,2026,11,17,17,17,87,oliver-bearman,haas,ferrari,pirelli,1,22,22.504,22504.0,22.504
1160,2026,11,18,18,18,23,alexander-albon,williams,mercedes,pirelli,1,26,22.105,22105.0,22.105
1160,2026,11,19,19,19,63,george-russell,mercedes,mercedes,pirelli,1,27,22.247,22247.0,22.247
1160,2026,11,20,20,20,5,gabriel-bortoleto,audi,audi,pirelli,1,29,21.749,21749.0,21.749
1160,2026,11,21,21,21,44,lewis-hamilton,ferrari,ferrari,pirelli,2,30,21.693,21693.0,21.693
1160,2026,11,22,22,22,81,oscar-piastri,mclaren,mercedes,pirelli,2,33,21.720,21720.0,21.72
1160,2026,11,23,23,23,14,fernando-alonso,aston-martin,honda,pirelli,1,34,22.175,22175.0,22.175
1160,2026,11,24,24,24,31,esteban-ocon,haas,ferrari,pirelli,2,35,22.399,22399.0,22.399
1160,2026,11,25,25,25,16,charles-leclerc,ferrari,ferrari,pirelli,2,36,21.763,21763.0,21.763
1160,2026,11,26,26,26,18,lance-stroll,aston-martin,honda,pirelli,2,37,24.241,24241.0,24.241
1160,2026,11,27,27,27,43,franco-colapinto,alpine,mercedes,pirelli,2,37,22.206,22206.0,22.206
1160,2026,11,28,28,28,1,lando-norris,mclaren,mercedes,pirelli,2,39,22.112,22112.0,22.112
1160,2026,11,29,29,29,27,nico-hulkenberg,audi,audi,pirelli,2,39,22.186,22186.0,22.186
1160,2026,11,30,30,30,10,pierre-gasly,alpine,mercedes,pirelli,2,39,21.574,21574.0,21.574
1160,2026,11,31,31,31,3,max-verstappen,red-bull,red-bull-ford,pirelli,2,41,22.015,22015.0,22.015
1160,2026,11,32,32,32,6,isack-hadjar,red-bull,red-bull-ford,pirelli,2,42,22.211,22211.0,22.211
1160,2026,11,33,33,33,30,liam-lawson,racing-bulls,red-bull-ford,pirelli,2,42,21.598,21598.0,21.598
1160,2026,11,34,34,34,87,oliver-bearman,haas,ferrari,pirelli,2,42,22.336,22336.0,22.336
1160,2026,11,35,35,35,55,carlos-sainz-jr,williams,mercedes,pirelli,2,43,28.658,28658.0,28.658
1160,2026,11,36,36,36,11,sergio-perez,cadillac,ferrari,pirelli,2,46,24.261,24261.0,24.261
1160,2026,11,37,37,37,63,george-russell,mercedes,mercedes,pirelli,2,54,22.019,22019.0,22.019
1160,2026,11,38,38,38,23,alexander-albon,williams,mercedes,pirelli,2,54,22.757,22757.0,22.757
1160,2026,11,39,39,39,1,lando-norris,mclaren,mercedes,pirelli,3,56,21.878,21878.0,21.878
1160,2026,11,40,40,40,55,carlos-sainz-jr,williams,mercedes,pirelli,3,54,22.082,22082.0,22.082
1160,2026,11,41,41,41,44,lewis-hamilton,ferrari,ferrari,pirelli,3,56,22.420,22420.0,22.42
1160,2026,11,42,42,42,16,charles-leclerc,ferrari,ferrari,pirelli,3,56,21.945,21945.0,21.945
1160,2026,11,43,43,43,10,pierre-gasly,alpine,mercedes,pirelli,3,55,21.740,21740.0,21.74
1160,2026,11,44,44,44,14,fernando-alonso,aston-martin,honda,pirelli,2,55,22.613,22613.0,22.613
1161,2026,12,1,1,1,5,gabriel-bortoleto,audi,audi,pirelli,2,11,18.074,18074.0,18.074
1161,2026,12,2,2,2,18,lance-stroll,aston-martin,honda,pirelli,2,15,17.645,17645.0,17.645
1161,2026,12,3,3,3,31,esteban-ocon,haas,ferrari,pirelli,2,16,18.662,18662.0,18.662
1161,2026,12,4,4,4,63,george-russell,mercedes,mercedes,pirelli,2,17,18.010,18010.0,18.01
1161,2026,12,5,5,5,81,oscar-piastri,mclaren,mercedes,pirelli,2,18,20.267,20267.0,20.267
1161,2026,12,6,6,6,10,pierre-gasly,alpine,mercedes,pirelli,2,18,18.003,18003.0,18.003
1161,2026,12,7,7,7,22,yuki-tsunoda,racing-bulls,red-bull-ford,pirelli,2,18,18.019,18019.0,18.019
1161,2026,12,8,8,8,27,nico-hulkenberg,audi,audi,pirelli,2,19,17.082,17082.0,17.082
1161,2026,12,9,9,9,12,kimi-antonelli,mercedes,mercedes,pirelli,2,21,18.797,18797.0,18.797
1161,2026,12,10,10,10,1,lando-norris,mclaren,mercedes,pirelli,2,21,18.074,18074.0,18.074
1161,2026,12,11,11,11,16,charles-leclerc,ferrari,ferrari,pirelli,2,21,19.770,19770.0,19.77
1161,2026,12,12,12,12,30,liam-lawson,red-bull,red-bull-ford,pirelli,2,21,18.668,18668.0,18.668
1161,2026,12,13,13,13,43,franco-colapinto,alpine,mercedes,pirelli,3,21,19.477,19477.0,19.477
1161,2026,12,14,14,14,44,lewis-hamilton,ferrari,ferrari,pirelli,2,25,17.872,17872.0,17.872
1161,2026,12,15,15,15,23,alexander-albon,williams,mercedes,pirelli,2,26,17.592,17592.0,17.592
1161,2026,12,16,16,16,77,valtteri-bottas,cadillac,ferrari,pirelli,2,28,20.045,20045.0,20.045
1161,2026,12,17,17,17,11,sergio-perez,cadillac,ferrari,pirelli,2,29,18.424,18424.0,18.424
1161,2026,12,18,18,18,55,carlos-sainz-jr,williams,mercedes,pirelli,2,30,17.814,17814.0,17.814
1161,2026,12,19,19,19,14,fernando-alonso,aston-martin,honda,pirelli,2,34,17.606,17606.0,17.606
1161,2026,12,20,20,20,5,gabriel-bortoleto,audi,audi,pirelli,3,34,17.519,17519.0,17.519
1161,2026,12,21,21,21,18,lance-stroll,aston-martin,honda,pirelli,3,35,17.200,17200.0,17.2
1161,2026,12,22,22,22,41,arvid-lindblad,racing-bulls,red-bull-ford,pirelli,3,36,18.578,18578.0,18.578
1161,2026,12,23,23,23,31,esteban-ocon,haas,ferrari,pirelli,3,36,17.965,17965.0,17.965
1161,2026,12,24,24,24,12,kimi-antonelli,mercedes,mercedes,pirelli,3,40,17.767,17767.0,17.767
1161,2026,12,25,25,25,63,george-russell,mercedes,mercedes,pirelli,3,40,17.451,17451.0,17.451
1161,2026,12,26,26,26,16,charles-leclerc,ferrari,ferrari,pirelli,3,43,18.746,18746.0,18.746
1161,2026,12,27,27,27,81,oscar-piastri,mclaren,mercedes,pirelli,3,44,18.100,18100.0,18.1
1161,2026,12,28,28,28,22,yuki-tsunoda,racing-bulls,red-bull-ford,pirelli,3,44,17.824,17824.0,17.824
1161,2026,12,29,29,29,43,franco-colapinto,alpine,mercedes,pirelli,4,45,18.355,18355.0,18.355
1161,2026,12,30,30,30,1,lando-norris,mclaren,mercedes,pirelli,3,47,17.552,17552.0,17.552
1161,2026,12,31,31,31,10,pierre-gasly,alpine,mercedes,pirelli,3,46,18.116,18116.0,18.116
1161,2026,12,32,32,32,30,liam-lawson,red-bull,red-bull-ford,pirelli,3,47,18.256,18256.0,18.256
1161,2026,12,33,33,33,27,nico-hulkenberg,audi,audi,pirelli,3,48,17.771,17771.0,17.771
1161,2026,12,34,34,34,23,alexander-albon,williams,mercedes,pirelli,3,49,17.482,17482.0,17.482
1161,2026,12,35,35,35,77,valtteri-bottas,cadillac,ferrari,pirelli,3,51,19.658,19658.0,19.658
1161,2026,12,36,36,36,11,sergio-perez,cadillac,ferrari,pirelli,3,52,18.564,18564.0,18.564
1161,2026,12,37,37,37,5,gabriel-bortoleto,audi,audi,pirelli,4,53,19.215,19215.0,19.215
1161,2026,12,38,38,38,44,lewis-hamilton,ferrari,ferrari,pirelli,3,55,18.710,18710.0,18.71
1161,2026,12,39,39,39,16,charles-leclerc,ferrari,ferrari,pirelli,4,55,18.730,18730.0,18.73
1161,2026,12,40,40,40,81,oscar-piastri,mclaren,mercedes,pirelli,4,55,17.851,17851.0,17.851
1161,2026,12,41,41,41,12,kimi-antonelli,mercedes,mercedes,pirelli,4,56,19.142,19142.0,19.142
1161,2026,12,42,42,42,55,carlos-sainz-jr,williams,mercedes,pirelli,3,65,18.047,18047.0,18.047
1162,2026,13,1,1,1,30,liam-lawson,red-bull,red-bull-ford,pirelli,2,12,31.197,31197.0,31.197
1162,2026,13,2,2,2,30,liam-lawson,red-bull,red-bull-ford,pirelli,2,12,31.197,31197.0,31.197
1162,2026,13,3,3,3,27,nico-hulkenberg,audi,audi,pirelli,2,27,24.246,24246.0,24.246
1162,2026,13,4,4,4,27,nico-hulkenberg,audi,audi,pirelli,2,27,24.246,24246.0,24.246
1162,2026,13,5,5,5,55,carlos-sainz-jr,williams,mercedes,pirelli,2,27,24.570,24570.0,24.57
1162,2026,13,6,6,6,55,carlos-sainz-jr,williams,mercedes,pirelli,2,27,24.570,24570.0,24.57
1162,2026,13,7,7,7,31,esteban-ocon,haas,ferrari,pirelli,2,27,27.286,27286.0,27.286
1162,2026,13,8,8,8,31,esteban-ocon,haas,ferrari,pirelli,2,27,27.286,27286.0,27.286
1162,2026,13,9,9,9,11,sergio-perez,cadillac,ferrari,pirelli,2,27,28.458,28458.0,28.458
1162,2026,13,10,10,10,11,sergio-perez,cadillac,ferrari,pirelli,2,27,28.458,28458.0,28.458
1162,2026,13,11,11,11,77,valtteri-bottas,cadillac,ferrari,pirelli,2,27,35.251,35251.0,21.04725666674403
1162,2026,13,12,12,12,77,valtteri-bottas,cadillac,ferrari,pirelli,2,27,35.251,35251.0,22.04643885820561
1162,2026,13,13,13,13,12,kimi-antonelli,mercedes,mercedes,pirelli,2,28,24.963,24963.0,24.963
1162,2026,13,14,14,14,12,kimi-antonelli,mercedes,mercedes,pirelli,2,28,24.963,24963.0,24.963
1162,2026,13,15,15,15,3,max-verstappen,red-bull,red-bull-ford,pirelli,2,28,24.933,24933.0,24.933
1162,2026,13,16,16,16,3,max-verstappen,red-bull,red-bull-ford,pirelli,2,28,24.933,24933.0,24.933
1162,2026,13,17,17,17,23,alexander-albon,williams,mercedes,pirelli,2,46,26.394,26394.0,26.394
1162,2026,13,18,18,18,23,alexander-albon,williams,mercedes,pirelli,2,46,26.394,26394.0,26.394
